Starting >>> f1tenth_params
Starting >>> f1tenth_messages
Starting >>> corridor_perception
-- The C compiler identification is GNU 13.3.0
-- The CXX compiler identification is GNU 13.3.0
-- Detecting C compiler ABI info
-- Detecting C compiler ABI info - done
-- Check for working C compiler: /usr/bin/cc - skipped
-- Detecting C compile features
-- Detecting C compile features - done
-- Detecting CXX compiler ABI info
-- Detecting CXX compiler ABI info - done
-- Check for working CXX compiler: /usr/bin/c++ - skipped
-- Detecting CXX compile features
-- Detecting CXX compile features - done
-- Found ament_cmake_auto: 2.5.6 (/opt/ros/jazzy/share/ament_cmake_auto/cmake)
-- Found Python3: /usr/bin/python3 (found version "3.12.3") found components: Interpreter 
-- Override CMake install command with custom implementation using symlinks instead of copying resources
-- Using all available rosidl_typesupport_c: rosidl_typesupport_fastrtps_c;rosidl_typesupport_introspection_c
-- Using all available rosidl_typesupport_cpp: rosidl_typesupport_fastrtps_cpp;rosidl_typesupport_introspection_cpp
-- Found rosidl_adapter: 4.6.7 (/opt/ros/jazzy/share/rosidl_adapter/cmake)
running develop
running develop
running egg_info
creating corridor_perception.egg-info
running egg_info
creating f1tenth_params.egg-info
writing corridor_perception.egg-info/PKG-INFO
writing dependency_links to corridor_perception.egg-info/dependency_links.txt
writing requirements to corridor_perception.egg-info/requires.txt
writing top-level names to corridor_perception.egg-info/top_level.txt
writing manifest file 'corridor_perception.egg-info/SOURCES.txt'
writing f1tenth_params.egg-info/PKG-INFO
writing dependency_links to f1tenth_params.egg-info/dependency_links.txt
writing requirements to f1tenth_params.egg-info/requires.txt
writing top-level names to f1tenth_params.egg-info/top_level.txt
writing manifest file 'f1tenth_params.egg-info/SOURCES.txt'
reading manifest file 'corridor_perception.egg-info/SOURCES.txt'
writing manifest file 'corridor_perception.egg-info/SOURCES.txt'
reading manifest file 'f1tenth_params.egg-info/SOURCES.txt'
writing manifest file 'f1tenth_params.egg-info/SOURCES.txt'
running build_ext
Creating /home/andreas/dev_ws/f1tenth_more/install/corridor_perception/lib/python3.12/site-packages/corridor-perception.egg-link (link to .)

Installed /home/andreas/dev_ws/f1tenth_more/build/corridor_perception
running symlink_data
creating /home/andreas/dev_ws/f1tenth_more/install/corridor_perception/share/ament_index
creating /home/andreas/dev_ws/f1tenth_more/install/corridor_perception/share/ament_index/resource_index
creating /home/andreas/dev_ws/f1tenth_more/install/corridor_perception/share/ament_index/resource_index/packages
symbolically linking /home/andreas/dev_ws/f1tenth_more/build/corridor_perception/resource/corridor_perception -> /home/andreas/dev_ws/f1tenth_more/install/corridor_perception/share/ament_index/resource_index/packages
symbolically linking /home/andreas/dev_ws/f1tenth_more/build/corridor_perception/package.xml -> /home/andreas/dev_ws/f1tenth_more/install/corridor_perception/share/corridor_perception
running build_ext
Creating /home/andreas/dev_ws/f1tenth_more/install/f1tenth_params/lib/python3.12/site-packages/f1tenth-params.egg-link (link to .)

Installed /home/andreas/dev_ws/f1tenth_more/build/f1tenth_params
running symlink_data
creating /home/andreas/dev_ws/f1tenth_more/install/f1tenth_params/share/ament_index
creating /home/andreas/dev_ws/f1tenth_more/install/f1tenth_params/share/ament_index/resource_index
creating /home/andreas/dev_ws/f1tenth_more/install/f1tenth_params/share/ament_index/resource_index/packages
symbolically linking /home/andreas/dev_ws/f1tenth_more/build/f1tenth_params/resource/f1tenth_params -> /home/andreas/dev_ws/f1tenth_more/install/f1tenth_params/share/ament_index/resource_index/packages
symbolically linking /home/andreas/dev_ws/f1tenth_more/build/f1tenth_params/package.xml -> /home/andreas/dev_ws/f1tenth_more/install/f1tenth_params/share/f1tenth_params
creating /home/andreas/dev_ws/f1tenth_more/install/f1tenth_params/share/f1tenth_params/config
symbolically linking /home/andreas/dev_ws/f1tenth_more/build/f1tenth_params/config/stack_params.yaml -> /home/andreas/dev_ws/f1tenth_more/install/f1tenth_params/share/f1tenth_params/config
Finished <<< corridor_perception [1.80s]
Finished <<< f1tenth_params [1.82s]
Starting >>> f1tenth_description
-- Found ament_cmake_ros: 0.12.0 (/opt/ros/jazzy/share/ament_cmake_ros/cmake)
-- Using all available rosidl_typesupport_c: rosidl_typesupport_fastrtps_c;rosidl_typesupport_introspection_c
running develop
-- Using all available rosidl_typesupport_cpp: rosidl_typesupport_fastrtps_cpp;rosidl_typesupport_introspection_cpp
running egg_info
creating f1tenth_description.egg-info
-- Found python_cmake_module: 0.11.1 (/opt/ros/jazzy/share/python_cmake_module/cmake)
writing f1tenth_description.egg-info/PKG-INFO
writing dependency_links to f1tenth_description.egg-info/dependency_links.txt
writing requirements to f1tenth_description.egg-info/requires.txt
writing top-level names to f1tenth_description.egg-info/top_level.txt
writing manifest file 'f1tenth_description.egg-info/SOURCES.txt'
reading manifest file 'f1tenth_description.egg-info/SOURCES.txt'
writing manifest file 'f1tenth_description.egg-info/SOURCES.txt'
running build_ext
Creating /home/andreas/dev_ws/f1tenth_more/install/f1tenth_description/lib/python3.12/site-packages/f1tenth-description.egg-link (link to .)

Installed /home/andreas/dev_ws/f1tenth_more/build/f1tenth_description
running symlink_data
creating /home/andreas/dev_ws/f1tenth_more/install/f1tenth_description/share/ament_index
creating /home/andreas/dev_ws/f1tenth_more/install/f1tenth_description/share/ament_index/resource_index
creating /home/andreas/dev_ws/f1tenth_more/install/f1tenth_description/share/ament_index/resource_index/packages
symbolically linking /home/andreas/dev_ws/f1tenth_more/build/f1tenth_description/resource/f1tenth_description -> /home/andreas/dev_ws/f1tenth_more/install/f1tenth_description/share/ament_index/resource_index/packages
symbolically linking /home/andreas/dev_ws/f1tenth_more/build/f1tenth_description/package.xml -> /home/andreas/dev_ws/f1tenth_more/install/f1tenth_description/share/f1tenth_description
creating /home/andreas/dev_ws/f1tenth_more/install/f1tenth_description/share/f1tenth_description/urdf
symbolically linking /home/andreas/dev_ws/f1tenth_more/build/f1tenth_description/urdf/ros2_control.xacro -> /home/andreas/dev_ws/f1tenth_more/install/f1tenth_description/share/f1tenth_description/urdf
symbolically linking /home/andreas/dev_ws/f1tenth_more/build/f1tenth_description/urdf/core.xacro -> /home/andreas/dev_ws/f1tenth_more/install/f1tenth_description/share/f1tenth_description/urdf
symbolically linking /home/andreas/dev_ws/f1tenth_more/build/f1tenth_description/urdf/robot.urdf.xacro -> /home/andreas/dev_ws/f1tenth_more/install/f1tenth_description/share/f1tenth_description/urdf
symbolically linking /home/andreas/dev_ws/f1tenth_more/build/f1tenth_description/urdf/wheels.xacro -> /home/andreas/dev_ws/f1tenth_more/install/f1tenth_description/share/f1tenth_description/urdf
symbolically linking /home/andreas/dev_ws/f1tenth_more/build/f1tenth_description/urdf/base.xacro -> /home/andreas/dev_ws/f1tenth_more/install/f1tenth_description/share/f1tenth_description/urdf
symbolically linking /home/andreas/dev_ws/f1tenth_more/build/f1tenth_description/urdf/sensors.xacro -> /home/andreas/dev_ws/f1tenth_more/install/f1tenth_description/share/f1tenth_description/urdf
symbolically linking /home/andreas/dev_ws/f1tenth_more/build/f1tenth_description/urdf/inertial_macros.xacro -> /home/andreas/dev_ws/f1tenth_more/install/f1tenth_description/share/f1tenth_description/urdf
symbolically linking /home/andreas/dev_ws/f1tenth_more/build/f1tenth_description/urdf/macros.xacro -> /home/andreas/dev_ws/f1tenth_more/install/f1tenth_description/share/f1tenth_description/urdf
symbolically linking /home/andreas/dev_ws/f1tenth_more/build/f1tenth_description/urdf/roboracer.urdf.xacro -> /home/andreas/dev_ws/f1tenth_more/install/f1tenth_description/share/f1tenth_description/urdf
creating /home/andreas/dev_ws/f1tenth_more/install/f1tenth_description/share/f1tenth_description/meshes
symbolically linking /home/andreas/dev_ws/f1tenth_more/build/f1tenth_description/meshes/right_wheel.stl -> /home/andreas/dev_ws/f1tenth_more/install/f1tenth_description/share/f1tenth_description/meshes
symbolically linking /home/andreas/dev_ws/f1tenth_more/build/f1tenth_description/meshes/chassis.stl -> /home/andreas/dev_ws/f1tenth_more/install/f1tenth_description/share/f1tenth_description/meshes
symbolically linking /home/andreas/dev_ws/f1tenth_more/build/f1tenth_description/meshes/hokuyo.stl -> /home/andreas/dev_ws/f1tenth_more/install/f1tenth_description/share/f1tenth_description/meshes
symbolically linking /home/andreas/dev_ws/f1tenth_more/build/f1tenth_description/meshes/left_wheel.stl -> /home/andreas/dev_ws/f1tenth_more/install/f1tenth_description/share/f1tenth_description/meshes
symbolically linking /home/andreas/dev_ws/f1tenth_more/build/f1tenth_description/meshes/hinge.stl -> /home/andreas/dev_ws/f1tenth_more/install/f1tenth_description/share/f1tenth_description/meshes
creating /home/andreas/dev_ws/f1tenth_more/install/f1tenth_description/share/f1tenth_description/launch
symbolically linking /home/andreas/dev_ws/f1tenth_more/build/f1tenth_description/launch/description.launch.py -> /home/andreas/dev_ws/f1tenth_more/install/f1tenth_description/share/f1tenth_description/launch
Finished <<< f1tenth_description [1.39s]
Starting >>> f1tenth_localization
Starting >>> f1tenth_sim
-- Found PythonExtra: /usr/bin/python3  
-- Found Python3: /usr/bin/python3 (found version "3.12.3") found components: Interpreter Development NumPy Development.Module Development.Embed 
-- Found Python3: /usr/bin/python3 (found version "3.12.3") found components: Interpreter 
-- Found ament_lint_auto: 0.17.5 (/opt/ros/jazzy/share/ament_lint_auto/cmake)
-- Added test 'copyright' to check source files copyright and LICENSE
-- Added test 'lint_cmake' to check CMake code style
-- Added test 'xmllint' to check XML markup files
-- Configuring done (3.5s)
-- Generating done (0.1s)
-- Build files have been written to: /home/andreas/dev_ws/f1tenth_more/build/f1tenth_messages
[  0%] Generating type hashes for ROS interfaces
[  0%] Generating Rust code for ROS interfaces
[  0%] Built target ament_cmake_python_symlink_f1tenth_messages
running egg_info
creating f1tenth_messages.egg-info
writing f1tenth_messages.egg-info/PKG-INFO
writing dependency_links to f1tenth_messages.egg-info/dependency_links.txt
writing top-level names to f1tenth_messages.egg-info/top_level.txt
writing manifest file 'f1tenth_messages.egg-info/SOURCES.txt'
reading manifest file 'f1tenth_messages.egg-info/SOURCES.txt'
writing manifest file 'f1tenth_messages.egg-info/SOURCES.txt'
[  0%] Built target ament_cmake_python_build_f1tenth_messages_egg
running develop
running develop
running egg_info
creating f1tenth_sim.egg-info
running egg_info
creating f1tenth_localization.egg-info
writing f1tenth_sim.egg-info/PKG-INFO
writing dependency_links to f1tenth_sim.egg-info/dependency_links.txt
writing entry points to f1tenth_sim.egg-info/entry_points.txt
writing requirements to f1tenth_sim.egg-info/requires.txt
writing top-level names to f1tenth_sim.egg-info/top_level.txt
writing manifest file 'f1tenth_sim.egg-info/SOURCES.txt'
writing f1tenth_localization.egg-info/PKG-INFO
writing dependency_links to f1tenth_localization.egg-info/dependency_links.txt
writing entry points to f1tenth_localization.egg-info/entry_points.txt
writing requirements to f1tenth_localization.egg-info/requires.txt
writing top-level names to f1tenth_localization.egg-info/top_level.txt
writing manifest file 'f1tenth_localization.egg-info/SOURCES.txt'
reading manifest file 'f1tenth_sim.egg-info/SOURCES.txt'
writing manifest file 'f1tenth_sim.egg-info/SOURCES.txt'
reading manifest file 'f1tenth_localization.egg-info/SOURCES.txt'
writing manifest file 'f1tenth_localization.egg-info/SOURCES.txt'
running build_ext
Creating /home/andreas/dev_ws/f1tenth_more/install/f1tenth_sim/lib/python3.12/site-packages/f1tenth-sim.egg-link (link to .)
Installing drive_bridge script to /home/andreas/dev_ws/f1tenth_more/install/f1tenth_sim/lib/f1tenth_sim

Installed /home/andreas/dev_ws/f1tenth_more/build/f1tenth_sim
running symlink_data
creating /home/andreas/dev_ws/f1tenth_more/install/f1tenth_sim/share/ament_index
creating /home/andreas/dev_ws/f1tenth_more/install/f1tenth_sim/share/ament_index/resource_index
creating /home/andreas/dev_ws/f1tenth_more/install/f1tenth_sim/share/ament_index/resource_index/packages
symbolically linking /home/andreas/dev_ws/f1tenth_more/build/f1tenth_sim/resource/f1tenth_sim -> /home/andreas/dev_ws/f1tenth_more/install/f1tenth_sim/share/ament_index/resource_index/packages
symbolically linking /home/andreas/dev_ws/f1tenth_more/build/f1tenth_sim/package.xml -> /home/andreas/dev_ws/f1tenth_more/install/f1tenth_sim/share/f1tenth_sim
creating /home/andreas/dev_ws/f1tenth_more/install/f1tenth_sim/share/f1tenth_sim/launch
symbolically linking /home/andreas/dev_ws/f1tenth_more/build/f1tenth_sim/launch/sim_bringup.launch.py -> /home/andreas/dev_ws/f1tenth_more/install/f1tenth_sim/share/f1tenth_sim/launch
creating /home/andreas/dev_ws/f1tenth_more/install/f1tenth_sim/share/f1tenth_sim/worlds
symbolically linking /home/andreas/dev_ws/f1tenth_more/build/f1tenth_sim/worlds/empty_room.sdf -> /home/andreas/dev_ws/f1tenth_more/install/f1tenth_sim/share/f1tenth_sim/worlds
creating /home/andreas/dev_ws/f1tenth_more/install/f1tenth_sim/share/f1tenth_sim/config
symbolically linking /home/andreas/dev_ws/f1tenth_more/build/f1tenth_sim/config/ros_gz_bridge.yaml -> /home/andreas/dev_ws/f1tenth_more/install/f1tenth_sim/share/f1tenth_sim/config
symbolically linking /home/andreas/dev_ws/f1tenth_more/build/f1tenth_sim/config/controllers.yaml -> /home/andreas/dev_ws/f1tenth_more/install/f1tenth_sim/share/f1tenth_sim/config
running build_ext
Creating /home/andreas/dev_ws/f1tenth_more/install/f1tenth_localization/lib/python3.12/site-packages/f1tenth-localization.egg-link (link to .)
Installing raw_odom_map_tf_node script to /home/andreas/dev_ws/f1tenth_more/install/f1tenth_localization/lib/f1tenth_localization
Installing slam_pose_relay_node script to /home/andreas/dev_ws/f1tenth_more/install/f1tenth_localization/lib/f1tenth_localization

Installed /home/andreas/dev_ws/f1tenth_more/build/f1tenth_localization
running symlink_data
creating /home/andreas/dev_ws/f1tenth_more/install/f1tenth_localization/share/ament_index
creating /home/andreas/dev_ws/f1tenth_more/install/f1tenth_localization/share/ament_index/resource_index
creating /home/andreas/dev_ws/f1tenth_more/install/f1tenth_localization/share/ament_index/resource_index/packages
symbolically linking /home/andreas/dev_ws/f1tenth_more/build/f1tenth_localization/resource/f1tenth_localization -> /home/andreas/dev_ws/f1tenth_more/install/f1tenth_localization/share/ament_index/resource_index/packages
symbolically linking /home/andreas/dev_ws/f1tenth_more/build/f1tenth_localization/package.xml -> /home/andreas/dev_ws/f1tenth_more/install/f1tenth_localization/share/f1tenth_localization
creating /home/andreas/dev_ws/f1tenth_more/install/f1tenth_localization/share/f1tenth_localization/launch
symbolically linking /home/andreas/dev_ws/f1tenth_more/build/f1tenth_localization/launch/ekf.launch.py -> /home/andreas/dev_ws/f1tenth_more/install/f1tenth_localization/share/f1tenth_localization/launch
symbolically linking /home/andreas/dev_ws/f1tenth_more/build/f1tenth_localization/launch/ekf_global.launch.py -> /home/andreas/dev_ws/f1tenth_more/install/f1tenth_localization/share/f1tenth_localization/launch
symbolically linking /home/andreas/dev_ws/f1tenth_more/build/f1tenth_localization/launch/localization.launch.py -> /home/andreas/dev_ws/f1tenth_more/install/f1tenth_localization/share/f1tenth_localization/launch
symbolically linking /home/andreas/dev_ws/f1tenth_more/build/f1tenth_localization/launch/raw_odom.launch.py -> /home/andreas/dev_ws/f1tenth_more/install/f1tenth_localization/share/f1tenth_localization/launch
Finished <<< f1tenth_sim [1.62s]
Finished <<< f1tenth_localization [1.63s]
[  0%] Built target f1tenth_messages__rosidl_generator_type_description
[  1%] Generating C code for ROS interfaces
[  1%] Generating C++ code for ROS interfaces
[  1%] Built target f1tenth_messages__rs
[  1%] Built target f1tenth_messages__cpp
[  2%] Building C object CMakeFiles/f1tenth_messages__rosidl_generator_c.dir/rosidl_generator_c/f1tenth_messages/msg/detail/system_status__type_support.c.o
[  2%] Building C object CMakeFiles/f1tenth_messages__rosidl_generator_c.dir/rosidl_generator_c/f1tenth_messages/msg/detail/battery_status__description.c.o
[  2%] Building C object CMakeFiles/f1tenth_messages__rosidl_generator_c.dir/rosidl_generator_c/f1tenth_messages/msg/detail/battery_status__functions.c.o
[  2%] Building C object CMakeFiles/f1tenth_messages__rosidl_generator_c.dir/rosidl_generator_c/f1tenth_messages/msg/detail/system_status__description.c.o
[  3%] Building C object CMakeFiles/f1tenth_messages__rosidl_generator_c.dir/rosidl_generator_c/f1tenth_messages/msg/detail/battery_status__type_support.c.o
[  3%] Building C object CMakeFiles/f1tenth_messages__rosidl_generator_c.dir/rosidl_generator_c/f1tenth_messages/msg/detail/system_status__functions.c.o
[  3%] Building C object CMakeFiles/f1tenth_messages__rosidl_generator_c.dir/rosidl_generator_c/f1tenth_messages/msg/detail/obstacle2_d__functions.c.o
[  3%] Building C object CMakeFiles/f1tenth_messages__rosidl_generator_c.dir/rosidl_generator_c/f1tenth_messages/msg/detail/obstacle2_d__description.c.o
[  4%] Building C object CMakeFiles/f1tenth_messages__rosidl_generator_c.dir/rosidl_generator_c/f1tenth_messages/msg/detail/obstacle2_d__type_support.c.o
[  4%] Building C object CMakeFiles/f1tenth_messages__rosidl_generator_c.dir/rosidl_generator_c/f1tenth_messages/msg/detail/obstacle2_d_array__description.c.o
[  5%] Building C object CMakeFiles/f1tenth_messages__rosidl_generator_c.dir/rosidl_generator_c/f1tenth_messages/msg/detail/obstacle2_d_array__functions.c.o
[  5%] Building C object CMakeFiles/f1tenth_messages__rosidl_generator_c.dir/rosidl_generator_c/f1tenth_messages/msg/detail/obstacle2_d_array__type_support.c.o
[  5%] Building C object CMakeFiles/f1tenth_messages__rosidl_generator_c.dir/rosidl_generator_c/f1tenth_messages/msg/detail/mission_status__description.c.o
[  5%] Building C object CMakeFiles/f1tenth_messages__rosidl_generator_c.dir/rosidl_generator_c/f1tenth_messages/msg/detail/mission_status__functions.c.o
[  6%] Building C object CMakeFiles/f1tenth_messages__rosidl_generator_c.dir/rosidl_generator_c/f1tenth_messages/msg/detail/mission_status__type_support.c.o
[  7%] Building C object CMakeFiles/f1tenth_messages__rosidl_generator_c.dir/rosidl_generator_c/f1tenth_messages/msg/detail/wall_detection__functions.c.o
[  7%] Building C object CMakeFiles/f1tenth_messages__rosidl_generator_c.dir/rosidl_generator_c/f1tenth_messages/msg/detail/wall_detection__type_support.c.o
[  7%] Building C object CMakeFiles/f1tenth_messages__rosidl_generator_c.dir/rosidl_generator_c/f1tenth_messages/msg/detail/wall_detection__description.c.o
[  7%] Building C object CMakeFiles/f1tenth_messages__rosidl_generator_c.dir/rosidl_generator_c/f1tenth_messages/msg/detail/wall_array__description.c.o
[  8%] Building C object CMakeFiles/f1tenth_messages__rosidl_generator_c.dir/rosidl_generator_c/f1tenth_messages/msg/detail/wall_array__functions.c.o
[  8%] Building C object CMakeFiles/f1tenth_messages__rosidl_generator_c.dir/rosidl_generator_c/f1tenth_messages/msg/detail/wall_array__type_support.c.o
[  9%] Building C object CMakeFiles/f1tenth_messages__rosidl_generator_c.dir/rosidl_generator_c/f1tenth_messages/msg/detail/turn_goal__functions.c.o
[  9%] Building C object CMakeFiles/f1tenth_messages__rosidl_generator_c.dir/rosidl_generator_c/f1tenth_messages/msg/detail/turn_goal__description.c.o
[  9%] Building C object CMakeFiles/f1tenth_messages__rosidl_generator_c.dir/rosidl_generator_c/f1tenth_messages/msg/detail/turn_goal__type_support.c.o
[ 10%] Building C object CMakeFiles/f1tenth_messages__rosidl_generator_c.dir/rosidl_generator_c/f1tenth_messages/msg/detail/drive_command__functions.c.o
[ 10%] Building C object CMakeFiles/f1tenth_messages__rosidl_generator_c.dir/rosidl_generator_c/f1tenth_messages/msg/detail/drive_command__description.c.o
[ 10%] Building C object CMakeFiles/f1tenth_messages__rosidl_generator_c.dir/rosidl_generator_c/f1tenth_messages/msg/detail/boundary_constraint__description.c.o
[ 10%] Building C object CMakeFiles/f1tenth_messages__rosidl_generator_c.dir/rosidl_generator_c/f1tenth_messages/msg/detail/drive_command__type_support.c.o
[ 10%] Building C object CMakeFiles/f1tenth_messages__rosidl_generator_c.dir/rosidl_generator_c/f1tenth_messages/msg/detail/boundary_constraint__type_support.c.o
[ 11%] Building C object CMakeFiles/f1tenth_messages__rosidl_generator_c.dir/rosidl_generator_c/f1tenth_messages/msg/detail/boundary_constraint__functions.c.o
[ 11%] Building C object CMakeFiles/f1tenth_messages__rosidl_generator_c.dir/rosidl_generator_c/f1tenth_messages/msg/detail/boundary_constraint_array__description.c.o
[ 12%] Building C object CMakeFiles/f1tenth_messages__rosidl_generator_c.dir/rosidl_generator_c/f1tenth_messages/msg/detail/boundary_constraint_array__functions.c.o
[ 12%] Building C object CMakeFiles/f1tenth_messages__rosidl_generator_c.dir/rosidl_generator_c/f1tenth_messages/msg/detail/boundary_constraint_array__type_support.c.o
[ 12%] Building C object CMakeFiles/f1tenth_messages__rosidl_generator_c.dir/rosidl_generator_c/f1tenth_messages/msg/detail/mpc_solver_status__description.c.o
[ 13%] Building C object CMakeFiles/f1tenth_messages__rosidl_generator_c.dir/rosidl_generator_c/f1tenth_messages/msg/detail/mpc_solver_status__functions.c.o
[ 13%] Building C object CMakeFiles/f1tenth_messages__rosidl_generator_c.dir/rosidl_generator_c/f1tenth_messages/msg/detail/mpc_solver_status__type_support.c.o
[ 14%] Building C object CMakeFiles/f1tenth_messages__rosidl_generator_c.dir/rosidl_generator_c/f1tenth_messages/msg/detail/behavior_tree_status__description.c.o
[ 14%] Building C object CMakeFiles/f1tenth_messages__rosidl_generator_c.dir/rosidl_generator_c/f1tenth_messages/msg/detail/behavior_tree_status__functions.c.o
[ 14%] Building C object CMakeFiles/f1tenth_messages__rosidl_generator_c.dir/rosidl_generator_c/f1tenth_messages/msg/detail/wall_line_fit__type_support.c.o
[ 14%] Building C object CMakeFiles/f1tenth_messages__rosidl_generator_c.dir/rosidl_generator_c/f1tenth_messages/msg/detail/wall_line_fit__functions.c.o
[ 14%] Building C object CMakeFiles/f1tenth_messages__rosidl_generator_c.dir/rosidl_generator_c/f1tenth_messages/msg/detail/behavior_tree_status__type_support.c.o
[ 15%] Building C object CMakeFiles/f1tenth_messages__rosidl_generator_c.dir/rosidl_generator_c/f1tenth_messages/msg/detail/wall_line_fit__description.c.o
[ 15%] Building C object CMakeFiles/f1tenth_messages__rosidl_generator_c.dir/rosidl_generator_c/f1tenth_messages/msg/detail/wall_estimate__functions.c.o
[ 16%] Building C object CMakeFiles/f1tenth_messages__rosidl_generator_c.dir/rosidl_generator_c/f1tenth_messages/msg/detail/wall_track__description.c.o
[ 17%] Building C object CMakeFiles/f1tenth_messages__rosidl_generator_c.dir/rosidl_generator_c/f1tenth_messages/msg/detail/wall_estimate__description.c.o
[ 17%] Building C object CMakeFiles/f1tenth_messages__rosidl_generator_c.dir/rosidl_generator_c/f1tenth_messages/msg/detail/wall_estimate__type_support.c.o
[ 17%] Building C object CMakeFiles/f1tenth_messages__rosidl_generator_c.dir/rosidl_generator_c/f1tenth_messages/msg/detail/wall_track__functions.c.o
[ 17%] Building C object CMakeFiles/f1tenth_messages__rosidl_generator_c.dir/rosidl_generator_c/f1tenth_messages/msg/detail/wall_track__type_support.c.o
[ 18%] Building C object CMakeFiles/f1tenth_messages__rosidl_generator_c.dir/rosidl_generator_c/f1tenth_messages/msg/detail/wall_distance__description.c.o
[ 18%] Building C object CMakeFiles/f1tenth_messages__rosidl_generator_c.dir/rosidl_generator_c/f1tenth_messages/msg/detail/wall_distance__functions.c.o
[ 18%] Building C object CMakeFiles/f1tenth_messages__rosidl_generator_c.dir/rosidl_generator_c/f1tenth_messages/msg/detail/wall_distance__type_support.c.o
[ 19%] Building C object CMakeFiles/f1tenth_messages__rosidl_generator_c.dir/rosidl_generator_c/f1tenth_messages/msg/detail/wall_segment__description.c.o
[ 19%] Building C object CMakeFiles/f1tenth_messages__rosidl_generator_c.dir/rosidl_generator_c/f1tenth_messages/msg/detail/wall_segment__functions.c.o
[ 20%] Building C object CMakeFiles/f1tenth_messages__rosidl_generator_c.dir/rosidl_generator_c/f1tenth_messages/msg/detail/wall_segment__type_support.c.o
[ 20%] Building C object CMakeFiles/f1tenth_messages__rosidl_generator_c.dir/rosidl_generator_c/f1tenth_messages/msg/detail/object_goal__description.c.o
[ 20%] Building C object CMakeFiles/f1tenth_messages__rosidl_generator_c.dir/rosidl_generator_c/f1tenth_messages/msg/detail/object_goal__functions.c.o
[ 21%] Building C object CMakeFiles/f1tenth_messages__rosidl_generator_c.dir/rosidl_generator_c/f1tenth_messages/msg/detail/object_goal__type_support.c.o
[ 21%] Building C object CMakeFiles/f1tenth_messages__rosidl_generator_c.dir/rosidl_generator_c/f1tenth_messages/msg/detail/object_approach_status__description.c.o
[ 21%] Building C object CMakeFiles/f1tenth_messages__rosidl_generator_c.dir/rosidl_generator_c/f1tenth_messages/msg/detail/object_approach_status__functions.c.o
[ 22%] Building C object CMakeFiles/f1tenth_messages__rosidl_generator_c.dir/rosidl_generator_c/f1tenth_messages/msg/detail/object_approach_status__type_support.c.o
[ 22%] Building C object CMakeFiles/f1tenth_messages__rosidl_generator_c.dir/rosidl_generator_c/f1tenth_messages/msg/detail/drive_clamp__description.c.o
[ 23%] Building C object CMakeFiles/f1tenth_messages__rosidl_generator_c.dir/rosidl_generator_c/f1tenth_messages/msg/detail/drive_clamp__type_support.c.o
[ 23%] Building C object CMakeFiles/f1tenth_messages__rosidl_generator_c.dir/rosidl_generator_c/f1tenth_messages/msg/detail/drive_clamp__functions.c.o
[ 23%] Building C object CMakeFiles/f1tenth_messages__rosidl_generator_c.dir/rosidl_generator_c/f1tenth_messages/msg/detail/move_outcome__description.c.o
[ 23%] Building C object CMakeFiles/f1tenth_messages__rosidl_generator_c.dir/rosidl_generator_c/f1tenth_messages/msg/detail/move_outcome__functions.c.o
[ 24%] Building C object CMakeFiles/f1tenth_messages__rosidl_generator_c.dir/rosidl_generator_c/f1tenth_messages/msg/detail/move_outcome__type_support.c.o
[ 24%] Building C object CMakeFiles/f1tenth_messages__rosidl_generator_c.dir/rosidl_generator_c/f1tenth_messages/srv/detail/restart_component__description.c.o
[ 24%] Building C object CMakeFiles/f1tenth_messages__rosidl_generator_c.dir/rosidl_generator_c/f1tenth_messages/srv/detail/restart_component__functions.c.o
[ 25%] Building C object CMakeFiles/f1tenth_messages__rosidl_generator_c.dir/rosidl_generator_c/f1tenth_messages/srv/detail/restart_component__type_support.c.o
[ 25%] Building C object CMakeFiles/f1tenth_messages__rosidl_generator_c.dir/rosidl_generator_c/f1tenth_messages/srv/detail/component_control__description.c.o
[ 25%] Building C object CMakeFiles/f1tenth_messages__rosidl_generator_c.dir/rosidl_generator_c/f1tenth_messages/srv/detail/component_control__functions.c.o
[ 26%] Building C object CMakeFiles/f1tenth_messages__rosidl_generator_c.dir/rosidl_generator_c/f1tenth_messages/srv/detail/component_control__type_support.c.o
[ 25%] Building C object CMakeFiles/f1tenth_messages__rosidl_generator_c.dir/rosidl_generator_c/f1tenth_messages/srv/detail/run_diagnostics__description.c.o
[ 27%] Building C object CMakeFiles/f1tenth_messages__rosidl_generator_c.dir/rosidl_generator_c/f1tenth_messages/srv/detail/run_diagnostics__functions.c.o
[ 27%] Building C object CMakeFiles/f1tenth_messages__rosidl_generator_c.dir/rosidl_generator_c/f1tenth_messages/srv/detail/run_diagnostics__type_support.c.o
[ 27%] Building C object CMakeFiles/f1tenth_messages__rosidl_generator_c.dir/rosidl_generator_c/f1tenth_messages/srv/detail/load_mission__description.c.o
[ 28%] Building C object CMakeFiles/f1tenth_messages__rosidl_generator_c.dir/rosidl_generator_c/f1tenth_messages/srv/detail/load_mission__functions.c.o
[ 28%] Building C object CMakeFiles/f1tenth_messages__rosidl_generator_c.dir/rosidl_generator_c/f1tenth_messages/srv/detail/load_mission__type_support.c.o
[ 28%] Linking C shared library libf1tenth_messages__rosidl_generator_c.so
[ 28%] Built target f1tenth_messages__rosidl_generator_c
[ 30%] Generating C++ introspection for ROS interfaces
[ 30%] Generating C introspection for ROS interfaces
[ 30%] Generating C++ type support dispatch for ROS interfaces
[ 30%] Generating C type support for eProsima Fast-RTPS
[ 30%] Generating C type support dispatch for ROS interfaces
[ 30%] Generating C++ type support for eProsima Fast-RTPS
[ 30%] Building CXX object CMakeFiles/f1tenth_messages__rosidl_typesupport_c.dir/rosidl_typesupport_c/f1tenth_messages/msg/battery_status__type_support.cpp.o
[ 31%] Building CXX object CMakeFiles/f1tenth_messages__rosidl_typesupport_c.dir/rosidl_typesupport_c/f1tenth_messages/msg/obstacle2_d__type_support.cpp.o
[ 32%] Building CXX object CMakeFiles/f1tenth_messages__rosidl_typesupport_c.dir/rosidl_typesupport_c/f1tenth_messages/msg/system_status__type_support.cpp.o
[ 33%] Building CXX object CMakeFiles/f1tenth_messages__rosidl_typesupport_cpp.dir/rosidl_typesupport_cpp/f1tenth_messages/msg/system_status__type_support.cpp.o
[ 33%] Building CXX object CMakeFiles/f1tenth_messages__rosidl_typesupport_c.dir/rosidl_typesupport_c/f1tenth_messages/msg/obstacle2_d_array__type_support.cpp.o
[ 34%] Building CXX object CMakeFiles/f1tenth_messages__rosidl_typesupport_c.dir/rosidl_typesupport_c/f1tenth_messages/msg/wall_detection__type_support.cpp.o
[ 33%] Building CXX object CMakeFiles/f1tenth_messages__rosidl_typesupport_c.dir/rosidl_typesupport_c/f1tenth_messages/msg/mission_status__type_support.cpp.o
[ 34%] Building CXX object CMakeFiles/f1tenth_messages__rosidl_typesupport_cpp.dir/rosidl_typesupport_cpp/f1tenth_messages/msg/battery_status__type_support.cpp.o
[ 34%] Building CXX object CMakeFiles/f1tenth_messages__rosidl_typesupport_c.dir/rosidl_typesupport_c/f1tenth_messages/msg/wall_array__type_support.cpp.o
[ 34%] Building CXX object CMakeFiles/f1tenth_messages__rosidl_typesupport_c.dir/rosidl_typesupport_c/f1tenth_messages/msg/turn_goal__type_support.cpp.o
[ 35%] Building CXX object CMakeFiles/f1tenth_messages__rosidl_typesupport_c.dir/rosidl_typesupport_c/f1tenth_messages/msg/drive_command__type_support.cpp.o
[ 35%] Building CXX object CMakeFiles/f1tenth_messages__rosidl_typesupport_c.dir/rosidl_typesupport_c/f1tenth_messages/msg/boundary_constraint__type_support.cpp.o
[ 35%] Building CXX object CMakeFiles/f1tenth_messages__rosidl_typesupport_cpp.dir/rosidl_typesupport_cpp/f1tenth_messages/msg/obstacle2_d__type_support.cpp.o
[ 35%] Building CXX object CMakeFiles/f1tenth_messages__rosidl_typesupport_c.dir/rosidl_typesupport_c/f1tenth_messages/msg/boundary_constraint_array__type_support.cpp.o
[ 36%] Building CXX object CMakeFiles/f1tenth_messages__rosidl_typesupport_c.dir/rosidl_typesupport_c/f1tenth_messages/msg/mpc_solver_status__type_support.cpp.o
[ 36%] Building CXX object CMakeFiles/f1tenth_messages__rosidl_typesupport_c.dir/rosidl_typesupport_c/f1tenth_messages/msg/behavior_tree_status__type_support.cpp.o
[ 36%] Building CXX object CMakeFiles/f1tenth_messages__rosidl_typesupport_c.dir/rosidl_typesupport_c/f1tenth_messages/msg/wall_line_fit__type_support.cpp.o
[ 37%] Building CXX object CMakeFiles/f1tenth_messages__rosidl_typesupport_c.dir/rosidl_typesupport_c/f1tenth_messages/msg/wall_estimate__type_support.cpp.o
[ 37%] Building CXX object CMakeFiles/f1tenth_messages__rosidl_typesupport_c.dir/rosidl_typesupport_c/f1tenth_messages/msg/wall_track__type_support.cpp.o
[ 37%] Building CXX object CMakeFiles/f1tenth_messages__rosidl_typesupport_c.dir/rosidl_typesupport_c/f1tenth_messages/msg/wall_distance__type_support.cpp.o
[ 38%] Building CXX object CMakeFiles/f1tenth_messages__rosidl_typesupport_cpp.dir/rosidl_typesupport_cpp/f1tenth_messages/msg/obstacle2_d_array__type_support.cpp.o
[ 38%] Building CXX object CMakeFiles/f1tenth_messages__rosidl_typesupport_cpp.dir/rosidl_typesupport_cpp/f1tenth_messages/msg/mission_status__type_support.cpp.o
[ 39%] Building CXX object CMakeFiles/f1tenth_messages__rosidl_typesupport_c.dir/rosidl_typesupport_c/f1tenth_messages/msg/wall_segment__type_support.cpp.o
[ 39%] Building CXX object CMakeFiles/f1tenth_messages__rosidl_typesupport_c.dir/rosidl_typesupport_c/f1tenth_messages/msg/object_goal__type_support.cpp.o
[ 39%] Building CXX object CMakeFiles/f1tenth_messages__rosidl_typesupport_c.dir/rosidl_typesupport_c/f1tenth_messages/msg/object_approach_status__type_support.cpp.o
[ 39%] Building CXX object CMakeFiles/f1tenth_messages__rosidl_typesupport_cpp.dir/rosidl_typesupport_cpp/f1tenth_messages/msg/wall_detection__type_support.cpp.o
[ 40%] Building CXX object CMakeFiles/f1tenth_messages__rosidl_typesupport_c.dir/rosidl_typesupport_c/f1tenth_messages/msg/drive_clamp__type_support.cpp.o
[ 40%] Building CXX object CMakeFiles/f1tenth_messages__rosidl_typesupport_c.dir/rosidl_typesupport_c/f1tenth_messages/msg/move_outcome__type_support.cpp.o
[ 41%] Building CXX object CMakeFiles/f1tenth_messages__rosidl_typesupport_c.dir/rosidl_typesupport_c/f1tenth_messages/srv/restart_component__type_support.cpp.o
[ 41%] Building CXX object CMakeFiles/f1tenth_messages__rosidl_typesupport_c.dir/rosidl_typesupport_c/f1tenth_messages/srv/component_control__type_support.cpp.o
[ 41%] Building CXX object CMakeFiles/f1tenth_messages__rosidl_typesupport_introspection_cpp.dir/rosidl_typesupport_introspection_cpp/f1tenth_messages/msg/detail/system_status__type_support.cpp.o
[ 41%] Building C object CMakeFiles/f1tenth_messages__rosidl_typesupport_introspection_c.dir/rosidl_typesupport_introspection_c/f1tenth_messages/msg/detail/system_status__type_support.c.o
[ 41%] Building CXX object CMakeFiles/f1tenth_messages__rosidl_typesupport_c.dir/rosidl_typesupport_c/f1tenth_messages/srv/run_diagnostics__type_support.cpp.o
[ 41%] Building CXX object CMakeFiles/f1tenth_messages__rosidl_typesupport_introspection_cpp.dir/rosidl_typesupport_introspection_cpp/f1tenth_messages/msg/detail/battery_status__type_support.cpp.o
[ 41%] Building C object CMakeFiles/f1tenth_messages__rosidl_typesupport_introspection_c.dir/rosidl_typesupport_introspection_c/f1tenth_messages/msg/detail/battery_status__type_support.c.o
[ 42%] Building C object CMakeFiles/f1tenth_messages__rosidl_typesupport_introspection_c.dir/rosidl_typesupport_introspection_c/f1tenth_messages/msg/detail/obstacle2_d__type_support.c.o
[ 43%] Building CXX object CMakeFiles/f1tenth_messages__rosidl_typesupport_c.dir/rosidl_typesupport_c/f1tenth_messages/srv/load_mission__type_support.cpp.o
[ 44%] Building CXX object CMakeFiles/f1tenth_messages__rosidl_typesupport_cpp.dir/rosidl_typesupport_cpp/f1tenth_messages/msg/wall_array__type_support.cpp.o
[ 45%] Building CXX object CMakeFiles/f1tenth_messages__rosidl_typesupport_introspection_cpp.dir/rosidl_typesupport_introspection_cpp/f1tenth_messages/msg/detail/obstacle2_d__type_support.cpp.o
[ 45%] Building C object CMakeFiles/f1tenth_messages__rosidl_typesupport_introspection_c.dir/rosidl_typesupport_introspection_c/f1tenth_messages/msg/detail/obstacle2_d_array__type_support.c.o
[ 45%] Linking CXX shared library libf1tenth_messages__rosidl_typesupport_c.so
[ 46%] Building C object CMakeFiles/f1tenth_messages__rosidl_typesupport_introspection_c.dir/rosidl_typesupport_introspection_c/f1tenth_messages/msg/detail/mission_status__type_support.c.o
[ 46%] Built target f1tenth_messages__rosidl_typesupport_c
[ 46%] Building CXX object CMakeFiles/f1tenth_messages__rosidl_typesupport_cpp.dir/rosidl_typesupport_cpp/f1tenth_messages/msg/turn_goal__type_support.cpp.o
[ 46%] Building C object CMakeFiles/f1tenth_messages__rosidl_typesupport_introspection_c.dir/rosidl_typesupport_introspection_c/f1tenth_messages/msg/detail/wall_detection__type_support.c.o
[ 46%] Building C object CMakeFiles/f1tenth_messages__rosidl_typesupport_introspection_c.dir/rosidl_typesupport_introspection_c/f1tenth_messages/msg/detail/wall_array__type_support.c.o
[ 47%] Building C object CMakeFiles/f1tenth_messages__rosidl_typesupport_introspection_c.dir/rosidl_typesupport_introspection_c/f1tenth_messages/msg/detail/turn_goal__type_support.c.o
[ 47%] Building CXX object CMakeFiles/f1tenth_messages__rosidl_typesupport_introspection_cpp.dir/rosidl_typesupport_introspection_cpp/f1tenth_messages/msg/detail/obstacle2_d_array__type_support.cpp.o
[ 47%] Building C object CMakeFiles/f1tenth_messages__rosidl_typesupport_introspection_c.dir/rosidl_typesupport_introspection_c/f1tenth_messages/msg/detail/drive_command__type_support.c.o
[ 47%] Building CXX object CMakeFiles/f1tenth_messages__rosidl_typesupport_cpp.dir/rosidl_typesupport_cpp/f1tenth_messages/msg/drive_command__type_support.cpp.o
[ 47%] Building C object CMakeFiles/f1tenth_messages__rosidl_typesupport_introspection_c.dir/rosidl_typesupport_introspection_c/f1tenth_messages/msg/detail/boundary_constraint__type_support.c.o
[ 47%] Building CXX object CMakeFiles/f1tenth_messages__rosidl_typesupport_introspection_cpp.dir/rosidl_typesupport_introspection_cpp/f1tenth_messages/msg/detail/mission_status__type_support.cpp.o
[ 48%] Building C object CMakeFiles/f1tenth_messages__rosidl_typesupport_introspection_c.dir/rosidl_typesupport_introspection_c/f1tenth_messages/msg/detail/boundary_constraint_array__type_support.c.o
[ 49%] Building CXX object CMakeFiles/f1tenth_messages__rosidl_typesupport_cpp.dir/rosidl_typesupport_cpp/f1tenth_messages/msg/boundary_constraint__type_support.cpp.o
[ 49%] Building C object CMakeFiles/f1tenth_messages__rosidl_typesupport_introspection_c.dir/rosidl_typesupport_introspection_c/f1tenth_messages/msg/detail/mpc_solver_status__type_support.c.o
[ 49%] Building C object CMakeFiles/f1tenth_messages__rosidl_typesupport_introspection_c.dir/rosidl_typesupport_introspection_c/f1tenth_messages/msg/detail/behavior_tree_status__type_support.c.o
[ 50%] Building CXX object CMakeFiles/f1tenth_messages__rosidl_typesupport_introspection_cpp.dir/rosidl_typesupport_introspection_cpp/f1tenth_messages/msg/detail/wall_detection__type_support.cpp.o
[ 51%] Building C object CMakeFiles/f1tenth_messages__rosidl_typesupport_introspection_c.dir/rosidl_typesupport_introspection_c/f1tenth_messages/msg/detail/wall_line_fit__type_support.c.o
[ 51%] Building C object CMakeFiles/f1tenth_messages__rosidl_typesupport_introspection_c.dir/rosidl_typesupport_introspection_c/f1tenth_messages/msg/detail/wall_estimate__type_support.c.o
[ 51%] Building CXX object CMakeFiles/f1tenth_messages__rosidl_typesupport_fastrtps_c.dir/rosidl_typesupport_fastrtps_c/f1tenth_messages/msg/detail/system_status__type_support_c.cpp.o
[ 51%] Building C object CMakeFiles/f1tenth_messages__rosidl_typesupport_introspection_c.dir/rosidl_typesupport_introspection_c/f1tenth_messages/msg/detail/wall_track__type_support.c.o
[ 52%] Building C object CMakeFiles/f1tenth_messages__rosidl_typesupport_introspection_c.dir/rosidl_typesupport_introspection_c/f1tenth_messages/msg/detail/wall_distance__type_support.c.o
[ 52%] Building CXX object CMakeFiles/f1tenth_messages__rosidl_typesupport_introspection_cpp.dir/rosidl_typesupport_introspection_cpp/f1tenth_messages/msg/detail/wall_array__type_support.cpp.o
[ 52%] Building C object CMakeFiles/f1tenth_messages__rosidl_typesupport_introspection_c.dir/rosidl_typesupport_introspection_c/f1tenth_messages/msg/detail/wall_segment__type_support.c.o
[ 52%] Building CXX object CMakeFiles/f1tenth_messages__rosidl_typesupport_fastrtps_cpp.dir/rosidl_typesupport_fastrtps_cpp/f1tenth_messages/msg/detail/dds_fastrtps/system_status__type_support.cpp.o
[ 52%] Building CXX object CMakeFiles/f1tenth_messages__rosidl_typesupport_introspection_cpp.dir/rosidl_typesupport_introspection_cpp/f1tenth_messages/msg/detail/turn_goal__type_support.cpp.o
[ 52%] Building CXX object CMakeFiles/f1tenth_messages__rosidl_typesupport_cpp.dir/rosidl_typesupport_cpp/f1tenth_messages/msg/boundary_constraint_array__type_support.cpp.o
[ 52%] Building C object CMakeFiles/f1tenth_messages__rosidl_typesupport_introspection_c.dir/rosidl_typesupport_introspection_c/f1tenth_messages/msg/detail/object_goal__type_support.c.o
[ 53%] Building C object CMakeFiles/f1tenth_messages__rosidl_typesupport_introspection_c.dir/rosidl_typesupport_introspection_c/f1tenth_messages/msg/detail/object_approach_status__type_support.c.o
[ 53%] Building C object CMakeFiles/f1tenth_messages__rosidl_typesupport_introspection_c.dir/rosidl_typesupport_introspection_c/f1tenth_messages/msg/detail/drive_clamp__type_support.c.o
[ 53%] Building CXX object CMakeFiles/f1tenth_messages__rosidl_typesupport_cpp.dir/rosidl_typesupport_cpp/f1tenth_messages/msg/mpc_solver_status__type_support.cpp.o
[ 54%] Building CXX object CMakeFiles/f1tenth_messages__rosidl_typesupport_fastrtps_cpp.dir/rosidl_typesupport_fastrtps_cpp/f1tenth_messages/msg/detail/dds_fastrtps/battery_status__type_support.cpp.o
[ 54%] Building C object CMakeFiles/f1tenth_messages__rosidl_typesupport_introspection_c.dir/rosidl_typesupport_introspection_c/f1tenth_messages/msg/detail/move_outcome__type_support.c.o
[ 55%] Building C object CMakeFiles/f1tenth_messages__rosidl_typesupport_introspection_c.dir/rosidl_typesupport_introspection_c/f1tenth_messages/srv/detail/restart_component__type_support.c.o
[ 55%] Building C object CMakeFiles/f1tenth_messages__rosidl_typesupport_introspection_c.dir/rosidl_typesupport_introspection_c/f1tenth_messages/srv/detail/component_control__type_support.c.o
[ 56%] Building C object CMakeFiles/f1tenth_messages__rosidl_typesupport_introspection_c.dir/rosidl_typesupport_introspection_c/f1tenth_messages/srv/detail/run_diagnostics__type_support.c.o
[ 57%] Building CXX object CMakeFiles/f1tenth_messages__rosidl_typesupport_cpp.dir/rosidl_typesupport_cpp/f1tenth_messages/msg/behavior_tree_status__type_support.cpp.o
[ 58%] Building CXX object CMakeFiles/f1tenth_messages__rosidl_typesupport_introspection_cpp.dir/rosidl_typesupport_introspection_cpp/f1tenth_messages/msg/detail/drive_command__type_support.cpp.o
[ 58%] Building C object CMakeFiles/f1tenth_messages__rosidl_typesupport_introspection_c.dir/rosidl_typesupport_introspection_c/f1tenth_messages/srv/detail/load_mission__type_support.c.o
[ 59%] Building CXX object CMakeFiles/f1tenth_messages__rosidl_typesupport_fastrtps_c.dir/rosidl_typesupport_fastrtps_c/f1tenth_messages/msg/detail/battery_status__type_support_c.cpp.o
[ 59%] Linking C shared library libf1tenth_messages__rosidl_typesupport_introspection_c.so
[ 59%] Building CXX object CMakeFiles/f1tenth_messages__rosidl_typesupport_fastrtps_cpp.dir/rosidl_typesupport_fastrtps_cpp/f1tenth_messages/msg/detail/dds_fastrtps/obstacle2_d__type_support.cpp.o
[ 59%] Built target f1tenth_messages__rosidl_typesupport_introspection_c
[ 59%] Building CXX object CMakeFiles/f1tenth_messages__rosidl_typesupport_cpp.dir/rosidl_typesupport_cpp/f1tenth_messages/msg/wall_line_fit__type_support.cpp.o
[ 59%] Building CXX object CMakeFiles/f1tenth_messages__rosidl_typesupport_introspection_cpp.dir/rosidl_typesupport_introspection_cpp/f1tenth_messages/msg/detail/boundary_constraint__type_support.cpp.o
[ 60%] Building CXX object CMakeFiles/f1tenth_messages__rosidl_typesupport_cpp.dir/rosidl_typesupport_cpp/f1tenth_messages/msg/wall_estimate__type_support.cpp.o
[ 60%] Building CXX object CMakeFiles/f1tenth_messages__rosidl_typesupport_fastrtps_c.dir/rosidl_typesupport_fastrtps_c/f1tenth_messages/msg/detail/obstacle2_d__type_support_c.cpp.o
[ 60%] Building CXX object CMakeFiles/f1tenth_messages__rosidl_typesupport_cpp.dir/rosidl_typesupport_cpp/f1tenth_messages/msg/wall_track__type_support.cpp.o
[ 60%] Building CXX object CMakeFiles/f1tenth_messages__rosidl_typesupport_fastrtps_cpp.dir/rosidl_typesupport_fastrtps_cpp/f1tenth_messages/msg/detail/dds_fastrtps/obstacle2_d_array__type_support.cpp.o
[ 61%] Building CXX object CMakeFiles/f1tenth_messages__rosidl_typesupport_fastrtps_c.dir/rosidl_typesupport_fastrtps_c/f1tenth_messages/msg/detail/obstacle2_d_array__type_support_c.cpp.o
[ 61%] Building CXX object CMakeFiles/f1tenth_messages__rosidl_typesupport_introspection_cpp.dir/rosidl_typesupport_introspection_cpp/f1tenth_messages/msg/detail/boundary_constraint_array__type_support.cpp.o
[ 61%] Building CXX object CMakeFiles/f1tenth_messages__rosidl_typesupport_fastrtps_c.dir/rosidl_typesupport_fastrtps_c/f1tenth_messages/msg/detail/mission_status__type_support_c.cpp.o
[ 62%] Building CXX object CMakeFiles/f1tenth_messages__rosidl_typesupport_fastrtps_cpp.dir/rosidl_typesupport_fastrtps_cpp/f1tenth_messages/msg/detail/dds_fastrtps/mission_status__type_support.cpp.o
[ 62%] Building CXX object CMakeFiles/f1tenth_messages__rosidl_typesupport_fastrtps_cpp.dir/rosidl_typesupport_fastrtps_cpp/f1tenth_messages/msg/detail/dds_fastrtps/wall_detection__type_support.cpp.o
[ 62%] Building CXX object CMakeFiles/f1tenth_messages__rosidl_typesupport_cpp.dir/rosidl_typesupport_cpp/f1tenth_messages/msg/wall_distance__type_support.cpp.o
[ 63%] Building CXX object CMakeFiles/f1tenth_messages__rosidl_typesupport_introspection_cpp.dir/rosidl_typesupport_introspection_cpp/f1tenth_messages/msg/detail/mpc_solver_status__type_support.cpp.o
[ 63%] Building CXX object CMakeFiles/f1tenth_messages__rosidl_typesupport_fastrtps_c.dir/rosidl_typesupport_fastrtps_c/f1tenth_messages/msg/detail/wall_detection__type_support_c.cpp.o
[ 64%] Building CXX object CMakeFiles/f1tenth_messages__rosidl_typesupport_cpp.dir/rosidl_typesupport_cpp/f1tenth_messages/msg/wall_segment__type_support.cpp.o
[ 64%] Building CXX object CMakeFiles/f1tenth_messages__rosidl_typesupport_introspection_cpp.dir/rosidl_typesupport_introspection_cpp/f1tenth_messages/msg/detail/behavior_tree_status__type_support.cpp.o
[ 64%] Building CXX object CMakeFiles/f1tenth_messages__rosidl_typesupport_fastrtps_cpp.dir/rosidl_typesupport_fastrtps_cpp/f1tenth_messages/msg/detail/dds_fastrtps/wall_array__type_support.cpp.o
[ 64%] Building CXX object CMakeFiles/f1tenth_messages__rosidl_typesupport_cpp.dir/rosidl_typesupport_cpp/f1tenth_messages/msg/object_goal__type_support.cpp.o
[ 65%] Building CXX object CMakeFiles/f1tenth_messages__rosidl_typesupport_fastrtps_cpp.dir/rosidl_typesupport_fastrtps_cpp/f1tenth_messages/msg/detail/dds_fastrtps/turn_goal__type_support.cpp.o
[ 66%] Building CXX object CMakeFiles/f1tenth_messages__rosidl_typesupport_fastrtps_c.dir/rosidl_typesupport_fastrtps_c/f1tenth_messages/msg/detail/wall_array__type_support_c.cpp.o
[ 66%] Building CXX object CMakeFiles/f1tenth_messages__rosidl_typesupport_cpp.dir/rosidl_typesupport_cpp/f1tenth_messages/msg/object_approach_status__type_support.cpp.o
[ 67%] Building CXX object CMakeFiles/f1tenth_messages__rosidl_typesupport_cpp.dir/rosidl_typesupport_cpp/f1tenth_messages/msg/drive_clamp__type_support.cpp.o
[ 67%] Building CXX object CMakeFiles/f1tenth_messages__rosidl_typesupport_introspection_cpp.dir/rosidl_typesupport_introspection_cpp/f1tenth_messages/msg/detail/wall_line_fit__type_support.cpp.o
[ 68%] Building CXX object CMakeFiles/f1tenth_messages__rosidl_typesupport_introspection_cpp.dir/rosidl_typesupport_introspection_cpp/f1tenth_messages/msg/detail/wall_estimate__type_support.cpp.o
[ 68%] Building CXX object CMakeFiles/f1tenth_messages__rosidl_typesupport_cpp.dir/rosidl_typesupport_cpp/f1tenth_messages/msg/move_outcome__type_support.cpp.o
[ 68%] Building CXX object CMakeFiles/f1tenth_messages__rosidl_typesupport_fastrtps_c.dir/rosidl_typesupport_fastrtps_c/f1tenth_messages/msg/detail/turn_goal__type_support_c.cpp.o
[ 68%] Building CXX object CMakeFiles/f1tenth_messages__rosidl_typesupport_cpp.dir/rosidl_typesupport_cpp/f1tenth_messages/srv/restart_component__type_support.cpp.o
[ 68%] Building CXX object CMakeFiles/f1tenth_messages__rosidl_typesupport_introspection_cpp.dir/rosidl_typesupport_introspection_cpp/f1tenth_messages/msg/detail/wall_track__type_support.cpp.o
[ 68%] Building CXX object CMakeFiles/f1tenth_messages__rosidl_typesupport_fastrtps_cpp.dir/rosidl_typesupport_fastrtps_cpp/f1tenth_messages/msg/detail/dds_fastrtps/drive_command__type_support.cpp.o
[ 68%] Building CXX object CMakeFiles/f1tenth_messages__rosidl_typesupport_fastrtps_c.dir/rosidl_typesupport_fastrtps_c/f1tenth_messages/msg/detail/drive_command__type_support_c.cpp.o
[ 69%] Building CXX object CMakeFiles/f1tenth_messages__rosidl_typesupport_fastrtps_cpp.dir/rosidl_typesupport_fastrtps_cpp/f1tenth_messages/msg/detail/dds_fastrtps/boundary_constraint__type_support.cpp.o
[ 69%] Building CXX object CMakeFiles/f1tenth_messages__rosidl_typesupport_cpp.dir/rosidl_typesupport_cpp/f1tenth_messages/srv/component_control__type_support.cpp.o
[ 70%] Building CXX object CMakeFiles/f1tenth_messages__rosidl_typesupport_introspection_cpp.dir/rosidl_typesupport_introspection_cpp/f1tenth_messages/msg/detail/wall_distance__type_support.cpp.o
[ 71%] Building CXX object CMakeFiles/f1tenth_messages__rosidl_typesupport_fastrtps_cpp.dir/rosidl_typesupport_fastrtps_cpp/f1tenth_messages/msg/detail/dds_fastrtps/boundary_constraint_array__type_support.cpp.o
[ 72%] Building CXX object CMakeFiles/f1tenth_messages__rosidl_typesupport_fastrtps_c.dir/rosidl_typesupport_fastrtps_c/f1tenth_messages/msg/detail/boundary_constraint__type_support_c.cpp.o
[ 72%] Building CXX object CMakeFiles/f1tenth_messages__rosidl_typesupport_introspection_cpp.dir/rosidl_typesupport_introspection_cpp/f1tenth_messages/msg/detail/wall_segment__type_support.cpp.o
[ 72%] Building CXX object CMakeFiles/f1tenth_messages__rosidl_typesupport_cpp.dir/rosidl_typesupport_cpp/f1tenth_messages/srv/run_diagnostics__type_support.cpp.o
[ 72%] Building CXX object CMakeFiles/f1tenth_messages__rosidl_typesupport_fastrtps_cpp.dir/rosidl_typesupport_fastrtps_cpp/f1tenth_messages/msg/detail/dds_fastrtps/mpc_solver_status__type_support.cpp.o
[ 72%] Building CXX object CMakeFiles/f1tenth_messages__rosidl_typesupport_cpp.dir/rosidl_typesupport_cpp/f1tenth_messages/srv/load_mission__type_support.cpp.o
[ 72%] Building CXX object CMakeFiles/f1tenth_messages__rosidl_typesupport_fastrtps_cpp.dir/rosidl_typesupport_fastrtps_cpp/f1tenth_messages/msg/detail/dds_fastrtps/behavior_tree_status__type_support.cpp.o
[ 72%] Building CXX object CMakeFiles/f1tenth_messages__rosidl_typesupport_introspection_cpp.dir/rosidl_typesupport_introspection_cpp/f1tenth_messages/msg/detail/object_goal__type_support.cpp.o
[ 72%] Building CXX object CMakeFiles/f1tenth_messages__rosidl_typesupport_fastrtps_c.dir/rosidl_typesupport_fastrtps_c/f1tenth_messages/msg/detail/boundary_constraint_array__type_support_c.cpp.o
[ 73%] Building CXX object CMakeFiles/f1tenth_messages__rosidl_typesupport_introspection_cpp.dir/rosidl_typesupport_introspection_cpp/f1tenth_messages/msg/detail/object_approach_status__type_support.cpp.o
[ 73%] Building CXX object CMakeFiles/f1tenth_messages__rosidl_typesupport_introspection_cpp.dir/rosidl_typesupport_introspection_cpp/f1tenth_messages/msg/detail/drive_clamp__type_support.cpp.o
[ 74%] Building CXX object CMakeFiles/f1tenth_messages__rosidl_typesupport_fastrtps_cpp.dir/rosidl_typesupport_fastrtps_cpp/f1tenth_messages/msg/detail/dds_fastrtps/wall_line_fit__type_support.cpp.o
[ 75%] Linking CXX shared library libf1tenth_messages__rosidl_typesupport_cpp.so
[ 75%] Building CXX object CMakeFiles/f1tenth_messages__rosidl_typesupport_introspection_cpp.dir/rosidl_typesupport_introspection_cpp/f1tenth_messages/msg/detail/move_outcome__type_support.cpp.o
[ 75%] Building CXX object CMakeFiles/f1tenth_messages__rosidl_typesupport_fastrtps_c.dir/rosidl_typesupport_fastrtps_c/f1tenth_messages/msg/detail/mpc_solver_status__type_support_c.cpp.o
[ 75%] Building CXX object CMakeFiles/f1tenth_messages__rosidl_typesupport_fastrtps_cpp.dir/rosidl_typesupport_fastrtps_cpp/f1tenth_messages/msg/detail/dds_fastrtps/wall_estimate__type_support.cpp.o
[ 75%] Built target f1tenth_messages__rosidl_typesupport_cpp
[ 76%] Building CXX object CMakeFiles/f1tenth_messages__rosidl_typesupport_fastrtps_c.dir/rosidl_typesupport_fastrtps_c/f1tenth_messages/msg/detail/behavior_tree_status__type_support_c.cpp.o
[ 76%] Building CXX object CMakeFiles/f1tenth_messages__rosidl_typesupport_fastrtps_c.dir/rosidl_typesupport_fastrtps_c/f1tenth_messages/msg/detail/wall_line_fit__type_support_c.cpp.o
[ 77%] Building CXX object CMakeFiles/f1tenth_messages__rosidl_typesupport_introspection_cpp.dir/rosidl_typesupport_introspection_cpp/f1tenth_messages/srv/detail/restart_component__type_support.cpp.o
[ 77%] Building CXX object CMakeFiles/f1tenth_messages__rosidl_typesupport_fastrtps_c.dir/rosidl_typesupport_fastrtps_c/f1tenth_messages/msg/detail/wall_estimate__type_support_c.cpp.o
[ 78%] Building CXX object CMakeFiles/f1tenth_messages__rosidl_typesupport_fastrtps_cpp.dir/rosidl_typesupport_fastrtps_cpp/f1tenth_messages/msg/detail/dds_fastrtps/wall_track__type_support.cpp.o
[ 79%] Building CXX object CMakeFiles/f1tenth_messages__rosidl_typesupport_fastrtps_c.dir/rosidl_typesupport_fastrtps_c/f1tenth_messages/msg/detail/wall_track__type_support_c.cpp.o
[ 79%] Building CXX object CMakeFiles/f1tenth_messages__rosidl_typesupport_fastrtps_cpp.dir/rosidl_typesupport_fastrtps_cpp/f1tenth_messages/msg/detail/dds_fastrtps/wall_distance__type_support.cpp.o
[ 79%] Building CXX object CMakeFiles/f1tenth_messages__rosidl_typesupport_introspection_cpp.dir/rosidl_typesupport_introspection_cpp/f1tenth_messages/srv/detail/component_control__type_support.cpp.o
[ 79%] Building CXX object CMakeFiles/f1tenth_messages__rosidl_typesupport_fastrtps_cpp.dir/rosidl_typesupport_fastrtps_cpp/f1tenth_messages/msg/detail/dds_fastrtps/wall_segment__type_support.cpp.o
[ 79%] Building CXX object CMakeFiles/f1tenth_messages__rosidl_typesupport_introspection_cpp.dir/rosidl_typesupport_introspection_cpp/f1tenth_messages/srv/detail/run_diagnostics__type_support.cpp.o
[ 80%] Building CXX object CMakeFiles/f1tenth_messages__rosidl_typesupport_fastrtps_cpp.dir/rosidl_typesupport_fastrtps_cpp/f1tenth_messages/msg/detail/dds_fastrtps/object_goal__type_support.cpp.o
[ 81%] Building CXX object CMakeFiles/f1tenth_messages__rosidl_typesupport_introspection_cpp.dir/rosidl_typesupport_introspection_cpp/f1tenth_messages/srv/detail/load_mission__type_support.cpp.o
[ 81%] Building CXX object CMakeFiles/f1tenth_messages__rosidl_typesupport_fastrtps_c.dir/rosidl_typesupport_fastrtps_c/f1tenth_messages/msg/detail/wall_distance__type_support_c.cpp.o
[ 81%] Building CXX object CMakeFiles/f1tenth_messages__rosidl_typesupport_fastrtps_c.dir/rosidl_typesupport_fastrtps_c/f1tenth_messages/msg/detail/wall_segment__type_support_c.cpp.o
[ 81%] Building CXX object CMakeFiles/f1tenth_messages__rosidl_typesupport_fastrtps_cpp.dir/rosidl_typesupport_fastrtps_cpp/f1tenth_messages/msg/detail/dds_fastrtps/object_approach_status__type_support.cpp.o
[ 82%] Building CXX object CMakeFiles/f1tenth_messages__rosidl_typesupport_fastrtps_c.dir/rosidl_typesupport_fastrtps_c/f1tenth_messages/msg/detail/object_goal__type_support_c.cpp.o
[ 82%] Building CXX object CMakeFiles/f1tenth_messages__rosidl_typesupport_fastrtps_c.dir/rosidl_typesupport_fastrtps_c/f1tenth_messages/msg/detail/object_approach_status__type_support_c.cpp.o
[ 82%] Building CXX object CMakeFiles/f1tenth_messages__rosidl_typesupport_fastrtps_c.dir/rosidl_typesupport_fastrtps_c/f1tenth_messages/msg/detail/drive_clamp__type_support_c.cpp.o
[ 82%] Linking CXX shared library libf1tenth_messages__rosidl_typesupport_introspection_cpp.so
[ 83%] Building CXX object CMakeFiles/f1tenth_messages__rosidl_typesupport_fastrtps_c.dir/rosidl_typesupport_fastrtps_c/f1tenth_messages/msg/detail/move_outcome__type_support_c.cpp.o
[ 83%] Built target f1tenth_messages__rosidl_typesupport_introspection_cpp
[ 83%] Building CXX object CMakeFiles/f1tenth_messages__rosidl_typesupport_fastrtps_c.dir/rosidl_typesupport_fastrtps_c/f1tenth_messages/srv/detail/restart_component__type_support_c.cpp.o
[ 83%] Building CXX object CMakeFiles/f1tenth_messages__rosidl_typesupport_fastrtps_cpp.dir/rosidl_typesupport_fastrtps_cpp/f1tenth_messages/msg/detail/dds_fastrtps/drive_clamp__type_support.cpp.o
[ 84%] Building CXX object CMakeFiles/f1tenth_messages__rosidl_typesupport_fastrtps_c.dir/rosidl_typesupport_fastrtps_c/f1tenth_messages/srv/detail/component_control__type_support_c.cpp.o
[ 84%] Building CXX object CMakeFiles/f1tenth_messages__rosidl_typesupport_fastrtps_c.dir/rosidl_typesupport_fastrtps_c/f1tenth_messages/srv/detail/run_diagnostics__type_support_c.cpp.o
[ 85%] Building CXX object CMakeFiles/f1tenth_messages__rosidl_typesupport_fastrtps_cpp.dir/rosidl_typesupport_fastrtps_cpp/f1tenth_messages/msg/detail/dds_fastrtps/move_outcome__type_support.cpp.o
[ 85%] Building CXX object CMakeFiles/f1tenth_messages__rosidl_typesupport_fastrtps_cpp.dir/rosidl_typesupport_fastrtps_cpp/f1tenth_messages/srv/detail/dds_fastrtps/restart_component__type_support.cpp.o
[ 85%] Building CXX object CMakeFiles/f1tenth_messages__rosidl_typesupport_fastrtps_c.dir/rosidl_typesupport_fastrtps_c/f1tenth_messages/srv/detail/load_mission__type_support_c.cpp.o
[ 85%] Building CXX object CMakeFiles/f1tenth_messages__rosidl_typesupport_fastrtps_cpp.dir/rosidl_typesupport_fastrtps_cpp/f1tenth_messages/srv/detail/dds_fastrtps/component_control__type_support.cpp.o
[ 86%] Building CXX object CMakeFiles/f1tenth_messages__rosidl_typesupport_fastrtps_cpp.dir/rosidl_typesupport_fastrtps_cpp/f1tenth_messages/srv/detail/dds_fastrtps/run_diagnostics__type_support.cpp.o
[ 86%] Building CXX object CMakeFiles/f1tenth_messages__rosidl_typesupport_fastrtps_cpp.dir/rosidl_typesupport_fastrtps_cpp/f1tenth_messages/srv/detail/dds_fastrtps/load_mission__type_support.cpp.o
[ 87%] Linking CXX shared library libf1tenth_messages__rosidl_typesupport_fastrtps_c.so
[ 87%] Built target f1tenth_messages__rosidl_typesupport_fastrtps_c
[ 87%] Linking CXX shared library libf1tenth_messages__rosidl_typesupport_fastrtps_cpp.so
[ 87%] Built target f1tenth_messages__rosidl_typesupport_fastrtps_cpp
[ 87%] Built target f1tenth_messages
[ 87%] Generating Python code for ROS interfaces
[ 87%] Built target f1tenth_messages__py
[ 89%] Building C object CMakeFiles/f1tenth_messages__rosidl_generator_py.dir/rosidl_generator_py/f1tenth_messages/msg/_obstacle2_d_s.c.o
[ 89%] Building C object CMakeFiles/f1tenth_messages__rosidl_generator_py.dir/rosidl_generator_py/f1tenth_messages/msg/_system_status_s.c.o
[ 89%] Building C object CMakeFiles/f1tenth_messages__rosidl_generator_py.dir/rosidl_generator_py/f1tenth_messages/msg/_obstacle2_d_array_s.c.o
[ 89%] Building C object CMakeFiles/f1tenth_messages__rosidl_generator_py.dir/rosidl_generator_py/f1tenth_messages/msg/_mission_status_s.c.o
[ 89%] Building C object CMakeFiles/f1tenth_messages__rosidl_generator_py.dir/rosidl_generator_py/f1tenth_messages/msg/_battery_status_s.c.o
[ 89%] Building C object CMakeFiles/f1tenth_messages__rosidl_generator_py.dir/rosidl_generator_py/f1tenth_messages/msg/_wall_detection_s.c.o
[ 90%] Building C object CMakeFiles/f1tenth_messages__rosidl_generator_py.dir/rosidl_generator_py/f1tenth_messages/msg/_wall_array_s.c.o
[ 90%] Building C object CMakeFiles/f1tenth_messages__rosidl_generator_py.dir/rosidl_generator_py/f1tenth_messages/msg/_turn_goal_s.c.o
[ 91%] Building C object CMakeFiles/f1tenth_messages__rosidl_generator_py.dir/rosidl_generator_py/f1tenth_messages/msg/_boundary_constraint_s.c.o
[ 91%] Building C object CMakeFiles/f1tenth_messages__rosidl_generator_py.dir/rosidl_generator_py/f1tenth_messages/msg/_boundary_constraint_array_s.c.o
[ 91%] Building C object CMakeFiles/f1tenth_messages__rosidl_generator_py.dir/rosidl_generator_py/f1tenth_messages/msg/_drive_command_s.c.o
[ 92%] Building C object CMakeFiles/f1tenth_messages__rosidl_generator_py.dir/rosidl_generator_py/f1tenth_messages/msg/_behavior_tree_status_s.c.o
[ 92%] Building C object CMakeFiles/f1tenth_messages__rosidl_generator_py.dir/rosidl_generator_py/f1tenth_messages/msg/_mpc_solver_status_s.c.o
[ 93%] Building C object CMakeFiles/f1tenth_messages__rosidl_generator_py.dir/rosidl_generator_py/f1tenth_messages/msg/_wall_estimate_s.c.o
[ 93%] Building C object CMakeFiles/f1tenth_messages__rosidl_generator_py.dir/rosidl_generator_py/f1tenth_messages/msg/_wall_line_fit_s.c.o
[ 93%] Building C object CMakeFiles/f1tenth_messages__rosidl_generator_py.dir/rosidl_generator_py/f1tenth_messages/msg/_wall_track_s.c.o
[ 93%] Building C object CMakeFiles/f1tenth_messages__rosidl_generator_py.dir/rosidl_generator_py/f1tenth_messages/msg/_wall_distance_s.c.o
[ 94%] Building C object CMakeFiles/f1tenth_messages__rosidl_generator_py.dir/rosidl_generator_py/f1tenth_messages/msg/_wall_segment_s.c.o
[ 94%] Building C object CMakeFiles/f1tenth_messages__rosidl_generator_py.dir/rosidl_generator_py/f1tenth_messages/msg/_object_approach_status_s.c.o
[ 94%] Building C object CMakeFiles/f1tenth_messages__rosidl_generator_py.dir/rosidl_generator_py/f1tenth_messages/msg/_object_goal_s.c.o
[ 95%] Building C object CMakeFiles/f1tenth_messages__rosidl_generator_py.dir/rosidl_generator_py/f1tenth_messages/msg/_drive_clamp_s.c.o
[ 95%] Building C object CMakeFiles/f1tenth_messages__rosidl_generator_py.dir/rosidl_generator_py/f1tenth_messages/msg/_move_outcome_s.c.o
[ 95%] Building C object CMakeFiles/f1tenth_messages__rosidl_generator_py.dir/rosidl_generator_py/f1tenth_messages/srv/_restart_component_s.c.o
[ 96%] Building C object CMakeFiles/f1tenth_messages__rosidl_generator_py.dir/rosidl_generator_py/f1tenth_messages/srv/_component_control_s.c.o
[ 96%] Building C object CMakeFiles/f1tenth_messages__rosidl_generator_py.dir/rosidl_generator_py/f1tenth_messages/srv/_run_diagnostics_s.c.o
[ 96%] Building C object CMakeFiles/f1tenth_messages__rosidl_generator_py.dir/rosidl_generator_py/f1tenth_messages/srv/_load_mission_s.c.o
[ 97%] Linking C shared library libf1tenth_messages__rosidl_generator_py.so
[ 97%] Built target f1tenth_messages__rosidl_generator_py
[ 98%] Building C object CMakeFiles/f1tenth_messages_s__rosidl_typesupport_introspection_c.dir/rosidl_generator_py/f1tenth_messages/_f1tenth_messages_s.ep.rosidl_typesupport_introspection_c.c.o
[ 98%] Building C object CMakeFiles/f1tenth_messages_s__rosidl_typesupport_c.dir/rosidl_generator_py/f1tenth_messages/_f1tenth_messages_s.ep.rosidl_typesupport_c.c.o
[ 98%] Building C object CMakeFiles/f1tenth_messages_s__rosidl_typesupport_fastrtps_c.dir/rosidl_generator_py/f1tenth_messages/_f1tenth_messages_s.ep.rosidl_typesupport_fastrtps_c.c.o
[ 98%] Linking C shared module rosidl_generator_py/f1tenth_messages/f1tenth_messages_s__rosidl_typesupport_c.so
[ 99%] Linking C shared module rosidl_generator_py/f1tenth_messages/f1tenth_messages_s__rosidl_typesupport_introspection_c.so
[100%] Linking C shared module rosidl_generator_py/f1tenth_messages/f1tenth_messages_s__rosidl_typesupport_fastrtps_c.so
[100%] Built target f1tenth_messages_s__rosidl_typesupport_c
[100%] Built target f1tenth_messages_s__rosidl_typesupport_fastrtps_c
[100%] Built target f1tenth_messages_s__rosidl_typesupport_introspection_c
-- Install configuration: ""
-- Execute custom install script
-- Symlinking: /home/andreas/dev_ws/f1tenth_more/install/f1tenth_messages/share/ament_index/resource_index/rosidl_interfaces/f1tenth_messages
-- Symlinking: /home/andreas/dev_ws/f1tenth_more/install/f1tenth_messages/share/f1tenth_messages/msg/SystemStatus.json
-- Symlinking: /home/andreas/dev_ws/f1tenth_more/install/f1tenth_messages/share/f1tenth_messages/msg/BatteryStatus.json
-- Symlinking: /home/andreas/dev_ws/f1tenth_more/install/f1tenth_messages/share/f1tenth_messages/msg/Obstacle2D.json
-- Symlinking: /home/andreas/dev_ws/f1tenth_more/install/f1tenth_messages/share/f1tenth_messages/msg/Obstacle2DArray.json
-- Symlinking: /home/andreas/dev_ws/f1tenth_more/install/f1tenth_messages/share/f1tenth_messages/msg/MissionStatus.json
-- Symlinking: /home/andreas/dev_ws/f1tenth_more/install/f1tenth_messages/share/f1tenth_messages/msg/WallDetection.json
-- Symlinking: /home/andreas/dev_ws/f1tenth_more/install/f1tenth_messages/share/f1tenth_messages/msg/WallArray.json
-- Symlinking: /home/andreas/dev_ws/f1tenth_more/install/f1tenth_messages/share/f1tenth_messages/msg/TurnGoal.json
-- Symlinking: /home/andreas/dev_ws/f1tenth_more/install/f1tenth_messages/share/f1tenth_messages/msg/DriveCommand.json
-- Symlinking: /home/andreas/dev_ws/f1tenth_more/install/f1tenth_messages/share/f1tenth_messages/msg/BoundaryConstraint.json
-- Symlinking: /home/andreas/dev_ws/f1tenth_more/install/f1tenth_messages/share/f1tenth_messages/msg/BoundaryConstraintArray.json
-- Symlinking: /home/andreas/dev_ws/f1tenth_more/install/f1tenth_messages/share/f1tenth_messages/msg/MpcSolverStatus.json
-- Symlinking: /home/andreas/dev_ws/f1tenth_more/install/f1tenth_messages/share/f1tenth_messages/msg/BehaviorTreeStatus.json
-- Symlinking: /home/andreas/dev_ws/f1tenth_more/install/f1tenth_messages/share/f1tenth_messages/msg/WallLineFit.json
-- Symlinking: /home/andreas/dev_ws/f1tenth_more/install/f1tenth_messages/share/f1tenth_messages/msg/WallEstimate.json
-- Symlinking: /home/andreas/dev_ws/f1tenth_more/install/f1tenth_messages/share/f1tenth_messages/msg/WallTrack.json
-- Symlinking: /home/andreas/dev_ws/f1tenth_more/install/f1tenth_messages/share/f1tenth_messages/msg/WallDistance.json
-- Symlinking: /home/andreas/dev_ws/f1tenth_more/install/f1tenth_messages/share/f1tenth_messages/msg/WallSegment.json
-- Symlinking: /home/andreas/dev_ws/f1tenth_more/install/f1tenth_messages/share/f1tenth_messages/msg/ObjectGoal.json
-- Symlinking: /home/andreas/dev_ws/f1tenth_more/install/f1tenth_messages/share/f1tenth_messages/msg/ObjectApproachStatus.json
-- Symlinking: /home/andreas/dev_ws/f1tenth_more/install/f1tenth_messages/share/f1tenth_messages/msg/DriveClamp.json
-- Symlinking: /home/andreas/dev_ws/f1tenth_more/install/f1tenth_messages/share/f1tenth_messages/msg/MoveOutcome.json
-- Symlinking: /home/andreas/dev_ws/f1tenth_more/install/f1tenth_messages/share/f1tenth_messages/srv/RestartComponent.json
-- Symlinking: /home/andreas/dev_ws/f1tenth_more/install/f1tenth_messages/share/f1tenth_messages/srv/ComponentControl.json
-- Symlinking: /home/andreas/dev_ws/f1tenth_more/install/f1tenth_messages/share/f1tenth_messages/srv/RunDiagnostics.json
-- Symlinking: /home/andreas/dev_ws/f1tenth_more/install/f1tenth_messages/share/f1tenth_messages/srv/LoadMission.json
-- Symlinking: /home/andreas/dev_ws/f1tenth_more/install/f1tenth_messages/include/f1tenth_messages/f1tenth_messages/msg/battery_status.h
-- Symlinking: /home/andreas/dev_ws/f1tenth_more/install/f1tenth_messages/include/f1tenth_messages/f1tenth_messages/msg/behavior_tree_status.h
-- Symlinking: /home/andreas/dev_ws/f1tenth_more/install/f1tenth_messages/include/f1tenth_messages/f1tenth_messages/msg/boundary_constraint.h
-- Symlinking: /home/andreas/dev_ws/f1tenth_more/install/f1tenth_messages/include/f1tenth_messages/f1tenth_messages/msg/boundary_constraint_array.h
-- Symlinking: /home/andreas/dev_ws/f1tenth_more/install/f1tenth_messages/include/f1tenth_messages/f1tenth_messages/msg/detail/battery_status__functions.h
-- Symlinking: /home/andreas/dev_ws/f1tenth_more/install/f1tenth_messages/include/f1tenth_messages/f1tenth_messages/msg/detail/battery_status__struct.h
-- Symlinking: /home/andreas/dev_ws/f1tenth_more/install/f1tenth_messages/include/f1tenth_messages/f1tenth_messages/msg/detail/battery_status__type_support.h
-- Symlinking: /home/andreas/dev_ws/f1tenth_more/install/f1tenth_messages/include/f1tenth_messages/f1tenth_messages/msg/detail/behavior_tree_status__functions.h
-- Symlinking: /home/andreas/dev_ws/f1tenth_more/install/f1tenth_messages/include/f1tenth_messages/f1tenth_messages/msg/detail/behavior_tree_status__struct.h
-- Symlinking: /home/andreas/dev_ws/f1tenth_more/install/f1tenth_messages/include/f1tenth_messages/f1tenth_messages/msg/detail/behavior_tree_status__type_support.h
-- Symlinking: /home/andreas/dev_ws/f1tenth_more/install/f1tenth_messages/include/f1tenth_messages/f1tenth_messages/msg/detail/boundary_constraint__functions.h
-- Symlinking: /home/andreas/dev_ws/f1tenth_more/install/f1tenth_messages/include/f1tenth_messages/f1tenth_messages/msg/detail/boundary_constraint__struct.h
-- Symlinking: /home/andreas/dev_ws/f1tenth_more/install/f1tenth_messages/include/f1tenth_messages/f1tenth_messages/msg/detail/boundary_constraint__type_support.h
-- Symlinking: /home/andreas/dev_ws/f1tenth_more/install/f1tenth_messages/include/f1tenth_messages/f1tenth_messages/msg/detail/boundary_constraint_array__functions.h
-- Symlinking: /home/andreas/dev_ws/f1tenth_more/install/f1tenth_messages/include/f1tenth_messages/f1tenth_messages/msg/detail/boundary_constraint_array__struct.h
-- Symlinking: /home/andreas/dev_ws/f1tenth_more/install/f1tenth_messages/include/f1tenth_messages/f1tenth_messages/msg/detail/boundary_constraint_array__type_support.h
-- Symlinking: /home/andreas/dev_ws/f1tenth_more/install/f1tenth_messages/include/f1tenth_messages/f1tenth_messages/msg/detail/drive_clamp__functions.h
-- Symlinking: /home/andreas/dev_ws/f1tenth_more/install/f1tenth_messages/include/f1tenth_messages/f1tenth_messages/msg/detail/drive_clamp__struct.h
-- Symlinking: /home/andreas/dev_ws/f1tenth_more/install/f1tenth_messages/include/f1tenth_messages/f1tenth_messages/msg/detail/drive_clamp__type_support.h
-- Symlinking: /home/andreas/dev_ws/f1tenth_more/install/f1tenth_messages/include/f1tenth_messages/f1tenth_messages/msg/detail/drive_command__functions.h
-- Symlinking: /home/andreas/dev_ws/f1tenth_more/install/f1tenth_messages/include/f1tenth_messages/f1tenth_messages/msg/detail/drive_command__struct.h
-- Symlinking: /home/andreas/dev_ws/f1tenth_more/install/f1tenth_messages/include/f1tenth_messages/f1tenth_messages/msg/detail/drive_command__type_support.h
-- Symlinking: /home/andreas/dev_ws/f1tenth_more/install/f1tenth_messages/include/f1tenth_messages/f1tenth_messages/msg/detail/mission_status__functions.h
-- Symlinking: /home/andreas/dev_ws/f1tenth_more/install/f1tenth_messages/include/f1tenth_messages/f1tenth_messages/msg/detail/mission_status__struct.h
-- Symlinking: /home/andreas/dev_ws/f1tenth_more/install/f1tenth_messages/include/f1tenth_messages/f1tenth_messages/msg/detail/mission_status__type_support.h
-- Symlinking: /home/andreas/dev_ws/f1tenth_more/install/f1tenth_messages/include/f1tenth_messages/f1tenth_messages/msg/detail/move_outcome__functions.h
-- Symlinking: /home/andreas/dev_ws/f1tenth_more/install/f1tenth_messages/include/f1tenth_messages/f1tenth_messages/msg/detail/move_outcome__struct.h
-- Symlinking: /home/andreas/dev_ws/f1tenth_more/install/f1tenth_messages/include/f1tenth_messages/f1tenth_messages/msg/detail/move_outcome__type_support.h
-- Symlinking: /home/andreas/dev_ws/f1tenth_more/install/f1tenth_messages/include/f1tenth_messages/f1tenth_messages/msg/detail/mpc_solver_status__functions.h
-- Symlinking: /home/andreas/dev_ws/f1tenth_more/install/f1tenth_messages/include/f1tenth_messages/f1tenth_messages/msg/detail/mpc_solver_status__struct.h
-- Symlinking: /home/andreas/dev_ws/f1tenth_more/install/f1tenth_messages/include/f1tenth_messages/f1tenth_messages/msg/detail/mpc_solver_status__type_support.h
-- Symlinking: /home/andreas/dev_ws/f1tenth_more/install/f1tenth_messages/include/f1tenth_messages/f1tenth_messages/msg/detail/object_approach_status__functions.h
-- Symlinking: /home/andreas/dev_ws/f1tenth_more/install/f1tenth_messages/include/f1tenth_messages/f1tenth_messages/msg/detail/object_approach_status__struct.h
-- Symlinking: /home/andreas/dev_ws/f1tenth_more/install/f1tenth_messages/include/f1tenth_messages/f1tenth_messages/msg/detail/object_approach_status__type_support.h
-- Symlinking: /home/andreas/dev_ws/f1tenth_more/install/f1tenth_messages/include/f1tenth_messages/f1tenth_messages/msg/detail/object_goal__functions.h
-- Symlinking: /home/andreas/dev_ws/f1tenth_more/install/f1tenth_messages/include/f1tenth_messages/f1tenth_messages/msg/detail/object_goal__struct.h
-- Symlinking: /home/andreas/dev_ws/f1tenth_more/install/f1tenth_messages/include/f1tenth_messages/f1tenth_messages/msg/detail/object_goal__type_support.h
-- Symlinking: /home/andreas/dev_ws/f1tenth_more/install/f1tenth_messages/include/f1tenth_messages/f1tenth_messages/msg/detail/obstacle2_d__functions.h
-- Symlinking: /home/andreas/dev_ws/f1tenth_more/install/f1tenth_messages/include/f1tenth_messages/f1tenth_messages/msg/detail/obstacle2_d__struct.h
-- Symlinking: /home/andreas/dev_ws/f1tenth_more/install/f1tenth_messages/include/f1tenth_messages/f1tenth_messages/msg/detail/obstacle2_d__type_support.h
-- Symlinking: /home/andreas/dev_ws/f1tenth_more/install/f1tenth_messages/include/f1tenth_messages/f1tenth_messages/msg/detail/obstacle2_d_array__functions.h
-- Symlinking: /home/andreas/dev_ws/f1tenth_more/install/f1tenth_messages/include/f1tenth_messages/f1tenth_messages/msg/detail/obstacle2_d_array__struct.h
-- Symlinking: /home/andreas/dev_ws/f1tenth_more/install/f1tenth_messages/include/f1tenth_messages/f1tenth_messages/msg/detail/obstacle2_d_array__type_support.h
-- Symlinking: /home/andreas/dev_ws/f1tenth_more/install/f1tenth_messages/include/f1tenth_messages/f1tenth_messages/msg/detail/system_status__functions.h
-- Symlinking: /home/andreas/dev_ws/f1tenth_more/install/f1tenth_messages/include/f1tenth_messages/f1tenth_messages/msg/detail/system_status__struct.h
-- Symlinking: /home/andreas/dev_ws/f1tenth_more/install/f1tenth_messages/include/f1tenth_messages/f1tenth_messages/msg/detail/system_status__type_support.h
-- Symlinking: /home/andreas/dev_ws/f1tenth_more/install/f1tenth_messages/include/f1tenth_messages/f1tenth_messages/msg/detail/turn_goal__functions.h
-- Symlinking: /home/andreas/dev_ws/f1tenth_more/install/f1tenth_messages/include/f1tenth_messages/f1tenth_messages/msg/detail/turn_goal__struct.h
-- Symlinking: /home/andreas/dev_ws/f1tenth_more/install/f1tenth_messages/include/f1tenth_messages/f1tenth_messages/msg/detail/turn_goal__type_support.h
-- Symlinking: /home/andreas/dev_ws/f1tenth_more/install/f1tenth_messages/include/f1tenth_messages/f1tenth_messages/msg/detail/wall_array__functions.h
-- Symlinking: /home/andreas/dev_ws/f1tenth_more/install/f1tenth_messages/include/f1tenth_messages/f1tenth_messages/msg/detail/wall_array__struct.h
-- Symlinking: /home/andreas/dev_ws/f1tenth_more/install/f1tenth_messages/include/f1tenth_messages/f1tenth_messages/msg/detail/wall_array__type_support.h
-- Symlinking: /home/andreas/dev_ws/f1tenth_more/install/f1tenth_messages/include/f1tenth_messages/f1tenth_messages/msg/detail/wall_detection__functions.h
-- Symlinking: /home/andreas/dev_ws/f1tenth_more/install/f1tenth_messages/include/f1tenth_messages/f1tenth_messages/msg/detail/wall_detection__struct.h
-- Symlinking: /home/andreas/dev_ws/f1tenth_more/install/f1tenth_messages/include/f1tenth_messages/f1tenth_messages/msg/detail/wall_detection__type_support.h
-- Symlinking: /home/andreas/dev_ws/f1tenth_more/install/f1tenth_messages/include/f1tenth_messages/f1tenth_messages/msg/detail/wall_distance__functions.h
-- Symlinking: /home/andreas/dev_ws/f1tenth_more/install/f1tenth_messages/include/f1tenth_messages/f1tenth_messages/msg/detail/wall_distance__struct.h
-- Symlinking: /home/andreas/dev_ws/f1tenth_more/install/f1tenth_messages/include/f1tenth_messages/f1tenth_messages/msg/detail/wall_distance__type_support.h
-- Symlinking: /home/andreas/dev_ws/f1tenth_more/install/f1tenth_messages/include/f1tenth_messages/f1tenth_messages/msg/detail/wall_estimate__functions.h
-- Symlinking: /home/andreas/dev_ws/f1tenth_more/install/f1tenth_messages/include/f1tenth_messages/f1tenth_messages/msg/detail/wall_estimate__struct.h
-- Symlinking: /home/andreas/dev_ws/f1tenth_more/install/f1tenth_messages/include/f1tenth_messages/f1tenth_messages/msg/detail/wall_estimate__type_support.h
-- Symlinking: /home/andreas/dev_ws/f1tenth_more/install/f1tenth_messages/include/f1tenth_messages/f1tenth_messages/msg/detail/wall_line_fit__functions.h
-- Symlinking: /home/andreas/dev_ws/f1tenth_more/install/f1tenth_messages/include/f1tenth_messages/f1tenth_messages/msg/detail/wall_line_fit__struct.h
-- Symlinking: /home/andreas/dev_ws/f1tenth_more/install/f1tenth_messages/include/f1tenth_messages/f1tenth_messages/msg/detail/wall_line_fit__type_support.h
-- Symlinking: /home/andreas/dev_ws/f1tenth_more/install/f1tenth_messages/include/f1tenth_messages/f1tenth_messages/msg/detail/wall_segment__functions.h
-- Symlinking: /home/andreas/dev_ws/f1tenth_more/install/f1tenth_messages/include/f1tenth_messages/f1tenth_messages/msg/detail/wall_segment__struct.h
-- Symlinking: /home/andreas/dev_ws/f1tenth_more/install/f1tenth_messages/include/f1tenth_messages/f1tenth_messages/msg/detail/wall_segment__type_support.h
-- Symlinking: /home/andreas/dev_ws/f1tenth_more/install/f1tenth_messages/include/f1tenth_messages/f1tenth_messages/msg/detail/wall_track__functions.h
-- Symlinking: /home/andreas/dev_ws/f1tenth_more/install/f1tenth_messages/include/f1tenth_messages/f1tenth_messages/msg/detail/wall_track__struct.h
-- Symlinking: /home/andreas/dev_ws/f1tenth_more/install/f1tenth_messages/include/f1tenth_messages/f1tenth_messages/msg/detail/wall_track__type_support.h
-- Symlinking: /home/andreas/dev_ws/f1tenth_more/install/f1tenth_messages/include/f1tenth_messages/f1tenth_messages/msg/drive_clamp.h
-- Symlinking: /home/andreas/dev_ws/f1tenth_more/install/f1tenth_messages/include/f1tenth_messages/f1tenth_messages/msg/drive_command.h
-- Symlinking: /home/andreas/dev_ws/f1tenth_more/install/f1tenth_messages/include/f1tenth_messages/f1tenth_messages/msg/mission_status.h
-- Symlinking: /home/andreas/dev_ws/f1tenth_more/install/f1tenth_messages/include/f1tenth_messages/f1tenth_messages/msg/move_outcome.h
-- Symlinking: /home/andreas/dev_ws/f1tenth_more/install/f1tenth_messages/include/f1tenth_messages/f1tenth_messages/msg/mpc_solver_status.h
-- Symlinking: /home/andreas/dev_ws/f1tenth_more/install/f1tenth_messages/include/f1tenth_messages/f1tenth_messages/msg/object_approach_status.h
-- Symlinking: /home/andreas/dev_ws/f1tenth_more/install/f1tenth_messages/include/f1tenth_messages/f1tenth_messages/msg/object_goal.h
-- Symlinking: /home/andreas/dev_ws/f1tenth_more/install/f1tenth_messages/include/f1tenth_messages/f1tenth_messages/msg/obstacle2_d.h
-- Symlinking: /home/andreas/dev_ws/f1tenth_more/install/f1tenth_messages/include/f1tenth_messages/f1tenth_messages/msg/obstacle2_d_array.h
-- Symlinking: /home/andreas/dev_ws/f1tenth_more/install/f1tenth_messages/include/f1tenth_messages/f1tenth_messages/msg/rosidl_generator_c__visibility_control.h
-- Symlinking: /home/andreas/dev_ws/f1tenth_more/install/f1tenth_messages/include/f1tenth_messages/f1tenth_messages/msg/system_status.h
-- Symlinking: /home/andreas/dev_ws/f1tenth_more/install/f1tenth_messages/include/f1tenth_messages/f1tenth_messages/msg/turn_goal.h
-- Symlinking: /home/andreas/dev_ws/f1tenth_more/install/f1tenth_messages/include/f1tenth_messages/f1tenth_messages/msg/wall_array.h
-- Symlinking: /home/andreas/dev_ws/f1tenth_more/install/f1tenth_messages/include/f1tenth_messages/f1tenth_messages/msg/wall_detection.h
-- Symlinking: /home/andreas/dev_ws/f1tenth_more/install/f1tenth_messages/include/f1tenth_messages/f1tenth_messages/msg/wall_distance.h
-- Symlinking: /home/andreas/dev_ws/f1tenth_more/install/f1tenth_messages/include/f1tenth_messages/f1tenth_messages/msg/wall_estimate.h
-- Symlinking: /home/andreas/dev_ws/f1tenth_more/install/f1tenth_messages/include/f1tenth_messages/f1tenth_messages/msg/wall_line_fit.h
-- Symlinking: /home/andreas/dev_ws/f1tenth_more/install/f1tenth_messages/include/f1tenth_messages/f1tenth_messages/msg/wall_segment.h
-- Symlinking: /home/andreas/dev_ws/f1tenth_more/install/f1tenth_messages/include/f1tenth_messages/f1tenth_messages/msg/wall_track.h
-- Symlinking: /home/andreas/dev_ws/f1tenth_more/install/f1tenth_messages/include/f1tenth_messages/f1tenth_messages/srv/component_control.h
-- Symlinking: /home/andreas/dev_ws/f1tenth_more/install/f1tenth_messages/include/f1tenth_messages/f1tenth_messages/srv/detail/component_control__functions.h
-- Symlinking: /home/andreas/dev_ws/f1tenth_more/install/f1tenth_messages/include/f1tenth_messages/f1tenth_messages/srv/detail/component_control__struct.h
-- Symlinking: /home/andreas/dev_ws/f1tenth_more/install/f1tenth_messages/include/f1tenth_messages/f1tenth_messages/srv/detail/component_control__type_support.h
-- Symlinking: /home/andreas/dev_ws/f1tenth_more/install/f1tenth_messages/include/f1tenth_messages/f1tenth_messages/srv/detail/load_mission__functions.h
-- Symlinking: /home/andreas/dev_ws/f1tenth_more/install/f1tenth_messages/include/f1tenth_messages/f1tenth_messages/srv/detail/load_mission__struct.h
-- Symlinking: /home/andreas/dev_ws/f1tenth_more/install/f1tenth_messages/include/f1tenth_messages/f1tenth_messages/srv/detail/load_mission__type_support.h
-- Symlinking: /home/andreas/dev_ws/f1tenth_more/install/f1tenth_messages/include/f1tenth_messages/f1tenth_messages/srv/detail/restart_component__functions.h
-- Symlinking: /home/andreas/dev_ws/f1tenth_more/install/f1tenth_messages/include/f1tenth_messages/f1tenth_messages/srv/detail/restart_component__struct.h
-- Symlinking: /home/andreas/dev_ws/f1tenth_more/install/f1tenth_messages/include/f1tenth_messages/f1tenth_messages/srv/detail/restart_component__type_support.h
-- Symlinking: /home/andreas/dev_ws/f1tenth_more/install/f1tenth_messages/include/f1tenth_messages/f1tenth_messages/srv/detail/run_diagnostics__functions.h
-- Symlinking: /home/andreas/dev_ws/f1tenth_more/install/f1tenth_messages/include/f1tenth_messages/f1tenth_messages/srv/detail/run_diagnostics__struct.h
-- Symlinking: /home/andreas/dev_ws/f1tenth_more/install/f1tenth_messages/include/f1tenth_messages/f1tenth_messages/srv/detail/run_diagnostics__type_support.h
-- Symlinking: /home/andreas/dev_ws/f1tenth_more/install/f1tenth_messages/include/f1tenth_messages/f1tenth_messages/srv/load_mission.h
-- Symlinking: /home/andreas/dev_ws/f1tenth_more/install/f1tenth_messages/include/f1tenth_messages/f1tenth_messages/srv/restart_component.h
-- Symlinking: /home/andreas/dev_ws/f1tenth_more/install/f1tenth_messages/include/f1tenth_messages/f1tenth_messages/srv/run_diagnostics.h
-- Symlinking: /home/andreas/dev_ws/f1tenth_more/install/f1tenth_messages/share/f1tenth_messages/environment/library_path.sh
-- Symlinking: /home/andreas/dev_ws/f1tenth_more/install/f1tenth_messages/share/f1tenth_messages/environment/library_path.dsv
-- Symlinking: /home/andreas/dev_ws/f1tenth_more/install/f1tenth_messages/include/f1tenth_messages/f1tenth_messages/msg/detail/battery_status__rosidl_typesupport_fastrtps_c.h
-- Symlinking: /home/andreas/dev_ws/f1tenth_more/install/f1tenth_messages/include/f1tenth_messages/f1tenth_messages/msg/detail/behavior_tree_status__rosidl_typesupport_fastrtps_c.h
-- Symlinking: /home/andreas/dev_ws/f1tenth_more/install/f1tenth_messages/include/f1tenth_messages/f1tenth_messages/msg/detail/boundary_constraint__rosidl_typesupport_fastrtps_c.h
-- Symlinking: /home/andreas/dev_ws/f1tenth_more/install/f1tenth_messages/include/f1tenth_messages/f1tenth_messages/msg/detail/boundary_constraint_array__rosidl_typesupport_fastrtps_c.h
-- Symlinking: /home/andreas/dev_ws/f1tenth_more/install/f1tenth_messages/include/f1tenth_messages/f1tenth_messages/msg/detail/drive_clamp__rosidl_typesupport_fastrtps_c.h
-- Symlinking: /home/andreas/dev_ws/f1tenth_more/install/f1tenth_messages/include/f1tenth_messages/f1tenth_messages/msg/detail/drive_command__rosidl_typesupport_fastrtps_c.h
-- Symlinking: /home/andreas/dev_ws/f1tenth_more/install/f1tenth_messages/include/f1tenth_messages/f1tenth_messages/msg/detail/mission_status__rosidl_typesupport_fastrtps_c.h
-- Symlinking: /home/andreas/dev_ws/f1tenth_more/install/f1tenth_messages/include/f1tenth_messages/f1tenth_messages/msg/detail/move_outcome__rosidl_typesupport_fastrtps_c.h
-- Symlinking: /home/andreas/dev_ws/f1tenth_more/install/f1tenth_messages/include/f1tenth_messages/f1tenth_messages/msg/detail/mpc_solver_status__rosidl_typesupport_fastrtps_c.h
-- Symlinking: /home/andreas/dev_ws/f1tenth_more/install/f1tenth_messages/include/f1tenth_messages/f1tenth_messages/msg/detail/object_approach_status__rosidl_typesupport_fastrtps_c.h
-- Symlinking: /home/andreas/dev_ws/f1tenth_more/install/f1tenth_messages/include/f1tenth_messages/f1tenth_messages/msg/detail/object_goal__rosidl_typesupport_fastrtps_c.h
-- Symlinking: /home/andreas/dev_ws/f1tenth_more/install/f1tenth_messages/include/f1tenth_messages/f1tenth_messages/msg/detail/obstacle2_d__rosidl_typesupport_fastrtps_c.h
-- Symlinking: /home/andreas/dev_ws/f1tenth_more/install/f1tenth_messages/include/f1tenth_messages/f1tenth_messages/msg/detail/obstacle2_d_array__rosidl_typesupport_fastrtps_c.h
-- Symlinking: /home/andreas/dev_ws/f1tenth_more/install/f1tenth_messages/include/f1tenth_messages/f1tenth_messages/msg/detail/system_status__rosidl_typesupport_fastrtps_c.h
-- Symlinking: /home/andreas/dev_ws/f1tenth_more/install/f1tenth_messages/include/f1tenth_messages/f1tenth_messages/msg/detail/turn_goal__rosidl_typesupport_fastrtps_c.h
-- Symlinking: /home/andreas/dev_ws/f1tenth_more/install/f1tenth_messages/include/f1tenth_messages/f1tenth_messages/msg/detail/wall_array__rosidl_typesupport_fastrtps_c.h
-- Symlinking: /home/andreas/dev_ws/f1tenth_more/install/f1tenth_messages/include/f1tenth_messages/f1tenth_messages/msg/detail/wall_detection__rosidl_typesupport_fastrtps_c.h
-- Symlinking: /home/andreas/dev_ws/f1tenth_more/install/f1tenth_messages/include/f1tenth_messages/f1tenth_messages/msg/detail/wall_distance__rosidl_typesupport_fastrtps_c.h
-- Symlinking: /home/andreas/dev_ws/f1tenth_more/install/f1tenth_messages/include/f1tenth_messages/f1tenth_messages/msg/detail/wall_estimate__rosidl_typesupport_fastrtps_c.h
-- Symlinking: /home/andreas/dev_ws/f1tenth_more/install/f1tenth_messages/include/f1tenth_messages/f1tenth_messages/msg/detail/wall_line_fit__rosidl_typesupport_fastrtps_c.h
-- Symlinking: /home/andreas/dev_ws/f1tenth_more/install/f1tenth_messages/include/f1tenth_messages/f1tenth_messages/msg/detail/wall_segment__rosidl_typesupport_fastrtps_c.h
-- Symlinking: /home/andreas/dev_ws/f1tenth_more/install/f1tenth_messages/include/f1tenth_messages/f1tenth_messages/msg/detail/wall_track__rosidl_typesupport_fastrtps_c.h
-- Symlinking: /home/andreas/dev_ws/f1tenth_more/install/f1tenth_messages/include/f1tenth_messages/f1tenth_messages/msg/rosidl_typesupport_fastrtps_c__visibility_control.h
-- Symlinking: /home/andreas/dev_ws/f1tenth_more/install/f1tenth_messages/include/f1tenth_messages/f1tenth_messages/srv/detail/component_control__rosidl_typesupport_fastrtps_c.h
-- Symlinking: /home/andreas/dev_ws/f1tenth_more/install/f1tenth_messages/include/f1tenth_messages/f1tenth_messages/srv/detail/load_mission__rosidl_typesupport_fastrtps_c.h
-- Symlinking: /home/andreas/dev_ws/f1tenth_more/install/f1tenth_messages/include/f1tenth_messages/f1tenth_messages/srv/detail/restart_component__rosidl_typesupport_fastrtps_c.h
-- Symlinking: /home/andreas/dev_ws/f1tenth_more/install/f1tenth_messages/include/f1tenth_messages/f1tenth_messages/srv/detail/run_diagnostics__rosidl_typesupport_fastrtps_c.h
-- Symlinking: /home/andreas/dev_ws/f1tenth_more/install/f1tenth_messages/include/f1tenth_messages/f1tenth_messages/msg/detail/battery_status__rosidl_typesupport_introspection_c.h
-- Symlinking: /home/andreas/dev_ws/f1tenth_more/install/f1tenth_messages/include/f1tenth_messages/f1tenth_messages/msg/detail/behavior_tree_status__rosidl_typesupport_introspection_c.h
-- Symlinking: /home/andreas/dev_ws/f1tenth_more/install/f1tenth_messages/include/f1tenth_messages/f1tenth_messages/msg/detail/boundary_constraint__rosidl_typesupport_introspection_c.h
-- Symlinking: /home/andreas/dev_ws/f1tenth_more/install/f1tenth_messages/include/f1tenth_messages/f1tenth_messages/msg/detail/boundary_constraint_array__rosidl_typesupport_introspection_c.h
-- Symlinking: /home/andreas/dev_ws/f1tenth_more/install/f1tenth_messages/include/f1tenth_messages/f1tenth_messages/msg/detail/drive_clamp__rosidl_typesupport_introspection_c.h
-- Symlinking: /home/andreas/dev_ws/f1tenth_more/install/f1tenth_messages/include/f1tenth_messages/f1tenth_messages/msg/detail/drive_command__rosidl_typesupport_introspection_c.h
-- Symlinking: /home/andreas/dev_ws/f1tenth_more/install/f1tenth_messages/include/f1tenth_messages/f1tenth_messages/msg/detail/mission_status__rosidl_typesupport_introspection_c.h
-- Symlinking: /home/andreas/dev_ws/f1tenth_more/install/f1tenth_messages/include/f1tenth_messages/f1tenth_messages/msg/detail/move_outcome__rosidl_typesupport_introspection_c.h
-- Symlinking: /home/andreas/dev_ws/f1tenth_more/install/f1tenth_messages/include/f1tenth_messages/f1tenth_messages/msg/detail/mpc_solver_status__rosidl_typesupport_introspection_c.h
-- Symlinking: /home/andreas/dev_ws/f1tenth_more/install/f1tenth_messages/include/f1tenth_messages/f1tenth_messages/msg/detail/object_approach_status__rosidl_typesupport_introspection_c.h
-- Symlinking: /home/andreas/dev_ws/f1tenth_more/install/f1tenth_messages/include/f1tenth_messages/f1tenth_messages/msg/detail/object_goal__rosidl_typesupport_introspection_c.h
-- Symlinking: /home/andreas/dev_ws/f1tenth_more/install/f1tenth_messages/include/f1tenth_messages/f1tenth_messages/msg/detail/obstacle2_d__rosidl_typesupport_introspection_c.h
-- Symlinking: /home/andreas/dev_ws/f1tenth_more/install/f1tenth_messages/include/f1tenth_messages/f1tenth_messages/msg/detail/obstacle2_d_array__rosidl_typesupport_introspection_c.h
-- Symlinking: /home/andreas/dev_ws/f1tenth_more/install/f1tenth_messages/include/f1tenth_messages/f1tenth_messages/msg/detail/system_status__rosidl_typesupport_introspection_c.h
-- Symlinking: /home/andreas/dev_ws/f1tenth_more/install/f1tenth_messages/include/f1tenth_messages/f1tenth_messages/msg/detail/turn_goal__rosidl_typesupport_introspection_c.h
-- Symlinking: /home/andreas/dev_ws/f1tenth_more/install/f1tenth_messages/include/f1tenth_messages/f1tenth_messages/msg/detail/wall_array__rosidl_typesupport_introspection_c.h
-- Symlinking: /home/andreas/dev_ws/f1tenth_more/install/f1tenth_messages/include/f1tenth_messages/f1tenth_messages/msg/detail/wall_detection__rosidl_typesupport_introspection_c.h
-- Symlinking: /home/andreas/dev_ws/f1tenth_more/install/f1tenth_messages/include/f1tenth_messages/f1tenth_messages/msg/detail/wall_distance__rosidl_typesupport_introspection_c.h
-- Symlinking: /home/andreas/dev_ws/f1tenth_more/install/f1tenth_messages/include/f1tenth_messages/f1tenth_messages/msg/detail/wall_estimate__rosidl_typesupport_introspection_c.h
-- Symlinking: /home/andreas/dev_ws/f1tenth_more/install/f1tenth_messages/include/f1tenth_messages/f1tenth_messages/msg/detail/wall_line_fit__rosidl_typesupport_introspection_c.h
-- Symlinking: /home/andreas/dev_ws/f1tenth_more/install/f1tenth_messages/include/f1tenth_messages/f1tenth_messages/msg/detail/wall_segment__rosidl_typesupport_introspection_c.h
-- Symlinking: /home/andreas/dev_ws/f1tenth_more/install/f1tenth_messages/include/f1tenth_messages/f1tenth_messages/msg/detail/wall_track__rosidl_typesupport_introspection_c.h
-- Symlinking: /home/andreas/dev_ws/f1tenth_more/install/f1tenth_messages/include/f1tenth_messages/f1tenth_messages/msg/rosidl_typesupport_introspection_c__visibility_control.h
-- Symlinking: /home/andreas/dev_ws/f1tenth_more/install/f1tenth_messages/include/f1tenth_messages/f1tenth_messages/srv/detail/component_control__rosidl_typesupport_introspection_c.h
-- Symlinking: /home/andreas/dev_ws/f1tenth_more/install/f1tenth_messages/include/f1tenth_messages/f1tenth_messages/srv/detail/load_mission__rosidl_typesupport_introspection_c.h
-- Symlinking: /home/andreas/dev_ws/f1tenth_more/install/f1tenth_messages/include/f1tenth_messages/f1tenth_messages/srv/detail/restart_component__rosidl_typesupport_introspection_c.h
-- Symlinking: /home/andreas/dev_ws/f1tenth_more/install/f1tenth_messages/include/f1tenth_messages/f1tenth_messages/srv/detail/run_diagnostics__rosidl_typesupport_introspection_c.h
-- Symlinking: /home/andreas/dev_ws/f1tenth_more/install/f1tenth_messages/include/f1tenth_messages/f1tenth_messages/msg/battery_status.hpp
-- Symlinking: /home/andreas/dev_ws/f1tenth_more/install/f1tenth_messages/include/f1tenth_messages/f1tenth_messages/msg/behavior_tree_status.hpp
-- Symlinking: /home/andreas/dev_ws/f1tenth_more/install/f1tenth_messages/include/f1tenth_messages/f1tenth_messages/msg/boundary_constraint.hpp
-- Symlinking: /home/andreas/dev_ws/f1tenth_more/install/f1tenth_messages/include/f1tenth_messages/f1tenth_messages/msg/boundary_constraint_array.hpp
-- Symlinking: /home/andreas/dev_ws/f1tenth_more/install/f1tenth_messages/include/f1tenth_messages/f1tenth_messages/msg/detail/battery_status__builder.hpp
-- Symlinking: /home/andreas/dev_ws/f1tenth_more/install/f1tenth_messages/include/f1tenth_messages/f1tenth_messages/msg/detail/battery_status__struct.hpp
-- Symlinking: /home/andreas/dev_ws/f1tenth_more/install/f1tenth_messages/include/f1tenth_messages/f1tenth_messages/msg/detail/battery_status__traits.hpp
-- Symlinking: /home/andreas/dev_ws/f1tenth_more/install/f1tenth_messages/include/f1tenth_messages/f1tenth_messages/msg/detail/battery_status__type_support.hpp
-- Symlinking: /home/andreas/dev_ws/f1tenth_more/install/f1tenth_messages/include/f1tenth_messages/f1tenth_messages/msg/detail/behavior_tree_status__builder.hpp
-- Symlinking: /home/andreas/dev_ws/f1tenth_more/install/f1tenth_messages/include/f1tenth_messages/f1tenth_messages/msg/detail/behavior_tree_status__struct.hpp
-- Symlinking: /home/andreas/dev_ws/f1tenth_more/install/f1tenth_messages/include/f1tenth_messages/f1tenth_messages/msg/detail/behavior_tree_status__traits.hpp
-- Symlinking: /home/andreas/dev_ws/f1tenth_more/install/f1tenth_messages/include/f1tenth_messages/f1tenth_messages/msg/detail/behavior_tree_status__type_support.hpp
-- Symlinking: /home/andreas/dev_ws/f1tenth_more/install/f1tenth_messages/include/f1tenth_messages/f1tenth_messages/msg/detail/boundary_constraint__builder.hpp
-- Symlinking: /home/andreas/dev_ws/f1tenth_more/install/f1tenth_messages/include/f1tenth_messages/f1tenth_messages/msg/detail/boundary_constraint__struct.hpp
-- Symlinking: /home/andreas/dev_ws/f1tenth_more/install/f1tenth_messages/include/f1tenth_messages/f1tenth_messages/msg/detail/boundary_constraint__traits.hpp
-- Symlinking: /home/andreas/dev_ws/f1tenth_more/install/f1tenth_messages/include/f1tenth_messages/f1tenth_messages/msg/detail/boundary_constraint__type_support.hpp
-- Symlinking: /home/andreas/dev_ws/f1tenth_more/install/f1tenth_messages/include/f1tenth_messages/f1tenth_messages/msg/detail/boundary_constraint_array__builder.hpp
-- Symlinking: /home/andreas/dev_ws/f1tenth_more/install/f1tenth_messages/include/f1tenth_messages/f1tenth_messages/msg/detail/boundary_constraint_array__struct.hpp
-- Symlinking: /home/andreas/dev_ws/f1tenth_more/install/f1tenth_messages/include/f1tenth_messages/f1tenth_messages/msg/detail/boundary_constraint_array__traits.hpp
-- Symlinking: /home/andreas/dev_ws/f1tenth_more/install/f1tenth_messages/include/f1tenth_messages/f1tenth_messages/msg/detail/boundary_constraint_array__type_support.hpp
-- Symlinking: /home/andreas/dev_ws/f1tenth_more/install/f1tenth_messages/include/f1tenth_messages/f1tenth_messages/msg/detail/drive_clamp__builder.hpp
-- Symlinking: /home/andreas/dev_ws/f1tenth_more/install/f1tenth_messages/include/f1tenth_messages/f1tenth_messages/msg/detail/drive_clamp__struct.hpp
-- Symlinking: /home/andreas/dev_ws/f1tenth_more/install/f1tenth_messages/include/f1tenth_messages/f1tenth_messages/msg/detail/drive_clamp__traits.hpp
-- Symlinking: /home/andreas/dev_ws/f1tenth_more/install/f1tenth_messages/include/f1tenth_messages/f1tenth_messages/msg/detail/drive_clamp__type_support.hpp
-- Symlinking: /home/andreas/dev_ws/f1tenth_more/install/f1tenth_messages/include/f1tenth_messages/f1tenth_messages/msg/detail/drive_command__builder.hpp
-- Symlinking: /home/andreas/dev_ws/f1tenth_more/install/f1tenth_messages/include/f1tenth_messages/f1tenth_messages/msg/detail/drive_command__struct.hpp
-- Symlinking: /home/andreas/dev_ws/f1tenth_more/install/f1tenth_messages/include/f1tenth_messages/f1tenth_messages/msg/detail/drive_command__traits.hpp
-- Symlinking: /home/andreas/dev_ws/f1tenth_more/install/f1tenth_messages/include/f1tenth_messages/f1tenth_messages/msg/detail/drive_command__type_support.hpp
-- Symlinking: /home/andreas/dev_ws/f1tenth_more/install/f1tenth_messages/include/f1tenth_messages/f1tenth_messages/msg/detail/mission_status__builder.hpp
-- Symlinking: /home/andreas/dev_ws/f1tenth_more/install/f1tenth_messages/include/f1tenth_messages/f1tenth_messages/msg/detail/mission_status__struct.hpp
-- Symlinking: /home/andreas/dev_ws/f1tenth_more/install/f1tenth_messages/include/f1tenth_messages/f1tenth_messages/msg/detail/mission_status__traits.hpp
-- Symlinking: /home/andreas/dev_ws/f1tenth_more/install/f1tenth_messages/include/f1tenth_messages/f1tenth_messages/msg/detail/mission_status__type_support.hpp
-- Symlinking: /home/andreas/dev_ws/f1tenth_more/install/f1tenth_messages/include/f1tenth_messages/f1tenth_messages/msg/detail/move_outcome__builder.hpp
-- Symlinking: /home/andreas/dev_ws/f1tenth_more/install/f1tenth_messages/include/f1tenth_messages/f1tenth_messages/msg/detail/move_outcome__struct.hpp
-- Symlinking: /home/andreas/dev_ws/f1tenth_more/install/f1tenth_messages/include/f1tenth_messages/f1tenth_messages/msg/detail/move_outcome__traits.hpp
-- Symlinking: /home/andreas/dev_ws/f1tenth_more/install/f1tenth_messages/include/f1tenth_messages/f1tenth_messages/msg/detail/move_outcome__type_support.hpp
-- Symlinking: /home/andreas/dev_ws/f1tenth_more/install/f1tenth_messages/include/f1tenth_messages/f1tenth_messages/msg/detail/mpc_solver_status__builder.hpp
-- Symlinking: /home/andreas/dev_ws/f1tenth_more/install/f1tenth_messages/include/f1tenth_messages/f1tenth_messages/msg/detail/mpc_solver_status__struct.hpp
-- Symlinking: /home/andreas/dev_ws/f1tenth_more/install/f1tenth_messages/include/f1tenth_messages/f1tenth_messages/msg/detail/mpc_solver_status__traits.hpp
-- Symlinking: /home/andreas/dev_ws/f1tenth_more/install/f1tenth_messages/include/f1tenth_messages/f1tenth_messages/msg/detail/mpc_solver_status__type_support.hpp
-- Symlinking: /home/andreas/dev_ws/f1tenth_more/install/f1tenth_messages/include/f1tenth_messages/f1tenth_messages/msg/detail/object_approach_status__builder.hpp
-- Symlinking: /home/andreas/dev_ws/f1tenth_more/install/f1tenth_messages/include/f1tenth_messages/f1tenth_messages/msg/detail/object_approach_status__struct.hpp
-- Symlinking: /home/andreas/dev_ws/f1tenth_more/install/f1tenth_messages/include/f1tenth_messages/f1tenth_messages/msg/detail/object_approach_status__traits.hpp
-- Symlinking: /home/andreas/dev_ws/f1tenth_more/install/f1tenth_messages/include/f1tenth_messages/f1tenth_messages/msg/detail/object_approach_status__type_support.hpp
-- Symlinking: /home/andreas/dev_ws/f1tenth_more/install/f1tenth_messages/include/f1tenth_messages/f1tenth_messages/msg/detail/object_goal__builder.hpp
-- Symlinking: /home/andreas/dev_ws/f1tenth_more/install/f1tenth_messages/include/f1tenth_messages/f1tenth_messages/msg/detail/object_goal__struct.hpp
-- Symlinking: /home/andreas/dev_ws/f1tenth_more/install/f1tenth_messages/include/f1tenth_messages/f1tenth_messages/msg/detail/object_goal__traits.hpp
-- Symlinking: /home/andreas/dev_ws/f1tenth_more/install/f1tenth_messages/include/f1tenth_messages/f1tenth_messages/msg/detail/object_goal__type_support.hpp
-- Symlinking: /home/andreas/dev_ws/f1tenth_more/install/f1tenth_messages/include/f1tenth_messages/f1tenth_messages/msg/detail/obstacle2_d__builder.hpp
-- Symlinking: /home/andreas/dev_ws/f1tenth_more/install/f1tenth_messages/include/f1tenth_messages/f1tenth_messages/msg/detail/obstacle2_d__struct.hpp
-- Symlinking: /home/andreas/dev_ws/f1tenth_more/install/f1tenth_messages/include/f1tenth_messages/f1tenth_messages/msg/detail/obstacle2_d__traits.hpp
-- Symlinking: /home/andreas/dev_ws/f1tenth_more/install/f1tenth_messages/include/f1tenth_messages/f1tenth_messages/msg/detail/obstacle2_d__type_support.hpp
-- Symlinking: /home/andreas/dev_ws/f1tenth_more/install/f1tenth_messages/include/f1tenth_messages/f1tenth_messages/msg/detail/obstacle2_d_array__builder.hpp
-- Symlinking: /home/andreas/dev_ws/f1tenth_more/install/f1tenth_messages/include/f1tenth_messages/f1tenth_messages/msg/detail/obstacle2_d_array__struct.hpp
-- Symlinking: /home/andreas/dev_ws/f1tenth_more/install/f1tenth_messages/include/f1tenth_messages/f1tenth_messages/msg/detail/obstacle2_d_array__traits.hpp
-- Symlinking: /home/andreas/dev_ws/f1tenth_more/install/f1tenth_messages/include/f1tenth_messages/f1tenth_messages/msg/detail/obstacle2_d_array__type_support.hpp
-- Symlinking: /home/andreas/dev_ws/f1tenth_more/install/f1tenth_messages/include/f1tenth_messages/f1tenth_messages/msg/detail/system_status__builder.hpp
-- Symlinking: /home/andreas/dev_ws/f1tenth_more/install/f1tenth_messages/include/f1tenth_messages/f1tenth_messages/msg/detail/system_status__struct.hpp
-- Symlinking: /home/andreas/dev_ws/f1tenth_more/install/f1tenth_messages/include/f1tenth_messages/f1tenth_messages/msg/detail/system_status__traits.hpp
-- Symlinking: /home/andreas/dev_ws/f1tenth_more/install/f1tenth_messages/include/f1tenth_messages/f1tenth_messages/msg/detail/system_status__type_support.hpp
-- Symlinking: /home/andreas/dev_ws/f1tenth_more/install/f1tenth_messages/include/f1tenth_messages/f1tenth_messages/msg/detail/turn_goal__builder.hpp
-- Symlinking: /home/andreas/dev_ws/f1tenth_more/install/f1tenth_messages/include/f1tenth_messages/f1tenth_messages/msg/detail/turn_goal__struct.hpp
-- Symlinking: /home/andreas/dev_ws/f1tenth_more/install/f1tenth_messages/include/f1tenth_messages/f1tenth_messages/msg/detail/turn_goal__traits.hpp
-- Symlinking: /home/andreas/dev_ws/f1tenth_more/install/f1tenth_messages/include/f1tenth_messages/f1tenth_messages/msg/detail/turn_goal__type_support.hpp
-- Symlinking: /home/andreas/dev_ws/f1tenth_more/install/f1tenth_messages/include/f1tenth_messages/f1tenth_messages/msg/detail/wall_array__builder.hpp
-- Symlinking: /home/andreas/dev_ws/f1tenth_more/install/f1tenth_messages/include/f1tenth_messages/f1tenth_messages/msg/detail/wall_array__struct.hpp
-- Symlinking: /home/andreas/dev_ws/f1tenth_more/install/f1tenth_messages/include/f1tenth_messages/f1tenth_messages/msg/detail/wall_array__traits.hpp
-- Symlinking: /home/andreas/dev_ws/f1tenth_more/install/f1tenth_messages/include/f1tenth_messages/f1tenth_messages/msg/detail/wall_array__type_support.hpp
-- Symlinking: /home/andreas/dev_ws/f1tenth_more/install/f1tenth_messages/include/f1tenth_messages/f1tenth_messages/msg/detail/wall_detection__builder.hpp
-- Symlinking: /home/andreas/dev_ws/f1tenth_more/install/f1tenth_messages/include/f1tenth_messages/f1tenth_messages/msg/detail/wall_detection__struct.hpp
-- Symlinking: /home/andreas/dev_ws/f1tenth_more/install/f1tenth_messages/include/f1tenth_messages/f1tenth_messages/msg/detail/wall_detection__traits.hpp
-- Symlinking: /home/andreas/dev_ws/f1tenth_more/install/f1tenth_messages/include/f1tenth_messages/f1tenth_messages/msg/detail/wall_detection__type_support.hpp
-- Symlinking: /home/andreas/dev_ws/f1tenth_more/install/f1tenth_messages/include/f1tenth_messages/f1tenth_messages/msg/detail/wall_distance__builder.hpp
-- Symlinking: /home/andreas/dev_ws/f1tenth_more/install/f1tenth_messages/include/f1tenth_messages/f1tenth_messages/msg/detail/wall_distance__struct.hpp
-- Symlinking: /home/andreas/dev_ws/f1tenth_more/install/f1tenth_messages/include/f1tenth_messages/f1tenth_messages/msg/detail/wall_distance__traits.hpp
-- Symlinking: /home/andreas/dev_ws/f1tenth_more/install/f1tenth_messages/include/f1tenth_messages/f1tenth_messages/msg/detail/wall_distance__type_support.hpp
-- Symlinking: /home/andreas/dev_ws/f1tenth_more/install/f1tenth_messages/include/f1tenth_messages/f1tenth_messages/msg/detail/wall_estimate__builder.hpp
-- Symlinking: /home/andreas/dev_ws/f1tenth_more/install/f1tenth_messages/include/f1tenth_messages/f1tenth_messages/msg/detail/wall_estimate__struct.hpp
-- Symlinking: /home/andreas/dev_ws/f1tenth_more/install/f1tenth_messages/include/f1tenth_messages/f1tenth_messages/msg/detail/wall_estimate__traits.hpp
-- Symlinking: /home/andreas/dev_ws/f1tenth_more/install/f1tenth_messages/include/f1tenth_messages/f1tenth_messages/msg/detail/wall_estimate__type_support.hpp
-- Symlinking: /home/andreas/dev_ws/f1tenth_more/install/f1tenth_messages/include/f1tenth_messages/f1tenth_messages/msg/detail/wall_line_fit__builder.hpp
-- Symlinking: /home/andreas/dev_ws/f1tenth_more/install/f1tenth_messages/include/f1tenth_messages/f1tenth_messages/msg/detail/wall_line_fit__struct.hpp
-- Symlinking: /home/andreas/dev_ws/f1tenth_more/install/f1tenth_messages/include/f1tenth_messages/f1tenth_messages/msg/detail/wall_line_fit__traits.hpp
-- Symlinking: /home/andreas/dev_ws/f1tenth_more/install/f1tenth_messages/include/f1tenth_messages/f1tenth_messages/msg/detail/wall_line_fit__type_support.hpp
-- Symlinking: /home/andreas/dev_ws/f1tenth_more/install/f1tenth_messages/include/f1tenth_messages/f1tenth_messages/msg/detail/wall_segment__builder.hpp
-- Symlinking: /home/andreas/dev_ws/f1tenth_more/install/f1tenth_messages/include/f1tenth_messages/f1tenth_messages/msg/detail/wall_segment__struct.hpp
-- Symlinking: /home/andreas/dev_ws/f1tenth_more/install/f1tenth_messages/include/f1tenth_messages/f1tenth_messages/msg/detail/wall_segment__traits.hpp
-- Symlinking: /home/andreas/dev_ws/f1tenth_more/install/f1tenth_messages/include/f1tenth_messages/f1tenth_messages/msg/detail/wall_segment__type_support.hpp
-- Symlinking: /home/andreas/dev_ws/f1tenth_more/install/f1tenth_messages/include/f1tenth_messages/f1tenth_messages/msg/detail/wall_track__builder.hpp
-- Symlinking: /home/andreas/dev_ws/f1tenth_more/install/f1tenth_messages/include/f1tenth_messages/f1tenth_messages/msg/detail/wall_track__struct.hpp
-- Symlinking: /home/andreas/dev_ws/f1tenth_more/install/f1tenth_messages/include/f1tenth_messages/f1tenth_messages/msg/detail/wall_track__traits.hpp
-- Symlinking: /home/andreas/dev_ws/f1tenth_more/install/f1tenth_messages/include/f1tenth_messages/f1tenth_messages/msg/detail/wall_track__type_support.hpp
-- Symlinking: /home/andreas/dev_ws/f1tenth_more/install/f1tenth_messages/include/f1tenth_messages/f1tenth_messages/msg/drive_clamp.hpp
-- Symlinking: /home/andreas/dev_ws/f1tenth_more/install/f1tenth_messages/include/f1tenth_messages/f1tenth_messages/msg/drive_command.hpp
-- Symlinking: /home/andreas/dev_ws/f1tenth_more/install/f1tenth_messages/include/f1tenth_messages/f1tenth_messages/msg/mission_status.hpp
-- Symlinking: /home/andreas/dev_ws/f1tenth_more/install/f1tenth_messages/include/f1tenth_messages/f1tenth_messages/msg/move_outcome.hpp
-- Symlinking: /home/andreas/dev_ws/f1tenth_more/install/f1tenth_messages/include/f1tenth_messages/f1tenth_messages/msg/mpc_solver_status.hpp
-- Symlinking: /home/andreas/dev_ws/f1tenth_more/install/f1tenth_messages/include/f1tenth_messages/f1tenth_messages/msg/object_approach_status.hpp
-- Symlinking: /home/andreas/dev_ws/f1tenth_more/install/f1tenth_messages/include/f1tenth_messages/f1tenth_messages/msg/object_goal.hpp
-- Symlinking: /home/andreas/dev_ws/f1tenth_more/install/f1tenth_messages/include/f1tenth_messages/f1tenth_messages/msg/obstacle2_d.hpp
-- Symlinking: /home/andreas/dev_ws/f1tenth_more/install/f1tenth_messages/include/f1tenth_messages/f1tenth_messages/msg/obstacle2_d_array.hpp
-- Symlinking: /home/andreas/dev_ws/f1tenth_more/install/f1tenth_messages/include/f1tenth_messages/f1tenth_messages/msg/rosidl_generator_cpp__visibility_control.hpp
-- Symlinking: /home/andreas/dev_ws/f1tenth_more/install/f1tenth_messages/include/f1tenth_messages/f1tenth_messages/msg/system_status.hpp
-- Symlinking: /home/andreas/dev_ws/f1tenth_more/install/f1tenth_messages/include/f1tenth_messages/f1tenth_messages/msg/turn_goal.hpp
-- Symlinking: /home/andreas/dev_ws/f1tenth_more/install/f1tenth_messages/include/f1tenth_messages/f1tenth_messages/msg/wall_array.hpp
-- Symlinking: /home/andreas/dev_ws/f1tenth_more/install/f1tenth_messages/include/f1tenth_messages/f1tenth_messages/msg/wall_detection.hpp
-- Symlinking: /home/andreas/dev_ws/f1tenth_more/install/f1tenth_messages/include/f1tenth_messages/f1tenth_messages/msg/wall_distance.hpp
-- Symlinking: /home/andreas/dev_ws/f1tenth_more/install/f1tenth_messages/include/f1tenth_messages/f1tenth_messages/msg/wall_estimate.hpp
-- Symlinking: /home/andreas/dev_ws/f1tenth_more/install/f1tenth_messages/include/f1tenth_messages/f1tenth_messages/msg/wall_line_fit.hpp
-- Symlinking: /home/andreas/dev_ws/f1tenth_more/install/f1tenth_messages/include/f1tenth_messages/f1tenth_messages/msg/wall_segment.hpp
-- Symlinking: /home/andreas/dev_ws/f1tenth_more/install/f1tenth_messages/include/f1tenth_messages/f1tenth_messages/msg/wall_track.hpp
-- Symlinking: /home/andreas/dev_ws/f1tenth_more/install/f1tenth_messages/include/f1tenth_messages/f1tenth_messages/srv/component_control.hpp
-- Symlinking: /home/andreas/dev_ws/f1tenth_more/install/f1tenth_messages/include/f1tenth_messages/f1tenth_messages/srv/detail/component_control__builder.hpp
-- Symlinking: /home/andreas/dev_ws/f1tenth_more/install/f1tenth_messages/include/f1tenth_messages/f1tenth_messages/srv/detail/component_control__struct.hpp
-- Symlinking: /home/andreas/dev_ws/f1tenth_more/install/f1tenth_messages/include/f1tenth_messages/f1tenth_messages/srv/detail/component_control__traits.hpp
-- Symlinking: /home/andreas/dev_ws/f1tenth_more/install/f1tenth_messages/include/f1tenth_messages/f1tenth_messages/srv/detail/component_control__type_support.hpp
-- Symlinking: /home/andreas/dev_ws/f1tenth_more/install/f1tenth_messages/include/f1tenth_messages/f1tenth_messages/srv/detail/load_mission__builder.hpp
-- Symlinking: /home/andreas/dev_ws/f1tenth_more/install/f1tenth_messages/include/f1tenth_messages/f1tenth_messages/srv/detail/load_mission__struct.hpp
-- Symlinking: /home/andreas/dev_ws/f1tenth_more/install/f1tenth_messages/include/f1tenth_messages/f1tenth_messages/srv/detail/load_mission__traits.hpp
-- Symlinking: /home/andreas/dev_ws/f1tenth_more/install/f1tenth_messages/include/f1tenth_messages/f1tenth_messages/srv/detail/load_mission__type_support.hpp
-- Symlinking: /home/andreas/dev_ws/f1tenth_more/install/f1tenth_messages/include/f1tenth_messages/f1tenth_messages/srv/detail/restart_component__builder.hpp
-- Symlinking: /home/andreas/dev_ws/f1tenth_more/install/f1tenth_messages/include/f1tenth_messages/f1tenth_messages/srv/detail/restart_component__struct.hpp
-- Symlinking: /home/andreas/dev_ws/f1tenth_more/install/f1tenth_messages/include/f1tenth_messages/f1tenth_messages/srv/detail/restart_component__traits.hpp
-- Symlinking: /home/andreas/dev_ws/f1tenth_more/install/f1tenth_messages/include/f1tenth_messages/f1tenth_messages/srv/detail/restart_component__type_support.hpp
-- Symlinking: /home/andreas/dev_ws/f1tenth_more/install/f1tenth_messages/include/f1tenth_messages/f1tenth_messages/srv/detail/run_diagnostics__builder.hpp
-- Symlinking: /home/andreas/dev_ws/f1tenth_more/install/f1tenth_messages/include/f1tenth_messages/f1tenth_messages/srv/detail/run_diagnostics__struct.hpp
-- Symlinking: /home/andreas/dev_ws/f1tenth_more/install/f1tenth_messages/include/f1tenth_messages/f1tenth_messages/srv/detail/run_diagnostics__traits.hpp
-- Symlinking: /home/andreas/dev_ws/f1tenth_more/install/f1tenth_messages/include/f1tenth_messages/f1tenth_messages/srv/detail/run_diagnostics__type_support.hpp
-- Symlinking: /home/andreas/dev_ws/f1tenth_more/install/f1tenth_messages/include/f1tenth_messages/f1tenth_messages/srv/load_mission.hpp
-- Symlinking: /home/andreas/dev_ws/f1tenth_more/install/f1tenth_messages/include/f1tenth_messages/f1tenth_messages/srv/restart_component.hpp
-- Symlinking: /home/andreas/dev_ws/f1tenth_more/install/f1tenth_messages/include/f1tenth_messages/f1tenth_messages/srv/run_diagnostics.hpp
-- Symlinking: /home/andreas/dev_ws/f1tenth_more/install/f1tenth_messages/include/f1tenth_messages/f1tenth_messages/msg/detail/battery_status__rosidl_typesupport_fastrtps_cpp.hpp
-- Symlinking: /home/andreas/dev_ws/f1tenth_more/install/f1tenth_messages/include/f1tenth_messages/f1tenth_messages/msg/detail/behavior_tree_status__rosidl_typesupport_fastrtps_cpp.hpp
-- Symlinking: /home/andreas/dev_ws/f1tenth_more/install/f1tenth_messages/include/f1tenth_messages/f1tenth_messages/msg/detail/boundary_constraint__rosidl_typesupport_fastrtps_cpp.hpp
-- Symlinking: /home/andreas/dev_ws/f1tenth_more/install/f1tenth_messages/include/f1tenth_messages/f1tenth_messages/msg/detail/boundary_constraint_array__rosidl_typesupport_fastrtps_cpp.hpp
-- Symlinking: /home/andreas/dev_ws/f1tenth_more/install/f1tenth_messages/include/f1tenth_messages/f1tenth_messages/msg/detail/drive_clamp__rosidl_typesupport_fastrtps_cpp.hpp
-- Symlinking: /home/andreas/dev_ws/f1tenth_more/install/f1tenth_messages/include/f1tenth_messages/f1tenth_messages/msg/detail/drive_command__rosidl_typesupport_fastrtps_cpp.hpp
-- Symlinking: /home/andreas/dev_ws/f1tenth_more/install/f1tenth_messages/include/f1tenth_messages/f1tenth_messages/msg/detail/mission_status__rosidl_typesupport_fastrtps_cpp.hpp
-- Symlinking: /home/andreas/dev_ws/f1tenth_more/install/f1tenth_messages/include/f1tenth_messages/f1tenth_messages/msg/detail/move_outcome__rosidl_typesupport_fastrtps_cpp.hpp
-- Symlinking: /home/andreas/dev_ws/f1tenth_more/install/f1tenth_messages/include/f1tenth_messages/f1tenth_messages/msg/detail/mpc_solver_status__rosidl_typesupport_fastrtps_cpp.hpp
-- Symlinking: /home/andreas/dev_ws/f1tenth_more/install/f1tenth_messages/include/f1tenth_messages/f1tenth_messages/msg/detail/object_approach_status__rosidl_typesupport_fastrtps_cpp.hpp
-- Symlinking: /home/andreas/dev_ws/f1tenth_more/install/f1tenth_messages/include/f1tenth_messages/f1tenth_messages/msg/detail/object_goal__rosidl_typesupport_fastrtps_cpp.hpp
-- Symlinking: /home/andreas/dev_ws/f1tenth_more/install/f1tenth_messages/include/f1tenth_messages/f1tenth_messages/msg/detail/obstacle2_d__rosidl_typesupport_fastrtps_cpp.hpp
-- Symlinking: /home/andreas/dev_ws/f1tenth_more/install/f1tenth_messages/include/f1tenth_messages/f1tenth_messages/msg/detail/obstacle2_d_array__rosidl_typesupport_fastrtps_cpp.hpp
-- Symlinking: /home/andreas/dev_ws/f1tenth_more/install/f1tenth_messages/include/f1tenth_messages/f1tenth_messages/msg/detail/system_status__rosidl_typesupport_fastrtps_cpp.hpp
-- Symlinking: /home/andreas/dev_ws/f1tenth_more/install/f1tenth_messages/include/f1tenth_messages/f1tenth_messages/msg/detail/turn_goal__rosidl_typesupport_fastrtps_cpp.hpp
-- Symlinking: /home/andreas/dev_ws/f1tenth_more/install/f1tenth_messages/include/f1tenth_messages/f1tenth_messages/msg/detail/wall_array__rosidl_typesupport_fastrtps_cpp.hpp
-- Symlinking: /home/andreas/dev_ws/f1tenth_more/install/f1tenth_messages/include/f1tenth_messages/f1tenth_messages/msg/detail/wall_detection__rosidl_typesupport_fastrtps_cpp.hpp
-- Symlinking: /home/andreas/dev_ws/f1tenth_more/install/f1tenth_messages/include/f1tenth_messages/f1tenth_messages/msg/detail/wall_distance__rosidl_typesupport_fastrtps_cpp.hpp
-- Symlinking: /home/andreas/dev_ws/f1tenth_more/install/f1tenth_messages/include/f1tenth_messages/f1tenth_messages/msg/detail/wall_estimate__rosidl_typesupport_fastrtps_cpp.hpp
-- Symlinking: /home/andreas/dev_ws/f1tenth_more/install/f1tenth_messages/include/f1tenth_messages/f1tenth_messages/msg/detail/wall_line_fit__rosidl_typesupport_fastrtps_cpp.hpp
-- Symlinking: /home/andreas/dev_ws/f1tenth_more/install/f1tenth_messages/include/f1tenth_messages/f1tenth_messages/msg/detail/wall_segment__rosidl_typesupport_fastrtps_cpp.hpp
-- Symlinking: /home/andreas/dev_ws/f1tenth_more/install/f1tenth_messages/include/f1tenth_messages/f1tenth_messages/msg/detail/wall_track__rosidl_typesupport_fastrtps_cpp.hpp
-- Symlinking: /home/andreas/dev_ws/f1tenth_more/install/f1tenth_messages/include/f1tenth_messages/f1tenth_messages/msg/rosidl_typesupport_fastrtps_cpp__visibility_control.h
-- Symlinking: /home/andreas/dev_ws/f1tenth_more/install/f1tenth_messages/include/f1tenth_messages/f1tenth_messages/srv/detail/component_control__rosidl_typesupport_fastrtps_cpp.hpp
-- Symlinking: /home/andreas/dev_ws/f1tenth_more/install/f1tenth_messages/include/f1tenth_messages/f1tenth_messages/srv/detail/load_mission__rosidl_typesupport_fastrtps_cpp.hpp
-- Symlinking: /home/andreas/dev_ws/f1tenth_more/install/f1tenth_messages/include/f1tenth_messages/f1tenth_messages/srv/detail/restart_component__rosidl_typesupport_fastrtps_cpp.hpp
-- Symlinking: /home/andreas/dev_ws/f1tenth_more/install/f1tenth_messages/include/f1tenth_messages/f1tenth_messages/srv/detail/run_diagnostics__rosidl_typesupport_fastrtps_cpp.hpp
-- Symlinking: /home/andreas/dev_ws/f1tenth_more/install/f1tenth_messages/include/f1tenth_messages/f1tenth_messages/msg/detail/battery_status__rosidl_typesupport_introspection_cpp.hpp
-- Symlinking: /home/andreas/dev_ws/f1tenth_more/install/f1tenth_messages/include/f1tenth_messages/f1tenth_messages/msg/detail/behavior_tree_status__rosidl_typesupport_introspection_cpp.hpp
-- Symlinking: /home/andreas/dev_ws/f1tenth_more/install/f1tenth_messages/include/f1tenth_messages/f1tenth_messages/msg/detail/boundary_constraint__rosidl_typesupport_introspection_cpp.hpp
-- Symlinking: /home/andreas/dev_ws/f1tenth_more/install/f1tenth_messages/include/f1tenth_messages/f1tenth_messages/msg/detail/boundary_constraint_array__rosidl_typesupport_introspection_cpp.hpp
-- Symlinking: /home/andreas/dev_ws/f1tenth_more/install/f1tenth_messages/include/f1tenth_messages/f1tenth_messages/msg/detail/drive_clamp__rosidl_typesupport_introspection_cpp.hpp
-- Symlinking: /home/andreas/dev_ws/f1tenth_more/install/f1tenth_messages/include/f1tenth_messages/f1tenth_messages/msg/detail/drive_command__rosidl_typesupport_introspection_cpp.hpp
-- Symlinking: /home/andreas/dev_ws/f1tenth_more/install/f1tenth_messages/include/f1tenth_messages/f1tenth_messages/msg/detail/mission_status__rosidl_typesupport_introspection_cpp.hpp
-- Symlinking: /home/andreas/dev_ws/f1tenth_more/install/f1tenth_messages/include/f1tenth_messages/f1tenth_messages/msg/detail/move_outcome__rosidl_typesupport_introspection_cpp.hpp
-- Symlinking: /home/andreas/dev_ws/f1tenth_more/install/f1tenth_messages/include/f1tenth_messages/f1tenth_messages/msg/detail/mpc_solver_status__rosidl_typesupport_introspection_cpp.hpp
-- Symlinking: /home/andreas/dev_ws/f1tenth_more/install/f1tenth_messages/include/f1tenth_messages/f1tenth_messages/msg/detail/object_approach_status__rosidl_typesupport_introspection_cpp.hpp
-- Symlinking: /home/andreas/dev_ws/f1tenth_more/install/f1tenth_messages/include/f1tenth_messages/f1tenth_messages/msg/detail/object_goal__rosidl_typesupport_introspection_cpp.hpp
-- Symlinking: /home/andreas/dev_ws/f1tenth_more/install/f1tenth_messages/include/f1tenth_messages/f1tenth_messages/msg/detail/obstacle2_d__rosidl_typesupport_introspection_cpp.hpp
-- Symlinking: /home/andreas/dev_ws/f1tenth_more/install/f1tenth_messages/include/f1tenth_messages/f1tenth_messages/msg/detail/obstacle2_d_array__rosidl_typesupport_introspection_cpp.hpp
-- Symlinking: /home/andreas/dev_ws/f1tenth_more/install/f1tenth_messages/include/f1tenth_messages/f1tenth_messages/msg/detail/system_status__rosidl_typesupport_introspection_cpp.hpp
-- Symlinking: /home/andreas/dev_ws/f1tenth_more/install/f1tenth_messages/include/f1tenth_messages/f1tenth_messages/msg/detail/turn_goal__rosidl_typesupport_introspection_cpp.hpp
-- Symlinking: /home/andreas/dev_ws/f1tenth_more/install/f1tenth_messages/include/f1tenth_messages/f1tenth_messages/msg/detail/wall_array__rosidl_typesupport_introspection_cpp.hpp
-- Symlinking: /home/andreas/dev_ws/f1tenth_more/install/f1tenth_messages/include/f1tenth_messages/f1tenth_messages/msg/detail/wall_detection__rosidl_typesupport_introspection_cpp.hpp
-- Symlinking: /home/andreas/dev_ws/f1tenth_more/install/f1tenth_messages/include/f1tenth_messages/f1tenth_messages/msg/detail/wall_distance__rosidl_typesupport_introspection_cpp.hpp
-- Symlinking: /home/andreas/dev_ws/f1tenth_more/install/f1tenth_messages/include/f1tenth_messages/f1tenth_messages/msg/detail/wall_estimate__rosidl_typesupport_introspection_cpp.hpp
-- Symlinking: /home/andreas/dev_ws/f1tenth_more/install/f1tenth_messages/include/f1tenth_messages/f1tenth_messages/msg/detail/wall_line_fit__rosidl_typesupport_introspection_cpp.hpp
-- Symlinking: /home/andreas/dev_ws/f1tenth_more/install/f1tenth_messages/include/f1tenth_messages/f1tenth_messages/msg/detail/wall_segment__rosidl_typesupport_introspection_cpp.hpp
-- Symlinking: /home/andreas/dev_ws/f1tenth_more/install/f1tenth_messages/include/f1tenth_messages/f1tenth_messages/msg/detail/wall_track__rosidl_typesupport_introspection_cpp.hpp
-- Symlinking: /home/andreas/dev_ws/f1tenth_more/install/f1tenth_messages/include/f1tenth_messages/f1tenth_messages/srv/detail/component_control__rosidl_typesupport_introspection_cpp.hpp
-- Symlinking: /home/andreas/dev_ws/f1tenth_more/install/f1tenth_messages/include/f1tenth_messages/f1tenth_messages/srv/detail/load_mission__rosidl_typesupport_introspection_cpp.hpp
-- Symlinking: /home/andreas/dev_ws/f1tenth_more/install/f1tenth_messages/include/f1tenth_messages/f1tenth_messages/srv/detail/restart_component__rosidl_typesupport_introspection_cpp.hpp
-- Symlinking: /home/andreas/dev_ws/f1tenth_more/install/f1tenth_messages/include/f1tenth_messages/f1tenth_messages/srv/detail/run_diagnostics__rosidl_typesupport_introspection_cpp.hpp
-- Symlinking: /home/andreas/dev_ws/f1tenth_more/install/f1tenth_messages/share/f1tenth_messages/environment/pythonpath.sh
-- Symlinking: /home/andreas/dev_ws/f1tenth_more/install/f1tenth_messages/share/f1tenth_messages/environment/pythonpath.dsv
-- Symlinking: /home/andreas/dev_ws/f1tenth_more/install/f1tenth_messages/lib/python3.12/site-packages/f1tenth_messages-0.0.1-py3.12.egg-info/PKG-INFO
-- Symlinking: /home/andreas/dev_ws/f1tenth_more/install/f1tenth_messages/lib/python3.12/site-packages/f1tenth_messages-0.0.1-py3.12.egg-info/SOURCES.txt
-- Symlinking: /home/andreas/dev_ws/f1tenth_more/install/f1tenth_messages/lib/python3.12/site-packages/f1tenth_messages-0.0.1-py3.12.egg-info/dependency_links.txt
-- Symlinking: /home/andreas/dev_ws/f1tenth_more/install/f1tenth_messages/lib/python3.12/site-packages/f1tenth_messages-0.0.1-py3.12.egg-info/top_level.txt
-- Symlinking: /home/andreas/dev_ws/f1tenth_more/install/f1tenth_messages/lib/python3.12/site-packages/f1tenth_messages/__init__.py
-- Symlinking: /home/andreas/dev_ws/f1tenth_more/install/f1tenth_messages/lib/python3.12/site-packages/f1tenth_messages/_f1tenth_messages_s.ep.rosidl_typesupport_c.c
-- Symlinking: /home/andreas/dev_ws/f1tenth_more/install/f1tenth_messages/lib/python3.12/site-packages/f1tenth_messages/_f1tenth_messages_s.ep.rosidl_typesupport_fastrtps_c.c
-- Symlinking: /home/andreas/dev_ws/f1tenth_more/install/f1tenth_messages/lib/python3.12/site-packages/f1tenth_messages/_f1tenth_messages_s.ep.rosidl_typesupport_introspection_c.c
-- Symlinking: /home/andreas/dev_ws/f1tenth_more/install/f1tenth_messages/lib/python3.12/site-packages/f1tenth_messages/f1tenth_messages_s__rosidl_typesupport_c.so
-- Symlinking: /home/andreas/dev_ws/f1tenth_more/install/f1tenth_messages/lib/python3.12/site-packages/f1tenth_messages/f1tenth_messages_s__rosidl_typesupport_fastrtps_c.so
-- Symlinking: /home/andreas/dev_ws/f1tenth_more/install/f1tenth_messages/lib/python3.12/site-packages/f1tenth_messages/f1tenth_messages_s__rosidl_typesupport_introspection_c.so
-- Symlinking: /home/andreas/dev_ws/f1tenth_more/install/f1tenth_messages/lib/python3.12/site-packages/f1tenth_messages/msg/__init__.py
-- Symlinking: /home/andreas/dev_ws/f1tenth_more/install/f1tenth_messages/lib/python3.12/site-packages/f1tenth_messages/msg/_battery_status.py
-- Symlinking: /home/andreas/dev_ws/f1tenth_more/install/f1tenth_messages/lib/python3.12/site-packages/f1tenth_messages/msg/_battery_status_s.c
-- Symlinking: /home/andreas/dev_ws/f1tenth_more/install/f1tenth_messages/lib/python3.12/site-packages/f1tenth_messages/msg/_behavior_tree_status.py
-- Symlinking: /home/andreas/dev_ws/f1tenth_more/install/f1tenth_messages/lib/python3.12/site-packages/f1tenth_messages/msg/_behavior_tree_status_s.c
-- Symlinking: /home/andreas/dev_ws/f1tenth_more/install/f1tenth_messages/lib/python3.12/site-packages/f1tenth_messages/msg/_boundary_constraint.py
-- Symlinking: /home/andreas/dev_ws/f1tenth_more/install/f1tenth_messages/lib/python3.12/site-packages/f1tenth_messages/msg/_boundary_constraint_array.py
-- Symlinking: /home/andreas/dev_ws/f1tenth_more/install/f1tenth_messages/lib/python3.12/site-packages/f1tenth_messages/msg/_boundary_constraint_array_s.c
-- Symlinking: /home/andreas/dev_ws/f1tenth_more/install/f1tenth_messages/lib/python3.12/site-packages/f1tenth_messages/msg/_boundary_constraint_s.c
-- Symlinking: /home/andreas/dev_ws/f1tenth_more/install/f1tenth_messages/lib/python3.12/site-packages/f1tenth_messages/msg/_drive_clamp.py
-- Symlinking: /home/andreas/dev_ws/f1tenth_more/install/f1tenth_messages/lib/python3.12/site-packages/f1tenth_messages/msg/_drive_clamp_s.c
-- Symlinking: /home/andreas/dev_ws/f1tenth_more/install/f1tenth_messages/lib/python3.12/site-packages/f1tenth_messages/msg/_drive_command.py
-- Symlinking: /home/andreas/dev_ws/f1tenth_more/install/f1tenth_messages/lib/python3.12/site-packages/f1tenth_messages/msg/_drive_command_s.c
-- Symlinking: /home/andreas/dev_ws/f1tenth_more/install/f1tenth_messages/lib/python3.12/site-packages/f1tenth_messages/msg/_mission_status.py
-- Symlinking: /home/andreas/dev_ws/f1tenth_more/install/f1tenth_messages/lib/python3.12/site-packages/f1tenth_messages/msg/_mission_status_s.c
-- Symlinking: /home/andreas/dev_ws/f1tenth_more/install/f1tenth_messages/lib/python3.12/site-packages/f1tenth_messages/msg/_move_outcome.py
-- Symlinking: /home/andreas/dev_ws/f1tenth_more/install/f1tenth_messages/lib/python3.12/site-packages/f1tenth_messages/msg/_move_outcome_s.c
-- Symlinking: /home/andreas/dev_ws/f1tenth_more/install/f1tenth_messages/lib/python3.12/site-packages/f1tenth_messages/msg/_mpc_solver_status.py
-- Symlinking: /home/andreas/dev_ws/f1tenth_more/install/f1tenth_messages/lib/python3.12/site-packages/f1tenth_messages/msg/_mpc_solver_status_s.c
-- Symlinking: /home/andreas/dev_ws/f1tenth_more/install/f1tenth_messages/lib/python3.12/site-packages/f1tenth_messages/msg/_object_approach_status.py
-- Symlinking: /home/andreas/dev_ws/f1tenth_more/install/f1tenth_messages/lib/python3.12/site-packages/f1tenth_messages/msg/_object_approach_status_s.c
-- Symlinking: /home/andreas/dev_ws/f1tenth_more/install/f1tenth_messages/lib/python3.12/site-packages/f1tenth_messages/msg/_object_goal.py
-- Symlinking: /home/andreas/dev_ws/f1tenth_more/install/f1tenth_messages/lib/python3.12/site-packages/f1tenth_messages/msg/_object_goal_s.c
-- Symlinking: /home/andreas/dev_ws/f1tenth_more/install/f1tenth_messages/lib/python3.12/site-packages/f1tenth_messages/msg/_obstacle2_d.py
-- Symlinking: /home/andreas/dev_ws/f1tenth_more/install/f1tenth_messages/lib/python3.12/site-packages/f1tenth_messages/msg/_obstacle2_d_array.py
-- Symlinking: /home/andreas/dev_ws/f1tenth_more/install/f1tenth_messages/lib/python3.12/site-packages/f1tenth_messages/msg/_obstacle2_d_array_s.c
-- Symlinking: /home/andreas/dev_ws/f1tenth_more/install/f1tenth_messages/lib/python3.12/site-packages/f1tenth_messages/msg/_obstacle2_d_s.c
-- Symlinking: /home/andreas/dev_ws/f1tenth_more/install/f1tenth_messages/lib/python3.12/site-packages/f1tenth_messages/msg/_system_status.py
-- Symlinking: /home/andreas/dev_ws/f1tenth_more/install/f1tenth_messages/lib/python3.12/site-packages/f1tenth_messages/msg/_system_status_s.c
-- Symlinking: /home/andreas/dev_ws/f1tenth_more/install/f1tenth_messages/lib/python3.12/site-packages/f1tenth_messages/msg/_turn_goal.py
-- Symlinking: /home/andreas/dev_ws/f1tenth_more/install/f1tenth_messages/lib/python3.12/site-packages/f1tenth_messages/msg/_turn_goal_s.c
-- Symlinking: /home/andreas/dev_ws/f1tenth_more/install/f1tenth_messages/lib/python3.12/site-packages/f1tenth_messages/msg/_wall_array.py
-- Symlinking: /home/andreas/dev_ws/f1tenth_more/install/f1tenth_messages/lib/python3.12/site-packages/f1tenth_messages/msg/_wall_array_s.c
-- Symlinking: /home/andreas/dev_ws/f1tenth_more/install/f1tenth_messages/lib/python3.12/site-packages/f1tenth_messages/msg/_wall_detection.py
-- Symlinking: /home/andreas/dev_ws/f1tenth_more/install/f1tenth_messages/lib/python3.12/site-packages/f1tenth_messages/msg/_wall_detection_s.c
-- Symlinking: /home/andreas/dev_ws/f1tenth_more/install/f1tenth_messages/lib/python3.12/site-packages/f1tenth_messages/msg/_wall_distance.py
-- Symlinking: /home/andreas/dev_ws/f1tenth_more/install/f1tenth_messages/lib/python3.12/site-packages/f1tenth_messages/msg/_wall_distance_s.c
-- Symlinking: /home/andreas/dev_ws/f1tenth_more/install/f1tenth_messages/lib/python3.12/site-packages/f1tenth_messages/msg/_wall_estimate.py
-- Symlinking: /home/andreas/dev_ws/f1tenth_more/install/f1tenth_messages/lib/python3.12/site-packages/f1tenth_messages/msg/_wall_estimate_s.c
-- Symlinking: /home/andreas/dev_ws/f1tenth_more/install/f1tenth_messages/lib/python3.12/site-packages/f1tenth_messages/msg/_wall_line_fit.py
-- Symlinking: /home/andreas/dev_ws/f1tenth_more/install/f1tenth_messages/lib/python3.12/site-packages/f1tenth_messages/msg/_wall_line_fit_s.c
-- Symlinking: /home/andreas/dev_ws/f1tenth_more/install/f1tenth_messages/lib/python3.12/site-packages/f1tenth_messages/msg/_wall_segment.py
-- Symlinking: /home/andreas/dev_ws/f1tenth_more/install/f1tenth_messages/lib/python3.12/site-packages/f1tenth_messages/msg/_wall_segment_s.c
-- Symlinking: /home/andreas/dev_ws/f1tenth_more/install/f1tenth_messages/lib/python3.12/site-packages/f1tenth_messages/msg/_wall_track.py
-- Symlinking: /home/andreas/dev_ws/f1tenth_more/install/f1tenth_messages/lib/python3.12/site-packages/f1tenth_messages/msg/_wall_track_s.c
-- Symlinking: /home/andreas/dev_ws/f1tenth_more/install/f1tenth_messages/lib/python3.12/site-packages/f1tenth_messages/srv/__init__.py
-- Symlinking: /home/andreas/dev_ws/f1tenth_more/install/f1tenth_messages/lib/python3.12/site-packages/f1tenth_messages/srv/_component_control.py
-- Symlinking: /home/andreas/dev_ws/f1tenth_more/install/f1tenth_messages/lib/python3.12/site-packages/f1tenth_messages/srv/_component_control_s.c
-- Symlinking: /home/andreas/dev_ws/f1tenth_more/install/f1tenth_messages/lib/python3.12/site-packages/f1tenth_messages/srv/_load_mission.py
-- Symlinking: /home/andreas/dev_ws/f1tenth_more/install/f1tenth_messages/lib/python3.12/site-packages/f1tenth_messages/srv/_load_mission_s.c
-- Symlinking: /home/andreas/dev_ws/f1tenth_more/install/f1tenth_messages/lib/python3.12/site-packages/f1tenth_messages/srv/_restart_component.py
-- Symlinking: /home/andreas/dev_ws/f1tenth_more/install/f1tenth_messages/lib/python3.12/site-packages/f1tenth_messages/srv/_restart_component_s.c
-- Symlinking: /home/andreas/dev_ws/f1tenth_more/install/f1tenth_messages/lib/python3.12/site-packages/f1tenth_messages/srv/_run_diagnostics.py
-- Symlinking: /home/andreas/dev_ws/f1tenth_more/install/f1tenth_messages/lib/python3.12/site-packages/f1tenth_messages/srv/_run_diagnostics_s.c
-- Up-to-date symlink: /home/andreas/dev_ws/f1tenth_more/install/f1tenth_messages/lib/python3.12/site-packages/f1tenth_messages/f1tenth_messages_s__rosidl_typesupport_fastrtps_c.so
-- Up-to-date symlink: /home/andreas/dev_ws/f1tenth_more/install/f1tenth_messages/lib/python3.12/site-packages/f1tenth_messages/f1tenth_messages_s__rosidl_typesupport_introspection_c.so
-- Up-to-date symlink: /home/andreas/dev_ws/f1tenth_more/install/f1tenth_messages/lib/python3.12/site-packages/f1tenth_messages/f1tenth_messages_s__rosidl_typesupport_c.so
-- Symlinking: /home/andreas/dev_ws/f1tenth_more/install/f1tenth_messages/share/ament_index/resource_index/rust_packages/f1tenth_messages
-- Symlinking: /home/andreas/dev_ws/f1tenth_more/install/f1tenth_messages/share/f1tenth_messages/rust/Cargo.toml
-- Symlinking: /home/andreas/dev_ws/f1tenth_more/install/f1tenth_messages/share/f1tenth_messages/rust/build.rs
-- Symlinking: /home/andreas/dev_ws/f1tenth_more/install/f1tenth_messages/share/f1tenth_messages/rust/src/lib.rs
-- Symlinking: /home/andreas/dev_ws/f1tenth_more/install/f1tenth_messages/share/f1tenth_messages/rust/src/msg.rs
-- Symlinking: /home/andreas/dev_ws/f1tenth_more/install/f1tenth_messages/share/f1tenth_messages/rust/src/msg/rmw.rs
-- Symlinking: /home/andreas/dev_ws/f1tenth_more/install/f1tenth_messages/share/f1tenth_messages/rust/src/srv.rs
-- Symlinking: /home/andreas/dev_ws/f1tenth_more/install/f1tenth_messages/share/f1tenth_messages/rust/src/srv/rmw.rs
-- Symlinking: /home/andreas/dev_ws/f1tenth_more/install/f1tenth_messages/share/f1tenth_messages/msg/SystemStatus.idl
-- Symlinking: /home/andreas/dev_ws/f1tenth_more/install/f1tenth_messages/share/f1tenth_messages/msg/BatteryStatus.idl
-- Symlinking: /home/andreas/dev_ws/f1tenth_more/install/f1tenth_messages/share/f1tenth_messages/msg/Obstacle2D.idl
-- Symlinking: /home/andreas/dev_ws/f1tenth_more/install/f1tenth_messages/share/f1tenth_messages/msg/Obstacle2DArray.idl
-- Symlinking: /home/andreas/dev_ws/f1tenth_more/install/f1tenth_messages/share/f1tenth_messages/msg/MissionStatus.idl
-- Symlinking: /home/andreas/dev_ws/f1tenth_more/install/f1tenth_messages/share/f1tenth_messages/msg/WallDetection.idl
-- Symlinking: /home/andreas/dev_ws/f1tenth_more/install/f1tenth_messages/share/f1tenth_messages/msg/WallArray.idl
-- Symlinking: /home/andreas/dev_ws/f1tenth_more/install/f1tenth_messages/share/f1tenth_messages/msg/TurnGoal.idl
-- Symlinking: /home/andreas/dev_ws/f1tenth_more/install/f1tenth_messages/share/f1tenth_messages/msg/DriveCommand.idl
-- Symlinking: /home/andreas/dev_ws/f1tenth_more/install/f1tenth_messages/share/f1tenth_messages/msg/BoundaryConstraint.idl
-- Symlinking: /home/andreas/dev_ws/f1tenth_more/install/f1tenth_messages/share/f1tenth_messages/msg/BoundaryConstraintArray.idl
-- Symlinking: /home/andreas/dev_ws/f1tenth_more/install/f1tenth_messages/share/f1tenth_messages/msg/MpcSolverStatus.idl
-- Symlinking: /home/andreas/dev_ws/f1tenth_more/install/f1tenth_messages/share/f1tenth_messages/msg/BehaviorTreeStatus.idl
-- Symlinking: /home/andreas/dev_ws/f1tenth_more/install/f1tenth_messages/share/f1tenth_messages/msg/WallLineFit.idl
-- Symlinking: /home/andreas/dev_ws/f1tenth_more/install/f1tenth_messages/share/f1tenth_messages/msg/WallEstimate.idl
-- Symlinking: /home/andreas/dev_ws/f1tenth_more/install/f1tenth_messages/share/f1tenth_messages/msg/WallTrack.idl
-- Symlinking: /home/andreas/dev_ws/f1tenth_more/install/f1tenth_messages/share/f1tenth_messages/msg/WallDistance.idl
-- Symlinking: /home/andreas/dev_ws/f1tenth_more/install/f1tenth_messages/share/f1tenth_messages/msg/WallSegment.idl
-- Symlinking: /home/andreas/dev_ws/f1tenth_more/install/f1tenth_messages/share/f1tenth_messages/msg/ObjectGoal.idl
-- Symlinking: /home/andreas/dev_ws/f1tenth_more/install/f1tenth_messages/share/f1tenth_messages/msg/ObjectApproachStatus.idl
-- Symlinking: /home/andreas/dev_ws/f1tenth_more/install/f1tenth_messages/share/f1tenth_messages/msg/DriveClamp.idl
-- Symlinking: /home/andreas/dev_ws/f1tenth_more/install/f1tenth_messages/share/f1tenth_messages/msg/MoveOutcome.idl
-- Symlinking: /home/andreas/dev_ws/f1tenth_more/install/f1tenth_messages/share/f1tenth_messages/srv/RestartComponent.idl
-- Symlinking: /home/andreas/dev_ws/f1tenth_more/install/f1tenth_messages/share/f1tenth_messages/srv/ComponentControl.idl
-- Symlinking: /home/andreas/dev_ws/f1tenth_more/install/f1tenth_messages/share/f1tenth_messages/srv/RunDiagnostics.idl
-- Symlinking: /home/andreas/dev_ws/f1tenth_more/install/f1tenth_messages/share/f1tenth_messages/srv/LoadMission.idl
-- Symlinking: /home/andreas/dev_ws/f1tenth_more/install/f1tenth_messages/share/f1tenth_messages/msg/SystemStatus.msg
-- Symlinking: /home/andreas/dev_ws/f1tenth_more/install/f1tenth_messages/share/f1tenth_messages/msg/BatteryStatus.msg
-- Symlinking: /home/andreas/dev_ws/f1tenth_more/install/f1tenth_messages/share/f1tenth_messages/msg/Obstacle2D.msg
-- Symlinking: /home/andreas/dev_ws/f1tenth_more/install/f1tenth_messages/share/f1tenth_messages/msg/Obstacle2DArray.msg
-- Symlinking: /home/andreas/dev_ws/f1tenth_more/install/f1tenth_messages/share/f1tenth_messages/msg/MissionStatus.msg
-- Symlinking: /home/andreas/dev_ws/f1tenth_more/install/f1tenth_messages/share/f1tenth_messages/msg/WallDetection.msg
-- Symlinking: /home/andreas/dev_ws/f1tenth_more/install/f1tenth_messages/share/f1tenth_messages/msg/WallArray.msg
-- Symlinking: /home/andreas/dev_ws/f1tenth_more/install/f1tenth_messages/share/f1tenth_messages/msg/TurnGoal.msg
-- Symlinking: /home/andreas/dev_ws/f1tenth_more/install/f1tenth_messages/share/f1tenth_messages/msg/DriveCommand.msg
-- Symlinking: /home/andreas/dev_ws/f1tenth_more/install/f1tenth_messages/share/f1tenth_messages/msg/BoundaryConstraint.msg
-- Symlinking: /home/andreas/dev_ws/f1tenth_more/install/f1tenth_messages/share/f1tenth_messages/msg/BoundaryConstraintArray.msg
-- Symlinking: /home/andreas/dev_ws/f1tenth_more/install/f1tenth_messages/share/f1tenth_messages/msg/MpcSolverStatus.msg
-- Symlinking: /home/andreas/dev_ws/f1tenth_more/install/f1tenth_messages/share/f1tenth_messages/msg/BehaviorTreeStatus.msg
-- Symlinking: /home/andreas/dev_ws/f1tenth_more/install/f1tenth_messages/share/f1tenth_messages/msg/WallLineFit.msg
-- Symlinking: /home/andreas/dev_ws/f1tenth_more/install/f1tenth_messages/share/f1tenth_messages/msg/WallEstimate.msg
-- Symlinking: /home/andreas/dev_ws/f1tenth_more/install/f1tenth_messages/share/f1tenth_messages/msg/WallTrack.msg
-- Symlinking: /home/andreas/dev_ws/f1tenth_more/install/f1tenth_messages/share/f1tenth_messages/msg/WallDistance.msg
-- Symlinking: /home/andreas/dev_ws/f1tenth_more/install/f1tenth_messages/share/f1tenth_messages/msg/WallSegment.msg
-- Symlinking: /home/andreas/dev_ws/f1tenth_more/install/f1tenth_messages/share/f1tenth_messages/msg/ObjectGoal.msg
-- Symlinking: /home/andreas/dev_ws/f1tenth_more/install/f1tenth_messages/share/f1tenth_messages/msg/ObjectApproachStatus.msg
-- Symlinking: /home/andreas/dev_ws/f1tenth_more/install/f1tenth_messages/share/f1tenth_messages/msg/DriveClamp.msg
-- Symlinking: /home/andreas/dev_ws/f1tenth_more/install/f1tenth_messages/share/f1tenth_messages/msg/MoveOutcome.msg
-- Symlinking: /home/andreas/dev_ws/f1tenth_more/install/f1tenth_messages/share/f1tenth_messages/srv/RestartComponent.srv
-- Symlinking: /home/andreas/dev_ws/f1tenth_more/install/f1tenth_messages/share/f1tenth_messages/srv/ComponentControl.srv
-- Symlinking: /home/andreas/dev_ws/f1tenth_more/install/f1tenth_messages/share/f1tenth_messages/srv/RunDiagnostics.srv
-- Symlinking: /home/andreas/dev_ws/f1tenth_more/install/f1tenth_messages/share/f1tenth_messages/srv/LoadMission.srv
-- Symlinking: /home/andreas/dev_ws/f1tenth_more/install/f1tenth_messages/share/ament_index/resource_index/package_run_dependencies/f1tenth_messages
-- Symlinking: /home/andreas/dev_ws/f1tenth_more/install/f1tenth_messages/share/ament_index/resource_index/parent_prefix_path/f1tenth_messages
-- Symlinking: /home/andreas/dev_ws/f1tenth_more/install/f1tenth_messages/share/f1tenth_messages/environment/ament_prefix_path.sh
-- Symlinking: /home/andreas/dev_ws/f1tenth_more/install/f1tenth_messages/share/f1tenth_messages/environment/ament_prefix_path.dsv
-- Symlinking: /home/andreas/dev_ws/f1tenth_more/install/f1tenth_messages/share/f1tenth_messages/environment/path.sh
-- Symlinking: /home/andreas/dev_ws/f1tenth_more/install/f1tenth_messages/share/f1tenth_messages/environment/path.dsv
-- Symlinking: /home/andreas/dev_ws/f1tenth_more/install/f1tenth_messages/share/f1tenth_messages/local_setup.bash
-- Symlinking: /home/andreas/dev_ws/f1tenth_more/install/f1tenth_messages/share/f1tenth_messages/local_setup.sh
-- Symlinking: /home/andreas/dev_ws/f1tenth_more/install/f1tenth_messages/share/f1tenth_messages/local_setup.zsh
-- Symlinking: /home/andreas/dev_ws/f1tenth_more/install/f1tenth_messages/share/f1tenth_messages/local_setup.dsv
-- Symlinking: /home/andreas/dev_ws/f1tenth_more/install/f1tenth_messages/share/f1tenth_messages/package.dsv
-- Symlinking: /home/andreas/dev_ws/f1tenth_more/install/f1tenth_messages/share/ament_index/resource_index/packages/f1tenth_messages
-- Symlinking: /home/andreas/dev_ws/f1tenth_more/install/f1tenth_messages/share/f1tenth_messages/cmake/rosidl_cmake-extras.cmake
-- Symlinking: /home/andreas/dev_ws/f1tenth_more/install/f1tenth_messages/share/f1tenth_messages/cmake/ament_cmake_export_dependencies-extras.cmake
-- Symlinking: /home/andreas/dev_ws/f1tenth_more/install/f1tenth_messages/share/f1tenth_messages/cmake/ament_cmake_export_include_directories-extras.cmake
-- Symlinking: /home/andreas/dev_ws/f1tenth_more/install/f1tenth_messages/share/f1tenth_messages/cmake/ament_cmake_export_libraries-extras.cmake
-- Symlinking: /home/andreas/dev_ws/f1tenth_more/install/f1tenth_messages/share/f1tenth_messages/cmake/ament_cmake_export_targets-extras.cmake
-- Symlinking: /home/andreas/dev_ws/f1tenth_more/install/f1tenth_messages/share/f1tenth_messages/cmake/rosidl_cmake_export_typesupport_targets-extras.cmake
-- Symlinking: /home/andreas/dev_ws/f1tenth_more/install/f1tenth_messages/share/f1tenth_messages/cmake/rosidl_cmake_export_typesupport_libraries-extras.cmake
-- Symlinking: /home/andreas/dev_ws/f1tenth_more/install/f1tenth_messages/share/f1tenth_messages/cmake/f1tenth_messagesConfig.cmake
-- Symlinking: /home/andreas/dev_ws/f1tenth_more/install/f1tenth_messages/share/f1tenth_messages/cmake/f1tenth_messagesConfig-version.cmake
-- Symlinking: /home/andreas/dev_ws/f1tenth_more/install/f1tenth_messages/share/f1tenth_messages/package.xml
-- Installing: /home/andreas/dev_ws/f1tenth_more/install/f1tenth_messages/lib/libf1tenth_messages__rosidl_generator_c.so
-- Set non-toolchain portion of runtime path of "/home/andreas/dev_ws/f1tenth_more/install/f1tenth_messages/lib/libf1tenth_messages__rosidl_generator_c.so" to ""
-- Installing: /home/andreas/dev_ws/f1tenth_more/install/f1tenth_messages/lib/libf1tenth_messages__rosidl_typesupport_fastrtps_c.so
-- Set non-toolchain portion of runtime path of "/home/andreas/dev_ws/f1tenth_more/install/f1tenth_messages/lib/libf1tenth_messages__rosidl_typesupport_fastrtps_c.so" to ""
-- Installing: /home/andreas/dev_ws/f1tenth_more/install/f1tenth_messages/lib/libf1tenth_messages__rosidl_typesupport_introspection_c.so
-- Set non-toolchain portion of runtime path of "/home/andreas/dev_ws/f1tenth_more/install/f1tenth_messages/lib/libf1tenth_messages__rosidl_typesupport_introspection_c.so" to ""
-- Installing: /home/andreas/dev_ws/f1tenth_more/install/f1tenth_messages/lib/libf1tenth_messages__rosidl_typesupport_c.so
-- Set non-toolchain portion of runtime path of "/home/andreas/dev_ws/f1tenth_more/install/f1tenth_messages/lib/libf1tenth_messages__rosidl_typesupport_c.so" to ""
-- Installing: /home/andreas/dev_ws/f1tenth_more/install/f1tenth_messages/lib/libf1tenth_messages__rosidl_typesupport_fastrtps_cpp.so
-- Set non-toolchain portion of runtime path of "/home/andreas/dev_ws/f1tenth_more/install/f1tenth_messages/lib/libf1tenth_messages__rosidl_typesupport_fastrtps_cpp.so" to ""
-- Installing: /home/andreas/dev_ws/f1tenth_more/install/f1tenth_messages/lib/libf1tenth_messages__rosidl_typesupport_introspection_cpp.so
-- Set non-toolchain portion of runtime path of "/home/andreas/dev_ws/f1tenth_more/install/f1tenth_messages/lib/libf1tenth_messages__rosidl_typesupport_introspection_cpp.so" to ""
-- Installing: /home/andreas/dev_ws/f1tenth_more/install/f1tenth_messages/lib/libf1tenth_messages__rosidl_typesupport_cpp.so
-- Set non-toolchain portion of runtime path of "/home/andreas/dev_ws/f1tenth_more/install/f1tenth_messages/lib/libf1tenth_messages__rosidl_typesupport_cpp.so" to ""
Listing '/home/andreas/dev_ws/f1tenth_more/install/f1tenth_messages/lib/python3.12/site-packages/f1tenth_messages'...
Compiling '/home/andreas/dev_ws/f1tenth_more/install/f1tenth_messages/lib/python3.12/site-packages/f1tenth_messages/__init__.py'...
Listing '/home/andreas/dev_ws/f1tenth_more/install/f1tenth_messages/lib/python3.12/site-packages/f1tenth_messages/msg'...
Compiling '/home/andreas/dev_ws/f1tenth_more/install/f1tenth_messages/lib/python3.12/site-packages/f1tenth_messages/msg/__init__.py'...
Compiling '/home/andreas/dev_ws/f1tenth_more/install/f1tenth_messages/lib/python3.12/site-packages/f1tenth_messages/msg/_battery_status.py'...
Compiling '/home/andreas/dev_ws/f1tenth_more/install/f1tenth_messages/lib/python3.12/site-packages/f1tenth_messages/msg/_behavior_tree_status.py'...
Compiling '/home/andreas/dev_ws/f1tenth_more/install/f1tenth_messages/lib/python3.12/site-packages/f1tenth_messages/msg/_boundary_constraint.py'...
Compiling '/home/andreas/dev_ws/f1tenth_more/install/f1tenth_messages/lib/python3.12/site-packages/f1tenth_messages/msg/_boundary_constraint_array.py'...
Compiling '/home/andreas/dev_ws/f1tenth_more/install/f1tenth_messages/lib/python3.12/site-packages/f1tenth_messages/msg/_drive_clamp.py'...
Compiling '/home/andreas/dev_ws/f1tenth_more/install/f1tenth_messages/lib/python3.12/site-packages/f1tenth_messages/msg/_drive_command.py'...
Compiling '/home/andreas/dev_ws/f1tenth_more/install/f1tenth_messages/lib/python3.12/site-packages/f1tenth_messages/msg/_mission_status.py'...
Compiling '/home/andreas/dev_ws/f1tenth_more/install/f1tenth_messages/lib/python3.12/site-packages/f1tenth_messages/msg/_move_outcome.py'...
Compiling '/home/andreas/dev_ws/f1tenth_more/install/f1tenth_messages/lib/python3.12/site-packages/f1tenth_messages/msg/_mpc_solver_status.py'...
Compiling '/home/andreas/dev_ws/f1tenth_more/install/f1tenth_messages/lib/python3.12/site-packages/f1tenth_messages/msg/_object_approach_status.py'...
Compiling '/home/andreas/dev_ws/f1tenth_more/install/f1tenth_messages/lib/python3.12/site-packages/f1tenth_messages/msg/_object_goal.py'...
Compiling '/home/andreas/dev_ws/f1tenth_more/install/f1tenth_messages/lib/python3.12/site-packages/f1tenth_messages/msg/_obstacle2_d.py'...
Compiling '/home/andreas/dev_ws/f1tenth_more/install/f1tenth_messages/lib/python3.12/site-packages/f1tenth_messages/msg/_obstacle2_d_array.py'...
Compiling '/home/andreas/dev_ws/f1tenth_more/install/f1tenth_messages/lib/python3.12/site-packages/f1tenth_messages/msg/_system_status.py'...
Compiling '/home/andreas/dev_ws/f1tenth_more/install/f1tenth_messages/lib/python3.12/site-packages/f1tenth_messages/msg/_turn_goal.py'...
Compiling '/home/andreas/dev_ws/f1tenth_more/install/f1tenth_messages/lib/python3.12/site-packages/f1tenth_messages/msg/_wall_array.py'...
Compiling '/home/andreas/dev_ws/f1tenth_more/install/f1tenth_messages/lib/python3.12/site-packages/f1tenth_messages/msg/_wall_detection.py'...
Compiling '/home/andreas/dev_ws/f1tenth_more/install/f1tenth_messages/lib/python3.12/site-packages/f1tenth_messages/msg/_wall_distance.py'...
Compiling '/home/andreas/dev_ws/f1tenth_more/install/f1tenth_messages/lib/python3.12/site-packages/f1tenth_messages/msg/_wall_estimate.py'...
Compiling '/home/andreas/dev_ws/f1tenth_more/install/f1tenth_messages/lib/python3.12/site-packages/f1tenth_messages/msg/_wall_line_fit.py'...
Compiling '/home/andreas/dev_ws/f1tenth_more/install/f1tenth_messages/lib/python3.12/site-packages/f1tenth_messages/msg/_wall_segment.py'...
Compiling '/home/andreas/dev_ws/f1tenth_more/install/f1tenth_messages/lib/python3.12/site-packages/f1tenth_messages/msg/_wall_track.py'...
Listing '/home/andreas/dev_ws/f1tenth_more/install/f1tenth_messages/lib/python3.12/site-packages/f1tenth_messages/srv'...
Compiling '/home/andreas/dev_ws/f1tenth_more/install/f1tenth_messages/lib/python3.12/site-packages/f1tenth_messages/srv/__init__.py'...
Compiling '/home/andreas/dev_ws/f1tenth_more/install/f1tenth_messages/lib/python3.12/site-packages/f1tenth_messages/srv/_component_control.py'...
Compiling '/home/andreas/dev_ws/f1tenth_more/install/f1tenth_messages/lib/python3.12/site-packages/f1tenth_messages/srv/_load_mission.py'...
Compiling '/home/andreas/dev_ws/f1tenth_more/install/f1tenth_messages/lib/python3.12/site-packages/f1tenth_messages/srv/_restart_component.py'...
Compiling '/home/andreas/dev_ws/f1tenth_more/install/f1tenth_messages/lib/python3.12/site-packages/f1tenth_messages/srv/_run_diagnostics.py'...
-- Installing: /home/andreas/dev_ws/f1tenth_more/install/f1tenth_messages/lib/libf1tenth_messages__rosidl_generator_py.so
-- Set non-toolchain portion of runtime path of "/home/andreas/dev_ws/f1tenth_more/install/f1tenth_messages/lib/libf1tenth_messages__rosidl_generator_py.so" to ""
-- Installing: /home/andreas/dev_ws/f1tenth_more/install/f1tenth_messages/share/f1tenth_messages/cmake/export_f1tenth_messages__rosidl_generator_cExport.cmake
-- Installing: /home/andreas/dev_ws/f1tenth_more/install/f1tenth_messages/share/f1tenth_messages/cmake/export_f1tenth_messages__rosidl_generator_cExport-noconfig.cmake
-- Installing: /home/andreas/dev_ws/f1tenth_more/install/f1tenth_messages/share/f1tenth_messages/cmake/export_f1tenth_messages__rosidl_typesupport_fastrtps_cExport.cmake
-- Installing: /home/andreas/dev_ws/f1tenth_more/install/f1tenth_messages/share/f1tenth_messages/cmake/export_f1tenth_messages__rosidl_typesupport_fastrtps_cExport-noconfig.cmake
-- Installing: /home/andreas/dev_ws/f1tenth_more/install/f1tenth_messages/share/f1tenth_messages/cmake/f1tenth_messages__rosidl_typesupport_introspection_cExport.cmake
-- Installing: /home/andreas/dev_ws/f1tenth_more/install/f1tenth_messages/share/f1tenth_messages/cmake/f1tenth_messages__rosidl_typesupport_introspection_cExport-noconfig.cmake
-- Installing: /home/andreas/dev_ws/f1tenth_more/install/f1tenth_messages/share/f1tenth_messages/cmake/f1tenth_messages__rosidl_typesupport_cExport.cmake
-- Installing: /home/andreas/dev_ws/f1tenth_more/install/f1tenth_messages/share/f1tenth_messages/cmake/f1tenth_messages__rosidl_typesupport_cExport-noconfig.cmake
-- Installing: /home/andreas/dev_ws/f1tenth_more/install/f1tenth_messages/share/f1tenth_messages/cmake/export_f1tenth_messages__rosidl_generator_cppExport.cmake
-- Installing: /home/andreas/dev_ws/f1tenth_more/install/f1tenth_messages/share/f1tenth_messages/cmake/export_f1tenth_messages__rosidl_typesupport_fastrtps_cppExport.cmake
-- Installing: /home/andreas/dev_ws/f1tenth_more/install/f1tenth_messages/share/f1tenth_messages/cmake/export_f1tenth_messages__rosidl_typesupport_fastrtps_cppExport-noconfig.cmake
-- Installing: /home/andreas/dev_ws/f1tenth_more/install/f1tenth_messages/share/f1tenth_messages/cmake/f1tenth_messages__rosidl_typesupport_introspection_cppExport.cmake
-- Installing: /home/andreas/dev_ws/f1tenth_more/install/f1tenth_messages/share/f1tenth_messages/cmake/f1tenth_messages__rosidl_typesupport_introspection_cppExport-noconfig.cmake
-- Installing: /home/andreas/dev_ws/f1tenth_more/install/f1tenth_messages/share/f1tenth_messages/cmake/f1tenth_messages__rosidl_typesupport_cppExport.cmake
-- Installing: /home/andreas/dev_ws/f1tenth_more/install/f1tenth_messages/share/f1tenth_messages/cmake/f1tenth_messages__rosidl_typesupport_cppExport-noconfig.cmake
-- Installing: /home/andreas/dev_ws/f1tenth_more/install/f1tenth_messages/share/f1tenth_messages/cmake/export_f1tenth_messages__rosidl_generator_pyExport.cmake
-- Installing: /home/andreas/dev_ws/f1tenth_more/install/f1tenth_messages/share/f1tenth_messages/cmake/export_f1tenth_messages__rosidl_generator_pyExport-noconfig.cmake
Finished <<< f1tenth_messages [28.3s]
Starting >>> f1tenth_perception
Starting >>> f1tenth_logger
Starting >>> f1tenth_diagnostics
Starting >>> f1tenth_costmap
running develop
running develop
running develop
running develop
running egg_info
creating f1tenth_diagnostics.egg-info
running egg_info
creating f1tenth_logger.egg-info
running egg_info
creating f1tenth_costmap.egg-info
running egg_info
creating f1tenth_perception.egg-info
writing f1tenth_diagnostics.egg-info/PKG-INFO
writing f1tenth_logger.egg-info/PKG-INFO
writing dependency_links to f1tenth_diagnostics.egg-info/dependency_links.txt
writing dependency_links to f1tenth_logger.egg-info/dependency_links.txt
writing entry points to f1tenth_diagnostics.egg-info/entry_points.txt
writing requirements to f1tenth_diagnostics.egg-info/requires.txt
writing entry points to f1tenth_logger.egg-info/entry_points.txt
writing requirements to f1tenth_logger.egg-info/requires.txt
writing top-level names to f1tenth_diagnostics.egg-info/top_level.txt
writing manifest file 'f1tenth_diagnostics.egg-info/SOURCES.txt'
writing top-level names to f1tenth_logger.egg-info/top_level.txt
writing manifest file 'f1tenth_logger.egg-info/SOURCES.txt'
writing f1tenth_costmap.egg-info/PKG-INFO
writing dependency_links to f1tenth_costmap.egg-info/dependency_links.txt
writing entry points to f1tenth_costmap.egg-info/entry_points.txt
writing requirements to f1tenth_costmap.egg-info/requires.txt
writing top-level names to f1tenth_costmap.egg-info/top_level.txt
writing manifest file 'f1tenth_costmap.egg-info/SOURCES.txt'
writing f1tenth_perception.egg-info/PKG-INFO
writing dependency_links to f1tenth_perception.egg-info/dependency_links.txt
writing entry points to f1tenth_perception.egg-info/entry_points.txt
writing requirements to f1tenth_perception.egg-info/requires.txt
writing top-level names to f1tenth_perception.egg-info/top_level.txt
writing manifest file 'f1tenth_perception.egg-info/SOURCES.txt'
reading manifest file 'f1tenth_logger.egg-info/SOURCES.txt'
reading manifest file 'f1tenth_diagnostics.egg-info/SOURCES.txt'
writing manifest file 'f1tenth_logger.egg-info/SOURCES.txt'
writing manifest file 'f1tenth_diagnostics.egg-info/SOURCES.txt'
reading manifest file 'f1tenth_costmap.egg-info/SOURCES.txt'
writing manifest file 'f1tenth_costmap.egg-info/SOURCES.txt'
reading manifest file 'f1tenth_perception.egg-info/SOURCES.txt'
writing manifest file 'f1tenth_perception.egg-info/SOURCES.txt'
running build_ext
running build_ext
Creating /home/andreas/dev_ws/f1tenth_more/install/f1tenth_logger/lib/python3.12/site-packages/f1tenth-logger.egg-link (link to .)
Creating /home/andreas/dev_ws/f1tenth_more/install/f1tenth_diagnostics/lib/python3.12/site-packages/f1tenth-diagnostics.egg-link (link to .)
Installing mission_extract script to /home/andreas/dev_ws/f1tenth_more/install/f1tenth_logger/lib/f1tenth_logger
Installing battery_voltage_check_node script to /home/andreas/dev_ws/f1tenth_more/install/f1tenth_diagnostics/lib/f1tenth_diagnostics
Installing mission_logger script to /home/andreas/dev_ws/f1tenth_more/install/f1tenth_logger/lib/f1tenth_logger
Installing diagnostics_server_node script to /home/andreas/dev_ws/f1tenth_more/install/f1tenth_diagnostics/lib/f1tenth_diagnostics
Installing mission_logger_node script to /home/andreas/dev_ws/f1tenth_more/install/f1tenth_logger/lib/f1tenth_logger
Installing ekf_cost_observer_node script to /home/andreas/dev_ws/f1tenth_more/install/f1tenth_diagnostics/lib/f1tenth_diagnostics
Installing mission_render script to /home/andreas/dev_ws/f1tenth_more/install/f1tenth_logger/lib/f1tenth_logger
Installing gyro_bias_calibration_node script to /home/andreas/dev_ws/f1tenth_more/install/f1tenth_diagnostics/lib/f1tenth_diagnostics
Installing mission_replay_video script to /home/andreas/dev_ws/f1tenth_more/install/f1tenth_logger/lib/f1tenth_logger
Installing sensor_covariance_calibration_node script to /home/andreas/dev_ws/f1tenth_more/install/f1tenth_diagnostics/lib/f1tenth_diagnostics
Installing slam_pose_covariance_calibration_node script to /home/andreas/dev_ws/f1tenth_more/install/f1tenth_diagnostics/lib/f1tenth_diagnostics
Installing runs script to /home/andreas/dev_ws/f1tenth_more/install/f1tenth_logger/lib/f1tenth_logger
Installing steering_offset_calibration_node script to /home/andreas/dev_ws/f1tenth_more/install/f1tenth_diagnostics/lib/f1tenth_diagnostics
Installing test_campaign_analyze script to /home/andreas/dev_ws/f1tenth_more/install/f1tenth_logger/lib/f1tenth_logger
Installing system_observer_node script to /home/andreas/dev_ws/f1tenth_more/install/f1tenth_diagnostics/lib/f1tenth_diagnostics
Installing test_campaign_corridor_plot script to /home/andreas/dev_ws/f1tenth_more/install/f1tenth_logger/lib/f1tenth_logger
Installing test_campaign_export script to /home/andreas/dev_ws/f1tenth_more/install/f1tenth_logger/lib/f1tenth_logger

Installed /home/andreas/dev_ws/f1tenth_more/build/f1tenth_diagnostics
Installing test_campaign_logger script to /home/andreas/dev_ws/f1tenth_more/install/f1tenth_logger/lib/f1tenth_logger
running symlink_data
Installing test_campaign_trigger script to /home/andreas/dev_ws/f1tenth_more/install/f1tenth_logger/lib/f1tenth_logger
creating /home/andreas/dev_ws/f1tenth_more/install/f1tenth_diagnostics/share/ament_index
creating /home/andreas/dev_ws/f1tenth_more/install/f1tenth_diagnostics/share/ament_index/resource_index
creating /home/andreas/dev_ws/f1tenth_more/install/f1tenth_diagnostics/share/ament_index/resource_index/packages

Installed /home/andreas/dev_ws/f1tenth_more/build/f1tenth_logger
symbolically linking /home/andreas/dev_ws/f1tenth_more/build/f1tenth_diagnostics/resource/f1tenth_diagnostics -> /home/andreas/dev_ws/f1tenth_more/install/f1tenth_diagnostics/share/ament_index/resource_index/packages
running symlink_data
symbolically linking /home/andreas/dev_ws/f1tenth_more/build/f1tenth_diagnostics/package.xml -> /home/andreas/dev_ws/f1tenth_more/install/f1tenth_diagnostics/share/f1tenth_diagnostics
creating /home/andreas/dev_ws/f1tenth_more/install/f1tenth_logger/share/ament_index
creating /home/andreas/dev_ws/f1tenth_more/install/f1tenth_logger/share/ament_index/resource_index
creating /home/andreas/dev_ws/f1tenth_more/install/f1tenth_diagnostics/share/f1tenth_diagnostics/launch
symbolically linking /home/andreas/dev_ws/f1tenth_more/build/f1tenth_diagnostics/launch/calibration.launch.py -> /home/andreas/dev_ws/f1tenth_more/install/f1tenth_diagnostics/share/f1tenth_diagnostics/launch
symbolically linking /home/andreas/dev_ws/f1tenth_more/build/f1tenth_diagnostics/launch/system_observer.launch.py -> /home/andreas/dev_ws/f1tenth_more/install/f1tenth_diagnostics/share/f1tenth_diagnostics/launch
symbolically linking /home/andreas/dev_ws/f1tenth_more/build/f1tenth_diagnostics/launch/diagnostics_server.launch.py -> /home/andreas/dev_ws/f1tenth_more/install/f1tenth_diagnostics/share/f1tenth_diagnostics/launch
symbolically linking /home/andreas/dev_ws/f1tenth_more/build/f1tenth_diagnostics/launch/steering_offset_calibration.launch.py -> /home/andreas/dev_ws/f1tenth_more/install/f1tenth_diagnostics/share/f1tenth_diagnostics/launch
creating /home/andreas/dev_ws/f1tenth_more/install/f1tenth_diagnostics/share/f1tenth_diagnostics/config
running build_ext
Creating /home/andreas/dev_ws/f1tenth_more/install/f1tenth_costmap/lib/python3.12/site-packages/f1tenth-costmap.egg-link (link to .)
creating /home/andreas/dev_ws/f1tenth_more/install/f1tenth_logger/share/ament_index/resource_index/packages
symbolically linking /home/andreas/dev_ws/f1tenth_more/build/f1tenth_logger/resource/f1tenth_logger -> /home/andreas/dev_ws/f1tenth_more/install/f1tenth_logger/share/ament_index/resource_index/packages
symbolically linking /home/andreas/dev_ws/f1tenth_more/build/f1tenth_logger/package.xml -> /home/andreas/dev_ws/f1tenth_more/install/f1tenth_logger/share/f1tenth_logger
creating /home/andreas/dev_ws/f1tenth_more/install/f1tenth_logger/share/f1tenth_logger/launch
symbolically linking /home/andreas/dev_ws/f1tenth_more/build/f1tenth_logger/launch/mission_logger.launch.py -> /home/andreas/dev_ws/f1tenth_more/install/f1tenth_logger/share/f1tenth_logger/launch
symbolically linking /home/andreas/dev_ws/f1tenth_more/build/f1tenth_logger/launch/test_campaign_logger.launch.py -> /home/andreas/dev_ws/f1tenth_more/install/f1tenth_logger/share/f1tenth_logger/launch
creating /home/andreas/dev_ws/f1tenth_more/install/f1tenth_logger/share/f1tenth_logger/config
symbolically linking /home/andreas/dev_ws/f1tenth_more/build/f1tenth_logger/config/test_campaign_logger.yaml -> /home/andreas/dev_ws/f1tenth_more/install/f1tenth_logger/share/f1tenth_logger/config
Installing costmap_boundary_node script to /home/andreas/dev_ws/f1tenth_more/install/f1tenth_costmap/lib/f1tenth_costmap
Installing costmap_renderer_node script to /home/andreas/dev_ws/f1tenth_more/install/f1tenth_costmap/lib/f1tenth_costmap
Installing semantic_layer_node script to /home/andreas/dev_ws/f1tenth_more/install/f1tenth_costmap/lib/f1tenth_costmap

Installed /home/andreas/dev_ws/f1tenth_more/build/f1tenth_costmap
running symlink_data
running build_ext
creating /home/andreas/dev_ws/f1tenth_more/install/f1tenth_costmap/share/ament_index
Creating /home/andreas/dev_ws/f1tenth_more/install/f1tenth_perception/lib/python3.12/site-packages/f1tenth-perception.egg-link (link to .)
creating /home/andreas/dev_ws/f1tenth_more/install/f1tenth_costmap/share/ament_index/resource_index
creating /home/andreas/dev_ws/f1tenth_more/install/f1tenth_costmap/share/ament_index/resource_index/packages
symbolically linking /home/andreas/dev_ws/f1tenth_more/build/f1tenth_costmap/resource/f1tenth_costmap -> /home/andreas/dev_ws/f1tenth_more/install/f1tenth_costmap/share/ament_index/resource_index/packages
symbolically linking /home/andreas/dev_ws/f1tenth_more/build/f1tenth_costmap/package.xml -> /home/andreas/dev_ws/f1tenth_more/install/f1tenth_costmap/share/f1tenth_costmap
creating /home/andreas/dev_ws/f1tenth_more/install/f1tenth_costmap/share/f1tenth_costmap/launch
symbolically linking /home/andreas/dev_ws/f1tenth_more/build/f1tenth_costmap/launch/costmap.launch.py -> /home/andreas/dev_ws/f1tenth_more/install/f1tenth_costmap/share/f1tenth_costmap/launch
Installing detection_3d_node script to /home/andreas/dev_ws/f1tenth_more/install/f1tenth_perception/lib/f1tenth_perception
Installing front_clearance_node script to /home/andreas/dev_ws/f1tenth_more/install/f1tenth_perception/lib/f1tenth_perception
Installing front_depth_monitor_node script to /home/andreas/dev_ws/f1tenth_more/install/f1tenth_perception/lib/f1tenth_perception
Installing lidar_front_wall_node script to /home/andreas/dev_ws/f1tenth_more/install/f1tenth_perception/lib/f1tenth_perception
Installing obstacle_clearance_node script to /home/andreas/dev_ws/f1tenth_more/install/f1tenth_perception/lib/f1tenth_perception
Installing obstacle_projector_node script to /home/andreas/dev_ws/f1tenth_more/install/f1tenth_perception/lib/f1tenth_perception
Installing swept_clearance_node script to /home/andreas/dev_ws/f1tenth_more/install/f1tenth_perception/lib/f1tenth_perception
Installing wall_distance_node script to /home/andreas/dev_ws/f1tenth_more/install/f1tenth_perception/lib/f1tenth_perception
Installing yolo_detector_node script to /home/andreas/dev_ws/f1tenth_more/install/f1tenth_perception/lib/f1tenth_perception

Installed /home/andreas/dev_ws/f1tenth_more/build/f1tenth_perception
running symlink_data
creating /home/andreas/dev_ws/f1tenth_more/install/f1tenth_perception/share/ament_index
creating /home/andreas/dev_ws/f1tenth_more/install/f1tenth_perception/share/ament_index/resource_index
creating /home/andreas/dev_ws/f1tenth_more/install/f1tenth_perception/share/ament_index/resource_index/packages
symbolically linking /home/andreas/dev_ws/f1tenth_more/build/f1tenth_perception/resource/f1tenth_perception -> /home/andreas/dev_ws/f1tenth_more/install/f1tenth_perception/share/ament_index/resource_index/packages
symbolically linking /home/andreas/dev_ws/f1tenth_more/build/f1tenth_perception/package.xml -> /home/andreas/dev_ws/f1tenth_more/install/f1tenth_perception/share/f1tenth_perception
creating /home/andreas/dev_ws/f1tenth_more/install/f1tenth_perception/share/f1tenth_perception/launch
symbolically linking /home/andreas/dev_ws/f1tenth_more/build/f1tenth_perception/launch/perception.launch.py -> /home/andreas/dev_ws/f1tenth_more/install/f1tenth_perception/share/f1tenth_perception/launch
symbolically linking /home/andreas/dev_ws/f1tenth_more/build/f1tenth_perception/launch/swept_clearance.launch.py -> /home/andreas/dev_ws/f1tenth_more/install/f1tenth_perception/share/f1tenth_perception/launch
symbolically linking /home/andreas/dev_ws/f1tenth_more/build/f1tenth_perception/launch/wall_distance.launch.py -> /home/andreas/dev_ws/f1tenth_more/install/f1tenth_perception/share/f1tenth_perception/launch
symbolically linking /home/andreas/dev_ws/f1tenth_more/build/f1tenth_perception/launch/obstacle_clearance.launch.py -> /home/andreas/dev_ws/f1tenth_more/install/f1tenth_perception/share/f1tenth_perception/launch
symbolically linking /home/andreas/dev_ws/f1tenth_more/build/f1tenth_perception/launch/detection.launch.py -> /home/andreas/dev_ws/f1tenth_more/install/f1tenth_perception/share/f1tenth_perception/launch
symbolically linking /home/andreas/dev_ws/f1tenth_more/build/f1tenth_perception/launch/lidar.launch.py -> /home/andreas/dev_ws/f1tenth_more/install/f1tenth_perception/share/f1tenth_perception/launch
symbolically linking /home/andreas/dev_ws/f1tenth_more/build/f1tenth_perception/launch/lidar_front_wall.launch.py -> /home/andreas/dev_ws/f1tenth_more/install/f1tenth_perception/share/f1tenth_perception/launch
symbolically linking /home/andreas/dev_ws/f1tenth_more/build/f1tenth_perception/launch/camera.launch.py -> /home/andreas/dev_ws/f1tenth_more/install/f1tenth_perception/share/f1tenth_perception/launch
creating /home/andreas/dev_ws/f1tenth_more/install/f1tenth_perception/share/f1tenth_perception/config
symbolically linking /home/andreas/dev_ws/f1tenth_more/build/f1tenth_perception/config/zed2_perception.yaml -> /home/andreas/dev_ws/f1tenth_more/install/f1tenth_perception/share/f1tenth_perception/config
creating /home/andreas/dev_ws/f1tenth_more/install/f1tenth_perception/share/f1tenth_perception/models
symbolically linking /home/andreas/dev_ws/f1tenth_more/build/f1tenth_perception/models/yolo26s-seg.pt -> /home/andreas/dev_ws/f1tenth_more/install/f1tenth_perception/share/f1tenth_perception/models
symbolically linking /home/andreas/dev_ws/f1tenth_more/build/f1tenth_perception/models/yolo26m.pt -> /home/andreas/dev_ws/f1tenth_more/install/f1tenth_perception/share/f1tenth_perception/models
symbolically linking /home/andreas/dev_ws/f1tenth_more/build/f1tenth_perception/models/yoloe-26s-seg.pt -> /home/andreas/dev_ws/f1tenth_more/install/f1tenth_perception/share/f1tenth_perception/models
symbolically linking /home/andreas/dev_ws/f1tenth_more/build/f1tenth_perception/models/yolo26s.pt -> /home/andreas/dev_ws/f1tenth_more/install/f1tenth_perception/share/f1tenth_perception/models
Finished <<< f1tenth_diagnostics [1.97s]
Starting >>> f1tenth_hardware
Finished <<< f1tenth_logger [1.99s]
Finished <<< f1tenth_costmap [1.98s]
Finished <<< f1tenth_perception [2.00s]
Starting >>> f1tenth_navigation
running develop
running develop
running egg_info
creating f1tenth_navigation.egg-info
running egg_info
creating f1tenth_hardware.egg-info
writing f1tenth_navigation.egg-info/PKG-INFO
writing dependency_links to f1tenth_navigation.egg-info/dependency_links.txt
writing requirements to f1tenth_navigation.egg-info/requires.txt
writing top-level names to f1tenth_navigation.egg-info/top_level.txt
writing manifest file 'f1tenth_navigation.egg-info/SOURCES.txt'
writing f1tenth_hardware.egg-info/PKG-INFO
writing dependency_links to f1tenth_hardware.egg-info/dependency_links.txt
writing requirements to f1tenth_hardware.egg-info/requires.txt
writing top-level names to f1tenth_hardware.egg-info/top_level.txt
writing manifest file 'f1tenth_hardware.egg-info/SOURCES.txt'
reading manifest file 'f1tenth_hardware.egg-info/SOURCES.txt'
writing manifest file 'f1tenth_hardware.egg-info/SOURCES.txt'
reading manifest file 'f1tenth_navigation.egg-info/SOURCES.txt'
writing manifest file 'f1tenth_navigation.egg-info/SOURCES.txt'
running build_ext
running build_ext
Creating /home/andreas/dev_ws/f1tenth_more/install/f1tenth_navigation/lib/python3.12/site-packages/f1tenth-navigation.egg-link (link to .)

Installed /home/andreas/dev_ws/f1tenth_more/build/f1tenth_navigation
running symlink_data
creating /home/andreas/dev_ws/f1tenth_more/install/f1tenth_navigation/share/ament_index
creating /home/andreas/dev_ws/f1tenth_more/install/f1tenth_navigation/share/ament_index/resource_index
creating /home/andreas/dev_ws/f1tenth_more/install/f1tenth_navigation/share/ament_index/resource_index/packages
symbolically linking /home/andreas/dev_ws/f1tenth_more/build/f1tenth_navigation/resource/f1tenth_navigation -> /home/andreas/dev_ws/f1tenth_more/install/f1tenth_navigation/share/ament_index/resource_index/packages
symbolically linking /home/andreas/dev_ws/f1tenth_more/build/f1tenth_navigation/package.xml -> /home/andreas/dev_ws/f1tenth_more/install/f1tenth_navigation/share/f1tenth_navigation
creating /home/andreas/dev_ws/f1tenth_more/install/f1tenth_navigation/share/f1tenth_navigation/launch
symbolically linking /home/andreas/dev_ws/f1tenth_more/build/f1tenth_navigation/launch/nav2.launch.py -> /home/andreas/dev_ws/f1tenth_more/install/f1tenth_navigation/share/f1tenth_navigation/launch
symbolically linking /home/andreas/dev_ws/f1tenth_more/build/f1tenth_navigation/launch/slam.launch.py -> /home/andreas/dev_ws/f1tenth_more/install/f1tenth_navigation/share/f1tenth_navigation/launch
symbolically linking /home/andreas/dev_ws/f1tenth_more/build/f1tenth_navigation/launch/map.launch.py -> /home/andreas/dev_ws/f1tenth_more/install/f1tenth_navigation/share/f1tenth_navigation/launch
symbolically linking /home/andreas/dev_ws/f1tenth_more/build/f1tenth_navigation/launch/bt_navigator.launch.py -> /home/andreas/dev_ws/f1tenth_more/install/f1tenth_navigation/share/f1tenth_navigation/launch
symbolically linking /home/andreas/dev_ws/f1tenth_more/build/f1tenth_navigation/launch/planner.launch.py -> /home/andreas/dev_ws/f1tenth_more/install/f1tenth_navigation/share/f1tenth_navigation/launch
symbolically linking /home/andreas/dev_ws/f1tenth_more/build/f1tenth_navigation/launch/behavior_server.launch.py -> /home/andreas/dev_ws/f1tenth_more/install/f1tenth_navigation/share/f1tenth_navigation/launch
symbolically linking /home/andreas/dev_ws/f1tenth_more/build/f1tenth_navigation/launch/controller.launch.py -> /home/andreas/dev_ws/f1tenth_more/install/f1tenth_navigation/share/f1tenth_navigation/launch
symbolically linking /home/andreas/dev_ws/f1tenth_more/build/f1tenth_navigation/launch/map_only.launch.py -> /home/andreas/dev_ws/f1tenth_more/install/f1tenth_navigation/share/f1tenth_navigation/launch
symbolically linking /home/andreas/dev_ws/f1tenth_more/build/f1tenth_navigation/launch/navigation.launch.py -> /home/andreas/dev_ws/f1tenth_more/install/f1tenth_navigation/share/f1tenth_navigation/launch
creating /home/andreas/dev_ws/f1tenth_more/install/f1tenth_navigation/share/f1tenth_navigation/maps
symbolically linking /home/andreas/dev_ws/f1tenth_more/build/f1tenth_navigation/maps/square_100m.yaml -> /home/andreas/dev_ws/f1tenth_more/install/f1tenth_navigation/share/f1tenth_navigation/maps
symbolically linking /home/andreas/dev_ws/f1tenth_more/build/f1tenth_navigation/maps/square_100m.pgm -> /home/andreas/dev_ws/f1tenth_more/install/f1tenth_navigation/share/f1tenth_navigation/maps
symbolically linking /home/andreas/dev_ws/f1tenth_more/build/f1tenth_navigation/maps/track_bw.png -> /home/andreas/dev_ws/f1tenth_more/install/f1tenth_navigation/share/f1tenth_navigation/maps
symbolically linking /home/andreas/dev_ws/f1tenth_more/build/f1tenth_navigation/maps/map.pgm -> /home/andreas/dev_ws/f1tenth_more/install/f1tenth_navigation/share/f1tenth_navigation/maps
symbolically linking /home/andreas/dev_ws/f1tenth_more/build/f1tenth_navigation/maps/track_bw.yaml -> /home/andreas/dev_ws/f1tenth_more/install/f1tenth_navigation/share/f1tenth_navigation/maps
symbolically linking /home/andreas/dev_ws/f1tenth_more/build/f1tenth_navigation/maps/map.yaml -> /home/andreas/dev_ws/f1tenth_more/install/f1tenth_navigation/share/f1tenth_navigation/maps
symbolically linking /home/andreas/dev_ws/f1tenth_more/build/f1tenth_navigation/maps/README.md -> /home/andreas/dev_ws/f1tenth_more/install/f1tenth_navigation/share/f1tenth_navigation/maps
creating /home/andreas/dev_ws/f1tenth_more/install/f1tenth_navigation/share/f1tenth_navigation/config
symbolically linking /home/andreas/dev_ws/f1tenth_more/build/f1tenth_navigation/config/slam_toolbox_params.yaml -> /home/andreas/dev_ws/f1tenth_more/install/f1tenth_navigation/share/f1tenth_navigation/config
symbolically linking /home/andreas/dev_ws/f1tenth_more/build/f1tenth_navigation/config/nav2_params.yaml -> /home/andreas/dev_ws/f1tenth_more/install/f1tenth_navigation/share/f1tenth_navigation/config
Creating /home/andreas/dev_ws/f1tenth_more/install/f1tenth_hardware/lib/python3.12/site-packages/f1tenth-hardware.egg-link (link to .)

Installed /home/andreas/dev_ws/f1tenth_more/build/f1tenth_hardware
running symlink_data
creating /home/andreas/dev_ws/f1tenth_more/install/f1tenth_hardware/share/ament_index
creating /home/andreas/dev_ws/f1tenth_more/install/f1tenth_hardware/share/ament_index/resource_index
creating /home/andreas/dev_ws/f1tenth_more/install/f1tenth_hardware/share/ament_index/resource_index/packages
symbolically linking /home/andreas/dev_ws/f1tenth_more/build/f1tenth_hardware/resource/f1tenth_hardware -> /home/andreas/dev_ws/f1tenth_more/install/f1tenth_hardware/share/ament_index/resource_index/packages
symbolically linking /home/andreas/dev_ws/f1tenth_more/build/f1tenth_hardware/package.xml -> /home/andreas/dev_ws/f1tenth_more/install/f1tenth_hardware/share/f1tenth_hardware
creating /home/andreas/dev_ws/f1tenth_more/install/f1tenth_hardware/share/f1tenth_hardware/launch
symbolically linking /home/andreas/dev_ws/f1tenth_more/build/f1tenth_hardware/launch/vesc.launch.py -> /home/andreas/dev_ws/f1tenth_more/install/f1tenth_hardware/share/f1tenth_hardware/launch
creating /home/andreas/dev_ws/f1tenth_more/install/f1tenth_hardware/share/f1tenth_hardware/config
symbolically linking /home/andreas/dev_ws/f1tenth_more/build/f1tenth_hardware/config/steering_calibration.yaml -> /home/andreas/dev_ws/f1tenth_more/install/f1tenth_hardware/share/f1tenth_hardware/config
Finished <<< f1tenth_navigation [1.56s]
Starting >>> f1tenth_behavior
Finished <<< f1tenth_hardware [1.79s]
running develop
running egg_info
creating f1tenth_behavior.egg-info
writing f1tenth_behavior.egg-info/PKG-INFO
writing dependency_links to f1tenth_behavior.egg-info/dependency_links.txt
writing entry points to f1tenth_behavior.egg-info/entry_points.txt
writing requirements to f1tenth_behavior.egg-info/requires.txt
writing top-level names to f1tenth_behavior.egg-info/top_level.txt
writing manifest file 'f1tenth_behavior.egg-info/SOURCES.txt'
reading manifest file 'f1tenth_behavior.egg-info/SOURCES.txt'
writing manifest file 'f1tenth_behavior.egg-info/SOURCES.txt'
running build_ext
Creating /home/andreas/dev_ws/f1tenth_more/install/f1tenth_behavior/lib/python3.12/site-packages/f1tenth-behavior.egg-link (link to .)
Installing behavior_executor_node script to /home/andreas/dev_ws/f1tenth_more/install/f1tenth_behavior/lib/f1tenth_behavior
Installing twist_to_ackermann_node script to /home/andreas/dev_ws/f1tenth_more/install/f1tenth_behavior/lib/f1tenth_behavior
Installing wait_for_trigger_service_node script to /home/andreas/dev_ws/f1tenth_more/install/f1tenth_behavior/lib/f1tenth_behavior

Installed /home/andreas/dev_ws/f1tenth_more/build/f1tenth_behavior
running symlink_data
creating /home/andreas/dev_ws/f1tenth_more/install/f1tenth_behavior/share/ament_index
creating /home/andreas/dev_ws/f1tenth_more/install/f1tenth_behavior/share/ament_index/resource_index
creating /home/andreas/dev_ws/f1tenth_more/install/f1tenth_behavior/share/ament_index/resource_index/packages
symbolically linking /home/andreas/dev_ws/f1tenth_more/build/f1tenth_behavior/resource/f1tenth_behavior -> /home/andreas/dev_ws/f1tenth_more/install/f1tenth_behavior/share/ament_index/resource_index/packages
symbolically linking /home/andreas/dev_ws/f1tenth_more/build/f1tenth_behavior/package.xml -> /home/andreas/dev_ws/f1tenth_more/install/f1tenth_behavior/share/f1tenth_behavior
creating /home/andreas/dev_ws/f1tenth_more/install/f1tenth_behavior/share/f1tenth_behavior/launch
symbolically linking /home/andreas/dev_ws/f1tenth_more/build/f1tenth_behavior/launch/behavior_bringup.launch.py -> /home/andreas/dev_ws/f1tenth_more/install/f1tenth_behavior/share/f1tenth_behavior/launch
creating /home/andreas/dev_ws/f1tenth_more/install/f1tenth_behavior/share/f1tenth_behavior/config
symbolically linking /home/andreas/dev_ws/f1tenth_more/build/f1tenth_behavior/config/twist_to_ackermann.yaml -> /home/andreas/dev_ws/f1tenth_more/install/f1tenth_behavior/share/f1tenth_behavior/config
creating /home/andreas/dev_ws/f1tenth_more/install/f1tenth_behavior/share/f1tenth_behavior/missions
symbolically linking /home/andreas/dev_ws/f1tenth_more/build/f1tenth_behavior/missions/boundary_constraint_diag_05m.json -> /home/andreas/dev_ws/f1tenth_more/install/f1tenth_behavior/share/f1tenth_behavior/missions
symbolically linking /home/andreas/dev_ws/f1tenth_more/build/f1tenth_behavior/missions/test_05_perception_tracking.json -> /home/andreas/dev_ws/f1tenth_more/install/f1tenth_behavior/share/f1tenth_behavior/missions
symbolically linking /home/andreas/dev_ws/f1tenth_more/build/f1tenth_behavior/missions/drive_straight_to_wall_3m.json -> /home/andreas/dev_ws/f1tenth_more/install/f1tenth_behavior/share/f1tenth_behavior/missions
symbolically linking /home/andreas/dev_ws/f1tenth_more/build/f1tenth_behavior/missions/drive_stop_1m_from_object.json -> /home/andreas/dev_ws/f1tenth_more/install/f1tenth_behavior/share/f1tenth_behavior/missions
symbolically linking /home/andreas/dev_ws/f1tenth_more/build/f1tenth_behavior/missions/test_01.json -> /home/andreas/dev_ws/f1tenth_more/install/f1tenth_behavior/share/f1tenth_behavior/missions
symbolically linking /home/andreas/dev_ws/f1tenth_more/build/f1tenth_behavior/missions/wall_turn_then_straight.json -> /home/andreas/dev_ws/f1tenth_more/install/f1tenth_behavior/share/f1tenth_behavior/missions
symbolically linking /home/andreas/dev_ws/f1tenth_more/build/f1tenth_behavior/missions/bottle_then_person.json -> /home/andreas/dev_ws/f1tenth_more/install/f1tenth_behavior/share/f1tenth_behavior/missions
symbolically linking /home/andreas/dev_ws/f1tenth_more/build/f1tenth_behavior/missions/go_to_chair_floor.json -> /home/andreas/dev_ws/f1tenth_more/install/f1tenth_behavior/share/f1tenth_behavior/missions
symbolically linking /home/andreas/dev_ws/f1tenth_more/build/f1tenth_behavior/missions/go_to_chair.json -> /home/andreas/dev_ws/f1tenth_more/install/f1tenth_behavior/share/f1tenth_behavior/missions
symbolically linking /home/andreas/dev_ws/f1tenth_more/build/f1tenth_behavior/missions/test_02_no_stop_obstacle.json -> /home/andreas/dev_ws/f1tenth_more/install/f1tenth_behavior/share/f1tenth_behavior/missions
symbolically linking /home/andreas/dev_ws/f1tenth_more/build/f1tenth_behavior/missions/dock_approach_01.json -> /home/andreas/dev_ws/f1tenth_more/install/f1tenth_behavior/share/f1tenth_behavior/missions
symbolically linking /home/andreas/dev_ws/f1tenth_more/build/f1tenth_behavior/missions/test_03_bounce_walls.json -> /home/andreas/dev_ws/f1tenth_more/install/f1tenth_behavior/share/f1tenth_behavior/missions
symbolically linking /home/andreas/dev_ws/f1tenth_more/build/f1tenth_behavior/missions/test_04_turn_accuracy.json -> /home/andreas/dev_ws/f1tenth_more/install/f1tenth_behavior/share/f1tenth_behavior/missions
symbolically linking /home/andreas/dev_ws/f1tenth_more/build/f1tenth_behavior/missions/wall_turn.json -> /home/andreas/dev_ws/f1tenth_more/install/f1tenth_behavior/share/f1tenth_behavior/missions
symbolically linking /home/andreas/dev_ws/f1tenth_more/build/f1tenth_behavior/missions/go_to_person_floor.json -> /home/andreas/dev_ws/f1tenth_more/install/f1tenth_behavior/share/f1tenth_behavior/missions
symbolically linking /home/andreas/dev_ws/f1tenth_more/build/f1tenth_behavior/missions/turn_90_left.json -> /home/andreas/dev_ws/f1tenth_more/install/f1tenth_behavior/share/f1tenth_behavior/missions
symbolically linking /home/andreas/dev_ws/f1tenth_more/build/f1tenth_behavior/missions/drive_turn_180.json -> /home/andreas/dev_ws/f1tenth_more/install/f1tenth_behavior/share/f1tenth_behavior/missions
symbolically linking /home/andreas/dev_ws/f1tenth_more/build/f1tenth_behavior/missions/go_to_person.json -> /home/andreas/dev_ws/f1tenth_more/install/f1tenth_behavior/share/f1tenth_behavior/missions
symbolically linking /home/andreas/dev_ws/f1tenth_more/build/f1tenth_behavior/missions/straight_left_straight.json -> /home/andreas/dev_ws/f1tenth_more/install/f1tenth_behavior/share/f1tenth_behavior/missions
symbolically linking /home/andreas/dev_ws/f1tenth_more/build/f1tenth_behavior/missions/drive_stop_2m_from_wall.json -> /home/andreas/dev_ws/f1tenth_more/install/f1tenth_behavior/share/f1tenth_behavior/missions
Finished <<< f1tenth_behavior [1.36s]
Starting >>> llm
running develop
running egg_info
creating llm.egg-info
writing llm.egg-info/PKG-INFO
writing dependency_links to llm.egg-info/dependency_links.txt
writing entry points to llm.egg-info/entry_points.txt
writing requirements to llm.egg-info/requires.txt
writing top-level names to llm.egg-info/top_level.txt
writing manifest file 'llm.egg-info/SOURCES.txt'
reading manifest file 'llm.egg-info/SOURCES.txt'
writing manifest file 'llm.egg-info/SOURCES.txt'
running build_ext
Creating /home/andreas/dev_ws/f1tenth_more/install/llm/lib/python3.12/site-packages/llm.egg-link (link to .)
Installing llm_planner_node script to /home/andreas/dev_ws/f1tenth_more/install/llm/lib/llm

Installed /home/andreas/dev_ws/f1tenth_more/build/llm
running symlink_data
creating /home/andreas/dev_ws/f1tenth_more/install/llm/share/ament_index
creating /home/andreas/dev_ws/f1tenth_more/install/llm/share/ament_index/resource_index
creating /home/andreas/dev_ws/f1tenth_more/install/llm/share/ament_index/resource_index/packages
symbolically linking /home/andreas/dev_ws/f1tenth_more/build/llm/resource/llm -> /home/andreas/dev_ws/f1tenth_more/install/llm/share/ament_index/resource_index/packages
symbolically linking /home/andreas/dev_ws/f1tenth_more/build/llm/package.xml -> /home/andreas/dev_ws/f1tenth_more/install/llm/share/llm
creating /home/andreas/dev_ws/f1tenth_more/install/llm/share/llm/launch
symbolically linking /home/andreas/dev_ws/f1tenth_more/build/llm/launch/llm.launch.py -> /home/andreas/dev_ws/f1tenth_more/install/llm/share/llm/launch
creating /home/andreas/dev_ws/f1tenth_more/install/llm/share/llm/config
symbolically linking /home/andreas/dev_ws/f1tenth_more/build/llm/config/models.yaml -> /home/andreas/dev_ws/f1tenth_more/install/llm/share/llm/config
symbolically linking /home/andreas/dev_ws/f1tenth_more/build/llm/config/interrogations.yaml -> /home/andreas/dev_ws/f1tenth_more/install/llm/share/llm/config
symbolically linking /home/andreas/dev_ws/f1tenth_more/build/llm/config/llm_planner_params.yaml -> /home/andreas/dev_ws/f1tenth_more/install/llm/share/llm/config
creating /home/andreas/dev_ws/f1tenth_more/install/llm/share/llm/schemas
symbolically linking /home/andreas/dev_ws/f1tenth_more/build/llm/schemas/intent_v1.json -> /home/andreas/dev_ws/f1tenth_more/install/llm/share/llm/schemas
creating /home/andreas/dev_ws/f1tenth_more/install/llm/share/llm/prompts
symbolically linking /home/andreas/dev_ws/f1tenth_more/build/llm/prompts/planner_system_prompt.v2.it.txt -> /home/andreas/dev_ws/f1tenth_more/install/llm/share/llm/prompts
symbolically linking /home/andreas/dev_ws/f1tenth_more/build/llm/prompts/planner_system_prompt.v2.no_go_to.it.txt -> /home/andreas/dev_ws/f1tenth_more/install/llm/share/llm/prompts
Finished <<< llm [1.40s]
Starting >>> mpc_controller
running develop
running egg_info
creating mpc_controller.egg-info
writing mpc_controller.egg-info/PKG-INFO
writing dependency_links to mpc_controller.egg-info/dependency_links.txt
writing entry points to mpc_controller.egg-info/entry_points.txt
writing requirements to mpc_controller.egg-info/requires.txt
writing top-level names to mpc_controller.egg-info/top_level.txt
writing manifest file 'mpc_controller.egg-info/SOURCES.txt'
reading manifest file 'mpc_controller.egg-info/SOURCES.txt'
writing manifest file 'mpc_controller.egg-info/SOURCES.txt'
running build_ext
Creating /home/andreas/dev_ws/f1tenth_more/install/mpc_controller/lib/python3.12/site-packages/mpc-controller.egg-link (link to .)
Installing andre_mpc_node script to /home/andreas/dev_ws/f1tenth_more/install/mpc_controller/lib/mpc_controller
Installing model_log script to /home/andreas/dev_ws/f1tenth_more/install/mpc_controller/lib/mpc_controller
Installing mpc_corr script to /home/andreas/dev_ws/f1tenth_more/install/mpc_controller/lib/mpc_controller

Installed /home/andreas/dev_ws/f1tenth_more/build/mpc_controller
running symlink_data
creating /home/andreas/dev_ws/f1tenth_more/install/mpc_controller/share/ament_index
creating /home/andreas/dev_ws/f1tenth_more/install/mpc_controller/share/ament_index/resource_index
creating /home/andreas/dev_ws/f1tenth_more/install/mpc_controller/share/ament_index/resource_index/packages
symbolically linking /home/andreas/dev_ws/f1tenth_more/build/mpc_controller/resource/mpc_controller -> /home/andreas/dev_ws/f1tenth_more/install/mpc_controller/share/ament_index/resource_index/packages
symbolically linking /home/andreas/dev_ws/f1tenth_more/build/mpc_controller/package.xml -> /home/andreas/dev_ws/f1tenth_more/install/mpc_controller/share/mpc_controller
Finished <<< mpc_controller [1.38s]
Starting >>> f1tenth_control
running develop
running egg_info
creating f1tenth_control.egg-info
writing f1tenth_control.egg-info/PKG-INFO
writing dependency_links to f1tenth_control.egg-info/dependency_links.txt
writing requirements to f1tenth_control.egg-info/requires.txt
writing top-level names to f1tenth_control.egg-info/top_level.txt
writing manifest file 'f1tenth_control.egg-info/SOURCES.txt'
reading manifest file 'f1tenth_control.egg-info/SOURCES.txt'
writing manifest file 'f1tenth_control.egg-info/SOURCES.txt'
running build_ext
Creating /home/andreas/dev_ws/f1tenth_more/install/f1tenth_control/lib/python3.12/site-packages/f1tenth-control.egg-link (link to .)

Installed /home/andreas/dev_ws/f1tenth_more/build/f1tenth_control
running symlink_data
creating /home/andreas/dev_ws/f1tenth_more/install/f1tenth_control/share/ament_index
creating /home/andreas/dev_ws/f1tenth_more/install/f1tenth_control/share/ament_index/resource_index
creating /home/andreas/dev_ws/f1tenth_more/install/f1tenth_control/share/ament_index/resource_index/packages
symbolically linking /home/andreas/dev_ws/f1tenth_more/build/f1tenth_control/resource/f1tenth_control -> /home/andreas/dev_ws/f1tenth_more/install/f1tenth_control/share/ament_index/resource_index/packages
symbolically linking /home/andreas/dev_ws/f1tenth_more/build/f1tenth_control/package.xml -> /home/andreas/dev_ws/f1tenth_more/install/f1tenth_control/share/f1tenth_control
creating /home/andreas/dev_ws/f1tenth_more/install/f1tenth_control/share/f1tenth_control/launch
symbolically linking /home/andreas/dev_ws/f1tenth_more/build/f1tenth_control/launch/mpc.launch.py -> /home/andreas/dev_ws/f1tenth_more/install/f1tenth_control/share/f1tenth_control/launch
symbolically linking /home/andreas/dev_ws/f1tenth_more/build/f1tenth_control/launch/joy.launch.py -> /home/andreas/dev_ws/f1tenth_more/install/f1tenth_control/share/f1tenth_control/launch
symbolically linking /home/andreas/dev_ws/f1tenth_more/build/f1tenth_control/launch/ackermann_mux.launch.py -> /home/andreas/dev_ws/f1tenth_more/install/f1tenth_control/share/f1tenth_control/launch
symbolically linking /home/andreas/dev_ws/f1tenth_more/build/f1tenth_control/launch/mpc_corr.launch.py -> /home/andreas/dev_ws/f1tenth_more/install/f1tenth_control/share/f1tenth_control/launch
Finished <<< f1tenth_control [1.39s]
Starting >>> f1tenth_bringup
running develop
running egg_info
creating f1tenth_bringup.egg-info
writing f1tenth_bringup.egg-info/PKG-INFO
writing dependency_links to f1tenth_bringup.egg-info/dependency_links.txt
writing entry points to f1tenth_bringup.egg-info/entry_points.txt
writing requirements to f1tenth_bringup.egg-info/requires.txt
writing top-level names to f1tenth_bringup.egg-info/top_level.txt
writing manifest file 'f1tenth_bringup.egg-info/SOURCES.txt'
reading manifest file 'f1tenth_bringup.egg-info/SOURCES.txt'
writing manifest file 'f1tenth_bringup.egg-info/SOURCES.txt'
running build_ext
Creating /home/andreas/dev_ws/f1tenth_more/install/f1tenth_bringup/lib/python3.12/site-packages/f1tenth-bringup.egg-link (link to .)
Installing component_supervisor_node script to /home/andreas/dev_ws/f1tenth_more/install/f1tenth_bringup/lib/f1tenth_bringup
Installing stack_startup_sequence script to /home/andreas/dev_ws/f1tenth_more/install/f1tenth_bringup/lib/f1tenth_bringup

Installed /home/andreas/dev_ws/f1tenth_more/build/f1tenth_bringup
running symlink_data
creating /home/andreas/dev_ws/f1tenth_more/install/f1tenth_bringup/share/ament_index
creating /home/andreas/dev_ws/f1tenth_more/install/f1tenth_bringup/share/ament_index/resource_index
creating /home/andreas/dev_ws/f1tenth_more/install/f1tenth_bringup/share/ament_index/resource_index/packages
symbolically linking /home/andreas/dev_ws/f1tenth_more/build/f1tenth_bringup/resource/f1tenth_bringup -> /home/andreas/dev_ws/f1tenth_more/install/f1tenth_bringup/share/ament_index/resource_index/packages
symbolically linking /home/andreas/dev_ws/f1tenth_more/build/f1tenth_bringup/package.xml -> /home/andreas/dev_ws/f1tenth_more/install/f1tenth_bringup/share/f1tenth_bringup
creating /home/andreas/dev_ws/f1tenth_more/install/f1tenth_bringup/share/f1tenth_bringup/launch
symbolically linking /home/andreas/dev_ws/f1tenth_more/build/f1tenth_bringup/launch/foxglove_bridge.launch.py -> /home/andreas/dev_ws/f1tenth_more/install/f1tenth_bringup/share/f1tenth_bringup/launch
symbolically linking /home/andreas/dev_ws/f1tenth_more/build/f1tenth_bringup/launch/stack_bringup.launch.py -> /home/andreas/dev_ws/f1tenth_more/install/f1tenth_bringup/share/f1tenth_bringup/launch
symbolically linking /home/andreas/dev_ws/f1tenth_more/build/f1tenth_bringup/launch/supervisor_bringup.launch.py -> /home/andreas/dev_ws/f1tenth_more/install/f1tenth_bringup/share/f1tenth_bringup/launch
symbolically linking /home/andreas/dev_ws/f1tenth_more/build/f1tenth_bringup/launch/startup_sequence.launch.py -> /home/andreas/dev_ws/f1tenth_more/install/f1tenth_bringup/share/f1tenth_bringup/launch
creating /home/andreas/dev_ws/f1tenth_more/install/f1tenth_bringup/share/f1tenth_bringup/config
symbolically linking /home/andreas/dev_ws/f1tenth_more/build/f1tenth_bringup/config/components.yaml -> /home/andreas/dev_ws/f1tenth_more/install/f1tenth_bringup/share/f1tenth_bringup/config
symbolically linking /home/andreas/dev_ws/f1tenth_more/build/f1tenth_bringup/config/f1tenth_online_async.yaml -> /home/andreas/dev_ws/f1tenth_more/install/f1tenth_bringup/share/f1tenth_bringup/config
symbolically linking /home/andreas/dev_ws/f1tenth_more/build/f1tenth_bringup/config/ekf_global.yaml -> /home/andreas/dev_ws/f1tenth_more/install/f1tenth_bringup/share/f1tenth_bringup/config
symbolically linking /home/andreas/dev_ws/f1tenth_more/build/f1tenth_bringup/config/joy_teleop.yaml -> /home/andreas/dev_ws/f1tenth_more/install/f1tenth_bringup/share/f1tenth_bringup/config
symbolically linking /home/andreas/dev_ws/f1tenth_more/build/f1tenth_bringup/config/vesc.yaml -> /home/andreas/dev_ws/f1tenth_more/install/f1tenth_bringup/share/f1tenth_bringup/config
symbolically linking /home/andreas/dev_ws/f1tenth_more/build/f1tenth_bringup/config/ekf.yaml -> /home/andreas/dev_ws/f1tenth_more/install/f1tenth_bringup/share/f1tenth_bringup/config
symbolically linking /home/andreas/dev_ws/f1tenth_more/build/f1tenth_bringup/config/sensors.yaml -> /home/andreas/dev_ws/f1tenth_more/install/f1tenth_bringup/share/f1tenth_bringup/config
symbolically linking /home/andreas/dev_ws/f1tenth_more/build/f1tenth_bringup/config/mux.yaml -> /home/andreas/dev_ws/f1tenth_more/install/f1tenth_bringup/share/f1tenth_bringup/config
creating /home/andreas/dev_ws/f1tenth_more/install/f1tenth_bringup/share/f1tenth_bringup/scripts
symbolically linking /home/andreas/dev_ws/f1tenth_more/build/f1tenth_bringup/scripts/ensure_discovery_server.py -> /home/andreas/dev_ws/f1tenth_more/install/f1tenth_bringup/share/f1tenth_bringup/scripts
Finished <<< f1tenth_bringup [1.46s]
Starting >>> f1tenth_more
running develop
running egg_info
creating f1tenth_more.egg-info
writing f1tenth_more.egg-info/PKG-INFO
writing dependency_links to f1tenth_more.egg-info/dependency_links.txt
writing requirements to f1tenth_more.egg-info/requires.txt
writing top-level names to f1tenth_more.egg-info/top_level.txt
writing manifest file 'f1tenth_more.egg-info/SOURCES.txt'
reading manifest file 'f1tenth_more.egg-info/SOURCES.txt'
writing manifest file 'f1tenth_more.egg-info/SOURCES.txt'
running build_ext
Creating /home/andreas/dev_ws/f1tenth_more/install/f1tenth_more/lib/python3.12/site-packages/f1tenth-more.egg-link (link to .)

Installed /home/andreas/dev_ws/f1tenth_more/build/f1tenth_more
running symlink_data
creating /home/andreas/dev_ws/f1tenth_more/install/f1tenth_more/share/ament_index
creating /home/andreas/dev_ws/f1tenth_more/install/f1tenth_more/share/ament_index/resource_index
creating /home/andreas/dev_ws/f1tenth_more/install/f1tenth_more/share/ament_index/resource_index/packages
symbolically linking /home/andreas/dev_ws/f1tenth_more/build/f1tenth_more/resource/f1tenth_more -> /home/andreas/dev_ws/f1tenth_more/install/f1tenth_more/share/ament_index/resource_index/packages
symbolically linking /home/andreas/dev_ws/f1tenth_more/build/f1tenth_more/package.xml -> /home/andreas/dev_ws/f1tenth_more/install/f1tenth_more/share/f1tenth_more
Finished <<< f1tenth_more [1.48s]

Summary: 18 packages finished [40.6s]
