[INFO] [1791022872.210410054] [behavior_executor_node]: [mission] mission_file_name parameter not set -- waiting for a path on /mission/load_path, or a call to /mission/load_mission (mission.state stays IDLE until then).
[INFO] [1791022872.212312989] [behavior_executor_node]: No goal pose received yet -- waiting on /goal_pose (see HasGoalPose).
[INFO] [1791022872.215146937] [behavior_executor_node]: BT safety config: camera_obstacle_stop=False lidar_safety_stop=True (front=0.15m side=0.15m) sys_obs_load_trip=False (needs 3 consecutive samples); camera obstacles reach the MPC via /perception/obstacles_2d regardless.
[INFO] [1791022872.320285456] [behavior_executor_node]: BT snapshot -- root=FAILURE, lanes: emergency=FAILURE | mission=FAILURE | navigation=FAILURE
[o] root [x]
    [-] emergency [x]
        [o] emergency_condition [x]
            --> IsBatteryLow [x]
            --> IsEmergencyStopTriggered [x]
            --> IsProximityTooClose [x]
            --> IsSystemOverheated [x]
        --> Stop [-]
    [-] mission [x]
        --> MissionActive [x]
        [o] mission_selector [-]
            [-] mission_object_response [-]
                --> ObjectSeen [-]
                --> HandleObjectAction [-]
            [-] mission_progress [-]
                --> PublishMoveGoal [-]
                --> GoToObject [-]
                --> CheckStopCondition [-]
                --> AdvanceMove [-]
    [-] navigation [x]
        --> HasMpcGoal [x]

[INFO] [1791022873.418147317] [behavior_executor_node]: BT snapshot -- root=FAILURE, lanes: emergency=FAILURE | mission=FAILURE | navigation=FAILURE
[o] root [x]
    [-] emergency [x]
        [o] emergency_condition [x]
            --> IsBatteryLow [x]
            --> IsEmergencyStopTriggered [x]
            --> IsProximityTooClose [x]
            --> IsSystemOverheated [x]
        --> Stop [-]
    [-] mission [x]
        --> MissionActive [x]
        [o] mission_selector [-]
            [-] mission_object_response [-]
                --> ObjectSeen [-]
                --> HandleObjectAction [-]
            [-] mission_progress [-]
                --> PublishMoveGoal [-]
                --> GoToObject [-]
                --> CheckStopCondition [-]
                --> AdvanceMove [-]
    [-] navigation [x]
        --> HasMpcGoal [x]

[INFO] [1791022874.426908903] [behavior_executor_node]: BT snapshot -- root=FAILURE, lanes: emergency=FAILURE | mission=FAILURE | navigation=FAILURE
[o] root [x]
    [-] emergency [x]
        [o] emergency_condition [x]
            --> IsBatteryLow [x]
            --> IsEmergencyStopTriggered [x]
            --> IsProximityTooClose [x]
            --> IsSystemOverheated [x]
        --> Stop [-]
    [-] mission [x]
        --> MissionActive [x]
        [o] mission_selector [-]
            [-] mission_object_response [-]
                --> ObjectSeen [-]
                --> HandleObjectAction [-]
            [-] mission_progress [-]
                --> PublishMoveGoal [-]
                --> GoToObject [-]
                --> CheckStopCondition [-]
                --> AdvanceMove [-]
    [-] navigation [x]
        --> HasMpcGoal [x]

[INFO] [1791022875.530015601] [behavior_executor_node]: BT snapshot -- root=FAILURE, lanes: emergency=FAILURE | mission=FAILURE | navigation=FAILURE
[o] root [x]
    [-] emergency [x]
        [o] emergency_condition [x]
            --> IsBatteryLow [x]
            --> IsEmergencyStopTriggered [x]
            --> IsProximityTooClose [x]
            --> IsSystemOverheated [x]
        --> Stop [-]
    [-] mission [x]
        --> MissionActive [x]
        [o] mission_selector [-]
            [-] mission_object_response [-]
                --> ObjectSeen [-]
                --> HandleObjectAction [-]
            [-] mission_progress [-]
                --> PublishMoveGoal [-]
                --> GoToObject [-]
                --> CheckStopCondition [-]
                --> AdvanceMove [-]
    [-] navigation [x]
        --> HasMpcGoal [x]

[INFO] [1791022876.618879848] [behavior_executor_node]: BT snapshot -- root=FAILURE, lanes: emergency=FAILURE | mission=FAILURE | navigation=FAILURE
[o] root [x]
    [-] emergency [x]
        [o] emergency_condition [x]
            --> IsBatteryLow [x]
            --> IsEmergencyStopTriggered [x]
            --> IsProximityTooClose [x]
            --> IsSystemOverheated [x]
        --> Stop [-]
    [-] mission [x]
        --> MissionActive [x]
        [o] mission_selector [-]
            [-] mission_object_response [-]
                --> ObjectSeen [-]
                --> HandleObjectAction [-]
            [-] mission_progress [-]
                --> PublishMoveGoal [-]
                --> GoToObject [-]
                --> CheckStopCondition [-]
                --> AdvanceMove [-]
    [-] navigation [x]
        --> HasMpcGoal [x]

[INFO] [1791022877.718767711] [behavior_executor_node]: BT snapshot -- root=FAILURE, lanes: emergency=FAILURE | mission=FAILURE | navigation=FAILURE
[o] root [x]
    [-] emergency [x]
        [o] emergency_condition [x]
            --> IsBatteryLow [x]
            --> IsEmergencyStopTriggered [x]
            --> IsProximityTooClose [x]
            --> IsSystemOverheated [x]
        --> Stop [-]
    [-] mission [x]
        --> MissionActive [x]
        [o] mission_selector [-]
            [-] mission_object_response [-]
                --> ObjectSeen [-]
                --> HandleObjectAction [-]
            [-] mission_progress [-]
                --> PublishMoveGoal [-]
                --> GoToObject [-]
                --> CheckStopCondition [-]
                --> AdvanceMove [-]
    [-] navigation [x]
        --> HasMpcGoal [x]

[INFO] [1791022878.718783545] [behavior_executor_node]: BT snapshot -- root=FAILURE, lanes: emergency=FAILURE | mission=FAILURE | navigation=FAILURE
[o] root [x]
    [-] emergency [x]
        [o] emergency_condition [x]
            --> IsBatteryLow [x]
            --> IsEmergencyStopTriggered [x]
            --> IsProximityTooClose [x]
            --> IsSystemOverheated [x]
        --> Stop [-]
    [-] mission [x]
        --> MissionActive [x]
        [o] mission_selector [-]
            [-] mission_object_response [-]
                --> ObjectSeen [-]
                --> HandleObjectAction [-]
            [-] mission_progress [-]
                --> PublishMoveGoal [-]
                --> GoToObject [-]
                --> CheckStopCondition [-]
                --> AdvanceMove [-]
    [-] navigation [x]
        --> HasMpcGoal [x]

[INFO] [1791022879.826123219] [behavior_executor_node]: BT snapshot -- root=FAILURE, lanes: emergency=FAILURE | mission=FAILURE | navigation=FAILURE
[o] root [x]
    [-] emergency [x]
        [o] emergency_condition [x]
            --> IsBatteryLow [x]
            --> IsEmergencyStopTriggered [x]
            --> IsProximityTooClose [x]
            --> IsSystemOverheated [x]
        --> Stop [-]
    [-] mission [x]
        --> MissionActive [x]
        [o] mission_selector [-]
            [-] mission_object_response [-]
                --> ObjectSeen [-]
                --> HandleObjectAction [-]
            [-] mission_progress [-]
                --> PublishMoveGoal [-]
                --> GoToObject [-]
                --> CheckStopCondition [-]
                --> AdvanceMove [-]
    [-] navigation [x]
        --> HasMpcGoal [x]

[INFO] [1791022880.919111016] [behavior_executor_node]: BT snapshot -- root=FAILURE, lanes: emergency=FAILURE | mission=FAILURE | navigation=FAILURE
[o] root [x]
    [-] emergency [x]
        [o] emergency_condition [x]
            --> IsBatteryLow [x]
            --> IsEmergencyStopTriggered [x]
            --> IsProximityTooClose [x]
            --> IsSystemOverheated [x]
        --> Stop [-]
    [-] mission [x]
        --> MissionActive [x]
        [o] mission_selector [-]
            [-] mission_object_response [-]
                --> ObjectSeen [-]
                --> HandleObjectAction [-]
            [-] mission_progress [-]
                --> PublishMoveGoal [-]
                --> GoToObject [-]
                --> CheckStopCondition [-]
                --> AdvanceMove [-]
    [-] navigation [x]
        --> HasMpcGoal [x]

[INFO] [1791022882.018927659] [behavior_executor_node]: BT snapshot -- root=FAILURE, lanes: emergency=FAILURE | mission=FAILURE | navigation=FAILURE
[o] root [x]
    [-] emergency [x]
        [o] emergency_condition [x]
            --> IsBatteryLow [x]
            --> IsEmergencyStopTriggered [x]
            --> IsProximityTooClose [x]
            --> IsSystemOverheated [x]
        --> Stop [-]
    [-] mission [x]
        --> MissionActive [x]
        [o] mission_selector [-]
            [-] mission_object_response [-]
                --> ObjectSeen [-]
                --> HandleObjectAction [-]
            [-] mission_progress [-]
                --> PublishMoveGoal [-]
                --> GoToObject [-]
                --> CheckStopCondition [-]
                --> AdvanceMove [-]
    [-] navigation [x]
        --> HasMpcGoal [x]

[INFO] [1791022883.127238035] [behavior_executor_node]: BT snapshot -- root=FAILURE, lanes: emergency=FAILURE | mission=FAILURE | navigation=FAILURE
[o] root [x]
    [-] emergency [x]
        [o] emergency_condition [x]
            --> IsBatteryLow [x]
            --> IsEmergencyStopTriggered [x]
            --> IsProximityTooClose [x]
            --> IsSystemOverheated [x]
        --> Stop [-]
    [-] mission [x]
        --> MissionActive [x]
        [o] mission_selector [-]
            [-] mission_object_response [-]
                --> ObjectSeen [-]
                --> HandleObjectAction [-]
            [-] mission_progress [-]
                --> PublishMoveGoal [-]
                --> GoToObject [-]
                --> CheckStopCondition [-]
                --> AdvanceMove [-]
    [-] navigation [x]
        --> HasMpcGoal [x]

[INFO] [1791022884.218728550] [behavior_executor_node]: BT snapshot -- root=FAILURE, lanes: emergency=FAILURE | mission=FAILURE | navigation=FAILURE
[o] root [x]
    [-] emergency [x]
        [o] emergency_condition [x]
            --> IsBatteryLow [x]
            --> IsEmergencyStopTriggered [x]
            --> IsProximityTooClose [x]
            --> IsSystemOverheated [x]
        --> Stop [-]
    [-] mission [x]
        --> MissionActive [x]
        [o] mission_selector [-]
            [-] mission_object_response [-]
                --> ObjectSeen [-]
                --> HandleObjectAction [-]
            [-] mission_progress [-]
                --> PublishMoveGoal [-]
                --> GoToObject [-]
                --> CheckStopCondition [-]
                --> AdvanceMove [-]
    [-] navigation [x]
        --> HasMpcGoal [x]

[INFO] [1791022885.218885048] [behavior_executor_node]: BT snapshot -- root=FAILURE, lanes: emergency=FAILURE | mission=FAILURE | navigation=FAILURE
[o] root [x]
    [-] emergency [x]
        [o] emergency_condition [x]
            --> IsBatteryLow [x]
            --> IsEmergencyStopTriggered [x]
            --> IsProximityTooClose [x]
            --> IsSystemOverheated [x]
        --> Stop [-]
    [-] mission [x]
        --> MissionActive [x]
        [o] mission_selector [-]
            [-] mission_object_response [-]
                --> ObjectSeen [-]
                --> HandleObjectAction [-]
            [-] mission_progress [-]
                --> PublishMoveGoal [-]
                --> GoToObject [-]
                --> CheckStopCondition [-]
                --> AdvanceMove [-]
    [-] navigation [x]
        --> HasMpcGoal [x]

[INFO] [1791022886.323422084] [behavior_executor_node]: BT snapshot -- root=FAILURE, lanes: emergency=FAILURE | mission=FAILURE | navigation=FAILURE
[o] root [x]
    [-] emergency [x]
        [o] emergency_condition [x]
            --> IsBatteryLow [x]
            --> IsEmergencyStopTriggered [x]
            --> IsProximityTooClose [x]
            --> IsSystemOverheated [x]
        --> Stop [-]
    [-] mission [x]
        --> MissionActive [x]
        [o] mission_selector [-]
            [-] mission_object_response [-]
                --> ObjectSeen [-]
                --> HandleObjectAction [-]
            [-] mission_progress [-]
                --> PublishMoveGoal [-]
                --> GoToObject [-]
                --> CheckStopCondition [-]
                --> AdvanceMove [-]
    [-] navigation [x]
        --> HasMpcGoal [x]

[INFO] [1791022887.418780713] [behavior_executor_node]: BT snapshot -- root=FAILURE, lanes: emergency=FAILURE | mission=FAILURE | navigation=FAILURE
[o] root [x]
    [-] emergency [x]
        [o] emergency_condition [x]
            --> IsBatteryLow [x]
            --> IsEmergencyStopTriggered [x]
            --> IsProximityTooClose [x]
            --> IsSystemOverheated [x]
        --> Stop [-]
    [-] mission [x]
        --> MissionActive [x]
        [o] mission_selector [-]
            [-] mission_object_response [-]
                --> ObjectSeen [-]
                --> HandleObjectAction [-]
            [-] mission_progress [-]
                --> PublishMoveGoal [-]
                --> GoToObject [-]
                --> CheckStopCondition [-]
                --> AdvanceMove [-]
    [-] navigation [x]
        --> HasMpcGoal [x]

[INFO] [1791022888.525119977] [behavior_executor_node]: BT snapshot -- root=FAILURE, lanes: emergency=FAILURE | mission=FAILURE | navigation=FAILURE
[o] root [x]
    [-] emergency [x]
        [o] emergency_condition [x]
            --> IsBatteryLow [x]
            --> IsEmergencyStopTriggered [x]
            --> IsProximityTooClose [x]
            --> IsSystemOverheated [x]
        --> Stop [-]
    [-] mission [x]
        --> MissionActive [x]
        [o] mission_selector [-]
            [-] mission_object_response [-]
                --> ObjectSeen [-]
                --> HandleObjectAction [-]
            [-] mission_progress [-]
                --> PublishMoveGoal [-]
                --> GoToObject [-]
                --> CheckStopCondition [-]
                --> AdvanceMove [-]
    [-] navigation [x]
        --> HasMpcGoal [x]

[INFO] [1791022889.538117528] [behavior_executor_node]: BT snapshot -- root=FAILURE, lanes: emergency=FAILURE | mission=FAILURE | navigation=FAILURE
[o] root [x]
    [-] emergency [x]
        [o] emergency_condition [x]
            --> IsBatteryLow [x]
            --> IsEmergencyStopTriggered [x]
            --> IsProximityTooClose [x]
            --> IsSystemOverheated [x]
        --> Stop [-]
    [-] mission [x]
        --> MissionActive [x]
        [o] mission_selector [-]
            [-] mission_object_response [-]
                --> ObjectSeen [-]
                --> HandleObjectAction [-]
            [-] mission_progress [-]
                --> PublishMoveGoal [-]
                --> GoToObject [-]
                --> CheckStopCondition [-]
                --> AdvanceMove [-]
    [-] navigation [x]
        --> HasMpcGoal [x]

[INFO] [1791022890.619550196] [behavior_executor_node]: BT snapshot -- root=FAILURE, lanes: emergency=FAILURE | mission=FAILURE | navigation=FAILURE
[o] root [x]
    [-] emergency [x]
        [o] emergency_condition [x]
            --> IsBatteryLow [x]
            --> IsEmergencyStopTriggered [x]
            --> IsProximityTooClose [x]
            --> IsSystemOverheated [x]
        --> Stop [-]
    [-] mission [x]
        --> MissionActive [x]
        [o] mission_selector [-]
            [-] mission_object_response [-]
                --> ObjectSeen [-]
                --> HandleObjectAction [-]
            [-] mission_progress [-]
                --> PublishMoveGoal [-]
                --> GoToObject [-]
                --> CheckStopCondition [-]
                --> AdvanceMove [-]
    [-] navigation [x]
        --> HasMpcGoal [x]

[INFO] [1791022891.620417955] [behavior_executor_node]: BT snapshot -- root=FAILURE, lanes: emergency=FAILURE | mission=FAILURE | navigation=FAILURE
[o] root [x]
    [-] emergency [x]
        [o] emergency_condition [x]
            --> IsBatteryLow [x]
            --> IsEmergencyStopTriggered [x]
            --> IsProximityTooClose [x]
            --> IsSystemOverheated [x]
        --> Stop [-]
    [-] mission [x]
        --> MissionActive [x]
        [o] mission_selector [-]
            [-] mission_object_response [-]
                --> ObjectSeen [-]
                --> HandleObjectAction [-]
            [-] mission_progress [-]
                --> PublishMoveGoal [-]
                --> GoToObject [-]
                --> CheckStopCondition [-]
                --> AdvanceMove [-]
    [-] navigation [x]
        --> HasMpcGoal [x]

[INFO] [1791022892.723278962] [behavior_executor_node]: BT snapshot -- root=FAILURE, lanes: emergency=FAILURE | mission=FAILURE | navigation=FAILURE
[o] root [x]
    [-] emergency [x]
        [o] emergency_condition [x]
            --> IsBatteryLow [x]
            --> IsEmergencyStopTriggered [x]
            --> IsProximityTooClose [x]
            --> IsSystemOverheated [x]
        --> Stop [-]
    [-] mission [x]
        --> MissionActive [x]
        [o] mission_selector [-]
            [-] mission_object_response [-]
                --> ObjectSeen [-]
                --> HandleObjectAction [-]
            [-] mission_progress [-]
                --> PublishMoveGoal [-]
                --> GoToObject [-]
                --> CheckStopCondition [-]
                --> AdvanceMove [-]
    [-] navigation [x]
        --> HasMpcGoal [x]

[INFO] [1791022893.818897760] [behavior_executor_node]: BT snapshot -- root=FAILURE, lanes: emergency=FAILURE | mission=FAILURE | navigation=FAILURE
[o] root [x]
    [-] emergency [x]
        [o] emergency_condition [x]
            --> IsBatteryLow [x]
            --> IsEmergencyStopTriggered [x]
            --> IsProximityTooClose [x]
            --> IsSystemOverheated [x]
        --> Stop [-]
    [-] mission [x]
        --> MissionActive [x]
        [o] mission_selector [-]
            [-] mission_object_response [-]
                --> ObjectSeen [-]
                --> HandleObjectAction [-]
            [-] mission_progress [-]
                --> PublishMoveGoal [-]
                --> GoToObject [-]
                --> CheckStopCondition [-]
                --> AdvanceMove [-]
    [-] navigation [x]
        --> HasMpcGoal [x]

[INFO] [1791022894.818948714] [behavior_executor_node]: BT snapshot -- root=FAILURE, lanes: emergency=FAILURE | mission=FAILURE | navigation=FAILURE
[o] root [x]
    [-] emergency [x]
        [o] emergency_condition [x]
            --> IsBatteryLow [x]
            --> IsEmergencyStopTriggered [x]
            --> IsProximityTooClose [x]
            --> IsSystemOverheated [x]
        --> Stop [-]
    [-] mission [x]
        --> MissionActive [x]
        [o] mission_selector [-]
            [-] mission_object_response [-]
                --> ObjectSeen [-]
                --> HandleObjectAction [-]
            [-] mission_progress [-]
                --> PublishMoveGoal [-]
                --> GoToObject [-]
                --> CheckStopCondition [-]
                --> AdvanceMove [-]
    [-] navigation [x]
        --> HasMpcGoal [x]

[INFO] [1791022895.820414015] [behavior_executor_node]: BT snapshot -- root=FAILURE, lanes: emergency=FAILURE | mission=FAILURE | navigation=FAILURE
[o] root [x]
    [-] emergency [x]
        [o] emergency_condition [x]
            --> IsBatteryLow [x]
            --> IsEmergencyStopTriggered [x]
            --> IsProximityTooClose [x]
            --> IsSystemOverheated [x]
        --> Stop [-]
    [-] mission [x]
        --> MissionActive [x]
        [o] mission_selector [-]
            [-] mission_object_response [-]
                --> ObjectSeen [-]
                --> HandleObjectAction [-]
            [-] mission_progress [-]
                --> PublishMoveGoal [-]
                --> GoToObject [-]
                --> CheckStopCondition [-]
                --> AdvanceMove [-]
    [-] navigation [x]
        --> HasMpcGoal [x]

[INFO] [1791022896.844681364] [behavior_executor_node]: [IsProximityTooClose] DIAG /scan layout (first message): angle_min=-2.3562 rad (-135.0 deg), angle_max=2.3562 rad (+135.0 deg), angle_increment=0.004363 rad (0.2500 deg), range_min=0.020 m, len(ranges)=1081
[INFO] [1791022896.845492266] [behavior_executor_node]: [IsProximityTooClose] DIAG scan: total=1081 in_window=721 excluded_by_filter=0 min_in_window=0.643 front_min=1.643
[INFO] [1791022896.917490257] [behavior_executor_node]: BT snapshot -- root=FAILURE, lanes: emergency=FAILURE | mission=FAILURE | navigation=FAILURE
[o] root [x]
    [-] emergency [x]
        [o] emergency_condition [x]
            --> IsBatteryLow [x]
            --> IsEmergencyStopTriggered [x]
            --> IsProximityTooClose [x]
            --> IsSystemOverheated [x]
        --> Stop [-]
    [-] mission [x]
        --> MissionActive [x]
        [o] mission_selector [-]
            [-] mission_object_response [-]
                --> ObjectSeen [-]
                --> HandleObjectAction [-]
            [-] mission_progress [-]
                --> PublishMoveGoal [-]
                --> GoToObject [-]
                --> CheckStopCondition [-]
                --> AdvanceMove [-]
    [-] navigation [x]
        --> HasMpcGoal [x]

[INFO] [1791022898.017436924] [behavior_executor_node]: BT snapshot -- root=FAILURE, lanes: emergency=FAILURE | mission=FAILURE | navigation=FAILURE
[o] root [x]
    [-] emergency [x]
        [o] emergency_condition [x]
            --> IsBatteryLow [x]
            --> IsEmergencyStopTriggered [x]
            --> IsProximityTooClose [x]
            --> IsSystemOverheated [x]
        --> Stop [-]
    [-] mission [x]
        --> MissionActive [x]
        [o] mission_selector [-]
            [-] mission_object_response [-]
                --> ObjectSeen [-]
                --> HandleObjectAction [-]
            [-] mission_progress [-]
                --> PublishMoveGoal [-]
                --> GoToObject [-]
                --> CheckStopCondition [-]
                --> AdvanceMove [-]
    [-] navigation [x]
        --> HasMpcGoal [x]

[INFO] [1791022898.851803489] [behavior_executor_node]: [IsProximityTooClose] DIAG scan: total=1081 in_window=721 excluded_by_filter=0 min_in_window=0.577 front_min=1.506
[INFO] [1791022899.018550701] [behavior_executor_node]: BT snapshot -- root=FAILURE, lanes: emergency=FAILURE | mission=FAILURE | navigation=FAILURE
[o] root [x]
    [-] emergency [x]
        [o] emergency_condition [x]
            --> IsBatteryLow [x]
            --> IsEmergencyStopTriggered [x]
            --> IsProximityTooClose [x]
            --> IsSystemOverheated [x]
        --> Stop [-]
    [-] mission [x]
        --> MissionActive [x]
        [o] mission_selector [-]
            [-] mission_object_response [-]
                --> ObjectSeen [-]
                --> HandleObjectAction [-]
            [-] mission_progress [-]
                --> PublishMoveGoal [-]
                --> GoToObject [-]
                --> CheckStopCondition [-]
                --> AdvanceMove [-]
    [-] navigation [x]
        --> HasMpcGoal [x]

[INFO] [1791022900.118072596] [behavior_executor_node]: BT snapshot -- root=FAILURE, lanes: emergency=FAILURE | mission=FAILURE | navigation=FAILURE
[o] root [x]
    [-] emergency [x]
        [o] emergency_condition [x]
            --> IsBatteryLow [x]
            --> IsEmergencyStopTriggered [x]
            --> IsProximityTooClose [x]
            --> IsSystemOverheated [x]
        --> Stop [-]
    [-] mission [x]
        --> MissionActive [x]
        [o] mission_selector [-]
            [-] mission_object_response [-]
                --> ObjectSeen [-]
                --> HandleObjectAction [-]
            [-] mission_progress [-]
                --> PublishMoveGoal [-]
                --> GoToObject [-]
                --> CheckStopCondition [-]
                --> AdvanceMove [-]
    [-] navigation [x]
        --> HasMpcGoal [x]

[INFO] [1791022900.854509499] [behavior_executor_node]: [IsProximityTooClose] DIAG scan: total=1081 in_window=721 excluded_by_filter=0 min_in_window=0.597 front_min=1.493
[INFO] [1791022901.217589558] [behavior_executor_node]: BT snapshot -- root=FAILURE, lanes: emergency=FAILURE | mission=FAILURE | navigation=FAILURE
[o] root [x]
    [-] emergency [x]
        [o] emergency_condition [x]
            --> IsBatteryLow [x]
            --> IsEmergencyStopTriggered [x]
            --> IsProximityTooClose [x]
            --> IsSystemOverheated [x]
        --> Stop [-]
    [-] mission [x]
        --> MissionActive [x]
        [o] mission_selector [-]
            [-] mission_object_response [-]
                --> ObjectSeen [-]
                --> HandleObjectAction [-]
            [-] mission_progress [-]
                --> PublishMoveGoal [-]
                --> GoToObject [-]
                --> CheckStopCondition [-]
                --> AdvanceMove [-]
    [-] navigation [x]
        --> HasMpcGoal [x]

[INFO] [1791022902.318617691] [behavior_executor_node]: BT snapshot -- root=FAILURE, lanes: emergency=FAILURE | mission=FAILURE | navigation=FAILURE
[o] root [x]
    [-] emergency [x]
        [o] emergency_condition [x]
            --> IsBatteryLow [x]
            --> IsEmergencyStopTriggered [x]
            --> IsProximityTooClose [x]
            --> IsSystemOverheated [x]
        --> Stop [-]
    [-] mission [x]
        --> MissionActive [x]
        [o] mission_selector [-]
            [-] mission_object_response [-]
                --> ObjectSeen [-]
                --> HandleObjectAction [-]
            [-] mission_progress [-]
                --> PublishMoveGoal [-]
                --> GoToObject [-]
                --> CheckStopCondition [-]
                --> AdvanceMove [-]
    [-] navigation [x]
        --> HasMpcGoal [x]

[INFO] [1791022902.883107981] [behavior_executor_node]: [IsProximityTooClose] DIAG scan: total=1081 in_window=721 excluded_by_filter=0 min_in_window=0.592 front_min=1.335
[INFO] [1791022903.423538475] [behavior_executor_node]: BT snapshot -- root=FAILURE, lanes: emergency=FAILURE | mission=FAILURE | navigation=FAILURE
[o] root [x]
    [-] emergency [x]
        [o] emergency_condition [x]
            --> IsBatteryLow [x]
            --> IsEmergencyStopTriggered [x]
            --> IsProximityTooClose [x]
            --> IsSystemOverheated [x]
        --> Stop [-]
    [-] mission [x]
        --> MissionActive [x]
        [o] mission_selector [-]
            [-] mission_object_response [-]
                --> ObjectSeen [-]
                --> HandleObjectAction [-]
            [-] mission_progress [-]
                --> PublishMoveGoal [-]
                --> GoToObject [-]
                --> CheckStopCondition [-]
                --> AdvanceMove [-]
    [-] navigation [x]
        --> HasMpcGoal [x]

[INFO] [1791022904.517475310] [behavior_executor_node]: BT snapshot -- root=FAILURE, lanes: emergency=FAILURE | mission=FAILURE | navigation=FAILURE
[o] root [x]
    [-] emergency [x]
        [o] emergency_condition [x]
            --> IsBatteryLow [x]
            --> IsEmergencyStopTriggered [x]
            --> IsProximityTooClose [x]
            --> IsSystemOverheated [x]
        --> Stop [-]
    [-] mission [x]
        --> MissionActive [x]
        [o] mission_selector [-]
            [-] mission_object_response [-]
                --> ObjectSeen [-]
                --> HandleObjectAction [-]
            [-] mission_progress [-]
                --> PublishMoveGoal [-]
                --> GoToObject [-]
                --> CheckStopCondition [-]
                --> AdvanceMove [-]
    [-] navigation [x]
        --> HasMpcGoal [x]

[INFO] [1791022904.884217356] [behavior_executor_node]: [IsProximityTooClose] DIAG scan: total=1081 in_window=721 excluded_by_filter=0 min_in_window=0.951 front_min=1.286
[INFO] [1791022905.602891874] [behavior_executor_node]: BT snapshot -- root=FAILURE, lanes: emergency=FAILURE | mission=FAILURE | navigation=FAILURE
[o] root [x]
    [-] emergency [x]
        [o] emergency_condition [x]
            --> IsBatteryLow [x]
            --> IsEmergencyStopTriggered [x]
            --> IsProximityTooClose [x]
            --> IsSystemOverheated [x]
        --> Stop [-]
    [-] mission [x]
        --> MissionActive [x]
        [o] mission_selector [-]
            [-] mission_object_response [-]
                --> ObjectSeen [-]
                --> HandleObjectAction [-]
            [-] mission_progress [-]
                --> PublishMoveGoal [-]
                --> GoToObject [-]
                --> CheckStopCondition [-]
                --> AdvanceMove [-]
    [-] navigation [x]
        --> HasMpcGoal [x]

[INFO] [1791022906.617464230] [behavior_executor_node]: BT snapshot -- root=FAILURE, lanes: emergency=FAILURE | mission=FAILURE | navigation=FAILURE
[o] root [x]
    [-] emergency [x]
        [o] emergency_condition [x]
            --> IsBatteryLow [x]
            --> IsEmergencyStopTriggered [x]
            --> IsProximityTooClose [x]
            --> IsSystemOverheated [x]
        --> Stop [-]
    [-] mission [x]
        --> MissionActive [x]
        [o] mission_selector [-]
            [-] mission_object_response [-]
                --> ObjectSeen [-]
                --> HandleObjectAction [-]
            [-] mission_progress [-]
                --> PublishMoveGoal [-]
                --> GoToObject [-]
                --> CheckStopCondition [-]
                --> AdvanceMove [-]
    [-] navigation [x]
        --> HasMpcGoal [x]

[INFO] [1791022906.910996603] [behavior_executor_node]: [IsProximityTooClose] DIAG scan: total=1081 in_window=721 excluded_by_filter=0 min_in_window=0.815 front_min=1.089
[INFO] [1791022907.618093713] [behavior_executor_node]: BT snapshot -- root=FAILURE, lanes: emergency=FAILURE | mission=FAILURE | navigation=FAILURE
[o] root [x]
    [-] emergency [x]
        [o] emergency_condition [x]
            --> IsBatteryLow [x]
            --> IsEmergencyStopTriggered [x]
            --> IsProximityTooClose [x]
            --> IsSystemOverheated [x]
        --> Stop [-]
    [-] mission [x]
        --> MissionActive [x]
        [o] mission_selector [-]
            [-] mission_object_response [-]
                --> ObjectSeen [-]
                --> HandleObjectAction [-]
            [-] mission_progress [-]
                --> PublishMoveGoal [-]
                --> GoToObject [-]
                --> CheckStopCondition [-]
                --> AdvanceMove [-]
    [-] navigation [x]
        --> HasMpcGoal [x]

[INFO] [1791022908.618011485] [behavior_executor_node]: BT snapshot -- root=FAILURE, lanes: emergency=FAILURE | mission=FAILURE | navigation=FAILURE
[o] root [x]
    [-] emergency [x]
        [o] emergency_condition [x]
            --> IsBatteryLow [x]
            --> IsEmergencyStopTriggered [x]
            --> IsProximityTooClose [x]
            --> IsSystemOverheated [x]
        --> Stop [-]
    [-] mission [x]
        --> MissionActive [x]
        [o] mission_selector [-]
            [-] mission_object_response [-]
                --> ObjectSeen [-]
                --> HandleObjectAction [-]
            [-] mission_progress [-]
                --> PublishMoveGoal [-]
                --> GoToObject [-]
                --> CheckStopCondition [-]
                --> AdvanceMove [-]
    [-] navigation [x]
        --> HasMpcGoal [x]

[INFO] [1791022908.920214846] [behavior_executor_node]: [IsProximityTooClose] DIAG scan: total=1081 in_window=721 excluded_by_filter=0 min_in_window=0.760 front_min=1.646
[INFO] [1791022909.618932613] [behavior_executor_node]: BT snapshot -- root=FAILURE, lanes: emergency=FAILURE | mission=FAILURE | navigation=FAILURE
[o] root [x]
    [-] emergency [x]
        [o] emergency_condition [x]
            --> IsBatteryLow [x]
            --> IsEmergencyStopTriggered [x]
            --> IsProximityTooClose [x]
            --> IsSystemOverheated [x]
        --> Stop [-]
    [-] mission [x]
        --> MissionActive [x]
        [o] mission_selector [-]
            [-] mission_object_response [-]
                --> ObjectSeen [-]
                --> HandleObjectAction [-]
            [-] mission_progress [-]
                --> PublishMoveGoal [-]
                --> GoToObject [-]
                --> CheckStopCondition [-]
                --> AdvanceMove [-]
    [-] navigation [x]
        --> HasMpcGoal [x]

[INFO] [1791022910.717592124] [behavior_executor_node]: BT snapshot -- root=FAILURE, lanes: emergency=FAILURE | mission=FAILURE | navigation=FAILURE
[o] root [x]
    [-] emergency [x]
        [o] emergency_condition [x]
            --> IsBatteryLow [x]
            --> IsEmergencyStopTriggered [x]
            --> IsProximityTooClose [x]
            --> IsSystemOverheated [x]
        --> Stop [-]
    [-] mission [x]
        --> MissionActive [x]
        [o] mission_selector [-]
            [-] mission_object_response [-]
                --> ObjectSeen [-]
                --> HandleObjectAction [-]
            [-] mission_progress [-]
                --> PublishMoveGoal [-]
                --> GoToObject [-]
                --> CheckStopCondition [-]
                --> AdvanceMove [-]
    [-] navigation [x]
        --> HasMpcGoal [x]

[INFO] [1791022911.109247069] [behavior_executor_node]: [IsProximityTooClose] DIAG scan: total=1081 in_window=721 excluded_by_filter=0 min_in_window=0.972 front_min=1.274
[INFO] [1791022911.717678967] [behavior_executor_node]: BT snapshot -- root=FAILURE, lanes: emergency=FAILURE | mission=FAILURE | navigation=FAILURE
[o] root [x]
    [-] emergency [x]
        [o] emergency_condition [x]
            --> IsBatteryLow [x]
            --> IsEmergencyStopTriggered [x]
            --> IsProximityTooClose [x]
            --> IsSystemOverheated [x]
        --> Stop [-]
    [-] mission [x]
        --> MissionActive [x]
        [o] mission_selector [-]
            [-] mission_object_response [-]
                --> ObjectSeen [-]
                --> HandleObjectAction [-]
            [-] mission_progress [-]
                --> PublishMoveGoal [-]
                --> GoToObject [-]
                --> CheckStopCondition [-]
                --> AdvanceMove [-]
    [-] navigation [x]
        --> HasMpcGoal [x]

[INFO] [1791022912.817875064] [behavior_executor_node]: BT snapshot -- root=FAILURE, lanes: emergency=FAILURE | mission=FAILURE | navigation=FAILURE
[o] root [x]
    [-] emergency [x]
        [o] emergency_condition [x]
            --> IsBatteryLow [x]
            --> IsEmergencyStopTriggered [x]
            --> IsProximityTooClose [x]
            --> IsSystemOverheated [x]
        --> Stop [-]
    [-] mission [x]
        --> MissionActive [x]
        [o] mission_selector [-]
            [-] mission_object_response [-]
                --> ObjectSeen [-]
                --> HandleObjectAction [-]
            [-] mission_progress [-]
                --> PublishMoveGoal [-]
                --> GoToObject [-]
                --> CheckStopCondition [-]
                --> AdvanceMove [-]
    [-] navigation [x]
        --> HasMpcGoal [x]

[INFO] [1791022913.113088611] [behavior_executor_node]: [IsProximityTooClose] DIAG scan: total=1081 in_window=721 excluded_by_filter=0 min_in_window=0.837 front_min=1.289
[INFO] [1791022913.820195322] [behavior_executor_node]: BT snapshot -- root=FAILURE, lanes: emergency=FAILURE | mission=FAILURE | navigation=FAILURE
[o] root [x]
    [-] emergency [x]
        [o] emergency_condition [x]
            --> IsBatteryLow [x]
            --> IsEmergencyStopTriggered [x]
            --> IsProximityTooClose [x]
            --> IsSystemOverheated [x]
        --> Stop [-]
    [-] mission [x]
        --> MissionActive [x]
        [o] mission_selector [-]
            [-] mission_object_response [-]
                --> ObjectSeen [-]
                --> HandleObjectAction [-]
            [-] mission_progress [-]
                --> PublishMoveGoal [-]
                --> GoToObject [-]
                --> CheckStopCondition [-]
                --> AdvanceMove [-]
    [-] navigation [x]
        --> HasMpcGoal [x]

[INFO] [1791022914.820816644] [behavior_executor_node]: BT snapshot -- root=FAILURE, lanes: emergency=FAILURE | mission=FAILURE | navigation=FAILURE
[o] root [x]
    [-] emergency [x]
        [o] emergency_condition [x]
            --> IsBatteryLow [x]
            --> IsEmergencyStopTriggered [x]
            --> IsProximityTooClose [x]
            --> IsSystemOverheated [x]
        --> Stop [-]
    [-] mission [x]
        --> MissionActive [x]
        [o] mission_selector [-]
            [-] mission_object_response [-]
                --> ObjectSeen [-]
                --> HandleObjectAction [-]
            [-] mission_progress [-]
                --> PublishMoveGoal [-]
                --> GoToObject [-]
                --> CheckStopCondition [-]
                --> AdvanceMove [-]
    [-] navigation [x]
        --> HasMpcGoal [x]

[INFO] [1791022915.143040912] [behavior_executor_node]: [IsProximityTooClose] DIAG scan: total=1081 in_window=721 excluded_by_filter=0 min_in_window=0.886 front_min=1.749
[INFO] [1791022915.919488405] [behavior_executor_node]: BT snapshot -- root=FAILURE, lanes: emergency=FAILURE | mission=FAILURE | navigation=FAILURE
[o] root [x]
    [-] emergency [x]
        [o] emergency_condition [x]
            --> IsBatteryLow [x]
            --> IsEmergencyStopTriggered [x]
            --> IsProximityTooClose [x]
            --> IsSystemOverheated [x]
        --> Stop [-]
    [-] mission [x]
        --> MissionActive [x]
        [o] mission_selector [-]
            [-] mission_object_response [-]
                --> ObjectSeen [-]
                --> HandleObjectAction [-]
            [-] mission_progress [-]
                --> PublishMoveGoal [-]
                --> GoToObject [-]
                --> CheckStopCondition [-]
                --> AdvanceMove [-]
    [-] navigation [x]
        --> HasMpcGoal [x]

[INFO] [1791022917.017645364] [behavior_executor_node]: BT snapshot -- root=FAILURE, lanes: emergency=FAILURE | mission=FAILURE | navigation=FAILURE
[o] root [x]
    [-] emergency [x]
        [o] emergency_condition [x]
            --> IsBatteryLow [x]
            --> IsEmergencyStopTriggered [x]
            --> IsProximityTooClose [x]
            --> IsSystemOverheated [x]
        --> Stop [-]
    [-] mission [x]
        --> MissionActive [x]
        [o] mission_selector [-]
            [-] mission_object_response [-]
                --> ObjectSeen [-]
                --> HandleObjectAction [-]
            [-] mission_progress [-]
                --> PublishMoveGoal [-]
                --> GoToObject [-]
                --> CheckStopCondition [-]
                --> AdvanceMove [-]
    [-] navigation [x]
        --> HasMpcGoal [x]

[INFO] [1791022917.144552163] [behavior_executor_node]: [IsProximityTooClose] DIAG scan: total=1081 in_window=721 excluded_by_filter=0 min_in_window=0.914 front_min=2.065
[INFO] [1791022918.017971507] [behavior_executor_node]: BT snapshot -- root=FAILURE, lanes: emergency=FAILURE | mission=FAILURE | navigation=FAILURE
[o] root [x]
    [-] emergency [x]
        [o] emergency_condition [x]
            --> IsBatteryLow [x]
            --> IsEmergencyStopTriggered [x]
            --> IsProximityTooClose [x]
            --> IsSystemOverheated [x]
        --> Stop [-]
    [-] mission [x]
        --> MissionActive [x]
        [o] mission_selector [-]
            [-] mission_object_response [-]
                --> ObjectSeen [-]
                --> HandleObjectAction [-]
            [-] mission_progress [-]
                --> PublishMoveGoal [-]
                --> GoToObject [-]
                --> CheckStopCondition [-]
                --> AdvanceMove [-]
    [-] navigation [x]
        --> HasMpcGoal [x]

[INFO] [1791022919.233872901] [behavior_executor_node]: BT snapshot -- root=FAILURE, lanes: emergency=FAILURE | mission=FAILURE | navigation=FAILURE
[o] root [x]
    [-] emergency [x]
        [o] emergency_condition [x]
            --> IsBatteryLow [x]
            --> IsEmergencyStopTriggered [x]
            --> IsProximityTooClose [x]
            --> IsSystemOverheated [x]
        --> Stop [-]
    [-] mission [x]
        --> MissionActive [x]
        [o] mission_selector [-]
            [-] mission_object_response [-]
                --> ObjectSeen [-]
                --> HandleObjectAction [-]
            [-] mission_progress [-]
                --> PublishMoveGoal [-]
                --> GoToObject [-]
                --> CheckStopCondition [-]
                --> AdvanceMove [-]
    [-] navigation [x]
        --> HasMpcGoal [x]

[INFO] [1791022919.235472908] [behavior_executor_node]: [IsProximityTooClose] DIAG scan: total=1081 in_window=721 excluded_by_filter=0 min_in_window=0.938 front_min=1.471
[INFO] [1791022920.317809418] [behavior_executor_node]: BT snapshot -- root=FAILURE, lanes: emergency=FAILURE | mission=FAILURE | navigation=FAILURE
[o] root [x]
    [-] emergency [x]
        [o] emergency_condition [x]
            --> IsBatteryLow [x]
            --> IsEmergencyStopTriggered [x]
            --> IsProximityTooClose [x]
            --> IsSystemOverheated [x]
        --> Stop [-]
    [-] mission [x]
        --> MissionActive [x]
        [o] mission_selector [-]
            [-] mission_object_response [-]
                --> ObjectSeen [-]
                --> HandleObjectAction [-]
            [-] mission_progress [-]
                --> PublishMoveGoal [-]
                --> GoToObject [-]
                --> CheckStopCondition [-]
                --> AdvanceMove [-]
    [-] navigation [x]
        --> HasMpcGoal [x]

[INFO] [1791022921.244701938] [behavior_executor_node]: [IsProximityTooClose] DIAG scan: total=1081 in_window=721 excluded_by_filter=0 min_in_window=1.010 front_min=1.586
[INFO] [1791022921.317849870] [behavior_executor_node]: BT snapshot -- root=FAILURE, lanes: emergency=FAILURE | mission=FAILURE | navigation=FAILURE
[o] root [x]
    [-] emergency [x]
        [o] emergency_condition [x]
            --> IsBatteryLow [x]
            --> IsEmergencyStopTriggered [x]
            --> IsProximityTooClose [x]
            --> IsSystemOverheated [x]
        --> Stop [-]
    [-] mission [x]
        --> MissionActive [x]
        [o] mission_selector [-]
            [-] mission_object_response [-]
                --> ObjectSeen [-]
                --> HandleObjectAction [-]
            [-] mission_progress [-]
                --> PublishMoveGoal [-]
                --> GoToObject [-]
                --> CheckStopCondition [-]
                --> AdvanceMove [-]
    [-] navigation [x]
        --> HasMpcGoal [x]

[INFO] [1791022922.425226363] [behavior_executor_node]: BT snapshot -- root=FAILURE, lanes: emergency=FAILURE | mission=FAILURE | navigation=FAILURE
[o] root [x]
    [-] emergency [x]
        [o] emergency_condition [x]
            --> IsBatteryLow [x]
            --> IsEmergencyStopTriggered [x]
            --> IsProximityTooClose [x]
            --> IsSystemOverheated [x]
        --> Stop [-]
    [-] mission [x]
        --> MissionActive [x]
        [o] mission_selector [-]
            [-] mission_object_response [-]
                --> ObjectSeen [-]
                --> HandleObjectAction [-]
            [-] mission_progress [-]
                --> PublishMoveGoal [-]
                --> GoToObject [-]
                --> CheckStopCondition [-]
                --> AdvanceMove [-]
    [-] navigation [x]
        --> HasMpcGoal [x]

[INFO] [1791022923.252079291] [behavior_executor_node]: [IsProximityTooClose] DIAG scan: total=1081 in_window=721 excluded_by_filter=0 min_in_window=1.075 front_min=2.149
[INFO] [1791022923.517741286] [behavior_executor_node]: BT snapshot -- root=FAILURE, lanes: emergency=FAILURE | mission=FAILURE | navigation=FAILURE
[o] root [x]
    [-] emergency [x]
        [o] emergency_condition [x]
            --> IsBatteryLow [x]
            --> IsEmergencyStopTriggered [x]
            --> IsProximityTooClose [x]
            --> IsSystemOverheated [x]
        --> Stop [-]
    [-] mission [x]
        --> MissionActive [x]
        [o] mission_selector [-]
            [-] mission_object_response [-]
                --> ObjectSeen [-]
                --> HandleObjectAction [-]
            [-] mission_progress [-]
                --> PublishMoveGoal [-]
                --> GoToObject [-]
                --> CheckStopCondition [-]
                --> AdvanceMove [-]
    [-] navigation [x]
        --> HasMpcGoal [x]

[INFO] [1791022924.517815775] [behavior_executor_node]: BT snapshot -- root=FAILURE, lanes: emergency=FAILURE | mission=FAILURE | navigation=FAILURE
[o] root [x]
    [-] emergency [x]
        [o] emergency_condition [x]
            --> IsBatteryLow [x]
            --> IsEmergencyStopTriggered [x]
            --> IsProximityTooClose [x]
            --> IsSystemOverheated [x]
        --> Stop [-]
    [-] mission [x]
        --> MissionActive [x]
        [o] mission_selector [-]
            [-] mission_object_response [-]
                --> ObjectSeen [-]
                --> HandleObjectAction [-]
            [-] mission_progress [-]
                --> PublishMoveGoal [-]
                --> GoToObject [-]
                --> CheckStopCondition [-]
                --> AdvanceMove [-]
    [-] navigation [x]
        --> HasMpcGoal [x]

[INFO] [1791022925.257132858] [behavior_executor_node]: [IsProximityTooClose] DIAG scan: total=1081 in_window=721 excluded_by_filter=0 min_in_window=1.133 front_min=2.512
[INFO] [1791022925.522559230] [behavior_executor_node]: BT snapshot -- root=FAILURE, lanes: emergency=FAILURE | mission=FAILURE | navigation=FAILURE
[o] root [x]
    [-] emergency [x]
        [o] emergency_condition [x]
            --> IsBatteryLow [x]
            --> IsEmergencyStopTriggered [x]
            --> IsProximityTooClose [x]
            --> IsSystemOverheated [x]
        --> Stop [-]
    [-] mission [x]
        --> MissionActive [x]
        [o] mission_selector [-]
            [-] mission_object_response [-]
                --> ObjectSeen [-]
                --> HandleObjectAction [-]
            [-] mission_progress [-]
                --> PublishMoveGoal [-]
                --> GoToObject [-]
                --> CheckStopCondition [-]
                --> AdvanceMove [-]
    [-] navigation [x]
        --> HasMpcGoal [x]

[INFO] [1791022926.617796613] [behavior_executor_node]: BT snapshot -- root=FAILURE, lanes: emergency=FAILURE | mission=FAILURE | navigation=FAILURE
[o] root [x]
    [-] emergency [x]
        [o] emergency_condition [x]
            --> IsBatteryLow [x]
            --> IsEmergencyStopTriggered [x]
            --> IsProximityTooClose [x]
            --> IsSystemOverheated [x]
        --> Stop [-]
    [-] mission [x]
        --> MissionActive [x]
        [o] mission_selector [-]
            [-] mission_object_response [-]
                --> ObjectSeen [-]
                --> HandleObjectAction [-]
            [-] mission_progress [-]
                --> PublishMoveGoal [-]
                --> GoToObject [-]
                --> CheckStopCondition [-]
                --> AdvanceMove [-]
    [-] navigation [x]
        --> HasMpcGoal [x]

[INFO] [1791022927.282464163] [behavior_executor_node]: [IsProximityTooClose] DIAG scan: total=1081 in_window=721 excluded_by_filter=0 min_in_window=1.527 front_min=1.778
[INFO] [1791022927.619783505] [behavior_executor_node]: BT snapshot -- root=FAILURE, lanes: emergency=FAILURE | mission=FAILURE | navigation=FAILURE
[o] root [x]
    [-] emergency [x]
        [o] emergency_condition [x]
            --> IsBatteryLow [x]
            --> IsEmergencyStopTriggered [x]
            --> IsProximityTooClose [x]
            --> IsSystemOverheated [x]
        --> Stop [-]
    [-] mission [x]
        --> MissionActive [x]
        [o] mission_selector [-]
            [-] mission_object_response [-]
                --> ObjectSeen [-]
                --> HandleObjectAction [-]
            [-] mission_progress [-]
                --> PublishMoveGoal [-]
                --> GoToObject [-]
                --> CheckStopCondition [-]
                --> AdvanceMove [-]
    [-] navigation [x]
        --> HasMpcGoal [x]

[INFO] [1791022928.717722119] [behavior_executor_node]: BT snapshot -- root=FAILURE, lanes: emergency=FAILURE | mission=FAILURE | navigation=FAILURE
[o] root [x]
    [-] emergency [x]
        [o] emergency_condition [x]
            --> IsBatteryLow [x]
            --> IsEmergencyStopTriggered [x]
            --> IsProximityTooClose [x]
            --> IsSystemOverheated [x]
        --> Stop [-]
    [-] mission [x]
        --> MissionActive [x]
        [o] mission_selector [-]
            [-] mission_object_response [-]
                --> ObjectSeen [-]
                --> HandleObjectAction [-]
            [-] mission_progress [-]
                --> PublishMoveGoal [-]
                --> GoToObject [-]
                --> CheckStopCondition [-]
                --> AdvanceMove [-]
    [-] navigation [x]
        --> HasMpcGoal [x]

[INFO] [1791022929.285515579] [behavior_executor_node]: [IsProximityTooClose] DIAG scan: total=1081 in_window=721 excluded_by_filter=0 min_in_window=1.191 front_min=1.978
[INFO] [1791022929.717744887] [behavior_executor_node]: BT snapshot -- root=FAILURE, lanes: emergency=FAILURE | mission=FAILURE | navigation=FAILURE
[o] root [x]
    [-] emergency [x]
        [o] emergency_condition [x]
            --> IsBatteryLow [x]
            --> IsEmergencyStopTriggered [x]
            --> IsProximityTooClose [x]
            --> IsSystemOverheated [x]
        --> Stop [-]
    [-] mission [x]
        --> MissionActive [x]
        [o] mission_selector [-]
            [-] mission_object_response [-]
                --> ObjectSeen [-]
                --> HandleObjectAction [-]
            [-] mission_progress [-]
                --> PublishMoveGoal [-]
                --> GoToObject [-]
                --> CheckStopCondition [-]
                --> AdvanceMove [-]
    [-] navigation [x]
        --> HasMpcGoal [x]

[INFO] [1791022930.755102943] [behavior_executor_node]: BT snapshot -- root=FAILURE, lanes: emergency=FAILURE | mission=FAILURE | navigation=FAILURE
[o] root [x]
    [-] emergency [x]
        [o] emergency_condition [x]
            --> IsBatteryLow [x]
            --> IsEmergencyStopTriggered [x]
            --> IsProximityTooClose [x]
            --> IsSystemOverheated [x]
        --> Stop [-]
    [-] mission [x]
        --> MissionActive [x]
        [o] mission_selector [-]
            [-] mission_object_response [-]
                --> ObjectSeen [-]
                --> HandleObjectAction [-]
            [-] mission_progress [-]
                --> PublishMoveGoal [-]
                --> GoToObject [-]
                --> CheckStopCondition [-]
                --> AdvanceMove [-]
    [-] navigation [x]
        --> HasMpcGoal [x]

[INFO] [1791022931.312075649] [behavior_executor_node]: [IsProximityTooClose] DIAG scan: total=1081 in_window=721 excluded_by_filter=0 min_in_window=1.222 front_min=1.817
[INFO] [1791022931.818617796] [behavior_executor_node]: BT snapshot -- root=FAILURE, lanes: emergency=FAILURE | mission=FAILURE | navigation=FAILURE
[o] root [x]
    [-] emergency [x]
        [o] emergency_condition [x]
            --> IsBatteryLow [x]
            --> IsEmergencyStopTriggered [x]
            --> IsProximityTooClose [x]
            --> IsSystemOverheated [x]
        --> Stop [-]
    [-] mission [x]
        --> MissionActive [x]
        [o] mission_selector [-]
            [-] mission_object_response [-]
                --> ObjectSeen [-]
                --> HandleObjectAction [-]
            [-] mission_progress [-]
                --> PublishMoveGoal [-]
                --> GoToObject [-]
                --> CheckStopCondition [-]
                --> AdvanceMove [-]
    [-] navigation [x]
        --> HasMpcGoal [x]

[INFO] [1791022932.917875686] [behavior_executor_node]: BT snapshot -- root=FAILURE, lanes: emergency=FAILURE | mission=FAILURE | navigation=FAILURE
[o] root [x]
    [-] emergency [x]
        [o] emergency_condition [x]
            --> IsBatteryLow [x]
            --> IsEmergencyStopTriggered [x]
            --> IsProximityTooClose [x]
            --> IsSystemOverheated [x]
        --> Stop [-]
    [-] mission [x]
        --> MissionActive [x]
        [o] mission_selector [-]
            [-] mission_object_response [-]
                --> ObjectSeen [-]
                --> HandleObjectAction [-]
            [-] mission_progress [-]
                --> PublishMoveGoal [-]
                --> GoToObject [-]
                --> CheckStopCondition [-]
                --> AdvanceMove [-]
    [-] navigation [x]
        --> HasMpcGoal [x]

[INFO] [1791022933.341961428] [behavior_executor_node]: [IsProximityTooClose] DIAG scan: total=1081 in_window=721 excluded_by_filter=0 min_in_window=1.248 front_min=1.297
[INFO] [1791022933.924812530] [behavior_executor_node]: BT snapshot -- root=FAILURE, lanes: emergency=FAILURE | mission=FAILURE | navigation=FAILURE
[o] root [x]
    [-] emergency [x]
        [o] emergency_condition [x]
            --> IsBatteryLow [x]
            --> IsEmergencyStopTriggered [x]
            --> IsProximityTooClose [x]
            --> IsSystemOverheated [x]
        --> Stop [-]
    [-] mission [x]
        --> MissionActive [x]
        [o] mission_selector [-]
            [-] mission_object_response [-]
                --> ObjectSeen [-]
                --> HandleObjectAction [-]
            [-] mission_progress [-]
                --> PublishMoveGoal [-]
                --> GoToObject [-]
                --> CheckStopCondition [-]
                --> AdvanceMove [-]
    [-] navigation [x]
        --> HasMpcGoal [x]

[INFO] [1791022935.017612916] [behavior_executor_node]: BT snapshot -- root=FAILURE, lanes: emergency=FAILURE | mission=FAILURE | navigation=FAILURE
[o] root [x]
    [-] emergency [x]
        [o] emergency_condition [x]
            --> IsBatteryLow [x]
            --> IsEmergencyStopTriggered [x]
            --> IsProximityTooClose [x]
            --> IsSystemOverheated [x]
        --> Stop [-]
    [-] mission [x]
        --> MissionActive [x]
        [o] mission_selector [-]
            [-] mission_object_response [-]
                --> ObjectSeen [-]
                --> HandleObjectAction [-]
            [-] mission_progress [-]
                --> PublishMoveGoal [-]
                --> GoToObject [-]
                --> CheckStopCondition [-]
                --> AdvanceMove [-]
    [-] navigation [x]
        --> HasMpcGoal [x]

[INFO] [1791022935.359496133] [behavior_executor_node]: [IsProximityTooClose] DIAG scan: total=1081 in_window=721 excluded_by_filter=0 min_in_window=0.830 front_min=1.888
[INFO] [1791022936.017811918] [behavior_executor_node]: BT snapshot -- root=FAILURE, lanes: emergency=FAILURE | mission=FAILURE | navigation=FAILURE
[o] root [x]
    [-] emergency [x]
        [o] emergency_condition [x]
            --> IsBatteryLow [x]
            --> IsEmergencyStopTriggered [x]
            --> IsProximityTooClose [x]
            --> IsSystemOverheated [x]
        --> Stop [-]
    [-] mission [x]
        --> MissionActive [x]
        [o] mission_selector [-]
            [-] mission_object_response [-]
                --> ObjectSeen [-]
                --> HandleObjectAction [-]
            [-] mission_progress [-]
                --> PublishMoveGoal [-]
                --> GoToObject [-]
                --> CheckStopCondition [-]
                --> AdvanceMove [-]
    [-] navigation [x]
        --> HasMpcGoal [x]

[INFO] [1791022937.018639511] [behavior_executor_node]: BT snapshot -- root=FAILURE, lanes: emergency=FAILURE | mission=FAILURE | navigation=FAILURE
[o] root [x]
    [-] emergency [x]
        [o] emergency_condition [x]
            --> IsBatteryLow [x]
            --> IsEmergencyStopTriggered [x]
            --> IsProximityTooClose [x]
            --> IsSystemOverheated [x]
        --> Stop [-]
    [-] mission [x]
        --> MissionActive [x]
        [o] mission_selector [-]
            [-] mission_object_response [-]
                --> ObjectSeen [-]
                --> HandleObjectAction [-]
            [-] mission_progress [-]
                --> PublishMoveGoal [-]
                --> GoToObject [-]
                --> CheckStopCondition [-]
                --> AdvanceMove [-]
    [-] navigation [x]
        --> HasMpcGoal [x]

[INFO] [1791022937.378722031] [behavior_executor_node]: [IsProximityTooClose] DIAG scan: total=1081 in_window=721 excluded_by_filter=0 min_in_window=0.545 front_min=1.658
[INFO] [1791022938.118648075] [behavior_executor_node]: BT snapshot -- root=FAILURE, lanes: emergency=FAILURE | mission=FAILURE | navigation=FAILURE
[o] root [x]
    [-] emergency [x]
        [o] emergency_condition [x]
            --> IsBatteryLow [x]
            --> IsEmergencyStopTriggered [x]
            --> IsProximityTooClose [x]
            --> IsSystemOverheated [x]
        --> Stop [-]
    [-] mission [x]
        --> MissionActive [x]
        [o] mission_selector [-]
            [-] mission_object_response [-]
                --> ObjectSeen [-]
                --> HandleObjectAction [-]
            [-] mission_progress [-]
                --> PublishMoveGoal [-]
                --> GoToObject [-]
                --> CheckStopCondition [-]
                --> AdvanceMove [-]
    [-] navigation [x]
        --> HasMpcGoal [x]

[INFO] [1791022939.217704936] [behavior_executor_node]: BT snapshot -- root=FAILURE, lanes: emergency=FAILURE | mission=FAILURE | navigation=FAILURE
[o] root [x]
    [-] emergency [x]
        [o] emergency_condition [x]
            --> IsBatteryLow [x]
            --> IsEmergencyStopTriggered [x]
            --> IsProximityTooClose [x]
            --> IsSystemOverheated [x]
        --> Stop [-]
    [-] mission [x]
        --> MissionActive [x]
        [o] mission_selector [-]
            [-] mission_object_response [-]
                --> ObjectSeen [-]
                --> HandleObjectAction [-]
            [-] mission_progress [-]
                --> PublishMoveGoal [-]
                --> GoToObject [-]
                --> CheckStopCondition [-]
                --> AdvanceMove [-]
    [-] navigation [x]
        --> HasMpcGoal [x]

[INFO] [1791022939.407437072] [behavior_executor_node]: [IsProximityTooClose] DIAG scan: total=1081 in_window=721 excluded_by_filter=0 min_in_window=0.642 front_min=1.644
[INFO] [1791022940.218978472] [behavior_executor_node]: BT snapshot -- root=FAILURE, lanes: emergency=FAILURE | mission=FAILURE | navigation=FAILURE
[o] root [x]
    [-] emergency [x]
        [o] emergency_condition [x]
            --> IsBatteryLow [x]
            --> IsEmergencyStopTriggered [x]
            --> IsProximityTooClose [x]
            --> IsSystemOverheated [x]
        --> Stop [-]
    [-] mission [x]
        --> MissionActive [x]
        [o] mission_selector [-]
            [-] mission_object_response [-]
                --> ObjectSeen [-]
                --> HandleObjectAction [-]
            [-] mission_progress [-]
                --> PublishMoveGoal [-]
                --> GoToObject [-]
                --> CheckStopCondition [-]
                --> AdvanceMove [-]
    [-] navigation [x]
        --> HasMpcGoal [x]

[INFO] [1791022941.219733253] [behavior_executor_node]: BT snapshot -- root=FAILURE, lanes: emergency=FAILURE | mission=FAILURE | navigation=FAILURE
[o] root [x]
    [-] emergency [x]
        [o] emergency_condition [x]
            --> IsBatteryLow [x]
            --> IsEmergencyStopTriggered [x]
            --> IsProximityTooClose [x]
            --> IsSystemOverheated [x]
        --> Stop [-]
    [-] mission [x]
        --> MissionActive [x]
        [o] mission_selector [-]
            [-] mission_object_response [-]
                --> ObjectSeen [-]
                --> HandleObjectAction [-]
            [-] mission_progress [-]
                --> PublishMoveGoal [-]
                --> GoToObject [-]
                --> CheckStopCondition [-]
                --> AdvanceMove [-]
    [-] navigation [x]
        --> HasMpcGoal [x]

[INFO] [1791022941.419440447] [behavior_executor_node]: [IsProximityTooClose] DIAG scan: total=1081 in_window=721 excluded_by_filter=0 min_in_window=0.553 front_min=1.498
[INFO] [1791022942.317807689] [behavior_executor_node]: BT snapshot -- root=FAILURE, lanes: emergency=FAILURE | mission=FAILURE | navigation=FAILURE
[o] root [x]
    [-] emergency [x]
        [o] emergency_condition [x]
            --> IsBatteryLow [x]
            --> IsEmergencyStopTriggered [x]
            --> IsProximityTooClose [x]
            --> IsSystemOverheated [x]
        --> Stop [-]
    [-] mission [x]
        --> MissionActive [x]
        [o] mission_selector [-]
            [-] mission_object_response [-]
                --> ObjectSeen [-]
                --> HandleObjectAction [-]
            [-] mission_progress [-]
                --> PublishMoveGoal [-]
                --> GoToObject [-]
                --> CheckStopCondition [-]
                --> AdvanceMove [-]
    [-] navigation [x]
        --> HasMpcGoal [x]

[INFO] [1791022943.419059508] [behavior_executor_node]: BT snapshot -- root=FAILURE, lanes: emergency=FAILURE | mission=FAILURE | navigation=FAILURE
[o] root [x]
    [-] emergency [x]
        [o] emergency_condition [x]
            --> IsBatteryLow [x]
            --> IsEmergencyStopTriggered [x]
            --> IsProximityTooClose [x]
            --> IsSystemOverheated [x]
        --> Stop [-]
    [-] mission [x]
        --> MissionActive [x]
        [o] mission_selector [-]
            [-] mission_object_response [-]
                --> ObjectSeen [-]
                --> HandleObjectAction [-]
            [-] mission_progress [-]
                --> PublishMoveGoal [-]
                --> GoToObject [-]
                --> CheckStopCondition [-]
                --> AdvanceMove [-]
    [-] navigation [x]
        --> HasMpcGoal [x]

[INFO] [1791022943.420603737] [behavior_executor_node]: [IsProximityTooClose] DIAG scan: total=1081 in_window=721 excluded_by_filter=0 min_in_window=0.598 front_min=1.493
[INFO] [1791022944.517715429] [behavior_executor_node]: BT snapshot -- root=FAILURE, lanes: emergency=FAILURE | mission=FAILURE | navigation=FAILURE
[o] root [x]
    [-] emergency [x]
        [o] emergency_condition [x]
            --> IsBatteryLow [x]
            --> IsEmergencyStopTriggered [x]
            --> IsProximityTooClose [x]
            --> IsSystemOverheated [x]
        --> Stop [-]
    [-] mission [x]
        --> MissionActive [x]
        [o] mission_selector [-]
            [-] mission_object_response [-]
                --> ObjectSeen [-]
                --> HandleObjectAction [-]
            [-] mission_progress [-]
                --> PublishMoveGoal [-]
                --> GoToObject [-]
                --> CheckStopCondition [-]
                --> AdvanceMove [-]
    [-] navigation [x]
        --> HasMpcGoal [x]

[INFO] [1791022945.448416213] [behavior_executor_node]: [IsProximityTooClose] DIAG scan: total=1081 in_window=721 excluded_by_filter=0 min_in_window=0.620 front_min=1.325
[INFO] [1791022945.517839068] [behavior_executor_node]: BT snapshot -- root=FAILURE, lanes: emergency=FAILURE | mission=FAILURE | navigation=FAILURE
[o] root [x]
    [-] emergency [x]
        [o] emergency_condition [x]
            --> IsBatteryLow [x]
            --> IsEmergencyStopTriggered [x]
            --> IsProximityTooClose [x]
            --> IsSystemOverheated [x]
        --> Stop [-]
    [-] mission [x]
        --> MissionActive [x]
        [o] mission_selector [-]
            [-] mission_object_response [-]
                --> ObjectSeen [-]
                --> HandleObjectAction [-]
            [-] mission_progress [-]
                --> PublishMoveGoal [-]
                --> GoToObject [-]
                --> CheckStopCondition [-]
                --> AdvanceMove [-]
    [-] navigation [x]
        --> HasMpcGoal [x]

[INFO] [1791022946.620213595] [behavior_executor_node]: BT snapshot -- root=FAILURE, lanes: emergency=FAILURE | mission=FAILURE | navigation=FAILURE
[o] root [x]
    [-] emergency [x]
        [o] emergency_condition [x]
            --> IsBatteryLow [x]
            --> IsEmergencyStopTriggered [x]
            --> IsProximityTooClose [x]
            --> IsSystemOverheated [x]
        --> Stop [-]
    [-] mission [x]
        --> MissionActive [x]
        [o] mission_selector [-]
            [-] mission_object_response [-]
                --> ObjectSeen [-]
                --> HandleObjectAction [-]
            [-] mission_progress [-]
                --> PublishMoveGoal [-]
                --> GoToObject [-]
                --> CheckStopCondition [-]
                --> AdvanceMove [-]
    [-] navigation [x]
        --> HasMpcGoal [x]

[INFO] [1791022947.525655938] [behavior_executor_node]: [IsProximityTooClose] DIAG scan: total=1081 in_window=721 excluded_by_filter=0 min_in_window=0.966 front_min=1.268
[INFO] [1791022947.717751769] [behavior_executor_node]: BT snapshot -- root=FAILURE, lanes: emergency=FAILURE | mission=FAILURE | navigation=FAILURE
[o] root [x]
    [-] emergency [x]
        [o] emergency_condition [x]
            --> IsBatteryLow [x]
            --> IsEmergencyStopTriggered [x]
            --> IsProximityTooClose [x]
            --> IsSystemOverheated [x]
        --> Stop [-]
    [-] mission [x]
        --> MissionActive [x]
        [o] mission_selector [-]
            [-] mission_object_response [-]
                --> ObjectSeen [-]
                --> HandleObjectAction [-]
            [-] mission_progress [-]
                --> PublishMoveGoal [-]
                --> GoToObject [-]
                --> CheckStopCondition [-]
                --> AdvanceMove [-]
    [-] navigation [x]
        --> HasMpcGoal [x]

[INFO] [1791022948.820840504] [behavior_executor_node]: BT snapshot -- root=FAILURE, lanes: emergency=FAILURE | mission=FAILURE | navigation=FAILURE
[o] root [x]
    [-] emergency [x]
        [o] emergency_condition [x]
            --> IsBatteryLow [x]
            --> IsEmergencyStopTriggered [x]
            --> IsProximityTooClose [x]
            --> IsSystemOverheated [x]
        --> Stop [-]
    [-] mission [x]
        --> MissionActive [x]
        [o] mission_selector [-]
            [-] mission_object_response [-]
                --> ObjectSeen [-]
                --> HandleObjectAction [-]
            [-] mission_progress [-]
                --> PublishMoveGoal [-]
                --> GoToObject [-]
                --> CheckStopCondition [-]
                --> AdvanceMove [-]
    [-] navigation [x]
        --> HasMpcGoal [x]

[INFO] [1791022949.526851945] [behavior_executor_node]: [IsProximityTooClose] DIAG scan: total=1081 in_window=721 excluded_by_filter=0 min_in_window=0.795 front_min=1.636
[INFO] [1791022949.917626588] [behavior_executor_node]: BT snapshot -- root=FAILURE, lanes: emergency=FAILURE | mission=FAILURE | navigation=FAILURE
[o] root [x]
    [-] emergency [x]
        [o] emergency_condition [x]
            --> IsBatteryLow [x]
            --> IsEmergencyStopTriggered [x]
            --> IsProximityTooClose [x]
            --> IsSystemOverheated [x]
        --> Stop [-]
    [-] mission [x]
        --> MissionActive [x]
        [o] mission_selector [-]
            [-] mission_object_response [-]
                --> ObjectSeen [-]
                --> HandleObjectAction [-]
            [-] mission_progress [-]
                --> PublishMoveGoal [-]
                --> GoToObject [-]
                --> CheckStopCondition [-]
                --> AdvanceMove [-]
    [-] navigation [x]
        --> HasMpcGoal [x]

[INFO] [1791022950.919554889] [behavior_executor_node]: BT snapshot -- root=FAILURE, lanes: emergency=FAILURE | mission=FAILURE | navigation=FAILURE
[o] root [x]
    [-] emergency [x]
        [o] emergency_condition [x]
            --> IsBatteryLow [x]
            --> IsEmergencyStopTriggered [x]
            --> IsProximityTooClose [x]
            --> IsSystemOverheated [x]
        --> Stop [-]
    [-] mission [x]
        --> MissionActive [x]
        [o] mission_selector [-]
            [-] mission_object_response [-]
                --> ObjectSeen [-]
                --> HandleObjectAction [-]
            [-] mission_progress [-]
                --> PublishMoveGoal [-]
                --> GoToObject [-]
                --> CheckStopCondition [-]
                --> AdvanceMove [-]
    [-] navigation [x]
        --> HasMpcGoal [x]

[INFO] [1791022951.536477777] [behavior_executor_node]: [IsProximityTooClose] DIAG scan: total=1081 in_window=721 excluded_by_filter=0 min_in_window=0.814 front_min=1.623
[INFO] [1791022952.017533548] [behavior_executor_node]: BT snapshot -- root=FAILURE, lanes: emergency=FAILURE | mission=FAILURE | navigation=FAILURE
[o] root [x]
    [-] emergency [x]
        [o] emergency_condition [x]
            --> IsBatteryLow [x]
            --> IsEmergencyStopTriggered [x]
            --> IsProximityTooClose [x]
            --> IsSystemOverheated [x]
        --> Stop [-]
    [-] mission [x]
        --> MissionActive [x]
        [o] mission_selector [-]
            [-] mission_object_response [-]
                --> ObjectSeen [-]
                --> HandleObjectAction [-]
            [-] mission_progress [-]
                --> PublishMoveGoal [-]
                --> GoToObject [-]
                --> CheckStopCondition [-]
                --> AdvanceMove [-]
    [-] navigation [x]
        --> HasMpcGoal [x]

[INFO] [1791022953.022137367] [behavior_executor_node]: BT snapshot -- root=FAILURE, lanes: emergency=FAILURE | mission=FAILURE | navigation=FAILURE
[o] root [x]
    [-] emergency [x]
        [o] emergency_condition [x]
            --> IsBatteryLow [x]
            --> IsEmergencyStopTriggered [x]
            --> IsProximityTooClose [x]
            --> IsSystemOverheated [x]
        --> Stop [-]
    [-] mission [x]
        --> MissionActive [x]
        [o] mission_selector [-]
            [-] mission_object_response [-]
                --> ObjectSeen [-]
                --> HandleObjectAction [-]
            [-] mission_progress [-]
                --> PublishMoveGoal [-]
                --> GoToObject [-]
                --> CheckStopCondition [-]
                --> AdvanceMove [-]
    [-] navigation [x]
        --> HasMpcGoal [x]

[INFO] [1791022953.537241766] [behavior_executor_node]: [IsProximityTooClose] DIAG scan: total=1081 in_window=721 excluded_by_filter=0 min_in_window=0.939 front_min=1.273
[INFO] [1791022954.029710693] [behavior_executor_node]: BT snapshot -- root=FAILURE, lanes: emergency=FAILURE | mission=FAILURE | navigation=FAILURE
[o] root [x]
    [-] emergency [x]
        [o] emergency_condition [x]
            --> IsBatteryLow [x]
            --> IsEmergencyStopTriggered [x]
            --> IsProximityTooClose [x]
            --> IsSystemOverheated [x]
        --> Stop [-]
    [-] mission [x]
        --> MissionActive [x]
        [o] mission_selector [-]
            [-] mission_object_response [-]
                --> ObjectSeen [-]
                --> HandleObjectAction [-]
            [-] mission_progress [-]
                --> PublishMoveGoal [-]
                --> GoToObject [-]
                --> CheckStopCondition [-]
                --> AdvanceMove [-]
    [-] navigation [x]
        --> HasMpcGoal [x]

[INFO] [1791022955.117702561] [behavior_executor_node]: BT snapshot -- root=FAILURE, lanes: emergency=FAILURE | mission=FAILURE | navigation=FAILURE
[o] root [x]
    [-] emergency [x]
        [o] emergency_condition [x]
            --> IsBatteryLow [x]
            --> IsEmergencyStopTriggered [x]
            --> IsProximityTooClose [x]
            --> IsSystemOverheated [x]
        --> Stop [-]
    [-] mission [x]
        --> MissionActive [x]
        [o] mission_selector [-]
            [-] mission_object_response [-]
                --> ObjectSeen [-]
                --> HandleObjectAction [-]
            [-] mission_progress [-]
                --> PublishMoveGoal [-]
                --> GoToObject [-]
                --> CheckStopCondition [-]
                --> AdvanceMove [-]
    [-] navigation [x]
        --> HasMpcGoal [x]

[INFO] [1791022955.557616109] [behavior_executor_node]: [IsProximityTooClose] DIAG scan: total=1081 in_window=721 excluded_by_filter=0 min_in_window=0.835 front_min=1.293
[INFO] [1791022956.333109725] [behavior_executor_node]: BT snapshot -- root=FAILURE, lanes: emergency=FAILURE | mission=FAILURE | navigation=FAILURE
[o] root [x]
    [-] emergency [x]
        [o] emergency_condition [x]
            --> IsBatteryLow [x]
            --> IsEmergencyStopTriggered [x]
            --> IsProximityTooClose [x]
            --> IsSystemOverheated [x]
        --> Stop [-]
    [-] mission [x]
        --> MissionActive [x]
        [o] mission_selector [-]
            [-] mission_object_response [-]
                --> ObjectSeen [-]
                --> HandleObjectAction [-]
            [-] mission_progress [-]
                --> PublishMoveGoal [-]
                --> GoToObject [-]
                --> CheckStopCondition [-]
                --> AdvanceMove [-]
    [-] navigation [x]
        --> HasMpcGoal [x]

[INFO] [1791022957.418670448] [behavior_executor_node]: BT snapshot -- root=FAILURE, lanes: emergency=FAILURE | mission=FAILURE | navigation=FAILURE
[o] root [x]
    [-] emergency [x]
        [o] emergency_condition [x]
            --> IsBatteryLow [x]
            --> IsEmergencyStopTriggered [x]
            --> IsProximityTooClose [x]
            --> IsSystemOverheated [x]
        --> Stop [-]
    [-] mission [x]
        --> MissionActive [x]
        [o] mission_selector [-]
            [-] mission_object_response [-]
                --> ObjectSeen [-]
                --> HandleObjectAction [-]
            [-] mission_progress [-]
                --> PublishMoveGoal [-]
                --> GoToObject [-]
                --> CheckStopCondition [-]
                --> AdvanceMove [-]
    [-] navigation [x]
        --> HasMpcGoal [x]

[INFO] [1791022957.586922358] [behavior_executor_node]: [IsProximityTooClose] DIAG scan: total=1081 in_window=721 excluded_by_filter=0 min_in_window=0.887 front_min=1.768
[INFO] [1791022958.422844419] [behavior_executor_node]: BT snapshot -- root=FAILURE, lanes: emergency=FAILURE | mission=FAILURE | navigation=FAILURE
[o] root [x]
    [-] emergency [x]
        [o] emergency_condition [x]
            --> IsBatteryLow [x]
            --> IsEmergencyStopTriggered [x]
            --> IsProximityTooClose [x]
            --> IsSystemOverheated [x]
        --> Stop [-]
    [-] mission [x]
        --> MissionActive [x]
        [o] mission_selector [-]
            [-] mission_object_response [-]
                --> ObjectSeen [-]
                --> HandleObjectAction [-]
            [-] mission_progress [-]
                --> PublishMoveGoal [-]
                --> GoToObject [-]
                --> CheckStopCondition [-]
                --> AdvanceMove [-]
    [-] navigation [x]
        --> HasMpcGoal [x]

[INFO] [1791022959.540865151] [behavior_executor_node]: BT snapshot -- root=FAILURE, lanes: emergency=FAILURE | mission=FAILURE | navigation=FAILURE
[o] root [x]
    [-] emergency [x]
        [o] emergency_condition [x]
            --> IsBatteryLow [x]
            --> IsEmergencyStopTriggered [x]
            --> IsProximityTooClose [x]
            --> IsSystemOverheated [x]
        --> Stop [-]
    [-] mission [x]
        --> MissionActive [x]
        [o] mission_selector [-]
            [-] mission_object_response [-]
                --> ObjectSeen [-]
                --> HandleObjectAction [-]
            [-] mission_progress [-]
                --> PublishMoveGoal [-]
                --> GoToObject [-]
                --> CheckStopCondition [-]
                --> AdvanceMove [-]
    [-] navigation [x]
        --> HasMpcGoal [x]

[INFO] [1791022959.587939585] [behavior_executor_node]: [IsProximityTooClose] DIAG scan: total=1081 in_window=721 excluded_by_filter=0 min_in_window=0.913 front_min=2.067
[INFO] [1791022960.618855915] [behavior_executor_node]: BT snapshot -- root=FAILURE, lanes: emergency=FAILURE | mission=FAILURE | navigation=FAILURE
[o] root [x]
    [-] emergency [x]
        [o] emergency_condition [x]
            --> IsBatteryLow [x]
            --> IsEmergencyStopTriggered [x]
            --> IsProximityTooClose [x]
            --> IsSystemOverheated [x]
        --> Stop [-]
    [-] mission [x]
        --> MissionActive [x]
        [o] mission_selector [-]
            [-] mission_object_response [-]
                --> ObjectSeen [-]
                --> HandleObjectAction [-]
            [-] mission_progress [-]
                --> PublishMoveGoal [-]
                --> GoToObject [-]
                --> CheckStopCondition [-]
                --> AdvanceMove [-]
    [-] navigation [x]
        --> HasMpcGoal [x]

[INFO] [1791022961.728872607] [behavior_executor_node]: BT snapshot -- root=FAILURE, lanes: emergency=FAILURE | mission=FAILURE | navigation=FAILURE
[o] root [x]
    [-] emergency [x]
        [o] emergency_condition [x]
            --> IsBatteryLow [x]
            --> IsEmergencyStopTriggered [x]
            --> IsProximityTooClose [x]
            --> IsSystemOverheated [x]
        --> Stop [-]
    [-] mission [x]
        --> MissionActive [x]
        [o] mission_selector [-]
            [-] mission_object_response [-]
                --> ObjectSeen [-]
                --> HandleObjectAction [-]
            [-] mission_progress [-]
                --> PublishMoveGoal [-]
                --> GoToObject [-]
                --> CheckStopCondition [-]
                --> AdvanceMove [-]
    [-] navigation [x]
        --> HasMpcGoal [x]

[INFO] [1791022961.730666227] [behavior_executor_node]: [IsProximityTooClose] DIAG scan: total=1081 in_window=721 excluded_by_filter=0 min_in_window=0.901 front_min=1.472
[INFO] [1791022962.818129051] [behavior_executor_node]: BT snapshot -- root=FAILURE, lanes: emergency=FAILURE | mission=FAILURE | navigation=FAILURE
[o] root [x]
    [-] emergency [x]
        [o] emergency_condition [x]
            --> IsBatteryLow [x]
            --> IsEmergencyStopTriggered [x]
            --> IsProximityTooClose [x]
            --> IsSystemOverheated [x]
        --> Stop [-]
    [-] mission [x]
        --> MissionActive [x]
        [o] mission_selector [-]
            [-] mission_object_response [-]
                --> ObjectSeen [-]
                --> HandleObjectAction [-]
            [-] mission_progress [-]
                --> PublishMoveGoal [-]
                --> GoToObject [-]
                --> CheckStopCondition [-]
                --> AdvanceMove [-]
    [-] navigation [x]
        --> HasMpcGoal [x]

[INFO] [1791022963.823202486] [behavior_executor_node]: BT snapshot -- root=FAILURE, lanes: emergency=FAILURE | mission=FAILURE | navigation=FAILURE
[o] root [x]
    [-] emergency [x]
        [o] emergency_condition [x]
            --> IsBatteryLow [x]
            --> IsEmergencyStopTriggered [x]
            --> IsProximityTooClose [x]
            --> IsSystemOverheated [x]
        --> Stop [-]
    [-] mission [x]
        --> MissionActive [x]
        [o] mission_selector [-]
            [-] mission_object_response [-]
                --> ObjectSeen [-]
                --> HandleObjectAction [-]
            [-] mission_progress [-]
                --> PublishMoveGoal [-]
                --> GoToObject [-]
                --> CheckStopCondition [-]
                --> AdvanceMove [-]
    [-] navigation [x]
        --> HasMpcGoal [x]

[INFO] [1791022963.824715252] [behavior_executor_node]: [IsProximityTooClose] DIAG scan: total=1081 in_window=721 excluded_by_filter=0 min_in_window=1.013 front_min=1.591
[INFO] [1791022964.918157981] [behavior_executor_node]: BT snapshot -- root=FAILURE, lanes: emergency=FAILURE | mission=FAILURE | navigation=FAILURE
[o] root [x]
    [-] emergency [x]
        [o] emergency_condition [x]
            --> IsBatteryLow [x]
            --> IsEmergencyStopTriggered [x]
            --> IsProximityTooClose [x]
            --> IsSystemOverheated [x]
        --> Stop [-]
    [-] mission [x]
        --> MissionActive [x]
        [o] mission_selector [-]
            [-] mission_object_response [-]
                --> ObjectSeen [-]
                --> HandleObjectAction [-]
            [-] mission_progress [-]
                --> PublishMoveGoal [-]
                --> GoToObject [-]
                --> CheckStopCondition [-]
                --> AdvanceMove [-]
    [-] navigation [x]
        --> HasMpcGoal [x]

[INFO] [1791022965.847835199] [behavior_executor_node]: [IsProximityTooClose] DIAG scan: total=1081 in_window=721 excluded_by_filter=0 min_in_window=1.061 front_min=2.085
[INFO] [1791022965.918886088] [behavior_executor_node]: BT snapshot -- root=FAILURE, lanes: emergency=FAILURE | mission=FAILURE | navigation=FAILURE
[o] root [x]
    [-] emergency [x]
        [o] emergency_condition [x]
            --> IsBatteryLow [x]
            --> IsEmergencyStopTriggered [x]
            --> IsProximityTooClose [x]
            --> IsSystemOverheated [x]
        --> Stop [-]
    [-] mission [x]
        --> MissionActive [x]
        [o] mission_selector [-]
            [-] mission_object_response [-]
                --> ObjectSeen [-]
                --> HandleObjectAction [-]
            [-] mission_progress [-]
                --> PublishMoveGoal [-]
                --> GoToObject [-]
                --> CheckStopCondition [-]
                --> AdvanceMove [-]
    [-] navigation [x]
        --> HasMpcGoal [x]

[INFO] [1791022967.139532242] [behavior_executor_node]: BT snapshot -- root=FAILURE, lanes: emergency=FAILURE | mission=FAILURE | navigation=FAILURE
[o] root [x]
    [-] emergency [x]
        [o] emergency_condition [x]
            --> IsBatteryLow [x]
            --> IsEmergencyStopTriggered [x]
            --> IsProximityTooClose [x]
            --> IsSystemOverheated [x]
        --> Stop [-]
    [-] mission [x]
        --> MissionActive [x]
        [o] mission_selector [-]
            [-] mission_object_response [-]
                --> ObjectSeen [-]
                --> HandleObjectAction [-]
            [-] mission_progress [-]
                --> PublishMoveGoal [-]
                --> GoToObject [-]
                --> CheckStopCondition [-]
                --> AdvanceMove [-]
    [-] navigation [x]
        --> HasMpcGoal [x]

[INFO] [1791022967.925433866] [behavior_executor_node]: [IsProximityTooClose] DIAG scan: total=1081 in_window=721 excluded_by_filter=0 min_in_window=1.089 front_min=2.478
[INFO] [1791022968.217701542] [behavior_executor_node]: BT snapshot -- root=FAILURE, lanes: emergency=FAILURE | mission=FAILURE | navigation=FAILURE
[o] root [x]
    [-] emergency [x]
        [o] emergency_condition [x]
            --> IsBatteryLow [x]
            --> IsEmergencyStopTriggered [x]
            --> IsProximityTooClose [x]
            --> IsSystemOverheated [x]
        --> Stop [-]
    [-] mission [x]
        --> MissionActive [x]
        [o] mission_selector [-]
            [-] mission_object_response [-]
                --> ObjectSeen [-]
                --> HandleObjectAction [-]
            [-] mission_progress [-]
                --> PublishMoveGoal [-]
                --> GoToObject [-]
                --> CheckStopCondition [-]
                --> AdvanceMove [-]
    [-] navigation [x]
        --> HasMpcGoal [x]

[INFO] [1791022969.217813938] [behavior_executor_node]: BT snapshot -- root=FAILURE, lanes: emergency=FAILURE | mission=FAILURE | navigation=FAILURE
[o] root [x]
    [-] emergency [x]
        [o] emergency_condition [x]
            --> IsBatteryLow [x]
            --> IsEmergencyStopTriggered [x]
            --> IsProximityTooClose [x]
            --> IsSystemOverheated [x]
        --> Stop [-]
    [-] mission [x]
        --> MissionActive [x]
        [o] mission_selector [-]
            [-] mission_object_response [-]
                --> ObjectSeen [-]
                --> HandleObjectAction [-]
            [-] mission_progress [-]
                --> PublishMoveGoal [-]
                --> GoToObject [-]
                --> CheckStopCondition [-]
                --> AdvanceMove [-]
    [-] navigation [x]
        --> HasMpcGoal [x]

[INFO] [1791022969.926085704] [behavior_executor_node]: [IsProximityTooClose] DIAG scan: total=1081 in_window=721 excluded_by_filter=0 min_in_window=1.516 front_min=1.751
[INFO] [1791022970.321140694] [behavior_executor_node]: BT snapshot -- root=FAILURE, lanes: emergency=FAILURE | mission=FAILURE | navigation=FAILURE
[o] root [x]
    [-] emergency [x]
        [o] emergency_condition [x]
            --> IsBatteryLow [x]
            --> IsEmergencyStopTriggered [x]
            --> IsProximityTooClose [x]
            --> IsSystemOverheated [x]
        --> Stop [-]
    [-] mission [x]
        --> MissionActive [x]
        [o] mission_selector [-]
            [-] mission_object_response [-]
                --> ObjectSeen [-]
                --> HandleObjectAction [-]
            [-] mission_progress [-]
                --> PublishMoveGoal [-]
                --> GoToObject [-]
                --> CheckStopCondition [-]
                --> AdvanceMove [-]
    [-] navigation [x]
        --> HasMpcGoal [x]

[INFO] [1791022971.321613968] [behavior_executor_node]: BT snapshot -- root=FAILURE, lanes: emergency=FAILURE | mission=FAILURE | navigation=FAILURE
[o] root [x]
    [-] emergency [x]
        [o] emergency_condition [x]
            --> IsBatteryLow [x]
            --> IsEmergencyStopTriggered [x]
            --> IsProximityTooClose [x]
            --> IsSystemOverheated [x]
        --> Stop [-]
    [-] mission [x]
        --> MissionActive [x]
        [o] mission_selector [-]
            [-] mission_object_response [-]
                --> ObjectSeen [-]
                --> HandleObjectAction [-]
            [-] mission_progress [-]
                --> PublishMoveGoal [-]
                --> GoToObject [-]
                --> CheckStopCondition [-]
                --> AdvanceMove [-]
    [-] navigation [x]
        --> HasMpcGoal [x]

[INFO] [1791022971.931216958] [behavior_executor_node]: [IsProximityTooClose] DIAG scan: total=1081 in_window=721 excluded_by_filter=0 min_in_window=1.186 front_min=1.996
[INFO] [1791022972.344951681] [behavior_executor_node]: BT snapshot -- root=FAILURE, lanes: emergency=FAILURE | mission=FAILURE | navigation=FAILURE
[o] root [x]
    [-] emergency [x]
        [o] emergency_condition [x]
            --> IsBatteryLow [x]
            --> IsEmergencyStopTriggered [x]
            --> IsProximityTooClose [x]
            --> IsSystemOverheated [x]
        --> Stop [-]
    [-] mission [x]
        --> MissionActive [x]
        [o] mission_selector [-]
            [-] mission_object_response [-]
                --> ObjectSeen [-]
                --> HandleObjectAction [-]
            [-] mission_progress [-]
                --> PublishMoveGoal [-]
                --> GoToObject [-]
                --> CheckStopCondition [-]
                --> AdvanceMove [-]
    [-] navigation [x]
        --> HasMpcGoal [x]

[INFO] [1791022973.417840225] [behavior_executor_node]: BT snapshot -- root=FAILURE, lanes: emergency=FAILURE | mission=FAILURE | navigation=FAILURE
[o] root [x]
    [-] emergency [x]
        [o] emergency_condition [x]
            --> IsBatteryLow [x]
            --> IsEmergencyStopTriggered [x]
            --> IsProximityTooClose [x]
            --> IsSystemOverheated [x]
        --> Stop [-]
    [-] mission [x]
        --> MissionActive [x]
        [o] mission_selector [-]
            [-] mission_object_response [-]
                --> ObjectSeen [-]
                --> HandleObjectAction [-]
            [-] mission_progress [-]
                --> PublishMoveGoal [-]
                --> GoToObject [-]
                --> CheckStopCondition [-]
                --> AdvanceMove [-]
    [-] navigation [x]
        --> HasMpcGoal [x]

[INFO] [1791022974.025419519] [behavior_executor_node]: [IsProximityTooClose] DIAG scan: total=1081 in_window=721 excluded_by_filter=0 min_in_window=1.223 front_min=1.824
[INFO] [1791022974.424566644] [behavior_executor_node]: BT snapshot -- root=FAILURE, lanes: emergency=FAILURE | mission=FAILURE | navigation=FAILURE
[o] root [x]
    [-] emergency [x]
        [o] emergency_condition [x]
            --> IsBatteryLow [x]
            --> IsEmergencyStopTriggered [x]
            --> IsProximityTooClose [x]
            --> IsSystemOverheated [x]
        --> Stop [-]
    [-] mission [x]
        --> MissionActive [x]
        [o] mission_selector [-]
            [-] mission_object_response [-]
                --> ObjectSeen [-]
                --> HandleObjectAction [-]
            [-] mission_progress [-]
                --> PublishMoveGoal [-]
                --> GoToObject [-]
                --> CheckStopCondition [-]
                --> AdvanceMove [-]
    [-] navigation [x]
        --> HasMpcGoal [x]

[INFO] [1791022975.517768154] [behavior_executor_node]: BT snapshot -- root=FAILURE, lanes: emergency=FAILURE | mission=FAILURE | navigation=FAILURE
[o] root [x]
    [-] emergency [x]
        [o] emergency_condition [x]
            --> IsBatteryLow [x]
            --> IsEmergencyStopTriggered [x]
            --> IsProximityTooClose [x]
            --> IsSystemOverheated [x]
        --> Stop [-]
    [-] mission [x]
        --> MissionActive [x]
        [o] mission_selector [-]
            [-] mission_object_response [-]
                --> ObjectSeen [-]
                --> HandleObjectAction [-]
            [-] mission_progress [-]
                --> PublishMoveGoal [-]
                --> GoToObject [-]
                --> CheckStopCondition [-]
                --> AdvanceMove [-]
    [-] navigation [x]
        --> HasMpcGoal [x]

[INFO] [1791022976.037132023] [behavior_executor_node]: [IsProximityTooClose] DIAG scan: total=1081 in_window=721 excluded_by_filter=0 min_in_window=1.249 front_min=1.262
[INFO] [1791022976.618227064] [behavior_executor_node]: BT snapshot -- root=FAILURE, lanes: emergency=FAILURE | mission=FAILURE | navigation=FAILURE
[o] root [x]
    [-] emergency [x]
        [o] emergency_condition [x]
            --> IsBatteryLow [x]
            --> IsEmergencyStopTriggered [x]
            --> IsProximityTooClose [x]
            --> IsSystemOverheated [x]
        --> Stop [-]
    [-] mission [x]
        --> MissionActive [x]
        [o] mission_selector [-]
            [-] mission_object_response [-]
                --> ObjectSeen [-]
                --> HandleObjectAction [-]
            [-] mission_progress [-]
                --> PublishMoveGoal [-]
                --> GoToObject [-]
                --> CheckStopCondition [-]
                --> AdvanceMove [-]
    [-] navigation [x]
        --> HasMpcGoal [x]

[INFO] [1791022977.618829330] [behavior_executor_node]: BT snapshot -- root=FAILURE, lanes: emergency=FAILURE | mission=FAILURE | navigation=FAILURE
[o] root [x]
    [-] emergency [x]
        [o] emergency_condition [x]
            --> IsBatteryLow [x]
            --> IsEmergencyStopTriggered [x]
            --> IsProximityTooClose [x]
            --> IsSystemOverheated [x]
        --> Stop [-]
    [-] mission [x]
        --> MissionActive [x]
        [o] mission_selector [-]
            [-] mission_object_response [-]
                --> ObjectSeen [-]
                --> HandleObjectAction [-]
            [-] mission_progress [-]
                --> PublishMoveGoal [-]
                --> GoToObject [-]
                --> CheckStopCondition [-]
                --> AdvanceMove [-]
    [-] navigation [x]
        --> HasMpcGoal [x]

[INFO] [1791022978.123415276] [behavior_executor_node]: [IsProximityTooClose] DIAG scan: total=1081 in_window=721 excluded_by_filter=0 min_in_window=0.802 front_min=1.893
[INFO] [1791022978.620952462] [behavior_executor_node]: BT snapshot -- root=FAILURE, lanes: emergency=FAILURE | mission=FAILURE | navigation=FAILURE
[o] root [x]
    [-] emergency [x]
        [o] emergency_condition [x]
            --> IsBatteryLow [x]
            --> IsEmergencyStopTriggered [x]
            --> IsProximityTooClose [x]
            --> IsSystemOverheated [x]
        --> Stop [-]
    [-] mission [x]
        --> MissionActive [x]
        [o] mission_selector [-]
            [-] mission_object_response [-]
                --> ObjectSeen [-]
                --> HandleObjectAction [-]
            [-] mission_progress [-]
                --> PublishMoveGoal [-]
                --> GoToObject [-]
                --> CheckStopCondition [-]
                --> AdvanceMove [-]
    [-] navigation [x]
        --> HasMpcGoal [x]

[INFO] [1791022979.717799101] [behavior_executor_node]: BT snapshot -- root=FAILURE, lanes: emergency=FAILURE | mission=FAILURE | navigation=FAILURE
[o] root [x]
    [-] emergency [x]
        [o] emergency_condition [x]
            --> IsBatteryLow [x]
            --> IsEmergencyStopTriggered [x]
            --> IsProximityTooClose [x]
            --> IsSystemOverheated [x]
        --> Stop [-]
    [-] mission [x]
        --> MissionActive [x]
        [o] mission_selector [-]
            [-] mission_object_response [-]
                --> ObjectSeen [-]
                --> HandleObjectAction [-]
            [-] mission_progress [-]
                --> PublishMoveGoal [-]
                --> GoToObject [-]
                --> CheckStopCondition [-]
                --> AdvanceMove [-]
    [-] navigation [x]
        --> HasMpcGoal [x]

[INFO] [1791022980.153612103] [behavior_executor_node]: [IsProximityTooClose] DIAG scan: total=1081 in_window=721 excluded_by_filter=0 min_in_window=0.547 front_min=1.657
[INFO] [1791022980.817801316] [behavior_executor_node]: BT snapshot -- root=FAILURE, lanes: emergency=FAILURE | mission=FAILURE | navigation=FAILURE
[o] root [x]
    [-] emergency [x]
        [o] emergency_condition [x]
            --> IsBatteryLow [x]
            --> IsEmergencyStopTriggered [x]
            --> IsProximityTooClose [x]
            --> IsSystemOverheated [x]
        --> Stop [-]
    [-] mission [x]
        --> MissionActive [x]
        [o] mission_selector [-]
            [-] mission_object_response [-]
                --> ObjectSeen [-]
                --> HandleObjectAction [-]
            [-] mission_progress [-]
                --> PublishMoveGoal [-]
                --> GoToObject [-]
                --> CheckStopCondition [-]
                --> AdvanceMove [-]
    [-] navigation [x]
        --> HasMpcGoal [x]

[INFO] [1791022981.823498322] [behavior_executor_node]: BT snapshot -- root=FAILURE, lanes: emergency=FAILURE | mission=FAILURE | navigation=FAILURE
[o] root [x]
    [-] emergency [x]
        [o] emergency_condition [x]
            --> IsBatteryLow [x]
            --> IsEmergencyStopTriggered [x]
            --> IsProximityTooClose [x]
            --> IsSystemOverheated [x]
        --> Stop [-]
    [-] mission [x]
        --> MissionActive [x]
        [o] mission_selector [-]
            [-] mission_object_response [-]
                --> ObjectSeen [-]
                --> HandleObjectAction [-]
            [-] mission_progress [-]
                --> PublishMoveGoal [-]
                --> GoToObject [-]
                --> CheckStopCondition [-]
                --> AdvanceMove [-]
    [-] navigation [x]
        --> HasMpcGoal [x]

[INFO] [1791022982.181458595] [behavior_executor_node]: [IsProximityTooClose] DIAG scan: total=1081 in_window=721 excluded_by_filter=0 min_in_window=0.640 front_min=1.645
[INFO] [1791022982.957634435] [behavior_executor_node]: BT snapshot -- root=FAILURE, lanes: emergency=FAILURE | mission=FAILURE | navigation=FAILURE
[o] root [x]
    [-] emergency [x]
        [o] emergency_condition [x]
            --> IsBatteryLow [x]
            --> IsEmergencyStopTriggered [x]
            --> IsProximityTooClose [x]
            --> IsSystemOverheated [x]
        --> Stop [-]
    [-] mission [x]
        --> MissionActive [x]
        [o] mission_selector [-]
            [-] mission_object_response [-]
                --> ObjectSeen [-]
                --> HandleObjectAction [-]
            [-] mission_progress [-]
                --> PublishMoveGoal [-]
                --> GoToObject [-]
                --> CheckStopCondition [-]
                --> AdvanceMove [-]
    [-] navigation [x]
        --> HasMpcGoal [x]

[INFO] [1791022984.017658626] [behavior_executor_node]: BT snapshot -- root=FAILURE, lanes: emergency=FAILURE | mission=FAILURE | navigation=FAILURE
[o] root [x]
    [-] emergency [x]
        [o] emergency_condition [x]
            --> IsBatteryLow [x]
            --> IsEmergencyStopTriggered [x]
            --> IsProximityTooClose [x]
            --> IsSystemOverheated [x]
        --> Stop [-]
    [-] mission [x]
        --> MissionActive [x]
        [o] mission_selector [-]
            [-] mission_object_response [-]
                --> ObjectSeen [-]
                --> HandleObjectAction [-]
            [-] mission_progress [-]
                --> PublishMoveGoal [-]
                --> GoToObject [-]
                --> CheckStopCondition [-]
                --> AdvanceMove [-]
    [-] navigation [x]
        --> HasMpcGoal [x]

[INFO] [1791022984.183101731] [behavior_executor_node]: [IsProximityTooClose] DIAG scan: total=1081 in_window=721 excluded_by_filter=0 min_in_window=0.551 front_min=1.514
[INFO] [1791022985.018103177] [behavior_executor_node]: BT snapshot -- root=FAILURE, lanes: emergency=FAILURE | mission=FAILURE | navigation=FAILURE
[o] root [x]
    [-] emergency [x]
        [o] emergency_condition [x]
            --> IsBatteryLow [x]
            --> IsEmergencyStopTriggered [x]
            --> IsProximityTooClose [x]
            --> IsSystemOverheated [x]
        --> Stop [-]
    [-] mission [x]
        --> MissionActive [x]
        [o] mission_selector [-]
            [-] mission_object_response [-]
                --> ObjectSeen [-]
                --> HandleObjectAction [-]
            [-] mission_progress [-]
                --> PublishMoveGoal [-]
                --> GoToObject [-]
                --> CheckStopCondition [-]
                --> AdvanceMove [-]
    [-] navigation [x]
        --> HasMpcGoal [x]

[INFO] [1791022986.028272715] [behavior_executor_node]: BT snapshot -- root=FAILURE, lanes: emergency=FAILURE | mission=FAILURE | navigation=FAILURE
[o] root [x]
    [-] emergency [x]
        [o] emergency_condition [x]
            --> IsBatteryLow [x]
            --> IsEmergencyStopTriggered [x]
            --> IsProximityTooClose [x]
            --> IsSystemOverheated [x]
        --> Stop [-]
    [-] mission [x]
        --> MissionActive [x]
        [o] mission_selector [-]
            [-] mission_object_response [-]
                --> ObjectSeen [-]
                --> HandleObjectAction [-]
            [-] mission_progress [-]
                --> PublishMoveGoal [-]
                --> GoToObject [-]
                --> CheckStopCondition [-]
                --> AdvanceMove [-]
    [-] navigation [x]
        --> HasMpcGoal [x]

[INFO] [1791022986.199278623] [behavior_executor_node]: [IsProximityTooClose] DIAG scan: total=1081 in_window=721 excluded_by_filter=0 min_in_window=0.560 front_min=1.478
[INFO] [1791022987.117699660] [behavior_executor_node]: BT snapshot -- root=FAILURE, lanes: emergency=FAILURE | mission=FAILURE | navigation=FAILURE
[o] root [x]
    [-] emergency [x]
        [o] emergency_condition [x]
            --> IsBatteryLow [x]
            --> IsEmergencyStopTriggered [x]
            --> IsProximityTooClose [x]
            --> IsSystemOverheated [x]
        --> Stop [-]
    [-] mission [x]
        --> MissionActive [x]
        [o] mission_selector [-]
            [-] mission_object_response [-]
                --> ObjectSeen [-]
                --> HandleObjectAction [-]
            [-] mission_progress [-]
                --> PublishMoveGoal [-]
                --> GoToObject [-]
                --> CheckStopCondition [-]
                --> AdvanceMove [-]
    [-] navigation [x]
        --> HasMpcGoal [x]

[INFO] [1791022988.117838991] [behavior_executor_node]: BT snapshot -- root=FAILURE, lanes: emergency=FAILURE | mission=FAILURE | navigation=FAILURE
[o] root [x]
    [-] emergency [x]
        [o] emergency_condition [x]
            --> IsBatteryLow [x]
            --> IsEmergencyStopTriggered [x]
            --> IsProximityTooClose [x]
            --> IsSystemOverheated [x]
        --> Stop [-]
    [-] mission [x]
        --> MissionActive [x]
        [o] mission_selector [-]
            [-] mission_object_response [-]
                --> ObjectSeen [-]
                --> HandleObjectAction [-]
            [-] mission_progress [-]
                --> PublishMoveGoal [-]
                --> GoToObject [-]
                --> CheckStopCondition [-]
                --> AdvanceMove [-]
    [-] navigation [x]
        --> HasMpcGoal [x]

[INFO] [1791022988.223979087] [behavior_executor_node]: [IsProximityTooClose] DIAG scan: total=1081 in_window=721 excluded_by_filter=0 min_in_window=0.641 front_min=1.291
[INFO] [1791022989.121020641] [behavior_executor_node]: BT snapshot -- root=FAILURE, lanes: emergency=FAILURE | mission=FAILURE | navigation=FAILURE
[o] root [x]
    [-] emergency [x]
        [o] emergency_condition [x]
            --> IsBatteryLow [x]
            --> IsEmergencyStopTriggered [x]
            --> IsProximityTooClose [x]
            --> IsSystemOverheated [x]
        --> Stop [-]
    [-] mission [x]
        --> MissionActive [x]
        [o] mission_selector [-]
            [-] mission_object_response [-]
                --> ObjectSeen [-]
                --> HandleObjectAction [-]
            [-] mission_progress [-]
                --> PublishMoveGoal [-]
                --> GoToObject [-]
                --> CheckStopCondition [-]
                --> AdvanceMove [-]
    [-] navigation [x]
        --> HasMpcGoal [x]

[INFO] [1791022990.122070678] [behavior_executor_node]: BT snapshot -- root=FAILURE, lanes: emergency=FAILURE | mission=FAILURE | navigation=FAILURE
[o] root [x]
    [-] emergency [x]
        [o] emergency_condition [x]
            --> IsBatteryLow [x]
            --> IsEmergencyStopTriggered [x]
            --> IsProximityTooClose [x]
            --> IsSystemOverheated [x]
        --> Stop [-]
    [-] mission [x]
        --> MissionActive [x]
        [o] mission_selector [-]
            [-] mission_object_response [-]
                --> ObjectSeen [-]
                --> HandleObjectAction [-]
            [-] mission_progress [-]
                --> PublishMoveGoal [-]
                --> GoToObject [-]
                --> CheckStopCondition [-]
                --> AdvanceMove [-]
    [-] navigation [x]
        --> HasMpcGoal [x]

[INFO] [1791022990.229617661] [behavior_executor_node]: [IsProximityTooClose] DIAG scan: total=1081 in_window=721 excluded_by_filter=0 min_in_window=0.936 front_min=1.189
[INFO] [1791022991.217976795] [behavior_executor_node]: BT snapshot -- root=FAILURE, lanes: emergency=FAILURE | mission=FAILURE | navigation=FAILURE
[o] root [x]
    [-] emergency [x]
        [o] emergency_condition [x]
            --> IsBatteryLow [x]
            --> IsEmergencyStopTriggered [x]
            --> IsProximityTooClose [x]
            --> IsSystemOverheated [x]
        --> Stop [-]
    [-] mission [x]
        --> MissionActive [x]
        [o] mission_selector [-]
            [-] mission_object_response [-]
                --> ObjectSeen [-]
                --> HandleObjectAction [-]
            [-] mission_progress [-]
                --> PublishMoveGoal [-]
                --> GoToObject [-]
                --> CheckStopCondition [-]
                --> AdvanceMove [-]
    [-] navigation [x]
        --> HasMpcGoal [x]

[INFO] [1791022992.324825007] [behavior_executor_node]: BT snapshot -- root=FAILURE, lanes: emergency=FAILURE | mission=FAILURE | navigation=FAILURE
[o] root [x]
    [-] emergency [x]
        [o] emergency_condition [x]
            --> IsBatteryLow [x]
            --> IsEmergencyStopTriggered [x]
            --> IsProximityTooClose [x]
            --> IsSystemOverheated [x]
        --> Stop [-]
    [-] mission [x]
        --> MissionActive [x]
        [o] mission_selector [-]
            [-] mission_object_response [-]
                --> ObjectSeen [-]
                --> HandleObjectAction [-]
            [-] mission_progress [-]
                --> PublishMoveGoal [-]
                --> GoToObject [-]
                --> CheckStopCondition [-]
                --> AdvanceMove [-]
    [-] navigation [x]
        --> HasMpcGoal [x]

[INFO] [1791022992.326349106] [behavior_executor_node]: [IsProximityTooClose] DIAG scan: total=1081 in_window=721 excluded_by_filter=0 min_in_window=0.765 front_min=1.596
[INFO] [1791022993.452733241] [behavior_executor_node]: BT snapshot -- root=FAILURE, lanes: emergency=FAILURE | mission=FAILURE | navigation=FAILURE
[o] root [x]
    [-] emergency [x]
        [o] emergency_condition [x]
            --> IsBatteryLow [x]
            --> IsEmergencyStopTriggered [x]
            --> IsProximityTooClose [x]
            --> IsSystemOverheated [x]
        --> Stop [-]
    [-] mission [x]
        --> MissionActive [x]
        [o] mission_selector [-]
            [-] mission_object_response [-]
                --> ObjectSeen [-]
                --> HandleObjectAction [-]
            [-] mission_progress [-]
                --> PublishMoveGoal [-]
                --> GoToObject [-]
                --> CheckStopCondition [-]
                --> AdvanceMove [-]
    [-] navigation [x]
        --> HasMpcGoal [x]

[INFO] [1791022994.331272854] [behavior_executor_node]: [IsProximityTooClose] DIAG scan: total=1081 in_window=721 excluded_by_filter=0 min_in_window=0.823 front_min=1.580
[INFO] [1791022994.517688719] [behavior_executor_node]: BT snapshot -- root=FAILURE, lanes: emergency=FAILURE | mission=FAILURE | navigation=FAILURE
[o] root [x]
    [-] emergency [x]
        [o] emergency_condition [x]
            --> IsBatteryLow [x]
            --> IsEmergencyStopTriggered [x]
            --> IsProximityTooClose [x]
            --> IsSystemOverheated [x]
        --> Stop [-]
    [-] mission [x]
        --> MissionActive [x]
        [o] mission_selector [-]
            [-] mission_object_response [-]
                --> ObjectSeen [-]
                --> HandleObjectAction [-]
            [-] mission_progress [-]
                --> PublishMoveGoal [-]
                --> GoToObject [-]
                --> CheckStopCondition [-]
                --> AdvanceMove [-]
    [-] navigation [x]
        --> HasMpcGoal [x]

[INFO] [1791022995.517741135] [behavior_executor_node]: BT snapshot -- root=FAILURE, lanes: emergency=FAILURE | mission=FAILURE | navigation=FAILURE
[o] root [x]
    [-] emergency [x]
        [o] emergency_condition [x]
            --> IsBatteryLow [x]
            --> IsEmergencyStopTriggered [x]
            --> IsProximityTooClose [x]
            --> IsSystemOverheated [x]
        --> Stop [-]
    [-] mission [x]
        --> MissionActive [x]
        [o] mission_selector [-]
            [-] mission_object_response [-]
                --> ObjectSeen [-]
                --> HandleObjectAction [-]
            [-] mission_progress [-]
                --> PublishMoveGoal [-]
                --> GoToObject [-]
                --> CheckStopCondition [-]
                --> AdvanceMove [-]
    [-] navigation [x]
        --> HasMpcGoal [x]

[INFO] [1791022996.451293044] [behavior_executor_node]: [IsProximityTooClose] DIAG scan: total=1081 in_window=721 excluded_by_filter=0 min_in_window=1.029 front_min=1.278
[INFO] [1791022996.517726177] [behavior_executor_node]: BT snapshot -- root=FAILURE, lanes: emergency=FAILURE | mission=FAILURE | navigation=FAILURE
[o] root [x]
    [-] emergency [x]
        [o] emergency_condition [x]
            --> IsBatteryLow [x]
            --> IsEmergencyStopTriggered [x]
            --> IsProximityTooClose [x]
            --> IsSystemOverheated [x]
        --> Stop [-]
    [-] mission [x]
        --> MissionActive [x]
        [o] mission_selector [-]
            [-] mission_object_response [-]
                --> ObjectSeen [-]
                --> HandleObjectAction [-]
            [-] mission_progress [-]
                --> PublishMoveGoal [-]
                --> GoToObject [-]
                --> CheckStopCondition [-]
                --> AdvanceMove [-]
    [-] navigation [x]
        --> HasMpcGoal [x]

[INFO] [1791022997.617827165] [behavior_executor_node]: BT snapshot -- root=FAILURE, lanes: emergency=FAILURE | mission=FAILURE | navigation=FAILURE
[o] root [x]
    [-] emergency [x]
        [o] emergency_condition [x]
            --> IsBatteryLow [x]
            --> IsEmergencyStopTriggered [x]
            --> IsProximityTooClose [x]
            --> IsSystemOverheated [x]
        --> Stop [-]
    [-] mission [x]
        --> MissionActive [x]
        [o] mission_selector [-]
            [-] mission_object_response [-]
                --> ObjectSeen [-]
                --> HandleObjectAction [-]
            [-] mission_progress [-]
                --> PublishMoveGoal [-]
                --> GoToObject [-]
                --> CheckStopCondition [-]
                --> AdvanceMove [-]
    [-] navigation [x]
        --> HasMpcGoal [x]

[INFO] [1791022998.451906711] [behavior_executor_node]: [IsProximityTooClose] DIAG scan: total=1081 in_window=721 excluded_by_filter=0 min_in_window=0.873 front_min=1.280
[INFO] [1791022998.619295683] [behavior_executor_node]: BT snapshot -- root=FAILURE, lanes: emergency=FAILURE | mission=FAILURE | navigation=FAILURE
[o] root [x]
    [-] emergency [x]
        [o] emergency_condition [x]
            --> IsBatteryLow [x]
            --> IsEmergencyStopTriggered [x]
            --> IsProximityTooClose [x]
            --> IsSystemOverheated [x]
        --> Stop [-]
    [-] mission [x]
        --> MissionActive [x]
        [o] mission_selector [-]
            [-] mission_object_response [-]
                --> ObjectSeen [-]
                --> HandleObjectAction [-]
            [-] mission_progress [-]
                --> PublishMoveGoal [-]
                --> GoToObject [-]
                --> CheckStopCondition [-]
                --> AdvanceMove [-]
    [-] navigation [x]
        --> HasMpcGoal [x]

[INFO] [1791022999.721533426] [behavior_executor_node]: BT snapshot -- root=FAILURE, lanes: emergency=FAILURE | mission=FAILURE | navigation=FAILURE
[o] root [x]
    [-] emergency [x]
        [o] emergency_condition [x]
            --> IsBatteryLow [x]
            --> IsEmergencyStopTriggered [x]
            --> IsProximityTooClose [x]
            --> IsSystemOverheated [x]
        --> Stop [-]
    [-] mission [x]
        --> MissionActive [x]
        [o] mission_selector [-]
            [-] mission_object_response [-]
                --> ObjectSeen [-]
                --> HandleObjectAction [-]
            [-] mission_progress [-]
                --> PublishMoveGoal [-]
                --> GoToObject [-]
                --> CheckStopCondition [-]
                --> AdvanceMove [-]
    [-] navigation [x]
        --> HasMpcGoal [x]

[INFO] [1791023000.526303187] [behavior_executor_node]: [IsProximityTooClose] DIAG scan: total=1081 in_window=721 excluded_by_filter=0 min_in_window=0.886 front_min=1.640
[INFO] [1791023000.817696132] [behavior_executor_node]: BT snapshot -- root=FAILURE, lanes: emergency=FAILURE | mission=FAILURE | navigation=FAILURE
[o] root [x]
    [-] emergency [x]
        [o] emergency_condition [x]
            --> IsBatteryLow [x]
            --> IsEmergencyStopTriggered [x]
            --> IsProximityTooClose [x]
            --> IsSystemOverheated [x]
        --> Stop [-]
    [-] mission [x]
        --> MissionActive [x]
        [o] mission_selector [-]
            [-] mission_object_response [-]
                --> ObjectSeen [-]
                --> HandleObjectAction [-]
            [-] mission_progress [-]
                --> PublishMoveGoal [-]
                --> GoToObject [-]
                --> CheckStopCondition [-]
                --> AdvanceMove [-]
    [-] navigation [x]
        --> HasMpcGoal [x]

[INFO] [1791023001.832804172] [behavior_executor_node]: BT snapshot -- root=FAILURE, lanes: emergency=FAILURE | mission=FAILURE | navigation=FAILURE
[o] root [x]
    [-] emergency [x]
        [o] emergency_condition [x]
            --> IsBatteryLow [x]
            --> IsEmergencyStopTriggered [x]
            --> IsProximityTooClose [x]
            --> IsSystemOverheated [x]
        --> Stop [-]
    [-] mission [x]
        --> MissionActive [x]
        [o] mission_selector [-]
            [-] mission_object_response [-]
                --> ObjectSeen [-]
                --> HandleObjectAction [-]
            [-] mission_progress [-]
                --> PublishMoveGoal [-]
                --> GoToObject [-]
                --> CheckStopCondition [-]
                --> AdvanceMove [-]
    [-] navigation [x]
        --> HasMpcGoal [x]

[INFO] [1791023002.534651646] [behavior_executor_node]: [IsProximityTooClose] DIAG scan: total=1081 in_window=721 excluded_by_filter=0 min_in_window=0.913 front_min=1.910
[INFO] [1791023002.917721433] [behavior_executor_node]: BT snapshot -- root=FAILURE, lanes: emergency=FAILURE | mission=FAILURE | navigation=FAILURE
[o] root [x]
    [-] emergency [x]
        [o] emergency_condition [x]
            --> IsBatteryLow [x]
            --> IsEmergencyStopTriggered [x]
            --> IsProximityTooClose [x]
            --> IsSystemOverheated [x]
        --> Stop [-]
    [-] mission [x]
        --> MissionActive [x]
        [o] mission_selector [-]
            [-] mission_object_response [-]
                --> ObjectSeen [-]
                --> HandleObjectAction [-]
            [-] mission_progress [-]
                --> PublishMoveGoal [-]
                --> GoToObject [-]
                --> CheckStopCondition [-]
                --> AdvanceMove [-]
    [-] navigation [x]
        --> HasMpcGoal [x]

[INFO] [1791023003.917984957] [behavior_executor_node]: BT snapshot -- root=FAILURE, lanes: emergency=FAILURE | mission=FAILURE | navigation=FAILURE
[o] root [x]
    [-] emergency [x]
        [o] emergency_condition [x]
            --> IsBatteryLow [x]
            --> IsEmergencyStopTriggered [x]
            --> IsProximityTooClose [x]
            --> IsSystemOverheated [x]
        --> Stop [-]
    [-] mission [x]
        --> MissionActive [x]
        [o] mission_selector [-]
            [-] mission_object_response [-]
                --> ObjectSeen [-]
                --> HandleObjectAction [-]
            [-] mission_progress [-]
                --> PublishMoveGoal [-]
                --> GoToObject [-]
                --> CheckStopCondition [-]
                --> AdvanceMove [-]
    [-] navigation [x]
        --> HasMpcGoal [x]

[INFO] [1791023004.746475581] [behavior_executor_node]: [IsProximityTooClose] DIAG scan: total=1081 in_window=721 excluded_by_filter=0 min_in_window=0.956 front_min=2.206
[INFO] [1791023005.017811348] [behavior_executor_node]: BT snapshot -- root=FAILURE, lanes: emergency=FAILURE | mission=FAILURE | navigation=FAILURE
[o] root [x]
    [-] emergency [x]
        [o] emergency_condition [x]
            --> IsBatteryLow [x]
            --> IsEmergencyStopTriggered [x]
            --> IsProximityTooClose [x]
            --> IsSystemOverheated [x]
        --> Stop [-]
    [-] mission [x]
        --> MissionActive [x]
        [o] mission_selector [-]
            [-] mission_object_response [-]
                --> ObjectSeen [-]
                --> HandleObjectAction [-]
            [-] mission_progress [-]
                --> PublishMoveGoal [-]
                --> GoToObject [-]
                --> CheckStopCondition [-]
                --> AdvanceMove [-]
    [-] navigation [x]
        --> HasMpcGoal [x]

[INFO] [1791023006.119909953] [behavior_executor_node]: BT snapshot -- root=FAILURE, lanes: emergency=FAILURE | mission=FAILURE | navigation=FAILURE
[o] root [x]
    [-] emergency [x]
        [o] emergency_condition [x]
            --> IsBatteryLow [x]
            --> IsEmergencyStopTriggered [x]
            --> IsProximityTooClose [x]
            --> IsSystemOverheated [x]
        --> Stop [-]
    [-] mission [x]
        --> MissionActive [x]
        [o] mission_selector [-]
            [-] mission_object_response [-]
                --> ObjectSeen [-]
                --> HandleObjectAction [-]
            [-] mission_progress [-]
                --> PublishMoveGoal [-]
                --> GoToObject [-]
                --> CheckStopCondition [-]
                --> AdvanceMove [-]
    [-] navigation [x]
        --> HasMpcGoal [x]

[INFO] [1791023006.760276336] [behavior_executor_node]: [IsProximityTooClose] DIAG scan: total=1081 in_window=721 excluded_by_filter=0 min_in_window=0.979 front_min=2.839
[INFO] [1791023007.217949908] [behavior_executor_node]: BT snapshot -- root=FAILURE, lanes: emergency=FAILURE | mission=FAILURE | navigation=FAILURE
[o] root [x]
    [-] emergency [x]
        [o] emergency_condition [x]
            --> IsBatteryLow [x]
            --> IsEmergencyStopTriggered [x]
            --> IsProximityTooClose [x]
            --> IsSystemOverheated [x]
        --> Stop [-]
    [-] mission [x]
        --> MissionActive [x]
        [o] mission_selector [-]
            [-] mission_object_response [-]
                --> ObjectSeen [-]
                --> HandleObjectAction [-]
            [-] mission_progress [-]
                --> PublishMoveGoal [-]
                --> GoToObject [-]
                --> CheckStopCondition [-]
                --> AdvanceMove [-]
    [-] navigation [x]
        --> HasMpcGoal [x]

[INFO] [1791023008.218041304] [behavior_executor_node]: BT snapshot -- root=FAILURE, lanes: emergency=FAILURE | mission=FAILURE | navigation=FAILURE
[o] root [x]
    [-] emergency [x]
        [o] emergency_condition [x]
            --> IsBatteryLow [x]
            --> IsEmergencyStopTriggered [x]
            --> IsProximityTooClose [x]
            --> IsSystemOverheated [x]
        --> Stop [-]
    [-] mission [x]
        --> MissionActive [x]
        [o] mission_selector [-]
            [-] mission_object_response [-]
                --> ObjectSeen [-]
                --> HandleObjectAction [-]
            [-] mission_progress [-]
                --> PublishMoveGoal [-]
                --> GoToObject [-]
                --> CheckStopCondition [-]
                --> AdvanceMove [-]
    [-] navigation [x]
        --> HasMpcGoal [x]

[INFO] [1791023008.829362368] [behavior_executor_node]: [IsProximityTooClose] DIAG scan: total=1081 in_window=721 excluded_by_filter=0 min_in_window=1.061 front_min=2.166
[INFO] [1791023009.218005616] [behavior_executor_node]: BT snapshot -- root=FAILURE, lanes: emergency=FAILURE | mission=FAILURE | navigation=FAILURE
[o] root [x]
    [-] emergency [x]
        [o] emergency_condition [x]
            --> IsBatteryLow [x]
            --> IsEmergencyStopTriggered [x]
            --> IsProximityTooClose [x]
            --> IsSystemOverheated [x]
        --> Stop [-]
    [-] mission [x]
        --> MissionActive [x]
        [o] mission_selector [-]
            [-] mission_object_response [-]
                --> ObjectSeen [-]
                --> HandleObjectAction [-]
            [-] mission_progress [-]
                --> PublishMoveGoal [-]
                --> GoToObject [-]
                --> CheckStopCondition [-]
                --> AdvanceMove [-]
    [-] navigation [x]
        --> HasMpcGoal [x]

[INFO] [1791023010.444503087] [behavior_executor_node]: BT snapshot -- root=FAILURE, lanes: emergency=FAILURE | mission=FAILURE | navigation=FAILURE
[o] root [x]
    [-] emergency [x]
        [o] emergency_condition [x]
            --> IsBatteryLow [x]
            --> IsEmergencyStopTriggered [x]
            --> IsProximityTooClose [x]
            --> IsSystemOverheated [x]
        --> Stop [-]
    [-] mission [x]
        --> MissionActive [x]
        [o] mission_selector [-]
            [-] mission_object_response [-]
                --> ObjectSeen [-]
                --> HandleObjectAction [-]
            [-] mission_progress [-]
                --> PublishMoveGoal [-]
                --> GoToObject [-]
                --> CheckStopCondition [-]
                --> AdvanceMove [-]
    [-] navigation [x]
        --> HasMpcGoal [x]

[INFO] [1791023010.831935259] [behavior_executor_node]: [IsProximityTooClose] DIAG scan: total=1081 in_window=721 excluded_by_filter=0 min_in_window=1.200 front_min=2.313
[INFO] [1791023011.517738790] [behavior_executor_node]: BT snapshot -- root=FAILURE, lanes: emergency=FAILURE | mission=FAILURE | navigation=FAILURE
[o] root [x]
    [-] emergency [x]
        [o] emergency_condition [x]
            --> IsBatteryLow [x]
            --> IsEmergencyStopTriggered [x]
            --> IsProximityTooClose [x]
            --> IsSystemOverheated [x]
        --> Stop [-]
    [-] mission [x]
        --> MissionActive [x]
        [o] mission_selector [-]
            [-] mission_object_response [-]
                --> ObjectSeen [-]
                --> HandleObjectAction [-]
            [-] mission_progress [-]
                --> PublishMoveGoal [-]
                --> GoToObject [-]
                --> CheckStopCondition [-]
                --> AdvanceMove [-]
    [-] navigation [x]
        --> HasMpcGoal [x]

[INFO] [1791023012.617724440] [behavior_executor_node]: BT snapshot -- root=FAILURE, lanes: emergency=FAILURE | mission=FAILURE | navigation=FAILURE
[o] root [x]
    [-] emergency [x]
        [o] emergency_condition [x]
            --> IsBatteryLow [x]
            --> IsEmergencyStopTriggered [x]
            --> IsProximityTooClose [x]
            --> IsSystemOverheated [x]
        --> Stop [-]
    [-] mission [x]
        --> MissionActive [x]
        [o] mission_selector [-]
            [-] mission_object_response [-]
                --> ObjectSeen [-]
                --> HandleObjectAction [-]
            [-] mission_progress [-]
                --> PublishMoveGoal [-]
                --> GoToObject [-]
                --> CheckStopCondition [-]
                --> AdvanceMove [-]
    [-] navigation [x]
        --> HasMpcGoal [x]

[INFO] [1791023012.839844931] [behavior_executor_node]: [IsProximityTooClose] DIAG scan: total=1081 in_window=721 excluded_by_filter=0 min_in_window=1.596 front_min=1.756
[INFO] [1791023013.618848307] [behavior_executor_node]: BT snapshot -- root=FAILURE, lanes: emergency=FAILURE | mission=FAILURE | navigation=FAILURE
[o] root [x]
    [-] emergency [x]
        [o] emergency_condition [x]
            --> IsBatteryLow [x]
            --> IsEmergencyStopTriggered [x]
            --> IsProximityTooClose [x]
            --> IsSystemOverheated [x]
        --> Stop [-]
    [-] mission [x]
        --> MissionActive [x]
        [o] mission_selector [-]
            [-] mission_object_response [-]
                --> ObjectSeen [-]
                --> HandleObjectAction [-]
            [-] mission_progress [-]
                --> PublishMoveGoal [-]
                --> GoToObject [-]
                --> CheckStopCondition [-]
                --> AdvanceMove [-]
    [-] navigation [x]
        --> HasMpcGoal [x]

[INFO] [1791023014.717978885] [behavior_executor_node]: BT snapshot -- root=FAILURE, lanes: emergency=FAILURE | mission=FAILURE | navigation=FAILURE
[o] root [x]
    [-] emergency [x]
        [o] emergency_condition [x]
            --> IsBatteryLow [x]
            --> IsEmergencyStopTriggered [x]
            --> IsProximityTooClose [x]
            --> IsSystemOverheated [x]
        --> Stop [-]
    [-] mission [x]
        --> MissionActive [x]
        [o] mission_selector [-]
            [-] mission_object_response [-]
                --> ObjectSeen [-]
                --> HandleObjectAction [-]
            [-] mission_progress [-]
                --> PublishMoveGoal [-]
                --> GoToObject [-]
                --> CheckStopCondition [-]
                --> AdvanceMove [-]
    [-] navigation [x]
        --> HasMpcGoal [x]

[INFO] [1791023014.839851069] [behavior_executor_node]: [IsProximityTooClose] DIAG scan: total=1081 in_window=721 excluded_by_filter=0 min_in_window=1.188 front_min=1.985
[INFO] [1791023015.718499417] [behavior_executor_node]: BT snapshot -- root=FAILURE, lanes: emergency=FAILURE | mission=FAILURE | navigation=FAILURE
[o] root [x]
    [-] emergency [x]
        [o] emergency_condition [x]
            --> IsBatteryLow [x]
            --> IsEmergencyStopTriggered [x]
            --> IsProximityTooClose [x]
            --> IsSystemOverheated [x]
        --> Stop [-]
    [-] mission [x]
        --> MissionActive [x]
        [o] mission_selector [-]
            [-] mission_object_response [-]
                --> ObjectSeen [-]
                --> HandleObjectAction [-]
            [-] mission_progress [-]
                --> PublishMoveGoal [-]
                --> GoToObject [-]
                --> CheckStopCondition [-]
                --> AdvanceMove [-]
    [-] navigation [x]
        --> HasMpcGoal [x]

[INFO] [1791023016.832168809] [behavior_executor_node]: BT snapshot -- root=FAILURE, lanes: emergency=FAILURE | mission=FAILURE | navigation=FAILURE
[o] root [x]
    [-] emergency [x]
        [o] emergency_condition [x]
            --> IsBatteryLow [x]
            --> IsEmergencyStopTriggered [x]
            --> IsProximityTooClose [x]
            --> IsSystemOverheated [x]
        --> Stop [-]
    [-] mission [x]
        --> MissionActive [x]
        [o] mission_selector [-]
            [-] mission_object_response [-]
                --> ObjectSeen [-]
                --> HandleObjectAction [-]
            [-] mission_progress [-]
                --> PublishMoveGoal [-]
                --> GoToObject [-]
                --> CheckStopCondition [-]
                --> AdvanceMove [-]
    [-] navigation [x]
        --> HasMpcGoal [x]

[INFO] [1791023016.841278648] [behavior_executor_node]: [IsProximityTooClose] DIAG scan: total=1081 in_window=721 excluded_by_filter=0 min_in_window=1.244 front_min=1.914
[INFO] [1791023017.917893673] [behavior_executor_node]: BT snapshot -- root=FAILURE, lanes: emergency=FAILURE | mission=FAILURE | navigation=FAILURE
[o] root [x]
    [-] emergency [x]
        [o] emergency_condition [x]
            --> IsBatteryLow [x]
            --> IsEmergencyStopTriggered [x]
            --> IsProximityTooClose [x]
            --> IsSystemOverheated [x]
        --> Stop [-]
    [-] mission [x]
        --> MissionActive [x]
        [o] mission_selector [-]
            [-] mission_object_response [-]
                --> ObjectSeen [-]
                --> HandleObjectAction [-]
            [-] mission_progress [-]
                --> PublishMoveGoal [-]
                --> GoToObject [-]
                --> CheckStopCondition [-]
                --> AdvanceMove [-]
    [-] navigation [x]
        --> HasMpcGoal [x]

[INFO] [1791023018.848985867] [behavior_executor_node]: [IsProximityTooClose] DIAG scan: total=1081 in_window=721 excluded_by_filter=0 min_in_window=1.151 front_min=1.863
[INFO] [1791023019.017793221] [behavior_executor_node]: BT snapshot -- root=FAILURE, lanes: emergency=FAILURE | mission=FAILURE | navigation=FAILURE
[o] root [x]
    [-] emergency [x]
        [o] emergency_condition [x]
            --> IsBatteryLow [x]
            --> IsEmergencyStopTriggered [x]
            --> IsProximityTooClose [x]
            --> IsSystemOverheated [x]
        --> Stop [-]
    [-] mission [x]
        --> MissionActive [x]
        [o] mission_selector [-]
            [-] mission_object_response [-]
                --> ObjectSeen [-]
                --> HandleObjectAction [-]
            [-] mission_progress [-]
                --> PublishMoveGoal [-]
                --> GoToObject [-]
                --> CheckStopCondition [-]
                --> AdvanceMove [-]
    [-] navigation [x]
        --> HasMpcGoal [x]

[INFO] [1791023020.117669239] [behavior_executor_node]: BT snapshot -- root=FAILURE, lanes: emergency=FAILURE | mission=FAILURE | navigation=FAILURE
[o] root [x]
    [-] emergency [x]
        [o] emergency_condition [x]
            --> IsBatteryLow [x]
            --> IsEmergencyStopTriggered [x]
            --> IsProximityTooClose [x]
            --> IsSystemOverheated [x]
        --> Stop [-]
    [-] mission [x]
        --> MissionActive [x]
        [o] mission_selector [-]
            [-] mission_object_response [-]
                --> ObjectSeen [-]
                --> HandleObjectAction [-]
            [-] mission_progress [-]
                --> PublishMoveGoal [-]
                --> GoToObject [-]
                --> CheckStopCondition [-]
                --> AdvanceMove [-]
    [-] navigation [x]
        --> HasMpcGoal [x]

[INFO] [1791023020.860220264] [behavior_executor_node]: [IsProximityTooClose] DIAG scan: total=1081 in_window=721 excluded_by_filter=0 min_in_window=0.828 front_min=1.900
[INFO] [1791023021.245108707] [behavior_executor_node]: BT snapshot -- root=FAILURE, lanes: emergency=FAILURE | mission=FAILURE | navigation=FAILURE
[o] root [x]
    [-] emergency [x]
        [o] emergency_condition [x]
            --> IsBatteryLow [x]
            --> IsEmergencyStopTriggered [x]
            --> IsProximityTooClose [x]
            --> IsSystemOverheated [x]
        --> Stop [-]
    [-] mission [x]
        --> MissionActive [x]
        [o] mission_selector [-]
            [-] mission_object_response [-]
                --> ObjectSeen [-]
                --> HandleObjectAction [-]
            [-] mission_progress [-]
                --> PublishMoveGoal [-]
                --> GoToObject [-]
                --> CheckStopCondition [-]
                --> AdvanceMove [-]
    [-] navigation [x]
        --> HasMpcGoal [x]

[INFO] [1791023022.317819199] [behavior_executor_node]: BT snapshot -- root=FAILURE, lanes: emergency=FAILURE | mission=FAILURE | navigation=FAILURE
[o] root [x]
    [-] emergency [x]
        [o] emergency_condition [x]
            --> IsBatteryLow [x]
            --> IsEmergencyStopTriggered [x]
            --> IsProximityTooClose [x]
            --> IsSystemOverheated [x]
        --> Stop [-]
    [-] mission [x]
        --> MissionActive [x]
        [o] mission_selector [-]
            [-] mission_object_response [-]
                --> ObjectSeen [-]
                --> HandleObjectAction [-]
            [-] mission_progress [-]
                --> PublishMoveGoal [-]
                --> GoToObject [-]
                --> CheckStopCondition [-]
                --> AdvanceMove [-]
    [-] navigation [x]
        --> HasMpcGoal [x]

[INFO] [1791023022.922765346] [behavior_executor_node]: [IsProximityTooClose] DIAG scan: total=1081 in_window=721 excluded_by_filter=0 min_in_window=0.627 front_min=1.651
[INFO] [1791023023.329956095] [behavior_executor_node]: BT snapshot -- root=FAILURE, lanes: emergency=FAILURE | mission=FAILURE | navigation=FAILURE
[o] root [x]
    [-] emergency [x]
        [o] emergency_condition [x]
            --> IsBatteryLow [x]
            --> IsEmergencyStopTriggered [x]
            --> IsProximityTooClose [x]
            --> IsSystemOverheated [x]
        --> Stop [-]
    [-] mission [x]
        --> MissionActive [x]
        [o] mission_selector [-]
            [-] mission_object_response [-]
                --> ObjectSeen [-]
                --> HandleObjectAction [-]
            [-] mission_progress [-]
                --> PublishMoveGoal [-]
                --> GoToObject [-]
                --> CheckStopCondition [-]
                --> AdvanceMove [-]
    [-] navigation [x]
        --> HasMpcGoal [x]

[INFO] [1791023024.417767755] [behavior_executor_node]: BT snapshot -- root=FAILURE, lanes: emergency=FAILURE | mission=FAILURE | navigation=FAILURE
[o] root [x]
    [-] emergency [x]
        [o] emergency_condition [x]
            --> IsBatteryLow [x]
            --> IsEmergencyStopTriggered [x]
            --> IsProximityTooClose [x]
            --> IsSystemOverheated [x]
        --> Stop [-]
    [-] mission [x]
        --> MissionActive [x]
        [o] mission_selector [-]
            [-] mission_object_response [-]
                --> ObjectSeen [-]
                --> HandleObjectAction [-]
            [-] mission_progress [-]
                --> PublishMoveGoal [-]
                --> GoToObject [-]
                --> CheckStopCondition [-]
                --> AdvanceMove [-]
    [-] navigation [x]
        --> HasMpcGoal [x]

[INFO] [1791023024.926722988] [behavior_executor_node]: [IsProximityTooClose] DIAG scan: total=1081 in_window=721 excluded_by_filter=0 min_in_window=0.598 front_min=1.644
[INFO] [1791023025.517763257] [behavior_executor_node]: BT snapshot -- root=FAILURE, lanes: emergency=FAILURE | mission=FAILURE | navigation=FAILURE
[o] root [x]
    [-] emergency [x]
        [o] emergency_condition [x]
            --> IsBatteryLow [x]
            --> IsEmergencyStopTriggered [x]
            --> IsProximityTooClose [x]
            --> IsSystemOverheated [x]
        --> Stop [-]
    [-] mission [x]
        --> MissionActive [x]
        [o] mission_selector [-]
            [-] mission_object_response [-]
                --> ObjectSeen [-]
                --> HandleObjectAction [-]
            [-] mission_progress [-]
                --> PublishMoveGoal [-]
                --> GoToObject [-]
                --> CheckStopCondition [-]
                --> AdvanceMove [-]
    [-] navigation [x]
        --> HasMpcGoal [x]

[INFO] [1791023026.517716213] [behavior_executor_node]: BT snapshot -- root=FAILURE, lanes: emergency=FAILURE | mission=FAILURE | navigation=FAILURE
[o] root [x]
    [-] emergency [x]
        [o] emergency_condition [x]
            --> IsBatteryLow [x]
            --> IsEmergencyStopTriggered [x]
            --> IsProximityTooClose [x]
            --> IsSystemOverheated [x]
        --> Stop [-]
    [-] mission [x]
        --> MissionActive [x]
        [o] mission_selector [-]
            [-] mission_object_response [-]
                --> ObjectSeen [-]
                --> HandleObjectAction [-]
            [-] mission_progress [-]
                --> PublishMoveGoal [-]
                --> GoToObject [-]
                --> CheckStopCondition [-]
                --> AdvanceMove [-]
    [-] navigation [x]
        --> HasMpcGoal [x]

[INFO] [1791023026.986679189] [behavior_executor_node]: [IsProximityTooClose] DIAG scan: total=1081 in_window=721 excluded_by_filter=0 min_in_window=0.573 front_min=1.513
[INFO] [1791023027.518142577] [behavior_executor_node]: BT snapshot -- root=FAILURE, lanes: emergency=FAILURE | mission=FAILURE | navigation=FAILURE
[o] root [x]
    [-] emergency [x]
        [o] emergency_condition [x]
            --> IsBatteryLow [x]
            --> IsEmergencyStopTriggered [x]
            --> IsProximityTooClose [x]
            --> IsSystemOverheated [x]
        --> Stop [-]
    [-] mission [x]
        --> MissionActive [x]
        [o] mission_selector [-]
            [-] mission_object_response [-]
                --> ObjectSeen [-]
                --> HandleObjectAction [-]
            [-] mission_progress [-]
                --> PublishMoveGoal [-]
                --> GoToObject [-]
                --> CheckStopCondition [-]
                --> AdvanceMove [-]
    [-] navigation [x]
        --> HasMpcGoal [x]

[INFO] [1791023028.618405224] [behavior_executor_node]: BT snapshot -- root=FAILURE, lanes: emergency=FAILURE | mission=FAILURE | navigation=FAILURE
[o] root [x]
    [-] emergency [x]
        [o] emergency_condition [x]
            --> IsBatteryLow [x]
            --> IsEmergencyStopTriggered [x]
            --> IsProximityTooClose [x]
            --> IsSystemOverheated [x]
        --> Stop [-]
    [-] mission [x]
        --> MissionActive [x]
        [o] mission_selector [-]
            [-] mission_object_response [-]
                --> ObjectSeen [-]
                --> HandleObjectAction [-]
            [-] mission_progress [-]
                --> PublishMoveGoal [-]
                --> GoToObject [-]
                --> CheckStopCondition [-]
                --> AdvanceMove [-]
    [-] navigation [x]
        --> HasMpcGoal [x]

[INFO] [1791023028.993011320] [behavior_executor_node]: [IsProximityTooClose] DIAG scan: total=1081 in_window=721 excluded_by_filter=0 min_in_window=0.602 front_min=1.471
[INFO] [1791023029.747360706] [behavior_executor_node]: BT snapshot -- root=FAILURE, lanes: emergency=FAILURE | mission=FAILURE | navigation=FAILURE
[o] root [x]
    [-] emergency [x]
        [o] emergency_condition [x]
            --> IsBatteryLow [x]
            --> IsEmergencyStopTriggered [x]
            --> IsProximityTooClose [x]
            --> IsSystemOverheated [x]
        --> Stop [-]
    [-] mission [x]
        --> MissionActive [x]
        [o] mission_selector [-]
            [-] mission_object_response [-]
                --> ObjectSeen [-]
                --> HandleObjectAction [-]
            [-] mission_progress [-]
                --> PublishMoveGoal [-]
                --> GoToObject [-]
                --> CheckStopCondition [-]
                --> AdvanceMove [-]
    [-] navigation [x]
        --> HasMpcGoal [x]

[INFO] [1791023030.818321817] [behavior_executor_node]: BT snapshot -- root=FAILURE, lanes: emergency=FAILURE | mission=FAILURE | navigation=FAILURE
[o] root [x]
    [-] emergency [x]
        [o] emergency_condition [x]
            --> IsBatteryLow [x]
            --> IsEmergencyStopTriggered [x]
            --> IsProximityTooClose [x]
            --> IsSystemOverheated [x]
        --> Stop [-]
    [-] mission [x]
        --> MissionActive [x]
        [o] mission_selector [-]
            [-] mission_object_response [-]
                --> ObjectSeen [-]
                --> HandleObjectAction [-]
            [-] mission_progress [-]
                --> PublishMoveGoal [-]
                --> GoToObject [-]
                --> CheckStopCondition [-]
                --> AdvanceMove [-]
    [-] navigation [x]
        --> HasMpcGoal [x]

[INFO] [1791023031.015068778] [behavior_executor_node]: [IsProximityTooClose] DIAG scan: total=1081 in_window=721 excluded_by_filter=0 min_in_window=0.761 front_min=1.215
[INFO] [1791023031.938646347] [behavior_executor_node]: BT snapshot -- root=FAILURE, lanes: emergency=FAILURE | mission=FAILURE | navigation=FAILURE
[o] root [x]
    [-] emergency [x]
        [o] emergency_condition [x]
            --> IsBatteryLow [x]
            --> IsEmergencyStopTriggered [x]
            --> IsProximityTooClose [x]
            --> IsSystemOverheated [x]
        --> Stop [-]
    [-] mission [x]
        --> MissionActive [x]
        [o] mission_selector [-]
            [-] mission_object_response [-]
                --> ObjectSeen [-]
                --> HandleObjectAction [-]
            [-] mission_progress [-]
                --> PublishMoveGoal [-]
                --> GoToObject [-]
                --> CheckStopCondition [-]
                --> AdvanceMove [-]
    [-] navigation [x]
        --> HasMpcGoal [x]

[INFO] [1791023033.017680918] [behavior_executor_node]: BT snapshot -- root=FAILURE, lanes: emergency=FAILURE | mission=FAILURE | navigation=FAILURE
[o] root [x]
    [-] emergency [x]
        [o] emergency_condition [x]
            --> IsBatteryLow [x]
            --> IsEmergencyStopTriggered [x]
            --> IsProximityTooClose [x]
            --> IsSystemOverheated [x]
        --> Stop [-]
    [-] mission [x]
        --> MissionActive [x]
        [o] mission_selector [-]
            [-] mission_object_response [-]
                --> ObjectSeen [-]
                --> HandleObjectAction [-]
            [-] mission_progress [-]
                --> PublishMoveGoal [-]
                --> GoToObject [-]
                --> CheckStopCondition [-]
                --> AdvanceMove [-]
    [-] navigation [x]
        --> HasMpcGoal [x]

[INFO] [1791023033.037977233] [behavior_executor_node]: [IsProximityTooClose] DIAG scan: total=1081 in_window=721 excluded_by_filter=0 min_in_window=0.909 front_min=1.080
[INFO] [1791023034.017845032] [behavior_executor_node]: BT snapshot -- root=FAILURE, lanes: emergency=FAILURE | mission=FAILURE | navigation=FAILURE
[o] root [x]
    [-] emergency [x]
        [o] emergency_condition [x]
            --> IsBatteryLow [x]
            --> IsEmergencyStopTriggered [x]
            --> IsProximityTooClose [x]
            --> IsSystemOverheated [x]
        --> Stop [-]
    [-] mission [x]
        --> MissionActive [x]
        [o] mission_selector [-]
            [-] mission_object_response [-]
                --> ObjectSeen [-]
                --> HandleObjectAction [-]
            [-] mission_progress [-]
                --> PublishMoveGoal [-]
                --> GoToObject [-]
                --> CheckStopCondition [-]
                --> AdvanceMove [-]
    [-] navigation [x]
        --> HasMpcGoal [x]

[INFO] [1791023035.247284468] [behavior_executor_node]: BT snapshot -- root=FAILURE, lanes: emergency=FAILURE | mission=FAILURE | navigation=FAILURE
[o] root [x]
    [-] emergency [x]
        [o] emergency_condition [x]
            --> IsBatteryLow [x]
            --> IsEmergencyStopTriggered [x]
            --> IsProximityTooClose [x]
            --> IsSystemOverheated [x]
        --> Stop [-]
    [-] mission [x]
        --> MissionActive [x]
        [o] mission_selector [-]
            [-] mission_object_response [-]
                --> ObjectSeen [-]
                --> HandleObjectAction [-]
            [-] mission_progress [-]
                --> PublishMoveGoal [-]
                --> GoToObject [-]
                --> CheckStopCondition [-]
                --> AdvanceMove [-]
    [-] navigation [x]
        --> HasMpcGoal [x]

[INFO] [1791023035.249387394] [behavior_executor_node]: [IsProximityTooClose] DIAG scan: total=1081 in_window=721 excluded_by_filter=0 min_in_window=0.775 front_min=1.555
[INFO] [1791023036.317703587] [behavior_executor_node]: BT snapshot -- root=FAILURE, lanes: emergency=FAILURE | mission=FAILURE | navigation=FAILURE
[o] root [x]
    [-] emergency [x]
        [o] emergency_condition [x]
            --> IsBatteryLow [x]
            --> IsEmergencyStopTriggered [x]
            --> IsProximityTooClose [x]
            --> IsSystemOverheated [x]
        --> Stop [-]
    [-] mission [x]
        --> MissionActive [x]
        [o] mission_selector [-]
            [-] mission_object_response [-]
                --> ObjectSeen [-]
                --> HandleObjectAction [-]
            [-] mission_progress [-]
                --> PublishMoveGoal [-]
                --> GoToObject [-]
                --> CheckStopCondition [-]
                --> AdvanceMove [-]
    [-] navigation [x]
        --> HasMpcGoal [x]

[INFO] [1791023037.274798492] [behavior_executor_node]: [IsProximityTooClose] DIAG scan: total=1081 in_window=721 excluded_by_filter=0 min_in_window=0.848 front_min=1.441
[INFO] [1791023037.318389858] [behavior_executor_node]: BT snapshot -- root=FAILURE, lanes: emergency=FAILURE | mission=FAILURE | navigation=FAILURE
[o] root [x]
    [-] emergency [x]
        [o] emergency_condition [x]
            --> IsBatteryLow [x]
            --> IsEmergencyStopTriggered [x]
            --> IsProximityTooClose [x]
            --> IsSystemOverheated [x]
        --> Stop [-]
    [-] mission [x]
        --> MissionActive [x]
        [o] mission_selector [-]
            [-] mission_object_response [-]
                --> ObjectSeen [-]
                --> HandleObjectAction [-]
            [-] mission_progress [-]
                --> PublishMoveGoal [-]
                --> GoToObject [-]
                --> CheckStopCondition [-]
                --> AdvanceMove [-]
    [-] navigation [x]
        --> HasMpcGoal [x]

[INFO] [1791023038.329373123] [behavior_executor_node]: BT snapshot -- root=FAILURE, lanes: emergency=FAILURE | mission=FAILURE | navigation=FAILURE
[o] root [x]
    [-] emergency [x]
        [o] emergency_condition [x]
            --> IsBatteryLow [x]
            --> IsEmergencyStopTriggered [x]
            --> IsProximityTooClose [x]
            --> IsSystemOverheated [x]
        --> Stop [-]
    [-] mission [x]
        --> MissionActive [x]
        [o] mission_selector [-]
            [-] mission_object_response [-]
                --> ObjectSeen [-]
                --> HandleObjectAction [-]
            [-] mission_progress [-]
                --> PublishMoveGoal [-]
                --> GoToObject [-]
                --> CheckStopCondition [-]
                --> AdvanceMove [-]
    [-] navigation [x]
        --> HasMpcGoal [x]

[INFO] [1791023039.326617087] [behavior_executor_node]: [IsProximityTooClose] DIAG scan: total=1081 in_window=721 excluded_by_filter=0 min_in_window=0.839 front_min=1.277
[INFO] [1791023039.419181559] [behavior_executor_node]: BT snapshot -- root=FAILURE, lanes: emergency=FAILURE | mission=FAILURE | navigation=FAILURE
[o] root [x]
    [-] emergency [x]
        [o] emergency_condition [x]
            --> IsBatteryLow [x]
            --> IsEmergencyStopTriggered [x]
            --> IsProximityTooClose [x]
            --> IsSystemOverheated [x]
        --> Stop [-]
    [-] mission [x]
        --> MissionActive [x]
        [o] mission_selector [-]
            [-] mission_object_response [-]
                --> ObjectSeen [-]
                --> HandleObjectAction [-]
            [-] mission_progress [-]
                --> PublishMoveGoal [-]
                --> GoToObject [-]
                --> CheckStopCondition [-]
                --> AdvanceMove [-]
    [-] navigation [x]
        --> HasMpcGoal [x]

[INFO] [1791023040.517772014] [behavior_executor_node]: BT snapshot -- root=FAILURE, lanes: emergency=FAILURE | mission=FAILURE | navigation=FAILURE
[o] root [x]
    [-] emergency [x]
        [o] emergency_condition [x]
            --> IsBatteryLow [x]
            --> IsEmergencyStopTriggered [x]
            --> IsProximityTooClose [x]
            --> IsSystemOverheated [x]
        --> Stop [-]
    [-] mission [x]
        --> MissionActive [x]
        [o] mission_selector [-]
            [-] mission_object_response [-]
                --> ObjectSeen [-]
                --> HandleObjectAction [-]
            [-] mission_progress [-]
                --> PublishMoveGoal [-]
                --> GoToObject [-]
                --> CheckStopCondition [-]
                --> AdvanceMove [-]
    [-] navigation [x]
        --> HasMpcGoal [x]

[INFO] [1791023041.345496384] [behavior_executor_node]: [IsProximityTooClose] DIAG scan: total=1081 in_window=721 excluded_by_filter=0 min_in_window=0.877 front_min=3.172
[INFO] [1791023041.530283463] [behavior_executor_node]: BT snapshot -- root=FAILURE, lanes: emergency=FAILURE | mission=FAILURE | navigation=FAILURE
[o] root [x]
    [-] emergency [x]
        [o] emergency_condition [x]
            --> IsBatteryLow [x]
            --> IsEmergencyStopTriggered [x]
            --> IsProximityTooClose [x]
            --> IsSystemOverheated [x]
        --> Stop [-]
    [-] mission [x]
        --> MissionActive [x]
        [o] mission_selector [-]
            [-] mission_object_response [-]
                --> ObjectSeen [-]
                --> HandleObjectAction [-]
            [-] mission_progress [-]
                --> PublishMoveGoal [-]
                --> GoToObject [-]
                --> CheckStopCondition [-]
                --> AdvanceMove [-]
    [-] navigation [x]
        --> HasMpcGoal [x]

[INFO] [1791023042.617979070] [behavior_executor_node]: BT snapshot -- root=FAILURE, lanes: emergency=FAILURE | mission=FAILURE | navigation=FAILURE
[o] root [x]
    [-] emergency [x]
        [o] emergency_condition [x]
            --> IsBatteryLow [x]
            --> IsEmergencyStopTriggered [x]
            --> IsProximityTooClose [x]
            --> IsSystemOverheated [x]
        --> Stop [-]
    [-] mission [x]
        --> MissionActive [x]
        [o] mission_selector [-]
            [-] mission_object_response [-]
                --> ObjectSeen [-]
                --> HandleObjectAction [-]
            [-] mission_progress [-]
                --> PublishMoveGoal [-]
                --> GoToObject [-]
                --> CheckStopCondition [-]
                --> AdvanceMove [-]
    [-] navigation [x]
        --> HasMpcGoal [x]

[INFO] [1791023043.377062474] [behavior_executor_node]: [IsProximityTooClose] DIAG scan: total=1081 in_window=721 excluded_by_filter=0 min_in_window=0.873 front_min=1.476
[INFO] [1791023043.631999828] [behavior_executor_node]: BT snapshot -- root=FAILURE, lanes: emergency=FAILURE | mission=FAILURE | navigation=FAILURE
[o] root [x]
    [-] emergency [x]
        [o] emergency_condition [x]
            --> IsBatteryLow [x]
            --> IsEmergencyStopTriggered [x]
            --> IsProximityTooClose [x]
            --> IsSystemOverheated [x]
        --> Stop [-]
    [-] mission [x]
        --> MissionActive [x]
        [o] mission_selector [-]
            [-] mission_object_response [-]
                --> ObjectSeen [-]
                --> HandleObjectAction [-]
            [-] mission_progress [-]
                --> PublishMoveGoal [-]
                --> GoToObject [-]
                --> CheckStopCondition [-]
                --> AdvanceMove [-]
    [-] navigation [x]
        --> HasMpcGoal [x]

[INFO] [1791023044.718279787] [behavior_executor_node]: BT snapshot -- root=FAILURE, lanes: emergency=FAILURE | mission=FAILURE | navigation=FAILURE
[o] root [x]
    [-] emergency [x]
        [o] emergency_condition [x]
            --> IsBatteryLow [x]
            --> IsEmergencyStopTriggered [x]
            --> IsProximityTooClose [x]
            --> IsSystemOverheated [x]
        --> Stop [-]
    [-] mission [x]
        --> MissionActive [x]
        [o] mission_selector [-]
            [-] mission_object_response [-]
                --> ObjectSeen [-]
                --> HandleObjectAction [-]
            [-] mission_progress [-]
                --> PublishMoveGoal [-]
                --> GoToObject [-]
                --> CheckStopCondition [-]
                --> AdvanceMove [-]
    [-] navigation [x]
        --> HasMpcGoal [x]

[INFO] [1791023045.377699353] [behavior_executor_node]: [IsProximityTooClose] DIAG scan: total=1081 in_window=721 excluded_by_filter=0 min_in_window=0.908 front_min=1.782
[INFO] [1791023045.817676860] [behavior_executor_node]: BT snapshot -- root=FAILURE, lanes: emergency=FAILURE | mission=FAILURE | navigation=FAILURE
[o] root [x]
    [-] emergency [x]
        [o] emergency_condition [x]
            --> IsBatteryLow [x]
            --> IsEmergencyStopTriggered [x]
            --> IsProximityTooClose [x]
            --> IsSystemOverheated [x]
        --> Stop [-]
    [-] mission [x]
        --> MissionActive [x]
        [o] mission_selector [-]
            [-] mission_object_response [-]
                --> ObjectSeen [-]
                --> HandleObjectAction [-]
            [-] mission_progress [-]
                --> PublishMoveGoal [-]
                --> GoToObject [-]
                --> CheckStopCondition [-]
                --> AdvanceMove [-]
    [-] navigation [x]
        --> HasMpcGoal [x]

[INFO] [1791023046.839580142] [behavior_executor_node]: BT snapshot -- root=FAILURE, lanes: emergency=FAILURE | mission=FAILURE | navigation=FAILURE
[o] root [x]
    [-] emergency [x]
        [o] emergency_condition [x]
            --> IsBatteryLow [x]
            --> IsEmergencyStopTriggered [x]
            --> IsProximityTooClose [x]
            --> IsSystemOverheated [x]
        --> Stop [-]
    [-] mission [x]
        --> MissionActive [x]
        [o] mission_selector [-]
            [-] mission_object_response [-]
                --> ObjectSeen [-]
                --> HandleObjectAction [-]
            [-] mission_progress [-]
                --> PublishMoveGoal [-]
                --> GoToObject [-]
                --> CheckStopCondition [-]
                --> AdvanceMove [-]
    [-] navigation [x]
        --> HasMpcGoal [x]

[INFO] [1791023047.404194965] [behavior_executor_node]: [IsProximityTooClose] DIAG scan: total=1081 in_window=721 excluded_by_filter=0 min_in_window=0.958 front_min=2.061
[INFO] [1791023047.917789800] [behavior_executor_node]: BT snapshot -- root=FAILURE, lanes: emergency=FAILURE | mission=FAILURE | navigation=FAILURE
[o] root [x]
    [-] emergency [x]
        [o] emergency_condition [x]
            --> IsBatteryLow [x]
            --> IsEmergencyStopTriggered [x]
            --> IsProximityTooClose [x]
            --> IsSystemOverheated [x]
        --> Stop [-]
    [-] mission [x]
        --> MissionActive [x]
        [o] mission_selector [-]
            [-] mission_object_response [-]
                --> ObjectSeen [-]
                --> HandleObjectAction [-]
            [-] mission_progress [-]
                --> PublishMoveGoal [-]
                --> GoToObject [-]
                --> CheckStopCondition [-]
                --> AdvanceMove [-]
    [-] navigation [x]
        --> HasMpcGoal [x]

[INFO] [1791023048.917961720] [behavior_executor_node]: BT snapshot -- root=FAILURE, lanes: emergency=FAILURE | mission=FAILURE | navigation=FAILURE
[o] root [x]
    [-] emergency [x]
        [o] emergency_condition [x]
            --> IsBatteryLow [x]
            --> IsEmergencyStopTriggered [x]
            --> IsProximityTooClose [x]
            --> IsSystemOverheated [x]
        --> Stop [-]
    [-] mission [x]
        --> MissionActive [x]
        [o] mission_selector [-]
            [-] mission_object_response [-]
                --> ObjectSeen [-]
                --> HandleObjectAction [-]
            [-] mission_progress [-]
                --> PublishMoveGoal [-]
                --> GoToObject [-]
                --> CheckStopCondition [-]
                --> AdvanceMove [-]
    [-] navigation [x]
        --> HasMpcGoal [x]

[INFO] [1791023049.531993947] [behavior_executor_node]: [IsProximityTooClose] DIAG scan: total=1081 in_window=721 excluded_by_filter=0 min_in_window=1.022 front_min=2.874
[INFO] [1791023050.029165609] [behavior_executor_node]: BT snapshot -- root=FAILURE, lanes: emergency=FAILURE | mission=FAILURE | navigation=FAILURE
[o] root [x]
    [-] emergency [x]
        [o] emergency_condition [x]
            --> IsBatteryLow [x]
            --> IsEmergencyStopTriggered [x]
            --> IsProximityTooClose [x]
            --> IsSystemOverheated [x]
        --> Stop [-]
    [-] mission [x]
        --> MissionActive [x]
        [o] mission_selector [-]
            [-] mission_object_response [-]
                --> ObjectSeen [-]
                --> HandleObjectAction [-]
            [-] mission_progress [-]
                --> PublishMoveGoal [-]
                --> GoToObject [-]
                --> CheckStopCondition [-]
                --> AdvanceMove [-]
    [-] navigation [x]
        --> HasMpcGoal [x]

[INFO] [1791023051.117739395] [behavior_executor_node]: BT snapshot -- root=FAILURE, lanes: emergency=FAILURE | mission=FAILURE | navigation=FAILURE
[o] root [x]
    [-] emergency [x]
        [o] emergency_condition [x]
            --> IsBatteryLow [x]
            --> IsEmergencyStopTriggered [x]
            --> IsProximityTooClose [x]
            --> IsSystemOverheated [x]
        --> Stop [-]
    [-] mission [x]
        --> MissionActive [x]
        [o] mission_selector [-]
            [-] mission_object_response [-]
                --> ObjectSeen [-]
                --> HandleObjectAction [-]
            [-] mission_progress [-]
                --> PublishMoveGoal [-]
                --> GoToObject [-]
                --> CheckStopCondition [-]
                --> AdvanceMove [-]
    [-] navigation [x]
        --> HasMpcGoal [x]

[INFO] [1791023051.537842234] [behavior_executor_node]: [IsProximityTooClose] DIAG scan: total=1081 in_window=721 excluded_by_filter=0 min_in_window=1.066 front_min=1.845
[INFO] [1791023052.118099061] [behavior_executor_node]: BT snapshot -- root=FAILURE, lanes: emergency=FAILURE | mission=FAILURE | navigation=FAILURE
[o] root [x]
    [-] emergency [x]
        [o] emergency_condition [x]
            --> IsBatteryLow [x]
            --> IsEmergencyStopTriggered [x]
            --> IsProximityTooClose [x]
            --> IsSystemOverheated [x]
        --> Stop [-]
    [-] mission [x]
        --> MissionActive [x]
        [o] mission_selector [-]
            [-] mission_object_response [-]
                --> ObjectSeen [-]
                --> HandleObjectAction [-]
            [-] mission_progress [-]
                --> PublishMoveGoal [-]
                --> GoToObject [-]
                --> CheckStopCondition [-]
                --> AdvanceMove [-]
    [-] navigation [x]
        --> HasMpcGoal [x]

[INFO] [1791023053.235080501] [behavior_executor_node]: BT snapshot -- root=FAILURE, lanes: emergency=FAILURE | mission=FAILURE | navigation=FAILURE
[o] root [x]
    [-] emergency [x]
        [o] emergency_condition [x]
            --> IsBatteryLow [x]
            --> IsEmergencyStopTriggered [x]
            --> IsProximityTooClose [x]
            --> IsSystemOverheated [x]
        --> Stop [-]
    [-] mission [x]
        --> MissionActive [x]
        [o] mission_selector [-]
            [-] mission_object_response [-]
                --> ObjectSeen [-]
                --> HandleObjectAction [-]
            [-] mission_progress [-]
                --> PublishMoveGoal [-]
                --> GoToObject [-]
                --> CheckStopCondition [-]
                --> AdvanceMove [-]
    [-] navigation [x]
        --> HasMpcGoal [x]

[INFO] [1791023053.538103156] [behavior_executor_node]: [IsProximityTooClose] DIAG scan: total=1081 in_window=721 excluded_by_filter=0 min_in_window=1.324 front_min=2.230
[INFO] [1791023054.318358850] [behavior_executor_node]: BT snapshot -- root=FAILURE, lanes: emergency=FAILURE | mission=FAILURE | navigation=FAILURE
[o] root [x]
    [-] emergency [x]
        [o] emergency_condition [x]
            --> IsBatteryLow [x]
            --> IsEmergencyStopTriggered [x]
            --> IsProximityTooClose [x]
            --> IsSystemOverheated [x]
        --> Stop [-]
    [-] mission [x]
        --> MissionActive [x]
        [o] mission_selector [-]
            [-] mission_object_response [-]
                --> ObjectSeen [-]
                --> HandleObjectAction [-]
            [-] mission_progress [-]
                --> PublishMoveGoal [-]
                --> GoToObject [-]
                --> CheckStopCondition [-]
                --> AdvanceMove [-]
    [-] navigation [x]
        --> HasMpcGoal [x]

[INFO] [1791023055.429438658] [behavior_executor_node]: BT snapshot -- root=FAILURE, lanes: emergency=FAILURE | mission=FAILURE | navigation=FAILURE
[o] root [x]
    [-] emergency [x]
        [o] emergency_condition [x]
            --> IsBatteryLow [x]
            --> IsEmergencyStopTriggered [x]
            --> IsProximityTooClose [x]
            --> IsSystemOverheated [x]
        --> Stop [-]
    [-] mission [x]
        --> MissionActive [x]
        [o] mission_selector [-]
            [-] mission_object_response [-]
                --> ObjectSeen [-]
                --> HandleObjectAction [-]
            [-] mission_progress [-]
                --> PublishMoveGoal [-]
                --> GoToObject [-]
                --> CheckStopCondition [-]
                --> AdvanceMove [-]
    [-] navigation [x]
        --> HasMpcGoal [x]

[INFO] [1791023055.563307131] [behavior_executor_node]: [IsProximityTooClose] DIAG scan: total=1081 in_window=721 excluded_by_filter=0 min_in_window=1.536 front_min=1.759
[INFO] [1791023056.517823928] [behavior_executor_node]: BT snapshot -- root=FAILURE, lanes: emergency=FAILURE | mission=FAILURE | navigation=FAILURE
[o] root [x]
    [-] emergency [x]
        [o] emergency_condition [x]
            --> IsBatteryLow [x]
            --> IsEmergencyStopTriggered [x]
            --> IsProximityTooClose [x]
            --> IsSystemOverheated [x]
        --> Stop [-]
    [-] mission [x]
        --> MissionActive [x]
        [o] mission_selector [-]
            [-] mission_object_response [-]
                --> ObjectSeen [-]
                --> HandleObjectAction [-]
            [-] mission_progress [-]
                --> PublishMoveGoal [-]
                --> GoToObject [-]
                --> CheckStopCondition [-]
                --> AdvanceMove [-]
    [-] navigation [x]
        --> HasMpcGoal [x]

[INFO] [1791023057.538657683] [behavior_executor_node]: BT snapshot -- root=FAILURE, lanes: emergency=FAILURE | mission=FAILURE | navigation=FAILURE
[o] root [x]
    [-] emergency [x]
        [o] emergency_condition [x]
            --> IsBatteryLow [x]
            --> IsEmergencyStopTriggered [x]
            --> IsProximityTooClose [x]
            --> IsSystemOverheated [x]
        --> Stop [-]
    [-] mission [x]
        --> MissionActive [x]
        [o] mission_selector [-]
            [-] mission_object_response [-]
                --> ObjectSeen [-]
                --> HandleObjectAction [-]
            [-] mission_progress [-]
                --> PublishMoveGoal [-]
                --> GoToObject [-]
                --> CheckStopCondition [-]
                --> AdvanceMove [-]
    [-] navigation [x]
        --> HasMpcGoal [x]

[INFO] [1791023057.565364388] [behavior_executor_node]: [IsProximityTooClose] DIAG scan: total=1081 in_window=721 excluded_by_filter=0 min_in_window=1.206 front_min=1.902
[INFO] [1791023058.558332792] [behavior_executor_node]: BT snapshot -- root=FAILURE, lanes: emergency=FAILURE | mission=FAILURE | navigation=FAILURE
[o] root [x]
    [-] emergency [x]
        [o] emergency_condition [x]
            --> IsBatteryLow [x]
            --> IsEmergencyStopTriggered [x]
            --> IsProximityTooClose [x]
            --> IsSystemOverheated [x]
        --> Stop [-]
    [-] mission [x]
        --> MissionActive [x]
        [o] mission_selector [-]
            [-] mission_object_response [-]
                --> ObjectSeen [-]
                --> HandleObjectAction [-]
            [-] mission_progress [-]
                --> PublishMoveGoal [-]
                --> GoToObject [-]
                --> CheckStopCondition [-]
                --> AdvanceMove [-]
    [-] navigation [x]
        --> HasMpcGoal [x]

[INFO] [1791023059.593730147] [behavior_executor_node]: [IsProximityTooClose] DIAG scan: total=1081 in_window=721 excluded_by_filter=0 min_in_window=1.290 front_min=1.769
[INFO] [1791023059.617762933] [behavior_executor_node]: BT snapshot -- root=FAILURE, lanes: emergency=FAILURE | mission=FAILURE | navigation=FAILURE
[o] root [x]
    [-] emergency [x]
        [o] emergency_condition [x]
            --> IsBatteryLow [x]
            --> IsEmergencyStopTriggered [x]
            --> IsProximityTooClose [x]
            --> IsSystemOverheated [x]
        --> Stop [-]
    [-] mission [x]
        --> MissionActive [x]
        [o] mission_selector [-]
            [-] mission_object_response [-]
                --> ObjectSeen [-]
                --> HandleObjectAction [-]
            [-] mission_progress [-]
                --> PublishMoveGoal [-]
                --> GoToObject [-]
                --> CheckStopCondition [-]
                --> AdvanceMove [-]
    [-] navigation [x]
        --> HasMpcGoal [x]

[INFO] [1791023060.812488634] [behavior_executor_node]: BT snapshot -- root=FAILURE, lanes: emergency=FAILURE | mission=FAILURE | navigation=FAILURE
[o] root [x]
    [-] emergency [x]
        [o] emergency_condition [x]
            --> IsBatteryLow [x]
            --> IsEmergencyStopTriggered [x]
            --> IsProximityTooClose [x]
            --> IsSystemOverheated [x]
        --> Stop [-]
    [-] mission [x]
        --> MissionActive [x]
        [o] mission_selector [-]
            [-] mission_object_response [-]
                --> ObjectSeen [-]
                --> HandleObjectAction [-]
            [-] mission_progress [-]
                --> PublishMoveGoal [-]
                --> GoToObject [-]
                --> CheckStopCondition [-]
                --> AdvanceMove [-]
    [-] navigation [x]
        --> HasMpcGoal [x]

[INFO] [1791023061.615627120] [behavior_executor_node]: [IsProximityTooClose] DIAG scan: total=1081 in_window=721 excluded_by_filter=0 min_in_window=1.111 front_min=1.864
[INFO] [1791023061.817653274] [behavior_executor_node]: BT snapshot -- root=FAILURE, lanes: emergency=FAILURE | mission=FAILURE | navigation=FAILURE
[o] root [x]
    [-] emergency [x]
        [o] emergency_condition [x]
            --> IsBatteryLow [x]
            --> IsEmergencyStopTriggered [x]
            --> IsProximityTooClose [x]
            --> IsSystemOverheated [x]
        --> Stop [-]
    [-] mission [x]
        --> MissionActive [x]
        [o] mission_selector [-]
            [-] mission_object_response [-]
                --> ObjectSeen [-]
                --> HandleObjectAction [-]
            [-] mission_progress [-]
                --> PublishMoveGoal [-]
                --> GoToObject [-]
                --> CheckStopCondition [-]
                --> AdvanceMove [-]
    [-] navigation [x]
        --> HasMpcGoal [x]

[INFO] [1791023062.818019021] [behavior_executor_node]: BT snapshot -- root=FAILURE, lanes: emergency=FAILURE | mission=FAILURE | navigation=FAILURE
[o] root [x]
    [-] emergency [x]
        [o] emergency_condition [x]
            --> IsBatteryLow [x]
            --> IsEmergencyStopTriggered [x]
            --> IsProximityTooClose [x]
            --> IsSystemOverheated [x]
        --> Stop [-]
    [-] mission [x]
        --> MissionActive [x]
        [o] mission_selector [-]
            [-] mission_object_response [-]
                --> ObjectSeen [-]
                --> HandleObjectAction [-]
            [-] mission_progress [-]
                --> PublishMoveGoal [-]
                --> GoToObject [-]
                --> CheckStopCondition [-]
                --> AdvanceMove [-]
    [-] navigation [x]
        --> HasMpcGoal [x]

[INFO] [1791023063.624851281] [behavior_executor_node]: [IsProximityTooClose] DIAG scan: total=1081 in_window=721 excluded_by_filter=0 min_in_window=0.845 front_min=1.795
[INFO] [1791023064.013630156] [behavior_executor_node]: BT snapshot -- root=FAILURE, lanes: emergency=FAILURE | mission=FAILURE | navigation=FAILURE
[o] root [x]
    [-] emergency [x]
        [o] emergency_condition [x]
            --> IsBatteryLow [x]
            --> IsEmergencyStopTriggered [x]
            --> IsProximityTooClose [x]
            --> IsSystemOverheated [x]
        --> Stop [-]
    [-] mission [x]
        --> MissionActive [x]
        [o] mission_selector [-]
            [-] mission_object_response [-]
                --> ObjectSeen [-]
                --> HandleObjectAction [-]
            [-] mission_progress [-]
                --> PublishMoveGoal [-]
                --> GoToObject [-]
                --> CheckStopCondition [-]
                --> AdvanceMove [-]
    [-] navigation [x]
        --> HasMpcGoal [x]

[INFO] [1791023065.017610241] [behavior_executor_node]: BT snapshot -- root=FAILURE, lanes: emergency=FAILURE | mission=FAILURE | navigation=FAILURE
[o] root [x]
    [-] emergency [x]
        [o] emergency_condition [x]
            --> IsBatteryLow [x]
            --> IsEmergencyStopTriggered [x]
            --> IsProximityTooClose [x]
            --> IsSystemOverheated [x]
        --> Stop [-]
    [-] mission [x]
        --> MissionActive [x]
        [o] mission_selector [-]
            [-] mission_object_response [-]
                --> ObjectSeen [-]
                --> HandleObjectAction [-]
            [-] mission_progress [-]
                --> PublishMoveGoal [-]
                --> GoToObject [-]
                --> CheckStopCondition [-]
                --> AdvanceMove [-]
    [-] navigation [x]
        --> HasMpcGoal [x]

[INFO] [1791023065.625939816] [behavior_executor_node]: [IsProximityTooClose] DIAG scan: total=1081 in_window=721 excluded_by_filter=0 min_in_window=0.624 front_min=1.650
[INFO] [1791023066.209152254] [behavior_executor_node]: BT snapshot -- root=FAILURE, lanes: emergency=FAILURE | mission=FAILURE | navigation=FAILURE
[o] root [x]
    [-] emergency [x]
        [o] emergency_condition [x]
            --> IsBatteryLow [x]
            --> IsEmergencyStopTriggered [x]
            --> IsProximityTooClose [x]
            --> IsSystemOverheated [x]
        --> Stop [-]
    [-] mission [x]
        --> MissionActive [x]
        [o] mission_selector [-]
            [-] mission_object_response [-]
                --> ObjectSeen [-]
                --> HandleObjectAction [-]
            [-] mission_progress [-]
                --> PublishMoveGoal [-]
                --> GoToObject [-]
                --> CheckStopCondition [-]
                --> AdvanceMove [-]
    [-] navigation [x]
        --> HasMpcGoal [x]

[INFO] [1791023067.217437244] [behavior_executor_node]: BT snapshot -- root=FAILURE, lanes: emergency=FAILURE | mission=FAILURE | navigation=FAILURE
[o] root [x]
    [-] emergency [x]
        [o] emergency_condition [x]
            --> IsBatteryLow [x]
            --> IsEmergencyStopTriggered [x]
            --> IsProximityTooClose [x]
            --> IsSystemOverheated [x]
        --> Stop [-]
    [-] mission [x]
        --> MissionActive [x]
        [o] mission_selector [-]
            [-] mission_object_response [-]
                --> ObjectSeen [-]
                --> HandleObjectAction [-]
            [-] mission_progress [-]
                --> PublishMoveGoal [-]
                --> GoToObject [-]
                --> CheckStopCondition [-]
                --> AdvanceMove [-]
    [-] navigation [x]
        --> HasMpcGoal [x]

[INFO] [1791023067.640306558] [behavior_executor_node]: [IsProximityTooClose] DIAG scan: total=1081 in_window=721 excluded_by_filter=0 min_in_window=0.542 front_min=1.643
[INFO] [1791023068.218916081] [behavior_executor_node]: BT snapshot -- root=FAILURE, lanes: emergency=FAILURE | mission=FAILURE | navigation=FAILURE
[o] root [x]
    [-] emergency [x]
        [o] emergency_condition [x]
            --> IsBatteryLow [x]
            --> IsEmergencyStopTriggered [x]
            --> IsProximityTooClose [x]
            --> IsSystemOverheated [x]
        --> Stop [-]
    [-] mission [x]
        --> MissionActive [x]
        [o] mission_selector [-]
            [-] mission_object_response [-]
                --> ObjectSeen [-]
                --> HandleObjectAction [-]
            [-] mission_progress [-]
                --> PublishMoveGoal [-]
                --> GoToObject [-]
                --> CheckStopCondition [-]
                --> AdvanceMove [-]
    [-] navigation [x]
        --> HasMpcGoal [x]

[INFO] [1791023069.317452203] [behavior_executor_node]: BT snapshot -- root=FAILURE, lanes: emergency=FAILURE | mission=FAILURE | navigation=FAILURE
[o] root [x]
    [-] emergency [x]
        [o] emergency_condition [x]
            --> IsBatteryLow [x]
            --> IsEmergencyStopTriggered [x]
            --> IsProximityTooClose [x]
            --> IsSystemOverheated [x]
        --> Stop [-]
    [-] mission [x]
        --> MissionActive [x]
        [o] mission_selector [-]
            [-] mission_object_response [-]
                --> ObjectSeen [-]
                --> HandleObjectAction [-]
            [-] mission_progress [-]
                --> PublishMoveGoal [-]
                --> GoToObject [-]
                --> CheckStopCondition [-]
                --> AdvanceMove [-]
    [-] navigation [x]
        --> HasMpcGoal [x]

[INFO] [1791023069.648301164] [behavior_executor_node]: [IsProximityTooClose] DIAG scan: total=1081 in_window=721 excluded_by_filter=0 min_in_window=0.597 front_min=1.512
[INFO] [1791023070.317637004] [behavior_executor_node]: BT snapshot -- root=FAILURE, lanes: emergency=FAILURE | mission=FAILURE | navigation=FAILURE
[o] root [x]
    [-] emergency [x]
        [o] emergency_condition [x]
            --> IsBatteryLow [x]
            --> IsEmergencyStopTriggered [x]
            --> IsProximityTooClose [x]
            --> IsSystemOverheated [x]
        --> Stop [-]
    [-] mission [x]
        --> MissionActive [x]
        [o] mission_selector [-]
            [-] mission_object_response [-]
                --> ObjectSeen [-]
                --> HandleObjectAction [-]
            [-] mission_progress [-]
                --> PublishMoveGoal [-]
                --> GoToObject [-]
                --> CheckStopCondition [-]
                --> AdvanceMove [-]
    [-] navigation [x]
        --> HasMpcGoal [x]

[INFO] [1791023071.523672631] [behavior_executor_node]: BT snapshot -- root=FAILURE, lanes: emergency=FAILURE | mission=FAILURE | navigation=FAILURE
[o] root [x]
    [-] emergency [x]
        [o] emergency_condition [x]
            --> IsBatteryLow [x]
            --> IsEmergencyStopTriggered [x]
            --> IsProximityTooClose [x]
            --> IsSystemOverheated [x]
        --> Stop [-]
    [-] mission [x]
        --> MissionActive [x]
        [o] mission_selector [-]
            [-] mission_object_response [-]
                --> ObjectSeen [-]
                --> HandleObjectAction [-]
            [-] mission_progress [-]
                --> PublishMoveGoal [-]
                --> GoToObject [-]
                --> CheckStopCondition [-]
                --> AdvanceMove [-]
    [-] navigation [x]
        --> HasMpcGoal [x]

[INFO] [1791023071.680068001] [behavior_executor_node]: [IsProximityTooClose] DIAG scan: total=1081 in_window=721 excluded_by_filter=0 min_in_window=0.607 front_min=1.470
[INFO] [1791023072.617475801] [behavior_executor_node]: BT snapshot -- root=FAILURE, lanes: emergency=FAILURE | mission=FAILURE | navigation=FAILURE
[o] root [x]
    [-] emergency [x]
        [o] emergency_condition [x]
            --> IsBatteryLow [x]
            --> IsEmergencyStopTriggered [x]
            --> IsProximityTooClose [x]
            --> IsSystemOverheated [x]
        --> Stop [-]
    [-] mission [x]
        --> MissionActive [x]
        [o] mission_selector [-]
            [-] mission_object_response [-]
                --> ObjectSeen [-]
                --> HandleObjectAction [-]
            [-] mission_progress [-]
                --> PublishMoveGoal [-]
                --> GoToObject [-]
                --> CheckStopCondition [-]
                --> AdvanceMove [-]
    [-] navigation [x]
        --> HasMpcGoal [x]

[INFO] [1791023073.714656669] [behavior_executor_node]: BT snapshot -- root=FAILURE, lanes: emergency=FAILURE | mission=FAILURE | navigation=FAILURE
[o] root [x]
    [-] emergency [x]
        [o] emergency_condition [x]
            --> IsBatteryLow [x]
            --> IsEmergencyStopTriggered [x]
            --> IsProximityTooClose [x]
            --> IsSystemOverheated [x]
        --> Stop [-]
    [-] mission [x]
        --> MissionActive [x]
        [o] mission_selector [-]
            [-] mission_object_response [-]
                --> ObjectSeen [-]
                --> HandleObjectAction [-]
            [-] mission_progress [-]
                --> PublishMoveGoal [-]
                --> GoToObject [-]
                --> CheckStopCondition [-]
                --> AdvanceMove [-]
    [-] navigation [x]
        --> HasMpcGoal [x]

[INFO] [1791023073.716128945] [behavior_executor_node]: [IsProximityTooClose] DIAG scan: total=1081 in_window=721 excluded_by_filter=0 min_in_window=0.748 front_min=1.212
[INFO] [1791023074.717483107] [behavior_executor_node]: BT snapshot -- root=FAILURE, lanes: emergency=FAILURE | mission=FAILURE | navigation=FAILURE
[o] root [x]
    [-] emergency [x]
        [o] emergency_condition [x]
            --> IsBatteryLow [x]
            --> IsEmergencyStopTriggered [x]
            --> IsProximityTooClose [x]
            --> IsSystemOverheated [x]
        --> Stop [-]
    [-] mission [x]
        --> MissionActive [x]
        [o] mission_selector [-]
            [-] mission_object_response [-]
                --> ObjectSeen [-]
                --> HandleObjectAction [-]
            [-] mission_progress [-]
                --> PublishMoveGoal [-]
                --> GoToObject [-]
                --> CheckStopCondition [-]
                --> AdvanceMove [-]
    [-] navigation [x]
        --> HasMpcGoal [x]

[INFO] [1791023075.717687218] [behavior_executor_node]: BT snapshot -- root=FAILURE, lanes: emergency=FAILURE | mission=FAILURE | navigation=FAILURE
[o] root [x]
    [-] emergency [x]
        [o] emergency_condition [x]
            --> IsBatteryLow [x]
            --> IsEmergencyStopTriggered [x]
            --> IsProximityTooClose [x]
            --> IsSystemOverheated [x]
        --> Stop [-]
    [-] mission [x]
        --> MissionActive [x]
        [o] mission_selector [-]
            [-] mission_object_response [-]
                --> ObjectSeen [-]
                --> HandleObjectAction [-]
            [-] mission_progress [-]
                --> PublishMoveGoal [-]
                --> GoToObject [-]
                --> CheckStopCondition [-]
                --> AdvanceMove [-]
    [-] navigation [x]
        --> HasMpcGoal [x]

[INFO] [1791023075.729441540] [behavior_executor_node]: [IsProximityTooClose] DIAG scan: total=1081 in_window=721 excluded_by_filter=0 min_in_window=0.857 front_min=1.024
[INFO] [1791023076.817647419] [behavior_executor_node]: BT snapshot -- root=FAILURE, lanes: emergency=FAILURE | mission=FAILURE | navigation=FAILURE
[o] root [x]
    [-] emergency [x]
        [o] emergency_condition [x]
            --> IsBatteryLow [x]
            --> IsEmergencyStopTriggered [x]
            --> IsProximityTooClose [x]
            --> IsSystemOverheated [x]
        --> Stop [-]
    [-] mission [x]
        --> MissionActive [x]
        [o] mission_selector [-]
            [-] mission_object_response [-]
                --> ObjectSeen [-]
                --> HandleObjectAction [-]
            [-] mission_progress [-]
                --> PublishMoveGoal [-]
                --> GoToObject [-]
                --> CheckStopCondition [-]
                --> AdvanceMove [-]
    [-] navigation [x]
        --> HasMpcGoal [x]

[INFO] [1791023077.814282039] [behavior_executor_node]: [IsProximityTooClose] DIAG scan: total=1081 in_window=721 excluded_by_filter=0 min_in_window=0.760 front_min=1.875
[INFO] [1791023077.818781412] [behavior_executor_node]: BT snapshot -- root=FAILURE, lanes: emergency=FAILURE | mission=FAILURE | navigation=FAILURE
[o] root [x]
    [-] emergency [x]
        [o] emergency_condition [x]
            --> IsBatteryLow [x]
            --> IsEmergencyStopTriggered [x]
            --> IsProximityTooClose [x]
            --> IsSystemOverheated [x]
        --> Stop [-]
    [-] mission [x]
        --> MissionActive [x]
        [o] mission_selector [-]
            [-] mission_object_response [-]
                --> ObjectSeen [-]
                --> HandleObjectAction [-]
            [-] mission_progress [-]
                --> PublishMoveGoal [-]
                --> GoToObject [-]
                --> CheckStopCondition [-]
                --> AdvanceMove [-]
    [-] navigation [x]
        --> HasMpcGoal [x]

[INFO] [1791023078.917542894] [behavior_executor_node]: BT snapshot -- root=FAILURE, lanes: emergency=FAILURE | mission=FAILURE | navigation=FAILURE
[o] root [x]
    [-] emergency [x]
        [o] emergency_condition [x]
            --> IsBatteryLow [x]
            --> IsEmergencyStopTriggered [x]
            --> IsProximityTooClose [x]
            --> IsSystemOverheated [x]
        --> Stop [-]
    [-] mission [x]
        --> MissionActive [x]
        [o] mission_selector [-]
            [-] mission_object_response [-]
                --> ObjectSeen [-]
                --> HandleObjectAction [-]
            [-] mission_progress [-]
                --> PublishMoveGoal [-]
                --> GoToObject [-]
                --> CheckStopCondition [-]
                --> AdvanceMove [-]
    [-] navigation [x]
        --> HasMpcGoal [x]

[INFO] [1791023079.838972255] [behavior_executor_node]: [IsProximityTooClose] DIAG scan: total=1081 in_window=721 excluded_by_filter=0 min_in_window=0.851 front_min=1.411
[INFO] [1791023080.017420332] [behavior_executor_node]: BT snapshot -- root=FAILURE, lanes: emergency=FAILURE | mission=FAILURE | navigation=FAILURE
[o] root [x]
    [-] emergency [x]
        [o] emergency_condition [x]
            --> IsBatteryLow [x]
            --> IsEmergencyStopTriggered [x]
            --> IsProximityTooClose [x]
            --> IsSystemOverheated [x]
        --> Stop [-]
    [-] mission [x]
        --> MissionActive [x]
        [o] mission_selector [-]
            [-] mission_object_response [-]
                --> ObjectSeen [-]
                --> HandleObjectAction [-]
            [-] mission_progress [-]
                --> PublishMoveGoal [-]
                --> GoToObject [-]
                --> CheckStopCondition [-]
                --> AdvanceMove [-]
    [-] navigation [x]
        --> HasMpcGoal [x]

[INFO] [1791023081.017903624] [behavior_executor_node]: BT snapshot -- root=FAILURE, lanes: emergency=FAILURE | mission=FAILURE | navigation=FAILURE
[o] root [x]
    [-] emergency [x]
        [o] emergency_condition [x]
            --> IsBatteryLow [x]
            --> IsEmergencyStopTriggered [x]
            --> IsProximityTooClose [x]
            --> IsSystemOverheated [x]
        --> Stop [-]
    [-] mission [x]
        --> MissionActive [x]
        [o] mission_selector [-]
            [-] mission_object_response [-]
                --> ObjectSeen [-]
                --> HandleObjectAction [-]
            [-] mission_progress [-]
                --> PublishMoveGoal [-]
                --> GoToObject [-]
                --> CheckStopCondition [-]
                --> AdvanceMove [-]
    [-] navigation [x]
        --> HasMpcGoal [x]

[INFO] [1791023082.026473424] [behavior_executor_node]: BT snapshot -- root=FAILURE, lanes: emergency=FAILURE | mission=FAILURE | navigation=FAILURE
[o] root [x]
    [-] emergency [x]
        [o] emergency_condition [x]
            --> IsBatteryLow [x]
            --> IsEmergencyStopTriggered [x]
            --> IsProximityTooClose [x]
            --> IsSystemOverheated [x]
        --> Stop [-]
    [-] mission [x]
        --> MissionActive [x]
        [o] mission_selector [-]
            [-] mission_object_response [-]
                --> ObjectSeen [-]
                --> HandleObjectAction [-]
            [-] mission_progress [-]
                --> PublishMoveGoal [-]
                --> GoToObject [-]
                --> CheckStopCondition [-]
                --> AdvanceMove [-]
    [-] navigation [x]
        --> HasMpcGoal [x]

[INFO] [1791023082.027772383] [behavior_executor_node]: [IsProximityTooClose] DIAG scan: total=1081 in_window=721 excluded_by_filter=0 min_in_window=0.861 front_min=1.277
[INFO] [1791023083.117705707] [behavior_executor_node]: BT snapshot -- root=FAILURE, lanes: emergency=FAILURE | mission=FAILURE | navigation=FAILURE
[o] root [x]
    [-] emergency [x]
        [o] emergency_condition [x]
            --> IsBatteryLow [x]
            --> IsEmergencyStopTriggered [x]
            --> IsProximityTooClose [x]
            --> IsSystemOverheated [x]
        --> Stop [-]
    [-] mission [x]
        --> MissionActive [x]
        [o] mission_selector [-]
            [-] mission_object_response [-]
                --> ObjectSeen [-]
                --> HandleObjectAction [-]
            [-] mission_progress [-]
                --> PublishMoveGoal [-]
                --> GoToObject [-]
                --> CheckStopCondition [-]
                --> AdvanceMove [-]
    [-] navigation [x]
        --> HasMpcGoal [x]

[INFO] [1791023084.037802269] [behavior_executor_node]: [IsProximityTooClose] DIAG scan: total=1081 in_window=721 excluded_by_filter=0 min_in_window=0.876 front_min=2.194
[INFO] [1791023084.218498515] [behavior_executor_node]: BT snapshot -- root=FAILURE, lanes: emergency=FAILURE | mission=FAILURE | navigation=FAILURE
[o] root [x]
    [-] emergency [x]
        [o] emergency_condition [x]
            --> IsBatteryLow [x]
            --> IsEmergencyStopTriggered [x]
            --> IsProximityTooClose [x]
            --> IsSystemOverheated [x]
        --> Stop [-]
    [-] mission [x]
        --> MissionActive [x]
        [o] mission_selector [-]
            [-] mission_object_response [-]
                --> ObjectSeen [-]
                --> HandleObjectAction [-]
            [-] mission_progress [-]
                --> PublishMoveGoal [-]
                --> GoToObject [-]
                --> CheckStopCondition [-]
                --> AdvanceMove [-]
    [-] navigation [x]
        --> HasMpcGoal [x]

[INFO] [1791023085.317493997] [behavior_executor_node]: BT snapshot -- root=FAILURE, lanes: emergency=FAILURE | mission=FAILURE | navigation=FAILURE
[o] root [x]
    [-] emergency [x]
        [o] emergency_condition [x]
            --> IsBatteryLow [x]
            --> IsEmergencyStopTriggered [x]
            --> IsProximityTooClose [x]
            --> IsSystemOverheated [x]
        --> Stop [-]
    [-] mission [x]
        --> MissionActive [x]
        [o] mission_selector [-]
            [-] mission_object_response [-]
                --> ObjectSeen [-]
                --> HandleObjectAction [-]
            [-] mission_progress [-]
                --> PublishMoveGoal [-]
                --> GoToObject [-]
                --> CheckStopCondition [-]
                --> AdvanceMove [-]
    [-] navigation [x]
        --> HasMpcGoal [x]

[INFO] [1791023086.045440434] [behavior_executor_node]: [IsProximityTooClose] DIAG scan: total=1081 in_window=721 excluded_by_filter=0 min_in_window=0.845 front_min=1.406
[INFO] [1791023086.318118597] [behavior_executor_node]: BT snapshot -- root=FAILURE, lanes: emergency=FAILURE | mission=FAILURE | navigation=FAILURE
[o] root [x]
    [-] emergency [x]
        [o] emergency_condition [x]
            --> IsBatteryLow [x]
            --> IsEmergencyStopTriggered [x]
            --> IsProximityTooClose [x]
            --> IsSystemOverheated [x]
        --> Stop [-]
    [-] mission [x]
        --> MissionActive [x]
        [o] mission_selector [-]
            [-] mission_object_response [-]
                --> ObjectSeen [-]
                --> HandleObjectAction [-]
            [-] mission_progress [-]
                --> PublishMoveGoal [-]
                --> GoToObject [-]
                --> CheckStopCondition [-]
                --> AdvanceMove [-]
    [-] navigation [x]
        --> HasMpcGoal [x]

[INFO] [1791023087.417515356] [behavior_executor_node]: BT snapshot -- root=FAILURE, lanes: emergency=FAILURE | mission=FAILURE | navigation=FAILURE
[o] root [x]
    [-] emergency [x]
        [o] emergency_condition [x]
            --> IsBatteryLow [x]
            --> IsEmergencyStopTriggered [x]
            --> IsProximityTooClose [x]
            --> IsSystemOverheated [x]
        --> Stop [-]
    [-] mission [x]
        --> MissionActive [x]
        [o] mission_selector [-]
            [-] mission_object_response [-]
                --> ObjectSeen [-]
                --> HandleObjectAction [-]
            [-] mission_progress [-]
                --> PublishMoveGoal [-]
                --> GoToObject [-]
                --> CheckStopCondition [-]
                --> AdvanceMove [-]
    [-] navigation [x]
        --> HasMpcGoal [x]

[INFO] [1791023088.047121651] [behavior_executor_node]: [IsProximityTooClose] DIAG scan: total=1081 in_window=721 excluded_by_filter=0 min_in_window=0.916 front_min=1.699
[INFO] [1791023088.417714683] [behavior_executor_node]: BT snapshot -- root=FAILURE, lanes: emergency=FAILURE | mission=FAILURE | navigation=FAILURE
[o] root [x]
    [-] emergency [x]
        [o] emergency_condition [x]
            --> IsBatteryLow [x]
            --> IsEmergencyStopTriggered [x]
            --> IsProximityTooClose [x]
            --> IsSystemOverheated [x]
        --> Stop [-]
    [-] mission [x]
        --> MissionActive [x]
        [o] mission_selector [-]
            [-] mission_object_response [-]
                --> ObjectSeen [-]
                --> HandleObjectAction [-]
            [-] mission_progress [-]
                --> PublishMoveGoal [-]
                --> GoToObject [-]
                --> CheckStopCondition [-]
                --> AdvanceMove [-]
    [-] navigation [x]
        --> HasMpcGoal [x]

[INFO] [1791023089.517446451] [behavior_executor_node]: BT snapshot -- root=FAILURE, lanes: emergency=FAILURE | mission=FAILURE | navigation=FAILURE
[o] root [x]
    [-] emergency [x]
        [o] emergency_condition [x]
            --> IsBatteryLow [x]
            --> IsEmergencyStopTriggered [x]
            --> IsProximityTooClose [x]
            --> IsSystemOverheated [x]
        --> Stop [-]
    [-] mission [x]
        --> MissionActive [x]
        [o] mission_selector [-]
            [-] mission_object_response [-]
                --> ObjectSeen [-]
                --> HandleObjectAction [-]
            [-] mission_progress [-]
                --> PublishMoveGoal [-]
                --> GoToObject [-]
                --> CheckStopCondition [-]
                --> AdvanceMove [-]
    [-] navigation [x]
        --> HasMpcGoal [x]

[INFO] [1791023090.110545524] [behavior_executor_node]: [IsProximityTooClose] DIAG scan: total=1081 in_window=721 excluded_by_filter=0 min_in_window=0.967 front_min=2.010
[INFO] [1791023090.518823142] [behavior_executor_node]: BT snapshot -- root=FAILURE, lanes: emergency=FAILURE | mission=FAILURE | navigation=FAILURE
[o] root [x]
    [-] emergency [x]
        [o] emergency_condition [x]
            --> IsBatteryLow [x]
            --> IsEmergencyStopTriggered [x]
            --> IsProximityTooClose [x]
            --> IsSystemOverheated [x]
        --> Stop [-]
    [-] mission [x]
        --> MissionActive [x]
        [o] mission_selector [-]
            [-] mission_object_response [-]
                --> ObjectSeen [-]
                --> HandleObjectAction [-]
            [-] mission_progress [-]
                --> PublishMoveGoal [-]
                --> GoToObject [-]
                --> CheckStopCondition [-]
                --> AdvanceMove [-]
    [-] navigation [x]
        --> HasMpcGoal [x]

[INFO] [1791023091.617444144] [behavior_executor_node]: BT snapshot -- root=FAILURE, lanes: emergency=FAILURE | mission=FAILURE | navigation=FAILURE
[o] root [x]
    [-] emergency [x]
        [o] emergency_condition [x]
            --> IsBatteryLow [x]
            --> IsEmergencyStopTriggered [x]
            --> IsProximityTooClose [x]
            --> IsSystemOverheated [x]
        --> Stop [-]
    [-] mission [x]
        --> MissionActive [x]
        [o] mission_selector [-]
            [-] mission_object_response [-]
                --> ObjectSeen [-]
                --> HandleObjectAction [-]
            [-] mission_progress [-]
                --> PublishMoveGoal [-]
                --> GoToObject [-]
                --> CheckStopCondition [-]
                --> AdvanceMove [-]
    [-] navigation [x]
        --> HasMpcGoal [x]

[INFO] [1791023092.128475765] [behavior_executor_node]: [IsProximityTooClose] DIAG scan: total=1081 in_window=721 excluded_by_filter=0 min_in_window=1.023 front_min=2.857
[INFO] [1791023092.617623262] [behavior_executor_node]: BT snapshot -- root=FAILURE, lanes: emergency=FAILURE | mission=FAILURE | navigation=FAILURE
[o] root [x]
    [-] emergency [x]
        [o] emergency_condition [x]
            --> IsBatteryLow [x]
            --> IsEmergencyStopTriggered [x]
            --> IsProximityTooClose [x]
            --> IsSystemOverheated [x]
        --> Stop [-]
    [-] mission [x]
        --> MissionActive [x]
        [o] mission_selector [-]
            [-] mission_object_response [-]
                --> ObjectSeen [-]
                --> HandleObjectAction [-]
            [-] mission_progress [-]
                --> PublishMoveGoal [-]
                --> GoToObject [-]
                --> CheckStopCondition [-]
                --> AdvanceMove [-]
    [-] navigation [x]
        --> HasMpcGoal [x]

[INFO] [1791023093.718390020] [behavior_executor_node]: BT snapshot -- root=FAILURE, lanes: emergency=FAILURE | mission=FAILURE | navigation=FAILURE
[o] root [x]
    [-] emergency [x]
        [o] emergency_condition [x]
            --> IsBatteryLow [x]
            --> IsEmergencyStopTriggered [x]
            --> IsProximityTooClose [x]
            --> IsSystemOverheated [x]
        --> Stop [-]
    [-] mission [x]
        --> MissionActive [x]
        [o] mission_selector [-]
            [-] mission_object_response [-]
                --> ObjectSeen [-]
                --> HandleObjectAction [-]
            [-] mission_progress [-]
                --> PublishMoveGoal [-]
                --> GoToObject [-]
                --> CheckStopCondition [-]
                --> AdvanceMove [-]
    [-] navigation [x]
        --> HasMpcGoal [x]

[INFO] [1791023094.146633496] [behavior_executor_node]: [IsProximityTooClose] DIAG scan: total=1081 in_window=721 excluded_by_filter=0 min_in_window=1.083 front_min=1.782
[INFO] [1791023094.817539769] [behavior_executor_node]: BT snapshot -- root=FAILURE, lanes: emergency=FAILURE | mission=FAILURE | navigation=FAILURE
[o] root [x]
    [-] emergency [x]
        [o] emergency_condition [x]
            --> IsBatteryLow [x]
            --> IsEmergencyStopTriggered [x]
            --> IsProximityTooClose [x]
            --> IsSystemOverheated [x]
        --> Stop [-]
    [-] mission [x]
        --> MissionActive [x]
        [o] mission_selector [-]
            [-] mission_object_response [-]
                --> ObjectSeen [-]
                --> HandleObjectAction [-]
            [-] mission_progress [-]
                --> PublishMoveGoal [-]
                --> GoToObject [-]
                --> CheckStopCondition [-]
                --> AdvanceMove [-]
    [-] navigation [x]
        --> HasMpcGoal [x]

[INFO] [1791023095.817669597] [behavior_executor_node]: BT snapshot -- root=FAILURE, lanes: emergency=FAILURE | mission=FAILURE | navigation=FAILURE
[o] root [x]
    [-] emergency [x]
        [o] emergency_condition [x]
            --> IsBatteryLow [x]
            --> IsEmergencyStopTriggered [x]
            --> IsProximityTooClose [x]
            --> IsSystemOverheated [x]
        --> Stop [-]
    [-] mission [x]
        --> MissionActive [x]
        [o] mission_selector [-]
            [-] mission_object_response [-]
                --> ObjectSeen [-]
                --> HandleObjectAction [-]
            [-] mission_progress [-]
                --> PublishMoveGoal [-]
                --> GoToObject [-]
                --> CheckStopCondition [-]
                --> AdvanceMove [-]
    [-] navigation [x]
        --> HasMpcGoal [x]

[INFO] [1791023096.146906495] [behavior_executor_node]: [IsProximityTooClose] DIAG scan: total=1081 in_window=721 excluded_by_filter=0 min_in_window=1.365 front_min=2.168
[INFO] [1791023096.817651146] [behavior_executor_node]: BT snapshot -- root=FAILURE, lanes: emergency=FAILURE | mission=FAILURE | navigation=FAILURE
[o] root [x]
    [-] emergency [x]
        [o] emergency_condition [x]
            --> IsBatteryLow [x]
            --> IsEmergencyStopTriggered [x]
            --> IsProximityTooClose [x]
            --> IsSystemOverheated [x]
        --> Stop [-]
    [-] mission [x]
        --> MissionActive [x]
        [o] mission_selector [-]
            [-] mission_object_response [-]
                --> ObjectSeen [-]
                --> HandleObjectAction [-]
            [-] mission_progress [-]
                --> PublishMoveGoal [-]
                --> GoToObject [-]
                --> CheckStopCondition [-]
                --> AdvanceMove [-]
    [-] navigation [x]
        --> HasMpcGoal [x]

[INFO] [1791023097.818061694] [behavior_executor_node]: BT snapshot -- root=FAILURE, lanes: emergency=FAILURE | mission=FAILURE | navigation=FAILURE
[o] root [x]
    [-] emergency [x]
        [o] emergency_condition [x]
            --> IsBatteryLow [x]
            --> IsEmergencyStopTriggered [x]
            --> IsProximityTooClose [x]
            --> IsSystemOverheated [x]
        --> Stop [-]
    [-] mission [x]
        --> MissionActive [x]
        [o] mission_selector [-]
            [-] mission_object_response [-]
                --> ObjectSeen [-]
                --> HandleObjectAction [-]
            [-] mission_progress [-]
                --> PublishMoveGoal [-]
                --> GoToObject [-]
                --> CheckStopCondition [-]
                --> AdvanceMove [-]
    [-] navigation [x]
        --> HasMpcGoal [x]

[INFO] [1791023098.156593725] [behavior_executor_node]: [IsProximityTooClose] DIAG scan: total=1081 in_window=721 excluded_by_filter=0 min_in_window=1.512 front_min=1.761
[INFO] [1791023098.917644139] [behavior_executor_node]: BT snapshot -- root=FAILURE, lanes: emergency=FAILURE | mission=FAILURE | navigation=FAILURE
[o] root [x]
    [-] emergency [x]
        [o] emergency_condition [x]
            --> IsBatteryLow [x]
            --> IsEmergencyStopTriggered [x]
            --> IsProximityTooClose [x]
            --> IsSystemOverheated [x]
        --> Stop [-]
    [-] mission [x]
        --> MissionActive [x]
        [o] mission_selector [-]
            [-] mission_object_response [-]
                --> ObjectSeen [-]
                --> HandleObjectAction [-]
            [-] mission_progress [-]
                --> PublishMoveGoal [-]
                --> GoToObject [-]
                --> CheckStopCondition [-]
                --> AdvanceMove [-]
    [-] navigation [x]
        --> HasMpcGoal [x]

[INFO] [1791023100.027464412] [behavior_executor_node]: BT snapshot -- root=FAILURE, lanes: emergency=FAILURE | mission=FAILURE | navigation=FAILURE
[o] root [x]
    [-] emergency [x]
        [o] emergency_condition [x]
            --> IsBatteryLow [x]
            --> IsEmergencyStopTriggered [x]
            --> IsProximityTooClose [x]
            --> IsSystemOverheated [x]
        --> Stop [-]
    [-] mission [x]
        --> MissionActive [x]
        [o] mission_selector [-]
            [-] mission_object_response [-]
                --> ObjectSeen [-]
                --> HandleObjectAction [-]
            [-] mission_progress [-]
                --> PublishMoveGoal [-]
                --> GoToObject [-]
                --> CheckStopCondition [-]
                --> AdvanceMove [-]
    [-] navigation [x]
        --> HasMpcGoal [x]

[INFO] [1791023100.157997503] [behavior_executor_node]: [IsProximityTooClose] DIAG scan: total=1081 in_window=721 excluded_by_filter=0 min_in_window=1.191 front_min=1.867
[INFO] [1791023101.117626557] [behavior_executor_node]: BT snapshot -- root=FAILURE, lanes: emergency=FAILURE | mission=FAILURE | navigation=FAILURE
[o] root [x]
    [-] emergency [x]
        [o] emergency_condition [x]
            --> IsBatteryLow [x]
            --> IsEmergencyStopTriggered [x]
            --> IsProximityTooClose [x]
            --> IsSystemOverheated [x]
        --> Stop [-]
    [-] mission [x]
        --> MissionActive [x]
        [o] mission_selector [-]
            [-] mission_object_response [-]
                --> ObjectSeen [-]
                --> HandleObjectAction [-]
            [-] mission_progress [-]
                --> PublishMoveGoal [-]
                --> GoToObject [-]
                --> CheckStopCondition [-]
                --> AdvanceMove [-]
    [-] navigation [x]
        --> HasMpcGoal [x]

[INFO] [1791023102.119241737] [behavior_executor_node]: BT snapshot -- root=FAILURE, lanes: emergency=FAILURE | mission=FAILURE | navigation=FAILURE
[o] root [x]
    [-] emergency [x]
        [o] emergency_condition [x]
            --> IsBatteryLow [x]
            --> IsEmergencyStopTriggered [x]
            --> IsProximityTooClose [x]
            --> IsSystemOverheated [x]
        --> Stop [-]
    [-] mission [x]
        --> MissionActive [x]
        [o] mission_selector [-]
            [-] mission_object_response [-]
                --> ObjectSeen [-]
                --> HandleObjectAction [-]
            [-] mission_progress [-]
                --> PublishMoveGoal [-]
                --> GoToObject [-]
                --> CheckStopCondition [-]
                --> AdvanceMove [-]
    [-] navigation [x]
        --> HasMpcGoal [x]

[INFO] [1791023102.187724787] [behavior_executor_node]: [IsProximityTooClose] DIAG scan: total=1081 in_window=721 excluded_by_filter=0 min_in_window=1.304 front_min=1.738
[INFO] [1791023103.217854205] [behavior_executor_node]: BT snapshot -- root=FAILURE, lanes: emergency=FAILURE | mission=FAILURE | navigation=FAILURE
[o] root [x]
    [-] emergency [x]
        [o] emergency_condition [x]
            --> IsBatteryLow [x]
            --> IsEmergencyStopTriggered [x]
            --> IsProximityTooClose [x]
            --> IsSystemOverheated [x]
        --> Stop [-]
    [-] mission [x]
        --> MissionActive [x]
        [o] mission_selector [-]
            [-] mission_object_response [-]
                --> ObjectSeen [-]
                --> HandleObjectAction [-]
            [-] mission_progress [-]
                --> PublishMoveGoal [-]
                --> GoToObject [-]
                --> CheckStopCondition [-]
                --> AdvanceMove [-]
    [-] navigation [x]
        --> HasMpcGoal [x]

[INFO] [1791023104.211261789] [behavior_executor_node]: [IsProximityTooClose] DIAG scan: total=1081 in_window=721 excluded_by_filter=0 min_in_window=1.055 front_min=1.870
[INFO] [1791023104.317490372] [behavior_executor_node]: BT snapshot -- root=FAILURE, lanes: emergency=FAILURE | mission=FAILURE | navigation=FAILURE
[o] root [x]
    [-] emergency [x]
        [o] emergency_condition [x]
            --> IsBatteryLow [x]
            --> IsEmergencyStopTriggered [x]
            --> IsProximityTooClose [x]
            --> IsSystemOverheated [x]
        --> Stop [-]
    [-] mission [x]
        --> MissionActive [x]
        [o] mission_selector [-]
            [-] mission_object_response [-]
                --> ObjectSeen [-]
                --> HandleObjectAction [-]
            [-] mission_progress [-]
                --> PublishMoveGoal [-]
                --> GoToObject [-]
                --> CheckStopCondition [-]
                --> AdvanceMove [-]
    [-] navigation [x]
        --> HasMpcGoal [x]

[INFO] [1791023105.317788041] [behavior_executor_node]: BT snapshot -- root=FAILURE, lanes: emergency=FAILURE | mission=FAILURE | navigation=FAILURE
[o] root [x]
    [-] emergency [x]
        [o] emergency_condition [x]
            --> IsBatteryLow [x]
            --> IsEmergencyStopTriggered [x]
            --> IsProximityTooClose [x]
            --> IsSystemOverheated [x]
        --> Stop [-]
    [-] mission [x]
        --> MissionActive [x]
        [o] mission_selector [-]
            [-] mission_object_response [-]
                --> ObjectSeen [-]
                --> HandleObjectAction [-]
            [-] mission_progress [-]
                --> PublishMoveGoal [-]
                --> GoToObject [-]
                --> CheckStopCondition [-]
                --> AdvanceMove [-]
    [-] navigation [x]
        --> HasMpcGoal [x]

[INFO] [1791023106.216221157] [behavior_executor_node]: [IsProximityTooClose] DIAG scan: total=1081 in_window=721 excluded_by_filter=0 min_in_window=0.858 front_min=1.747
[INFO] [1791023106.417398417] [behavior_executor_node]: BT snapshot -- root=FAILURE, lanes: emergency=FAILURE | mission=FAILURE | navigation=FAILURE
[o] root [x]
    [-] emergency [x]
        [o] emergency_condition [x]
            --> IsBatteryLow [x]
            --> IsEmergencyStopTriggered [x]
            --> IsProximityTooClose [x]
            --> IsSystemOverheated [x]
        --> Stop [-]
    [-] mission [x]
        --> MissionActive [x]
        [o] mission_selector [-]
            [-] mission_object_response [-]
                --> ObjectSeen [-]
                --> HandleObjectAction [-]
            [-] mission_progress [-]
                --> PublishMoveGoal [-]
                --> GoToObject [-]
                --> CheckStopCondition [-]
                --> AdvanceMove [-]
    [-] navigation [x]
        --> HasMpcGoal [x]

[INFO] [1791023107.417723946] [behavior_executor_node]: BT snapshot -- root=FAILURE, lanes: emergency=FAILURE | mission=FAILURE | navigation=FAILURE
[o] root [x]
    [-] emergency [x]
        [o] emergency_condition [x]
            --> IsBatteryLow [x]
            --> IsEmergencyStopTriggered [x]
            --> IsProximityTooClose [x]
            --> IsSystemOverheated [x]
        --> Stop [-]
    [-] mission [x]
        --> MissionActive [x]
        [o] mission_selector [-]
            [-] mission_object_response [-]
                --> ObjectSeen [-]
                --> HandleObjectAction [-]
            [-] mission_progress [-]
                --> PublishMoveGoal [-]
                --> GoToObject [-]
                --> CheckStopCondition [-]
                --> AdvanceMove [-]
    [-] navigation [x]
        --> HasMpcGoal [x]

[INFO] [1791023108.324755034] [behavior_executor_node]: [IsProximityTooClose] DIAG scan: total=1081 in_window=721 excluded_by_filter=0 min_in_window=0.623 front_min=1.651
[INFO] [1791023108.517506960] [behavior_executor_node]: BT snapshot -- root=FAILURE, lanes: emergency=FAILURE | mission=FAILURE | navigation=FAILURE
[o] root [x]
    [-] emergency [x]
        [o] emergency_condition [x]
            --> IsBatteryLow [x]
            --> IsEmergencyStopTriggered [x]
            --> IsProximityTooClose [x]
            --> IsSystemOverheated [x]
        --> Stop [-]
    [-] mission [x]
        --> MissionActive [x]
        [o] mission_selector [-]
            [-] mission_object_response [-]
                --> ObjectSeen [-]
                --> HandleObjectAction [-]
            [-] mission_progress [-]
                --> PublishMoveGoal [-]
                --> GoToObject [-]
                --> CheckStopCondition [-]
                --> AdvanceMove [-]
    [-] navigation [x]
        --> HasMpcGoal [x]

[INFO] [1791023109.518964908] [behavior_executor_node]: BT snapshot -- root=FAILURE, lanes: emergency=FAILURE | mission=FAILURE | navigation=FAILURE
[o] root [x]
    [-] emergency [x]
        [o] emergency_condition [x]
            --> IsBatteryLow [x]
            --> IsEmergencyStopTriggered [x]
            --> IsProximityTooClose [x]
            --> IsSystemOverheated [x]
        --> Stop [-]
    [-] mission [x]
        --> MissionActive [x]
        [o] mission_selector [-]
            [-] mission_object_response [-]
                --> ObjectSeen [-]
                --> HandleObjectAction [-]
            [-] mission_progress [-]
                --> PublishMoveGoal [-]
                --> GoToObject [-]
                --> CheckStopCondition [-]
                --> AdvanceMove [-]
    [-] navigation [x]
        --> HasMpcGoal [x]

[INFO] [1791023110.334473651] [behavior_executor_node]: [IsProximityTooClose] DIAG scan: total=1081 in_window=721 excluded_by_filter=0 min_in_window=0.536 front_min=1.644
[INFO] [1791023110.618328232] [behavior_executor_node]: BT snapshot -- root=FAILURE, lanes: emergency=FAILURE | mission=FAILURE | navigation=FAILURE
[o] root [x]
    [-] emergency [x]
        [o] emergency_condition [x]
            --> IsBatteryLow [x]
            --> IsEmergencyStopTriggered [x]
            --> IsProximityTooClose [x]
            --> IsSystemOverheated [x]
        --> Stop [-]
    [-] mission [x]
        --> MissionActive [x]
        [o] mission_selector [-]
            [-] mission_object_response [-]
                --> ObjectSeen [-]
                --> HandleObjectAction [-]
            [-] mission_progress [-]
                --> PublishMoveGoal [-]
                --> GoToObject [-]
                --> CheckStopCondition [-]
                --> AdvanceMove [-]
    [-] navigation [x]
        --> HasMpcGoal [x]

[INFO] [1791023111.717707935] [behavior_executor_node]: BT snapshot -- root=FAILURE, lanes: emergency=FAILURE | mission=FAILURE | navigation=FAILURE
[o] root [x]
    [-] emergency [x]
        [o] emergency_condition [x]
            --> IsBatteryLow [x]
            --> IsEmergencyStopTriggered [x]
            --> IsProximityTooClose [x]
            --> IsSystemOverheated [x]
        --> Stop [-]
    [-] mission [x]
        --> MissionActive [x]
        [o] mission_selector [-]
            [-] mission_object_response [-]
                --> ObjectSeen [-]
                --> HandleObjectAction [-]
            [-] mission_progress [-]
                --> PublishMoveGoal [-]
                --> GoToObject [-]
                --> CheckStopCondition [-]
                --> AdvanceMove [-]
    [-] navigation [x]
        --> HasMpcGoal [x]

[INFO] [1791023112.360778454] [behavior_executor_node]: [IsProximityTooClose] DIAG scan: total=1081 in_window=721 excluded_by_filter=0 min_in_window=0.595 front_min=1.513
[INFO] [1791023112.719696168] [behavior_executor_node]: BT snapshot -- root=FAILURE, lanes: emergency=FAILURE | mission=FAILURE | navigation=FAILURE
[o] root [x]
    [-] emergency [x]
        [o] emergency_condition [x]
            --> IsBatteryLow [x]
            --> IsEmergencyStopTriggered [x]
            --> IsProximityTooClose [x]
            --> IsSystemOverheated [x]
        --> Stop [-]
    [-] mission [x]
        --> MissionActive [x]
        [o] mission_selector [-]
            [-] mission_object_response [-]
                --> ObjectSeen [-]
                --> HandleObjectAction [-]
            [-] mission_progress [-]
                --> PublishMoveGoal [-]
                --> GoToObject [-]
                --> CheckStopCondition [-]
                --> AdvanceMove [-]
    [-] navigation [x]
        --> HasMpcGoal [x]

[INFO] [1791023113.739838765] [behavior_executor_node]: BT snapshot -- root=FAILURE, lanes: emergency=FAILURE | mission=FAILURE | navigation=FAILURE
[o] root [x]
    [-] emergency [x]
        [o] emergency_condition [x]
            --> IsBatteryLow [x]
            --> IsEmergencyStopTriggered [x]
            --> IsProximityTooClose [x]
            --> IsSystemOverheated [x]
        --> Stop [-]
    [-] mission [x]
        --> MissionActive [x]
        [o] mission_selector [-]
            [-] mission_object_response [-]
                --> ObjectSeen [-]
                --> HandleObjectAction [-]
            [-] mission_progress [-]
                --> PublishMoveGoal [-]
                --> GoToObject [-]
                --> CheckStopCondition [-]
                --> AdvanceMove [-]
    [-] navigation [x]
        --> HasMpcGoal [x]

[INFO] [1791023114.377298949] [behavior_executor_node]: [IsProximityTooClose] DIAG scan: total=1081 in_window=721 excluded_by_filter=0 min_in_window=0.606 front_min=1.456
[INFO] [1791023114.818016925] [behavior_executor_node]: BT snapshot -- root=FAILURE, lanes: emergency=FAILURE | mission=FAILURE | navigation=FAILURE
[o] root [x]
    [-] emergency [x]
        [o] emergency_condition [x]
            --> IsBatteryLow [x]
            --> IsEmergencyStopTriggered [x]
            --> IsProximityTooClose [x]
            --> IsSystemOverheated [x]
        --> Stop [-]
    [-] mission [x]
        --> MissionActive [x]
        [o] mission_selector [-]
            [-] mission_object_response [-]
                --> ObjectSeen [-]
                --> HandleObjectAction [-]
            [-] mission_progress [-]
                --> PublishMoveGoal [-]
                --> GoToObject [-]
                --> CheckStopCondition [-]
                --> AdvanceMove [-]
    [-] navigation [x]
        --> HasMpcGoal [x]

[INFO] [1791023115.921740272] [behavior_executor_node]: BT snapshot -- root=FAILURE, lanes: emergency=FAILURE | mission=FAILURE | navigation=FAILURE
[o] root [x]
    [-] emergency [x]
        [o] emergency_condition [x]
            --> IsBatteryLow [x]
            --> IsEmergencyStopTriggered [x]
            --> IsProximityTooClose [x]
            --> IsSystemOverheated [x]
        --> Stop [-]
    [-] mission [x]
        --> MissionActive [x]
        [o] mission_selector [-]
            [-] mission_object_response [-]
                --> ObjectSeen [-]
                --> HandleObjectAction [-]
            [-] mission_progress [-]
                --> PublishMoveGoal [-]
                --> GoToObject [-]
                --> CheckStopCondition [-]
                --> AdvanceMove [-]
    [-] navigation [x]
        --> HasMpcGoal [x]

[INFO] [1791023116.465559734] [behavior_executor_node]: [IsProximityTooClose] DIAG scan: total=1081 in_window=721 excluded_by_filter=0 min_in_window=1.053 front_min=1.162
[INFO] [1791023117.017759055] [behavior_executor_node]: BT snapshot -- root=FAILURE, lanes: emergency=FAILURE | mission=FAILURE | navigation=FAILURE
[o] root [x]
    [-] emergency [x]
        [o] emergency_condition [x]
            --> IsBatteryLow [x]
            --> IsEmergencyStopTriggered [x]
            --> IsProximityTooClose [x]
            --> IsSystemOverheated [x]
        --> Stop [-]
    [-] mission [x]
        --> MissionActive [x]
        [o] mission_selector [-]
            [-] mission_object_response [-]
                --> ObjectSeen [-]
                --> HandleObjectAction [-]
            [-] mission_progress [-]
                --> PublishMoveGoal [-]
                --> GoToObject [-]
                --> CheckStopCondition [-]
                --> AdvanceMove [-]
    [-] navigation [x]
        --> HasMpcGoal [x]

[INFO] [1791023118.017916608] [behavior_executor_node]: BT snapshot -- root=FAILURE, lanes: emergency=FAILURE | mission=FAILURE | navigation=FAILURE
[o] root [x]
    [-] emergency [x]
        [o] emergency_condition [x]
            --> IsBatteryLow [x]
            --> IsEmergencyStopTriggered [x]
            --> IsProximityTooClose [x]
            --> IsSystemOverheated [x]
        --> Stop [-]
    [-] mission [x]
        --> MissionActive [x]
        [o] mission_selector [-]
            [-] mission_object_response [-]
                --> ObjectSeen [-]
                --> HandleObjectAction [-]
            [-] mission_progress [-]
                --> PublishMoveGoal [-]
                --> GoToObject [-]
                --> CheckStopCondition [-]
                --> AdvanceMove [-]
    [-] navigation [x]
        --> HasMpcGoal [x]

[INFO] [1791023118.472254861] [behavior_executor_node]: [IsProximityTooClose] DIAG scan: total=1081 in_window=721 excluded_by_filter=0 min_in_window=0.879 front_min=0.937
[INFO] [1791023119.163183832] [behavior_executor_node]: BT snapshot -- root=FAILURE, lanes: emergency=FAILURE | mission=FAILURE | navigation=FAILURE
[o] root [x]
    [-] emergency [x]
        [o] emergency_condition [x]
            --> IsBatteryLow [x]
            --> IsEmergencyStopTriggered [x]
            --> IsProximityTooClose [x]
            --> IsSystemOverheated [x]
        --> Stop [-]
    [-] mission [x]
        --> MissionActive [x]
        [o] mission_selector [-]
            [-] mission_object_response [-]
                --> ObjectSeen [-]
                --> HandleObjectAction [-]
            [-] mission_progress [-]
                --> PublishMoveGoal [-]
                --> GoToObject [-]
                --> CheckStopCondition [-]
                --> AdvanceMove [-]
    [-] navigation [x]
        --> HasMpcGoal [x]

[INFO] [1791023120.218036907] [behavior_executor_node]: BT snapshot -- root=FAILURE, lanes: emergency=FAILURE | mission=FAILURE | navigation=FAILURE
[o] root [x]
    [-] emergency [x]
        [o] emergency_condition [x]
            --> IsBatteryLow [x]
            --> IsEmergencyStopTriggered [x]
            --> IsProximityTooClose [x]
            --> IsSystemOverheated [x]
        --> Stop [-]
    [-] mission [x]
        --> MissionActive [x]
        [o] mission_selector [-]
            [-] mission_object_response [-]
                --> ObjectSeen [-]
                --> HandleObjectAction [-]
            [-] mission_progress [-]
                --> PublishMoveGoal [-]
                --> GoToObject [-]
                --> CheckStopCondition [-]
                --> AdvanceMove [-]
    [-] navigation [x]
        --> HasMpcGoal [x]

[INFO] [1791023120.481865256] [behavior_executor_node]: [IsProximityTooClose] DIAG scan: total=1081 in_window=721 excluded_by_filter=0 min_in_window=0.764 front_min=1.829
[INFO] [1791023121.317872970] [behavior_executor_node]: BT snapshot -- root=FAILURE, lanes: emergency=FAILURE | mission=FAILURE | navigation=FAILURE
[o] root [x]
    [-] emergency [x]
        [o] emergency_condition [x]
            --> IsBatteryLow [x]
            --> IsEmergencyStopTriggered [x]
            --> IsProximityTooClose [x]
            --> IsSystemOverheated [x]
        --> Stop [-]
    [-] mission [x]
        --> MissionActive [x]
        [o] mission_selector [-]
            [-] mission_object_response [-]
                --> ObjectSeen [-]
                --> HandleObjectAction [-]
            [-] mission_progress [-]
                --> PublishMoveGoal [-]
                --> GoToObject [-]
                --> CheckStopCondition [-]
                --> AdvanceMove [-]
    [-] navigation [x]
        --> HasMpcGoal [x]

[INFO] [1791023122.333176292] [behavior_executor_node]: BT snapshot -- root=FAILURE, lanes: emergency=FAILURE | mission=FAILURE | navigation=FAILURE
[o] root [x]
    [-] emergency [x]
        [o] emergency_condition [x]
            --> IsBatteryLow [x]
            --> IsEmergencyStopTriggered [x]
            --> IsProximityTooClose [x]
            --> IsSystemOverheated [x]
        --> Stop [-]
    [-] mission [x]
        --> MissionActive [x]
        [o] mission_selector [-]
            [-] mission_object_response [-]
                --> ObjectSeen [-]
                --> HandleObjectAction [-]
            [-] mission_progress [-]
                --> PublishMoveGoal [-]
                --> GoToObject [-]
                --> CheckStopCondition [-]
                --> AdvanceMove [-]
    [-] navigation [x]
        --> HasMpcGoal [x]

[INFO] [1791023122.509989216] [behavior_executor_node]: [IsProximityTooClose] DIAG scan: total=1081 in_window=721 excluded_by_filter=0 min_in_window=0.858 front_min=1.370
[INFO] [1791023123.417687441] [behavior_executor_node]: BT snapshot -- root=FAILURE, lanes: emergency=FAILURE | mission=FAILURE | navigation=FAILURE
[o] root [x]
    [-] emergency [x]
        [o] emergency_condition [x]
            --> IsBatteryLow [x]
            --> IsEmergencyStopTriggered [x]
            --> IsProximityTooClose [x]
            --> IsSystemOverheated [x]
        --> Stop [-]
    [-] mission [x]
        --> MissionActive [x]
        [o] mission_selector [-]
            [-] mission_object_response [-]
                --> ObjectSeen [-]
                --> HandleObjectAction [-]
            [-] mission_progress [-]
                --> PublishMoveGoal [-]
                --> GoToObject [-]
                --> CheckStopCondition [-]
                --> AdvanceMove [-]
    [-] navigation [x]
        --> HasMpcGoal [x]

[INFO] [1791023124.419172910] [behavior_executor_node]: BT snapshot -- root=FAILURE, lanes: emergency=FAILURE | mission=FAILURE | navigation=FAILURE
[o] root [x]
    [-] emergency [x]
        [o] emergency_condition [x]
            --> IsBatteryLow [x]
            --> IsEmergencyStopTriggered [x]
            --> IsProximityTooClose [x]
            --> IsSystemOverheated [x]
        --> Stop [-]
    [-] mission [x]
        --> MissionActive [x]
        [o] mission_selector [-]
            [-] mission_object_response [-]
                --> ObjectSeen [-]
                --> HandleObjectAction [-]
            [-] mission_progress [-]
                --> PublishMoveGoal [-]
                --> GoToObject [-]
                --> CheckStopCondition [-]
                --> AdvanceMove [-]
    [-] navigation [x]
        --> HasMpcGoal [x]

[INFO] [1791023124.513249647] [behavior_executor_node]: [IsProximityTooClose] DIAG scan: total=1081 in_window=721 excluded_by_filter=0 min_in_window=0.861 front_min=1.283
[INFO] [1791023125.520894357] [behavior_executor_node]: BT snapshot -- root=FAILURE, lanes: emergency=FAILURE | mission=FAILURE | navigation=FAILURE
[o] root [x]
    [-] emergency [x]
        [o] emergency_condition [x]
            --> IsBatteryLow [x]
            --> IsEmergencyStopTriggered [x]
            --> IsProximityTooClose [x]
            --> IsSystemOverheated [x]
        --> Stop [-]
    [-] mission [x]
        --> MissionActive [x]
        [o] mission_selector [-]
            [-] mission_object_response [-]
                --> ObjectSeen [-]
                --> HandleObjectAction [-]
            [-] mission_progress [-]
                --> PublishMoveGoal [-]
                --> GoToObject [-]
                --> CheckStopCondition [-]
                --> AdvanceMove [-]
    [-] navigation [x]
        --> HasMpcGoal [x]

[INFO] [1791023126.533449179] [behavior_executor_node]: [IsProximityTooClose] DIAG scan: total=1081 in_window=721 excluded_by_filter=0 min_in_window=0.876 front_min=2.194
[INFO] [1791023126.618322894] [behavior_executor_node]: BT snapshot -- root=FAILURE, lanes: emergency=FAILURE | mission=FAILURE | navigation=FAILURE
[o] root [x]
    [-] emergency [x]
        [o] emergency_condition [x]
            --> IsBatteryLow [x]
            --> IsEmergencyStopTriggered [x]
            --> IsProximityTooClose [x]
            --> IsSystemOverheated [x]
        --> Stop [-]
    [-] mission [x]
        --> MissionActive [x]
        [o] mission_selector [-]
            [-] mission_object_response [-]
                --> ObjectSeen [-]
                --> HandleObjectAction [-]
            [-] mission_progress [-]
                --> PublishMoveGoal [-]
                --> GoToObject [-]
                --> CheckStopCondition [-]
                --> AdvanceMove [-]
    [-] navigation [x]
        --> HasMpcGoal [x]

[INFO] [1791023127.717877689] [behavior_executor_node]: BT snapshot -- root=FAILURE, lanes: emergency=FAILURE | mission=FAILURE | navigation=FAILURE
[o] root [x]
    [-] emergency [x]
        [o] emergency_condition [x]
            --> IsBatteryLow [x]
            --> IsEmergencyStopTriggered [x]
            --> IsProximityTooClose [x]
            --> IsSystemOverheated [x]
        --> Stop [-]
    [-] mission [x]
        --> MissionActive [x]
        [o] mission_selector [-]
            [-] mission_object_response [-]
                --> ObjectSeen [-]
                --> HandleObjectAction [-]
            [-] mission_progress [-]
                --> PublishMoveGoal [-]
                --> GoToObject [-]
                --> CheckStopCondition [-]
                --> AdvanceMove [-]
    [-] navigation [x]
        --> HasMpcGoal [x]

[INFO] [1791023128.541163474] [behavior_executor_node]: [IsProximityTooClose] DIAG scan: total=1081 in_window=721 excluded_by_filter=0 min_in_window=0.845 front_min=1.406
[INFO] [1791023128.732023044] [behavior_executor_node]: BT snapshot -- root=FAILURE, lanes: emergency=FAILURE | mission=FAILURE | navigation=FAILURE
[o] root [x]
    [-] emergency [x]
        [o] emergency_condition [x]
            --> IsBatteryLow [x]
            --> IsEmergencyStopTriggered [x]
            --> IsProximityTooClose [x]
            --> IsSystemOverheated [x]
        --> Stop [-]
    [-] mission [x]
        --> MissionActive [x]
        [o] mission_selector [-]
            [-] mission_object_response [-]
                --> ObjectSeen [-]
                --> HandleObjectAction [-]
            [-] mission_progress [-]
                --> PublishMoveGoal [-]
                --> GoToObject [-]
                --> CheckStopCondition [-]
                --> AdvanceMove [-]
    [-] navigation [x]
        --> HasMpcGoal [x]

[INFO] [1791023129.817929748] [behavior_executor_node]: BT snapshot -- root=FAILURE, lanes: emergency=FAILURE | mission=FAILURE | navigation=FAILURE
[o] root [x]
    [-] emergency [x]
        [o] emergency_condition [x]
            --> IsBatteryLow [x]
            --> IsEmergencyStopTriggered [x]
            --> IsProximityTooClose [x]
            --> IsSystemOverheated [x]
        --> Stop [-]
    [-] mission [x]
        --> MissionActive [x]
        [o] mission_selector [-]
            [-] mission_object_response [-]
                --> ObjectSeen [-]
                --> HandleObjectAction [-]
            [-] mission_progress [-]
                --> PublishMoveGoal [-]
                --> GoToObject [-]
                --> CheckStopCondition [-]
                --> AdvanceMove [-]
    [-] navigation [x]
        --> HasMpcGoal [x]

[INFO] [1791023130.636744197] [behavior_executor_node]: [IsProximityTooClose] DIAG scan: total=1081 in_window=721 excluded_by_filter=0 min_in_window=0.916 front_min=1.699
[INFO] [1791023130.817968224] [behavior_executor_node]: BT snapshot -- root=FAILURE, lanes: emergency=FAILURE | mission=FAILURE | navigation=FAILURE
[o] root [x]
    [-] emergency [x]
        [o] emergency_condition [x]
            --> IsBatteryLow [x]
            --> IsEmergencyStopTriggered [x]
            --> IsProximityTooClose [x]
            --> IsSystemOverheated [x]
        --> Stop [-]
    [-] mission [x]
        --> MissionActive [x]
        [o] mission_selector [-]
            [-] mission_object_response [-]
                --> ObjectSeen [-]
                --> HandleObjectAction [-]
            [-] mission_progress [-]
                --> PublishMoveGoal [-]
                --> GoToObject [-]
                --> CheckStopCondition [-]
                --> AdvanceMove [-]
    [-] navigation [x]
        --> HasMpcGoal [x]

[INFO] [1791023131.918671537] [behavior_executor_node]: BT snapshot -- root=FAILURE, lanes: emergency=FAILURE | mission=FAILURE | navigation=FAILURE
[o] root [x]
    [-] emergency [x]
        [o] emergency_condition [x]
            --> IsBatteryLow [x]
            --> IsEmergencyStopTriggered [x]
            --> IsProximityTooClose [x]
            --> IsSystemOverheated [x]
        --> Stop [-]
    [-] mission [x]
        --> MissionActive [x]
        [o] mission_selector [-]
            [-] mission_object_response [-]
                --> ObjectSeen [-]
                --> HandleObjectAction [-]
            [-] mission_progress [-]
                --> PublishMoveGoal [-]
                --> GoToObject [-]
                --> CheckStopCondition [-]
                --> AdvanceMove [-]
    [-] navigation [x]
        --> HasMpcGoal [x]

[INFO] [1791023132.920151044] [behavior_executor_node]: BT snapshot -- root=FAILURE, lanes: emergency=FAILURE | mission=FAILURE | navigation=FAILURE
[o] root [x]
    [-] emergency [x]
        [o] emergency_condition [x]
            --> IsBatteryLow [x]
            --> IsEmergencyStopTriggered [x]
            --> IsProximityTooClose [x]
            --> IsSystemOverheated [x]
        --> Stop [-]
    [-] mission [x]
        --> MissionActive [x]
        [o] mission_selector [-]
            [-] mission_object_response [-]
                --> ObjectSeen [-]
                --> HandleObjectAction [-]
            [-] mission_progress [-]
                --> PublishMoveGoal [-]
                --> GoToObject [-]
                --> CheckStopCondition [-]
                --> AdvanceMove [-]
    [-] navigation [x]
        --> HasMpcGoal [x]

