[INFO] [launch]: All log files can be found below /home/andre/dev_ws/f1tenth_more/output/phase5/step4/ros_log/2026-10-03-11-11-35-789840-thor-359797
[INFO] [launch]: Default logging verbosity is set to INFO
[INFO] [launch.user]: [behavior_bringup] enable_nav2 is false -- skipping the Nav2 readiness gate, launching behavior_executor_node and twist_to_ackermann_node immediately (navigation lane will stay idle until enable_nav2 is turned back on).
[INFO] [taskset-1]: process started with pid [359922]
[INFO] [twist_to_ackermann_node-2]: process started with pid [359923]
[taskset-1] [INFO] [1791018698.472101832] [behavior_executor_node]: [mission] mission_file_name parameter not set -- waiting for a path on /mission/load_path, or a call to /mission/load_mission (mission.state stays IDLE until then).
[taskset-1] [INFO] [1791018698.474106403] [behavior_executor_node]: No goal pose received yet -- waiting on /goal_pose (see HasGoalPose).
[taskset-1] [INFO] [1791018698.476964529] [behavior_executor_node]: BT safety config: camera_obstacle_stop=False lidar_safety_stop=True (front=0.15m side=0.15m) sys_obs_load_trip=False (needs 3 consecutive samples); camera obstacles reach the MPC via /perception/obstacles_2d regardless.
[taskset-1] [INFO] [1791018698.582215088] [behavior_executor_node]: BT snapshot -- root=FAILURE, lanes: emergency=FAILURE | mission=FAILURE | navigation=FAILURE
[taskset-1] [o] root [x]
[taskset-1]     [-] emergency [x]
[taskset-1]         [o] emergency_condition [x]
[taskset-1]             --> IsBatteryLow [x]
[taskset-1]             --> IsEmergencyStopTriggered [x]
[taskset-1]             --> IsProximityTooClose [x]
[taskset-1]             --> IsSystemOverheated [x]
[taskset-1]         --> Stop [-]
[taskset-1]     [-] mission [x]
[taskset-1]         --> MissionActive [x]
[taskset-1]         [o] mission_selector [-]
[taskset-1]             [-] mission_object_response [-]
[taskset-1]                 --> ObjectSeen [-]
[taskset-1]                 --> HandleObjectAction [-]
[taskset-1]             [-] mission_progress [-]
[taskset-1]                 --> PublishMoveGoal [-]
[taskset-1]                 --> GoToObject [-]
[taskset-1]                 --> CheckStopCondition [-]
[taskset-1]                 --> AdvanceMove [-]
[taskset-1]     [-] navigation [x]
[taskset-1]         --> HasMpcGoal [x]
[taskset-1] 
[taskset-1] [INFO] [1791018699.682840361] [behavior_executor_node]: BT snapshot -- root=FAILURE, lanes: emergency=FAILURE | mission=FAILURE | navigation=FAILURE
[taskset-1] [o] root [x]
[taskset-1]     [-] emergency [x]
[taskset-1]         [o] emergency_condition [x]
[taskset-1]             --> IsBatteryLow [x]
[taskset-1]             --> IsEmergencyStopTriggered [x]
[taskset-1]             --> IsProximityTooClose [x]
[taskset-1]             --> IsSystemOverheated [x]
[taskset-1]         --> Stop [-]
[taskset-1]     [-] mission [x]
[taskset-1]         --> MissionActive [x]
[taskset-1]         [o] mission_selector [-]
[taskset-1]             [-] mission_object_response [-]
[taskset-1]                 --> ObjectSeen [-]
[taskset-1]                 --> HandleObjectAction [-]
[taskset-1]             [-] mission_progress [-]
[taskset-1]                 --> PublishMoveGoal [-]
[taskset-1]                 --> GoToObject [-]
[taskset-1]                 --> CheckStopCondition [-]
[taskset-1]                 --> AdvanceMove [-]
[taskset-1]     [-] navigation [x]
[taskset-1]         --> HasMpcGoal [x]
[taskset-1] 
[taskset-1] [INFO] [1791018700.780792628] [behavior_executor_node]: BT snapshot -- root=FAILURE, lanes: emergency=FAILURE | mission=FAILURE | navigation=FAILURE
[taskset-1] [o] root [x]
[taskset-1]     [-] emergency [x]
[taskset-1]         [o] emergency_condition [x]
[taskset-1]             --> IsBatteryLow [x]
[taskset-1]             --> IsEmergencyStopTriggered [x]
[taskset-1]             --> IsProximityTooClose [x]
[taskset-1]             --> IsSystemOverheated [x]
[taskset-1]         --> Stop [-]
[taskset-1]     [-] mission [x]
[taskset-1]         --> MissionActive [x]
[taskset-1]         [o] mission_selector [-]
[taskset-1]             [-] mission_object_response [-]
[taskset-1]                 --> ObjectSeen [-]
[taskset-1]                 --> HandleObjectAction [-]
[taskset-1]             [-] mission_progress [-]
[taskset-1]                 --> PublishMoveGoal [-]
[taskset-1]                 --> GoToObject [-]
[taskset-1]                 --> CheckStopCondition [-]
[taskset-1]                 --> AdvanceMove [-]
[taskset-1]     [-] navigation [x]
[taskset-1]         --> HasMpcGoal [x]
[taskset-1] 
[taskset-1] [INFO] [1791018701.780864167] [behavior_executor_node]: BT snapshot -- root=FAILURE, lanes: emergency=FAILURE | mission=FAILURE | navigation=FAILURE
[taskset-1] [o] root [x]
[taskset-1]     [-] emergency [x]
[taskset-1]         [o] emergency_condition [x]
[taskset-1]             --> IsBatteryLow [x]
[taskset-1]             --> IsEmergencyStopTriggered [x]
[taskset-1]             --> IsProximityTooClose [x]
[taskset-1]             --> IsSystemOverheated [x]
[taskset-1]         --> Stop [-]
[taskset-1]     [-] mission [x]
[taskset-1]         --> MissionActive [x]
[taskset-1]         [o] mission_selector [-]
[taskset-1]             [-] mission_object_response [-]
[taskset-1]                 --> ObjectSeen [-]
[taskset-1]                 --> HandleObjectAction [-]
[taskset-1]             [-] mission_progress [-]
[taskset-1]                 --> PublishMoveGoal [-]
[taskset-1]                 --> GoToObject [-]
[taskset-1]                 --> CheckStopCondition [-]
[taskset-1]                 --> AdvanceMove [-]
[taskset-1]     [-] navigation [x]
[taskset-1]         --> HasMpcGoal [x]
[taskset-1] 
[taskset-1] [INFO] [1791018702.783216297] [behavior_executor_node]: BT snapshot -- root=FAILURE, lanes: emergency=FAILURE | mission=FAILURE | navigation=FAILURE
[taskset-1] [o] root [x]
[taskset-1]     [-] emergency [x]
[taskset-1]         [o] emergency_condition [x]
[taskset-1]             --> IsBatteryLow [x]
[taskset-1]             --> IsEmergencyStopTriggered [x]
[taskset-1]             --> IsProximityTooClose [x]
[taskset-1]             --> IsSystemOverheated [x]
[taskset-1]         --> Stop [-]
[taskset-1]     [-] mission [x]
[taskset-1]         --> MissionActive [x]
[taskset-1]         [o] mission_selector [-]
[taskset-1]             [-] mission_object_response [-]
[taskset-1]                 --> ObjectSeen [-]
[taskset-1]                 --> HandleObjectAction [-]
[taskset-1]             [-] mission_progress [-]
[taskset-1]                 --> PublishMoveGoal [-]
[taskset-1]                 --> GoToObject [-]
[taskset-1]                 --> CheckStopCondition [-]
[taskset-1]                 --> AdvanceMove [-]
[taskset-1]     [-] navigation [x]
[taskset-1]         --> HasMpcGoal [x]
[taskset-1] 
[taskset-1] [INFO] [1791018703.787455903] [behavior_executor_node]: BT snapshot -- root=FAILURE, lanes: emergency=FAILURE | mission=FAILURE | navigation=FAILURE
[taskset-1] [o] root [x]
[taskset-1]     [-] emergency [x]
[taskset-1]         [o] emergency_condition [x]
[taskset-1]             --> IsBatteryLow [x]
[taskset-1]             --> IsEmergencyStopTriggered [x]
[taskset-1]             --> IsProximityTooClose [x]
[taskset-1]             --> IsSystemOverheated [x]
[taskset-1]         --> Stop [-]
[taskset-1]     [-] mission [x]
[taskset-1]         --> MissionActive [x]
[taskset-1]         [o] mission_selector [-]
[taskset-1]             [-] mission_object_response [-]
[taskset-1]                 --> ObjectSeen [-]
[taskset-1]                 --> HandleObjectAction [-]
[taskset-1]             [-] mission_progress [-]
[taskset-1]                 --> PublishMoveGoal [-]
[taskset-1]                 --> GoToObject [-]
[taskset-1]                 --> CheckStopCondition [-]
[taskset-1]                 --> AdvanceMove [-]
[taskset-1]     [-] navigation [x]
[taskset-1]         --> HasMpcGoal [x]
[taskset-1] 
[taskset-1] [INFO] [1791018704.880958159] [behavior_executor_node]: BT snapshot -- root=FAILURE, lanes: emergency=FAILURE | mission=FAILURE | navigation=FAILURE
[taskset-1] [o] root [x]
[taskset-1]     [-] emergency [x]
[taskset-1]         [o] emergency_condition [x]
[taskset-1]             --> IsBatteryLow [x]
[taskset-1]             --> IsEmergencyStopTriggered [x]
[taskset-1]             --> IsProximityTooClose [x]
[taskset-1]             --> IsSystemOverheated [x]
[taskset-1]         --> Stop [-]
[taskset-1]     [-] mission [x]
[taskset-1]         --> MissionActive [x]
[taskset-1]         [o] mission_selector [-]
[taskset-1]             [-] mission_object_response [-]
[taskset-1]                 --> ObjectSeen [-]
[taskset-1]                 --> HandleObjectAction [-]
[taskset-1]             [-] mission_progress [-]
[taskset-1]                 --> PublishMoveGoal [-]
[taskset-1]                 --> GoToObject [-]
[taskset-1]                 --> CheckStopCondition [-]
[taskset-1]                 --> AdvanceMove [-]
[taskset-1]     [-] navigation [x]
[taskset-1]         --> HasMpcGoal [x]
[taskset-1] 
[taskset-1] [INFO] [1791018705.980561793] [behavior_executor_node]: BT snapshot -- root=FAILURE, lanes: emergency=FAILURE | mission=FAILURE | navigation=FAILURE
[taskset-1] [o] root [x]
[taskset-1]     [-] emergency [x]
[taskset-1]         [o] emergency_condition [x]
[taskset-1]             --> IsBatteryLow [x]
[taskset-1]             --> IsEmergencyStopTriggered [x]
[taskset-1]             --> IsProximityTooClose [x]
[taskset-1]             --> IsSystemOverheated [x]
[taskset-1]         --> Stop [-]
[taskset-1]     [-] mission [x]
[taskset-1]         --> MissionActive [x]
[taskset-1]         [o] mission_selector [-]
[taskset-1]             [-] mission_object_response [-]
[taskset-1]                 --> ObjectSeen [-]
[taskset-1]                 --> HandleObjectAction [-]
[taskset-1]             [-] mission_progress [-]
[taskset-1]                 --> PublishMoveGoal [-]
[taskset-1]                 --> GoToObject [-]
[taskset-1]                 --> CheckStopCondition [-]
[taskset-1]                 --> AdvanceMove [-]
[taskset-1]     [-] navigation [x]
[taskset-1]         --> HasMpcGoal [x]
[taskset-1] 
[taskset-1] [INFO] [1791018706.986446955] [behavior_executor_node]: BT snapshot -- root=FAILURE, lanes: emergency=FAILURE | mission=FAILURE | navigation=FAILURE
[taskset-1] [o] root [x]
[taskset-1]     [-] emergency [x]
[taskset-1]         [o] emergency_condition [x]
[taskset-1]             --> IsBatteryLow [x]
[taskset-1]             --> IsEmergencyStopTriggered [x]
[taskset-1]             --> IsProximityTooClose [x]
[taskset-1]             --> IsSystemOverheated [x]
[taskset-1]         --> Stop [-]
[taskset-1]     [-] mission [x]
[taskset-1]         --> MissionActive [x]
[taskset-1]         [o] mission_selector [-]
[taskset-1]             [-] mission_object_response [-]
[taskset-1]                 --> ObjectSeen [-]
[taskset-1]                 --> HandleObjectAction [-]
[taskset-1]             [-] mission_progress [-]
[taskset-1]                 --> PublishMoveGoal [-]
[taskset-1]                 --> GoToObject [-]
[taskset-1]                 --> CheckStopCondition [-]
[taskset-1]                 --> AdvanceMove [-]
[taskset-1]     [-] navigation [x]
[taskset-1]         --> HasMpcGoal [x]
[taskset-1] 
[taskset-1] [INFO] [1791018708.090013510] [behavior_executor_node]: BT snapshot -- root=FAILURE, lanes: emergency=FAILURE | mission=FAILURE | navigation=FAILURE
[taskset-1] [o] root [x]
[taskset-1]     [-] emergency [x]
[taskset-1]         [o] emergency_condition [x]
[taskset-1]             --> IsBatteryLow [x]
[taskset-1]             --> IsEmergencyStopTriggered [x]
[taskset-1]             --> IsProximityTooClose [x]
[taskset-1]             --> IsSystemOverheated [x]
[taskset-1]         --> Stop [-]
[taskset-1]     [-] mission [x]
[taskset-1]         --> MissionActive [x]
[taskset-1]         [o] mission_selector [-]
[taskset-1]             [-] mission_object_response [-]
[taskset-1]                 --> ObjectSeen [-]
[taskset-1]                 --> HandleObjectAction [-]
[taskset-1]             [-] mission_progress [-]
[taskset-1]                 --> PublishMoveGoal [-]
[taskset-1]                 --> GoToObject [-]
[taskset-1]                 --> CheckStopCondition [-]
[taskset-1]                 --> AdvanceMove [-]
[taskset-1]     [-] navigation [x]
[taskset-1]         --> HasMpcGoal [x]
[taskset-1] 
[taskset-1] [INFO] [1791018709.180656130] [behavior_executor_node]: BT snapshot -- root=FAILURE, lanes: emergency=FAILURE | mission=FAILURE | navigation=FAILURE
[taskset-1] [o] root [x]
[taskset-1]     [-] emergency [x]
[taskset-1]         [o] emergency_condition [x]
[taskset-1]             --> IsBatteryLow [x]
[taskset-1]             --> IsEmergencyStopTriggered [x]
[taskset-1]             --> IsProximityTooClose [x]
[taskset-1]             --> IsSystemOverheated [x]
[taskset-1]         --> Stop [-]
[taskset-1]     [-] mission [x]
[taskset-1]         --> MissionActive [x]
[taskset-1]         [o] mission_selector [-]
[taskset-1]             [-] mission_object_response [-]
[taskset-1]                 --> ObjectSeen [-]
[taskset-1]                 --> HandleObjectAction [-]
[taskset-1]             [-] mission_progress [-]
[taskset-1]                 --> PublishMoveGoal [-]
[taskset-1]                 --> GoToObject [-]
[taskset-1]                 --> CheckStopCondition [-]
[taskset-1]                 --> AdvanceMove [-]
[taskset-1]     [-] navigation [x]
[taskset-1]         --> HasMpcGoal [x]
[taskset-1] 
[taskset-1] [INFO] [1791018710.186225467] [behavior_executor_node]: BT snapshot -- root=FAILURE, lanes: emergency=FAILURE | mission=FAILURE | navigation=FAILURE
[taskset-1] [o] root [x]
[taskset-1]     [-] emergency [x]
[taskset-1]         [o] emergency_condition [x]
[taskset-1]             --> IsBatteryLow [x]
[taskset-1]             --> IsEmergencyStopTriggered [x]
[taskset-1]             --> IsProximityTooClose [x]
[taskset-1]             --> IsSystemOverheated [x]
[taskset-1]         --> Stop [-]
[taskset-1]     [-] mission [x]
[taskset-1]         --> MissionActive [x]
[taskset-1]         [o] mission_selector [-]
[taskset-1]             [-] mission_object_response [-]
[taskset-1]                 --> ObjectSeen [-]
[taskset-1]                 --> HandleObjectAction [-]
[taskset-1]             [-] mission_progress [-]
[taskset-1]                 --> PublishMoveGoal [-]
[taskset-1]                 --> GoToObject [-]
[taskset-1]                 --> CheckStopCondition [-]
[taskset-1]                 --> AdvanceMove [-]
[taskset-1]     [-] navigation [x]
[taskset-1]         --> HasMpcGoal [x]
[taskset-1] 
[taskset-1] [INFO] [1791018711.280602334] [behavior_executor_node]: BT snapshot -- root=FAILURE, lanes: emergency=FAILURE | mission=FAILURE | navigation=FAILURE
[taskset-1] [o] root [x]
[taskset-1]     [-] emergency [x]
[taskset-1]         [o] emergency_condition [x]
[taskset-1]             --> IsBatteryLow [x]
[taskset-1]             --> IsEmergencyStopTriggered [x]
[taskset-1]             --> IsProximityTooClose [x]
[taskset-1]             --> IsSystemOverheated [x]
[taskset-1]         --> Stop [-]
[taskset-1]     [-] mission [x]
[taskset-1]         --> MissionActive [x]
[taskset-1]         [o] mission_selector [-]
[taskset-1]             [-] mission_object_response [-]
[taskset-1]                 --> ObjectSeen [-]
[taskset-1]                 --> HandleObjectAction [-]
[taskset-1]             [-] mission_progress [-]
[taskset-1]                 --> PublishMoveGoal [-]
[taskset-1]                 --> GoToObject [-]
[taskset-1]                 --> CheckStopCondition [-]
[taskset-1]                 --> AdvanceMove [-]
[taskset-1]     [-] navigation [x]
[taskset-1]         --> HasMpcGoal [x]
[taskset-1] 
[taskset-1] [INFO] [1791018712.280682247] [behavior_executor_node]: BT snapshot -- root=FAILURE, lanes: emergency=FAILURE | mission=FAILURE | navigation=FAILURE
[taskset-1] [o] root [x]
[taskset-1]     [-] emergency [x]
[taskset-1]         [o] emergency_condition [x]
[taskset-1]             --> IsBatteryLow [x]
[taskset-1]             --> IsEmergencyStopTriggered [x]
[taskset-1]             --> IsProximityTooClose [x]
[taskset-1]             --> IsSystemOverheated [x]
[taskset-1]         --> Stop [-]
[taskset-1]     [-] mission [x]
[taskset-1]         --> MissionActive [x]
[taskset-1]         [o] mission_selector [-]
[taskset-1]             [-] mission_object_response [-]
[taskset-1]                 --> ObjectSeen [-]
[taskset-1]                 --> HandleObjectAction [-]
[taskset-1]             [-] mission_progress [-]
[taskset-1]                 --> PublishMoveGoal [-]
[taskset-1]                 --> GoToObject [-]
[taskset-1]                 --> CheckStopCondition [-]
[taskset-1]                 --> AdvanceMove [-]
[taskset-1]     [-] navigation [x]
[taskset-1]         --> HasMpcGoal [x]
[taskset-1] 
[taskset-1] [INFO] [1791018713.388649555] [behavior_executor_node]: BT snapshot -- root=FAILURE, lanes: emergency=FAILURE | mission=FAILURE | navigation=FAILURE
[taskset-1] [o] root [x]
[taskset-1]     [-] emergency [x]
[taskset-1]         [o] emergency_condition [x]
[taskset-1]             --> IsBatteryLow [x]
[taskset-1]             --> IsEmergencyStopTriggered [x]
[taskset-1]             --> IsProximityTooClose [x]
[taskset-1]             --> IsSystemOverheated [x]
[taskset-1]         --> Stop [-]
[taskset-1]     [-] mission [x]
[taskset-1]         --> MissionActive [x]
[taskset-1]         [o] mission_selector [-]
[taskset-1]             [-] mission_object_response [-]
[taskset-1]                 --> ObjectSeen [-]
[taskset-1]                 --> HandleObjectAction [-]
[taskset-1]             [-] mission_progress [-]
[taskset-1]                 --> PublishMoveGoal [-]
[taskset-1]                 --> GoToObject [-]
[taskset-1]                 --> CheckStopCondition [-]
[taskset-1]                 --> AdvanceMove [-]
[taskset-1]     [-] navigation [x]
[taskset-1]         --> HasMpcGoal [x]
[taskset-1] 
[taskset-1] [INFO] [1791018714.480959580] [behavior_executor_node]: BT snapshot -- root=FAILURE, lanes: emergency=FAILURE | mission=FAILURE | navigation=FAILURE
[taskset-1] [o] root [x]
[taskset-1]     [-] emergency [x]
[taskset-1]         [o] emergency_condition [x]
[taskset-1]             --> IsBatteryLow [x]
[taskset-1]             --> IsEmergencyStopTriggered [x]
[taskset-1]             --> IsProximityTooClose [x]
[taskset-1]             --> IsSystemOverheated [x]
[taskset-1]         --> Stop [-]
[taskset-1]     [-] mission [x]
[taskset-1]         --> MissionActive [x]
[taskset-1]         [o] mission_selector [-]
[taskset-1]             [-] mission_object_response [-]
[taskset-1]                 --> ObjectSeen [-]
[taskset-1]                 --> HandleObjectAction [-]
[taskset-1]             [-] mission_progress [-]
[taskset-1]                 --> PublishMoveGoal [-]
[taskset-1]                 --> GoToObject [-]
[taskset-1]                 --> CheckStopCondition [-]
[taskset-1]                 --> AdvanceMove [-]
[taskset-1]     [-] navigation [x]
[taskset-1]         --> HasMpcGoal [x]
[taskset-1] 
[taskset-1] [INFO] [1791018715.595438601] [behavior_executor_node]: BT snapshot -- root=FAILURE, lanes: emergency=FAILURE | mission=FAILURE | navigation=FAILURE
[taskset-1] [o] root [x]
[taskset-1]     [-] emergency [x]
[taskset-1]         [o] emergency_condition [x]
[taskset-1]             --> IsBatteryLow [x]
[taskset-1]             --> IsEmergencyStopTriggered [x]
[taskset-1]             --> IsProximityTooClose [x]
[taskset-1]             --> IsSystemOverheated [x]
[taskset-1]         --> Stop [-]
[taskset-1]     [-] mission [x]
[taskset-1]         --> MissionActive [x]
[taskset-1]         [o] mission_selector [-]
[taskset-1]             [-] mission_object_response [-]
[taskset-1]                 --> ObjectSeen [-]
[taskset-1]                 --> HandleObjectAction [-]
[taskset-1]             [-] mission_progress [-]
[taskset-1]                 --> PublishMoveGoal [-]
[taskset-1]                 --> GoToObject [-]
[taskset-1]                 --> CheckStopCondition [-]
[taskset-1]                 --> AdvanceMove [-]
[taskset-1]     [-] navigation [x]
[taskset-1]         --> HasMpcGoal [x]
[taskset-1] 
[taskset-1] [INFO] [1791018716.680543898] [behavior_executor_node]: BT snapshot -- root=FAILURE, lanes: emergency=FAILURE | mission=FAILURE | navigation=FAILURE
[taskset-1] [o] root [x]
[taskset-1]     [-] emergency [x]
[taskset-1]         [o] emergency_condition [x]
[taskset-1]             --> IsBatteryLow [x]
[taskset-1]             --> IsEmergencyStopTriggered [x]
[taskset-1]             --> IsProximityTooClose [x]
[taskset-1]             --> IsSystemOverheated [x]
[taskset-1]         --> Stop [-]
[taskset-1]     [-] mission [x]
[taskset-1]         --> MissionActive [x]
[taskset-1]         [o] mission_selector [-]
[taskset-1]             [-] mission_object_response [-]
[taskset-1]                 --> ObjectSeen [-]
[taskset-1]                 --> HandleObjectAction [-]
[taskset-1]             [-] mission_progress [-]
[taskset-1]                 --> PublishMoveGoal [-]
[taskset-1]                 --> GoToObject [-]
[taskset-1]                 --> CheckStopCondition [-]
[taskset-1]                 --> AdvanceMove [-]
[taskset-1]     [-] navigation [x]
[taskset-1]         --> HasMpcGoal [x]
[taskset-1] 
[taskset-1] [INFO] [1791018717.680964640] [behavior_executor_node]: BT snapshot -- root=FAILURE, lanes: emergency=FAILURE | mission=FAILURE | navigation=FAILURE
[taskset-1] [o] root [x]
[taskset-1]     [-] emergency [x]
[taskset-1]         [o] emergency_condition [x]
[taskset-1]             --> IsBatteryLow [x]
[taskset-1]             --> IsEmergencyStopTriggered [x]
[taskset-1]             --> IsProximityTooClose [x]
[taskset-1]             --> IsSystemOverheated [x]
[taskset-1]         --> Stop [-]
[taskset-1]     [-] mission [x]
[taskset-1]         --> MissionActive [x]
[taskset-1]         [o] mission_selector [-]
[taskset-1]             [-] mission_object_response [-]
[taskset-1]                 --> ObjectSeen [-]
[taskset-1]                 --> HandleObjectAction [-]
[taskset-1]             [-] mission_progress [-]
[taskset-1]                 --> PublishMoveGoal [-]
[taskset-1]                 --> GoToObject [-]
[taskset-1]                 --> CheckStopCondition [-]
[taskset-1]                 --> AdvanceMove [-]
[taskset-1]     [-] navigation [x]
[taskset-1]         --> HasMpcGoal [x]
[taskset-1] 
[taskset-1] [INFO] [1791018718.690047258] [behavior_executor_node]: BT snapshot -- root=FAILURE, lanes: emergency=FAILURE | mission=FAILURE | navigation=FAILURE
[taskset-1] [o] root [x]
[taskset-1]     [-] emergency [x]
[taskset-1]         [o] emergency_condition [x]
[taskset-1]             --> IsBatteryLow [x]
[taskset-1]             --> IsEmergencyStopTriggered [x]
[taskset-1]             --> IsProximityTooClose [x]
[taskset-1]             --> IsSystemOverheated [x]
[taskset-1]         --> Stop [-]
[taskset-1]     [-] mission [x]
[taskset-1]         --> MissionActive [x]
[taskset-1]         [o] mission_selector [-]
[taskset-1]             [-] mission_object_response [-]
[taskset-1]                 --> ObjectSeen [-]
[taskset-1]                 --> HandleObjectAction [-]
[taskset-1]             [-] mission_progress [-]
[taskset-1]                 --> PublishMoveGoal [-]
[taskset-1]                 --> GoToObject [-]
[taskset-1]                 --> CheckStopCondition [-]
[taskset-1]                 --> AdvanceMove [-]
[taskset-1]     [-] navigation [x]
[taskset-1]         --> HasMpcGoal [x]
[taskset-1] 
[taskset-1] [INFO] [1791018719.780724253] [behavior_executor_node]: BT snapshot -- root=FAILURE, lanes: emergency=FAILURE | mission=FAILURE | navigation=FAILURE
[taskset-1] [o] root [x]
[taskset-1]     [-] emergency [x]
[taskset-1]         [o] emergency_condition [x]
[taskset-1]             --> IsBatteryLow [x]
[taskset-1]             --> IsEmergencyStopTriggered [x]
[taskset-1]             --> IsProximityTooClose [x]
[taskset-1]             --> IsSystemOverheated [x]
[taskset-1]         --> Stop [-]
[taskset-1]     [-] mission [x]
[taskset-1]         --> MissionActive [x]
[taskset-1]         [o] mission_selector [-]
[taskset-1]             [-] mission_object_response [-]
[taskset-1]                 --> ObjectSeen [-]
[taskset-1]                 --> HandleObjectAction [-]
[taskset-1]             [-] mission_progress [-]
[taskset-1]                 --> PublishMoveGoal [-]
[taskset-1]                 --> GoToObject [-]
[taskset-1]                 --> CheckStopCondition [-]
[taskset-1]                 --> AdvanceMove [-]
[taskset-1]     [-] navigation [x]
[taskset-1]         --> HasMpcGoal [x]
[taskset-1] 
[taskset-1] [INFO] [1791018720.678743507] [behavior_executor_node]: [IsProximityTooClose] DIAG /scan layout (first message): angle_min=-2.3562 rad (-135.0 deg), angle_max=2.3562 rad (+135.0 deg), angle_increment=0.004363 rad (0.2500 deg), range_min=0.020 m, len(ranges)=1081
[taskset-1] [INFO] [1791018720.679835625] [behavior_executor_node]: [IsProximityTooClose] DIAG scan: total=1081 in_window=721 excluded_by_filter=0 min_in_window=0.621 front_min=1.651
[taskset-1] [INFO] [1791018720.879772013] [behavior_executor_node]: BT snapshot -- root=FAILURE, lanes: emergency=FAILURE | mission=FAILURE | navigation=FAILURE
[taskset-1] [o] root [x]
[taskset-1]     [-] emergency [x]
[taskset-1]         [o] emergency_condition [x]
[taskset-1]             --> IsBatteryLow [x]
[taskset-1]             --> IsEmergencyStopTriggered [x]
[taskset-1]             --> IsProximityTooClose [x]
[taskset-1]             --> IsSystemOverheated [x]
[taskset-1]         --> Stop [-]
[taskset-1]     [-] mission [x]
[taskset-1]         --> MissionActive [x]
[taskset-1]         [o] mission_selector [-]
[taskset-1]             [-] mission_object_response [-]
[taskset-1]                 --> ObjectSeen [-]
[taskset-1]                 --> HandleObjectAction [-]
[taskset-1]             [-] mission_progress [-]
[taskset-1]                 --> PublishMoveGoal [-]
[taskset-1]                 --> GoToObject [-]
[taskset-1]                 --> CheckStopCondition [-]
[taskset-1]                 --> AdvanceMove [-]
[taskset-1]     [-] navigation [x]
[taskset-1]         --> HasMpcGoal [x]
[taskset-1] 
[taskset-1] [INFO] [1791018721.879778067] [behavior_executor_node]: BT snapshot -- root=FAILURE, lanes: emergency=FAILURE | mission=FAILURE | navigation=FAILURE
[taskset-1] [o] root [x]
[taskset-1]     [-] emergency [x]
[taskset-1]         [o] emergency_condition [x]
[taskset-1]             --> IsBatteryLow [x]
[taskset-1]             --> IsEmergencyStopTriggered [x]
[taskset-1]             --> IsProximityTooClose [x]
[taskset-1]             --> IsSystemOverheated [x]
[taskset-1]         --> Stop [-]
[taskset-1]     [-] mission [x]
[taskset-1]         --> MissionActive [x]
[taskset-1]         [o] mission_selector [-]
[taskset-1]             [-] mission_object_response [-]
[taskset-1]                 --> ObjectSeen [-]
[taskset-1]                 --> HandleObjectAction [-]
[taskset-1]             [-] mission_progress [-]
[taskset-1]                 --> PublishMoveGoal [-]
[taskset-1]                 --> GoToObject [-]
[taskset-1]                 --> CheckStopCondition [-]
[taskset-1]                 --> AdvanceMove [-]
[taskset-1]     [-] navigation [x]
[taskset-1]         --> HasMpcGoal [x]
[taskset-1] 
[taskset-1] [INFO] [1791018722.694268661] [behavior_executor_node]: [IsProximityTooClose] DIAG scan: total=1081 in_window=721 excluded_by_filter=0 min_in_window=0.574 front_min=1.643
[taskset-1] [INFO] [1791018722.884937825] [behavior_executor_node]: BT snapshot -- root=FAILURE, lanes: emergency=FAILURE | mission=FAILURE | navigation=FAILURE
[taskset-1] [o] root [x]
[taskset-1]     [-] emergency [x]
[taskset-1]         [o] emergency_condition [x]
[taskset-1]             --> IsBatteryLow [x]
[taskset-1]             --> IsEmergencyStopTriggered [x]
[taskset-1]             --> IsProximityTooClose [x]
[taskset-1]             --> IsSystemOverheated [x]
[taskset-1]         --> Stop [-]
[taskset-1]     [-] mission [x]
[taskset-1]         --> MissionActive [x]
[taskset-1]         [o] mission_selector [-]
[taskset-1]             [-] mission_object_response [-]
[taskset-1]                 --> ObjectSeen [-]
[taskset-1]                 --> HandleObjectAction [-]
[taskset-1]             [-] mission_progress [-]
[taskset-1]                 --> PublishMoveGoal [-]
[taskset-1]                 --> GoToObject [-]
[taskset-1]                 --> CheckStopCondition [-]
[taskset-1]                 --> AdvanceMove [-]
[taskset-1]     [-] navigation [x]
[taskset-1]         --> HasMpcGoal [x]
[taskset-1] 
[taskset-1] [INFO] [1791018723.899078383] [behavior_executor_node]: BT snapshot -- root=FAILURE, lanes: emergency=FAILURE | mission=FAILURE | navigation=FAILURE
[taskset-1] [o] root [x]
[taskset-1]     [-] emergency [x]
[taskset-1]         [o] emergency_condition [x]
[taskset-1]             --> IsBatteryLow [x]
[taskset-1]             --> IsEmergencyStopTriggered [x]
[taskset-1]             --> IsProximityTooClose [x]
[taskset-1]             --> IsSystemOverheated [x]
[taskset-1]         --> Stop [-]
[taskset-1]     [-] mission [x]
[taskset-1]         --> MissionActive [x]
[taskset-1]         [o] mission_selector [-]
[taskset-1]             [-] mission_object_response [-]
[taskset-1]                 --> ObjectSeen [-]
[taskset-1]                 --> HandleObjectAction [-]
[taskset-1]             [-] mission_progress [-]
[taskset-1]                 --> PublishMoveGoal [-]
[taskset-1]                 --> GoToObject [-]
[taskset-1]                 --> CheckStopCondition [-]
[taskset-1]                 --> AdvanceMove [-]
[taskset-1]     [-] navigation [x]
[taskset-1]         --> HasMpcGoal [x]
[taskset-1] 
[taskset-1] [INFO] [1791018724.723376997] [behavior_executor_node]: [IsProximityTooClose] DIAG scan: total=1081 in_window=721 excluded_by_filter=0 min_in_window=0.590 front_min=1.511
[taskset-1] [INFO] [1791018724.979684772] [behavior_executor_node]: BT snapshot -- root=FAILURE, lanes: emergency=FAILURE | mission=FAILURE | navigation=FAILURE
[taskset-1] [o] root [x]
[taskset-1]     [-] emergency [x]
[taskset-1]         [o] emergency_condition [x]
[taskset-1]             --> IsBatteryLow [x]
[taskset-1]             --> IsEmergencyStopTriggered [x]
[taskset-1]             --> IsProximityTooClose [x]
[taskset-1]             --> IsSystemOverheated [x]
[taskset-1]         --> Stop [-]
[taskset-1]     [-] mission [x]
[taskset-1]         --> MissionActive [x]
[taskset-1]         [o] mission_selector [-]
[taskset-1]             [-] mission_object_response [-]
[taskset-1]                 --> ObjectSeen [-]
[taskset-1]                 --> HandleObjectAction [-]
[taskset-1]             [-] mission_progress [-]
[taskset-1]                 --> PublishMoveGoal [-]
[taskset-1]                 --> GoToObject [-]
[taskset-1]                 --> CheckStopCondition [-]
[taskset-1]                 --> AdvanceMove [-]
[taskset-1]     [-] navigation [x]
[taskset-1]         --> HasMpcGoal [x]
[taskset-1] 
[taskset-1] [INFO] [1791018725.984280958] [behavior_executor_node]: BT snapshot -- root=FAILURE, lanes: emergency=FAILURE | mission=FAILURE | navigation=FAILURE
[taskset-1] [o] root [x]
[taskset-1]     [-] emergency [x]
[taskset-1]         [o] emergency_condition [x]
[taskset-1]             --> IsBatteryLow [x]
[taskset-1]             --> IsEmergencyStopTriggered [x]
[taskset-1]             --> IsProximityTooClose [x]
[taskset-1]             --> IsSystemOverheated [x]
[taskset-1]         --> Stop [-]
[taskset-1]     [-] mission [x]
[taskset-1]         --> MissionActive [x]
[taskset-1]         [o] mission_selector [-]
[taskset-1]             [-] mission_object_response [-]
[taskset-1]                 --> ObjectSeen [-]
[taskset-1]                 --> HandleObjectAction [-]
[taskset-1]             [-] mission_progress [-]
[taskset-1]                 --> PublishMoveGoal [-]
[taskset-1]                 --> GoToObject [-]
[taskset-1]                 --> CheckStopCondition [-]
[taskset-1]                 --> AdvanceMove [-]
[taskset-1]     [-] navigation [x]
[taskset-1]         --> HasMpcGoal [x]
[taskset-1] 
[taskset-1] [INFO] [1791018726.747746301] [behavior_executor_node]: [IsProximityTooClose] DIAG scan: total=1081 in_window=721 excluded_by_filter=0 min_in_window=0.591 front_min=1.471
[taskset-1] [INFO] [1791018727.079797853] [behavior_executor_node]: BT snapshot -- root=FAILURE, lanes: emergency=FAILURE | mission=FAILURE | navigation=FAILURE
[taskset-1] [o] root [x]
[taskset-1]     [-] emergency [x]
[taskset-1]         [o] emergency_condition [x]
[taskset-1]             --> IsBatteryLow [x]
[taskset-1]             --> IsEmergencyStopTriggered [x]
[taskset-1]             --> IsProximityTooClose [x]
[taskset-1]             --> IsSystemOverheated [x]
[taskset-1]         --> Stop [-]
[taskset-1]     [-] mission [x]
[taskset-1]         --> MissionActive [x]
[taskset-1]         [o] mission_selector [-]
[taskset-1]             [-] mission_object_response [-]
[taskset-1]                 --> ObjectSeen [-]
[taskset-1]                 --> HandleObjectAction [-]
[taskset-1]             [-] mission_progress [-]
[taskset-1]                 --> PublishMoveGoal [-]
[taskset-1]                 --> GoToObject [-]
[taskset-1]                 --> CheckStopCondition [-]
[taskset-1]                 --> AdvanceMove [-]
[taskset-1]     [-] navigation [x]
[taskset-1]         --> HasMpcGoal [x]
[taskset-1] 
[taskset-1] [INFO] [1791018728.079795004] [behavior_executor_node]: BT snapshot -- root=FAILURE, lanes: emergency=FAILURE | mission=FAILURE | navigation=FAILURE
[taskset-1] [o] root [x]
[taskset-1]     [-] emergency [x]
[taskset-1]         [o] emergency_condition [x]
[taskset-1]             --> IsBatteryLow [x]
[taskset-1]             --> IsEmergencyStopTriggered [x]
[taskset-1]             --> IsProximityTooClose [x]
[taskset-1]             --> IsSystemOverheated [x]
[taskset-1]         --> Stop [-]
[taskset-1]     [-] mission [x]
[taskset-1]         --> MissionActive [x]
[taskset-1]         [o] mission_selector [-]
[taskset-1]             [-] mission_object_response [-]
[taskset-1]                 --> ObjectSeen [-]
[taskset-1]                 --> HandleObjectAction [-]
[taskset-1]             [-] mission_progress [-]
[taskset-1]                 --> PublishMoveGoal [-]
[taskset-1]                 --> GoToObject [-]
[taskset-1]                 --> CheckStopCondition [-]
[taskset-1]                 --> AdvanceMove [-]
[taskset-1]     [-] navigation [x]
[taskset-1]         --> HasMpcGoal [x]
[taskset-1] 
[taskset-1] [INFO] [1791018728.800874347] [behavior_executor_node]: [IsProximityTooClose] DIAG scan: total=1081 in_window=721 excluded_by_filter=0 min_in_window=0.696 front_min=1.244
[taskset-1] [INFO] [1791018729.182109839] [behavior_executor_node]: BT snapshot -- root=FAILURE, lanes: emergency=FAILURE | mission=FAILURE | navigation=FAILURE
[taskset-1] [o] root [x]
[taskset-1]     [-] emergency [x]
[taskset-1]         [o] emergency_condition [x]
[taskset-1]             --> IsBatteryLow [x]
[taskset-1]             --> IsEmergencyStopTriggered [x]
[taskset-1]             --> IsProximityTooClose [x]
[taskset-1]             --> IsSystemOverheated [x]
[taskset-1]         --> Stop [-]
[taskset-1]     [-] mission [x]
[taskset-1]         --> MissionActive [x]
[taskset-1]         [o] mission_selector [-]
[taskset-1]             [-] mission_object_response [-]
[taskset-1]                 --> ObjectSeen [-]
[taskset-1]                 --> HandleObjectAction [-]
[taskset-1]             [-] mission_progress [-]
[taskset-1]                 --> PublishMoveGoal [-]
[taskset-1]                 --> GoToObject [-]
[taskset-1]                 --> CheckStopCondition [-]
[taskset-1]                 --> AdvanceMove [-]
[taskset-1]     [-] navigation [x]
[taskset-1]         --> HasMpcGoal [x]
[taskset-1] 
[taskset-1] [INFO] [1791018730.279759319] [behavior_executor_node]: BT snapshot -- root=FAILURE, lanes: emergency=FAILURE | mission=FAILURE | navigation=FAILURE
[taskset-1] [o] root [x]
[taskset-1]     [-] emergency [x]
[taskset-1]         [o] emergency_condition [x]
[taskset-1]             --> IsBatteryLow [x]
[taskset-1]             --> IsEmergencyStopTriggered [x]
[taskset-1]             --> IsProximityTooClose [x]
[taskset-1]             --> IsSystemOverheated [x]
[taskset-1]         --> Stop [-]
[taskset-1]     [-] mission [x]
[taskset-1]         --> MissionActive [x]
[taskset-1]         [o] mission_selector [-]
[taskset-1]             [-] mission_object_response [-]
[taskset-1]                 --> ObjectSeen [-]
[taskset-1]                 --> HandleObjectAction [-]
[taskset-1]             [-] mission_progress [-]
[taskset-1]                 --> PublishMoveGoal [-]
[taskset-1]                 --> GoToObject [-]
[taskset-1]                 --> CheckStopCondition [-]
[taskset-1]                 --> AdvanceMove [-]
[taskset-1]     [-] navigation [x]
[taskset-1]         --> HasMpcGoal [x]
[taskset-1] 
[taskset-1] [INFO] [1791018730.824633521] [behavior_executor_node]: [IsProximityTooClose] DIAG scan: total=1081 in_window=721 excluded_by_filter=0 min_in_window=0.861 front_min=1.056
[taskset-1] [INFO] [1791018731.279870192] [behavior_executor_node]: BT snapshot -- root=FAILURE, lanes: emergency=FAILURE | mission=FAILURE | navigation=FAILURE
[taskset-1] [o] root [x]
[taskset-1]     [-] emergency [x]
[taskset-1]         [o] emergency_condition [x]
[taskset-1]             --> IsBatteryLow [x]
[taskset-1]             --> IsEmergencyStopTriggered [x]
[taskset-1]             --> IsProximityTooClose [x]
[taskset-1]             --> IsSystemOverheated [x]
[taskset-1]         --> Stop [-]
[taskset-1]     [-] mission [x]
[taskset-1]         --> MissionActive [x]
[taskset-1]         [o] mission_selector [-]
[taskset-1]             [-] mission_object_response [-]
[taskset-1]                 --> ObjectSeen [-]
[taskset-1]                 --> HandleObjectAction [-]
[taskset-1]             [-] mission_progress [-]
[taskset-1]                 --> PublishMoveGoal [-]
[taskset-1]                 --> GoToObject [-]
[taskset-1]                 --> CheckStopCondition [-]
[taskset-1]                 --> AdvanceMove [-]
[taskset-1]     [-] navigation [x]
[taskset-1]         --> HasMpcGoal [x]
[taskset-1] 
[taskset-1] [INFO] [1791018732.284694132] [behavior_executor_node]: BT snapshot -- root=FAILURE, lanes: emergency=FAILURE | mission=FAILURE | navigation=FAILURE
[taskset-1] [o] root [x]
[taskset-1]     [-] emergency [x]
[taskset-1]         [o] emergency_condition [x]
[taskset-1]             --> IsBatteryLow [x]
[taskset-1]             --> IsEmergencyStopTriggered [x]
[taskset-1]             --> IsProximityTooClose [x]
[taskset-1]             --> IsSystemOverheated [x]
[taskset-1]         --> Stop [-]
[taskset-1]     [-] mission [x]
[taskset-1]         --> MissionActive [x]
[taskset-1]         [o] mission_selector [-]
[taskset-1]             [-] mission_object_response [-]
[taskset-1]                 --> ObjectSeen [-]
[taskset-1]                 --> HandleObjectAction [-]
[taskset-1]             [-] mission_progress [-]
[taskset-1]                 --> PublishMoveGoal [-]
[taskset-1]                 --> GoToObject [-]
[taskset-1]                 --> CheckStopCondition [-]
[taskset-1]                 --> AdvanceMove [-]
[taskset-1]     [-] navigation [x]
[taskset-1]         --> HasMpcGoal [x]
[taskset-1] 
[taskset-1] [INFO] [1791018732.828707890] [behavior_executor_node]: [IsProximityTooClose] DIAG scan: total=1081 in_window=721 excluded_by_filter=0 min_in_window=0.769 front_min=1.558
[taskset-1] [INFO] [1791018733.379776311] [behavior_executor_node]: BT snapshot -- root=FAILURE, lanes: emergency=FAILURE | mission=FAILURE | navigation=FAILURE
[taskset-1] [o] root [x]
[taskset-1]     [-] emergency [x]
[taskset-1]         [o] emergency_condition [x]
[taskset-1]             --> IsBatteryLow [x]
[taskset-1]             --> IsEmergencyStopTriggered [x]
[taskset-1]             --> IsProximityTooClose [x]
[taskset-1]             --> IsSystemOverheated [x]
[taskset-1]         --> Stop [-]
[taskset-1]     [-] mission [x]
[taskset-1]         --> MissionActive [x]
[taskset-1]         [o] mission_selector [-]
[taskset-1]             [-] mission_object_response [-]
[taskset-1]                 --> ObjectSeen [-]
[taskset-1]                 --> HandleObjectAction [-]
[taskset-1]             [-] mission_progress [-]
[taskset-1]                 --> PublishMoveGoal [-]
[taskset-1]                 --> GoToObject [-]
[taskset-1]                 --> CheckStopCondition [-]
[taskset-1]                 --> AdvanceMove [-]
[taskset-1]     [-] navigation [x]
[taskset-1]         --> HasMpcGoal [x]
[taskset-1] 
[taskset-1] [INFO] [1791018734.479765288] [behavior_executor_node]: BT snapshot -- root=FAILURE, lanes: emergency=FAILURE | mission=FAILURE | navigation=FAILURE
[taskset-1] [o] root [x]
[taskset-1]     [-] emergency [x]
[taskset-1]         [o] emergency_condition [x]
[taskset-1]             --> IsBatteryLow [x]
[taskset-1]             --> IsEmergencyStopTriggered [x]
[taskset-1]             --> IsProximityTooClose [x]
[taskset-1]             --> IsSystemOverheated [x]
[taskset-1]         --> Stop [-]
[taskset-1]     [-] mission [x]
[taskset-1]         --> MissionActive [x]
[taskset-1]         [o] mission_selector [-]
[taskset-1]             [-] mission_object_response [-]
[taskset-1]                 --> ObjectSeen [-]
[taskset-1]                 --> HandleObjectAction [-]
[taskset-1]             [-] mission_progress [-]
[taskset-1]                 --> PublishMoveGoal [-]
[taskset-1]                 --> GoToObject [-]
[taskset-1]                 --> CheckStopCondition [-]
[taskset-1]                 --> AdvanceMove [-]
[taskset-1]     [-] navigation [x]
[taskset-1]         --> HasMpcGoal [x]
[taskset-1] 
[taskset-1] [INFO] [1791018734.854206752] [behavior_executor_node]: [IsProximityTooClose] DIAG scan: total=1081 in_window=721 excluded_by_filter=0 min_in_window=0.855 front_min=1.467
[taskset-1] [INFO] [1791018735.488197556] [behavior_executor_node]: BT snapshot -- root=FAILURE, lanes: emergency=FAILURE | mission=FAILURE | navigation=FAILURE
[taskset-1] [o] root [x]
[taskset-1]     [-] emergency [x]
[taskset-1]         [o] emergency_condition [x]
[taskset-1]             --> IsBatteryLow [x]
[taskset-1]             --> IsEmergencyStopTriggered [x]
[taskset-1]             --> IsProximityTooClose [x]
[taskset-1]             --> IsSystemOverheated [x]
[taskset-1]         --> Stop [-]
[taskset-1]     [-] mission [x]
[taskset-1]         --> MissionActive [x]
[taskset-1]         [o] mission_selector [-]
[taskset-1]             [-] mission_object_response [-]
[taskset-1]                 --> ObjectSeen [-]
[taskset-1]                 --> HandleObjectAction [-]
[taskset-1]             [-] mission_progress [-]
[taskset-1]                 --> PublishMoveGoal [-]
[taskset-1]                 --> GoToObject [-]
[taskset-1]                 --> CheckStopCondition [-]
[taskset-1]                 --> AdvanceMove [-]
[taskset-1]     [-] navigation [x]
[taskset-1]         --> HasMpcGoal [x]
[taskset-1] 
[taskset-1] [INFO] [1791018736.579696332] [behavior_executor_node]: BT snapshot -- root=FAILURE, lanes: emergency=FAILURE | mission=FAILURE | navigation=FAILURE
[taskset-1] [o] root [x]
[taskset-1]     [-] emergency [x]
[taskset-1]         [o] emergency_condition [x]
[taskset-1]             --> IsBatteryLow [x]
[taskset-1]             --> IsEmergencyStopTriggered [x]
[taskset-1]             --> IsProximityTooClose [x]
[taskset-1]             --> IsSystemOverheated [x]
[taskset-1]         --> Stop [-]
[taskset-1]     [-] mission [x]
[taskset-1]         --> MissionActive [x]
[taskset-1]         [o] mission_selector [-]
[taskset-1]             [-] mission_object_response [-]
[taskset-1]                 --> ObjectSeen [-]
[taskset-1]                 --> HandleObjectAction [-]
[taskset-1]             [-] mission_progress [-]
[taskset-1]                 --> PublishMoveGoal [-]
[taskset-1]                 --> GoToObject [-]
[taskset-1]                 --> CheckStopCondition [-]
[taskset-1]                 --> AdvanceMove [-]
[taskset-1]     [-] navigation [x]
[taskset-1]         --> HasMpcGoal [x]
[taskset-1] 
[taskset-1] [INFO] [1791018737.102693737] [behavior_executor_node]: [IsProximityTooClose] DIAG scan: total=1081 in_window=721 excluded_by_filter=0 min_in_window=0.860 front_min=1.271
[taskset-1] [INFO] [1791018737.679755634] [behavior_executor_node]: BT snapshot -- root=FAILURE, lanes: emergency=FAILURE | mission=FAILURE | navigation=FAILURE
[taskset-1] [o] root [x]
[taskset-1]     [-] emergency [x]
[taskset-1]         [o] emergency_condition [x]
[taskset-1]             --> IsBatteryLow [x]
[taskset-1]             --> IsEmergencyStopTriggered [x]
[taskset-1]             --> IsProximityTooClose [x]
[taskset-1]             --> IsSystemOverheated [x]
[taskset-1]         --> Stop [-]
[taskset-1]     [-] mission [x]
[taskset-1]         --> MissionActive [x]
[taskset-1]         [o] mission_selector [-]
[taskset-1]             [-] mission_object_response [-]
[taskset-1]                 --> ObjectSeen [-]
[taskset-1]                 --> HandleObjectAction [-]
[taskset-1]             [-] mission_progress [-]
[taskset-1]                 --> PublishMoveGoal [-]
[taskset-1]                 --> GoToObject [-]
[taskset-1]                 --> CheckStopCondition [-]
[taskset-1]                 --> AdvanceMove [-]
[taskset-1]     [-] navigation [x]
[taskset-1]         --> HasMpcGoal [x]
[taskset-1] 
[taskset-1] [INFO] [1791018738.679838348] [behavior_executor_node]: BT snapshot -- root=FAILURE, lanes: emergency=FAILURE | mission=FAILURE | navigation=FAILURE
[taskset-1] [o] root [x]
[taskset-1]     [-] emergency [x]
[taskset-1]         [o] emergency_condition [x]
[taskset-1]             --> IsBatteryLow [x]
[taskset-1]             --> IsEmergencyStopTriggered [x]
[taskset-1]             --> IsProximityTooClose [x]
[taskset-1]             --> IsSystemOverheated [x]
[taskset-1]         --> Stop [-]
[taskset-1]     [-] mission [x]
[taskset-1]         --> MissionActive [x]
[taskset-1]         [o] mission_selector [-]
[taskset-1]             [-] mission_object_response [-]
[taskset-1]                 --> ObjectSeen [-]
[taskset-1]                 --> HandleObjectAction [-]
[taskset-1]             [-] mission_progress [-]
[taskset-1]                 --> PublishMoveGoal [-]
[taskset-1]                 --> GoToObject [-]
[taskset-1]                 --> CheckStopCondition [-]
[taskset-1]                 --> AdvanceMove [-]
[taskset-1]     [-] navigation [x]
[taskset-1]         --> HasMpcGoal [x]
[taskset-1] 
[taskset-1] [INFO] [1791018739.107715670] [behavior_executor_node]: [IsProximityTooClose] DIAG scan: total=1081 in_window=721 excluded_by_filter=0 min_in_window=0.872 front_min=3.159
[taskset-1] [INFO] [1791018739.891852126] [behavior_executor_node]: BT snapshot -- root=FAILURE, lanes: emergency=FAILURE | mission=FAILURE | navigation=FAILURE
[taskset-1] [o] root [x]
[taskset-1]     [-] emergency [x]
[taskset-1]         [o] emergency_condition [x]
[taskset-1]             --> IsBatteryLow [x]
[taskset-1]             --> IsEmergencyStopTriggered [x]
[taskset-1]             --> IsProximityTooClose [x]
[taskset-1]             --> IsSystemOverheated [x]
[taskset-1]         --> Stop [-]
[taskset-1]     [-] mission [x]
[taskset-1]         --> MissionActive [x]
[taskset-1]         [o] mission_selector [-]
[taskset-1]             [-] mission_object_response [-]
[taskset-1]                 --> ObjectSeen [-]
[taskset-1]                 --> HandleObjectAction [-]
[taskset-1]             [-] mission_progress [-]
[taskset-1]                 --> PublishMoveGoal [-]
[taskset-1]                 --> GoToObject [-]
[taskset-1]                 --> CheckStopCondition [-]
[taskset-1]                 --> AdvanceMove [-]
[taskset-1]     [-] navigation [x]
[taskset-1]         --> HasMpcGoal [x]
[taskset-1] 
[taskset-1] [INFO] [1791018740.979732592] [behavior_executor_node]: BT snapshot -- root=FAILURE, lanes: emergency=FAILURE | mission=FAILURE | navigation=FAILURE
[taskset-1] [o] root [x]
[taskset-1]     [-] emergency [x]
[taskset-1]         [o] emergency_condition [x]
[taskset-1]             --> IsBatteryLow [x]
[taskset-1]             --> IsEmergencyStopTriggered [x]
[taskset-1]             --> IsProximityTooClose [x]
[taskset-1]             --> IsSystemOverheated [x]
[taskset-1]         --> Stop [-]
[taskset-1]     [-] mission [x]
[taskset-1]         --> MissionActive [x]
[taskset-1]         [o] mission_selector [-]
[taskset-1]             [-] mission_object_response [-]
[taskset-1]                 --> ObjectSeen [-]
[taskset-1]                 --> HandleObjectAction [-]
[taskset-1]             [-] mission_progress [-]
[taskset-1]                 --> PublishMoveGoal [-]
[taskset-1]                 --> GoToObject [-]
[taskset-1]                 --> CheckStopCondition [-]
[taskset-1]                 --> AdvanceMove [-]
[taskset-1]     [-] navigation [x]
[taskset-1]         --> HasMpcGoal [x]
[taskset-1] 
[taskset-1] [INFO] [1791018741.108194498] [behavior_executor_node]: [IsProximityTooClose] DIAG scan: total=1081 in_window=721 excluded_by_filter=0 min_in_window=0.872 front_min=1.457
[taskset-1] [INFO] [1791018741.988275860] [behavior_executor_node]: BT snapshot -- root=FAILURE, lanes: emergency=FAILURE | mission=FAILURE | navigation=FAILURE
[taskset-1] [o] root [x]
[taskset-1]     [-] emergency [x]
[taskset-1]         [o] emergency_condition [x]
[taskset-1]             --> IsBatteryLow [x]
[taskset-1]             --> IsEmergencyStopTriggered [x]
[taskset-1]             --> IsProximityTooClose [x]
[taskset-1]             --> IsSystemOverheated [x]
[taskset-1]         --> Stop [-]
[taskset-1]     [-] mission [x]
[taskset-1]         --> MissionActive [x]
[taskset-1]         [o] mission_selector [-]
[taskset-1]             [-] mission_object_response [-]
[taskset-1]                 --> ObjectSeen [-]
[taskset-1]                 --> HandleObjectAction [-]
[taskset-1]             [-] mission_progress [-]
[taskset-1]                 --> PublishMoveGoal [-]
[taskset-1]                 --> GoToObject [-]
[taskset-1]                 --> CheckStopCondition [-]
[taskset-1]                 --> AdvanceMove [-]
[taskset-1]     [-] navigation [x]
[taskset-1]         --> HasMpcGoal [x]
[taskset-1] 
[taskset-1] [INFO] [1791018743.079751785] [behavior_executor_node]: BT snapshot -- root=FAILURE, lanes: emergency=FAILURE | mission=FAILURE | navigation=FAILURE
[taskset-1] [o] root [x]
[taskset-1]     [-] emergency [x]
[taskset-1]         [o] emergency_condition [x]
[taskset-1]             --> IsBatteryLow [x]
[taskset-1]             --> IsEmergencyStopTriggered [x]
[taskset-1]             --> IsProximityTooClose [x]
[taskset-1]             --> IsSystemOverheated [x]
[taskset-1]         --> Stop [-]
[taskset-1]     [-] mission [x]
[taskset-1]         --> MissionActive [x]
[taskset-1]         [o] mission_selector [-]
[taskset-1]             [-] mission_object_response [-]
[taskset-1]                 --> ObjectSeen [-]
[taskset-1]                 --> HandleObjectAction [-]
[taskset-1]             [-] mission_progress [-]
[taskset-1]                 --> PublishMoveGoal [-]
[taskset-1]                 --> GoToObject [-]
[taskset-1]                 --> CheckStopCondition [-]
[taskset-1]                 --> AdvanceMove [-]
[taskset-1]     [-] navigation [x]
[taskset-1]         --> HasMpcGoal [x]
[taskset-1] 
[taskset-1] [INFO] [1791018743.115027715] [behavior_executor_node]: [IsProximityTooClose] DIAG scan: total=1081 in_window=721 excluded_by_filter=0 min_in_window=0.923 front_min=1.763
[taskset-1] [INFO] [1791018744.079813889] [behavior_executor_node]: BT snapshot -- root=FAILURE, lanes: emergency=FAILURE | mission=FAILURE | navigation=FAILURE
[taskset-1] [o] root [x]
[taskset-1]     [-] emergency [x]
[taskset-1]         [o] emergency_condition [x]
[taskset-1]             --> IsBatteryLow [x]
[taskset-1]             --> IsEmergencyStopTriggered [x]
[taskset-1]             --> IsProximityTooClose [x]
[taskset-1]             --> IsSystemOverheated [x]
[taskset-1]         --> Stop [-]
[taskset-1]     [-] mission [x]
[taskset-1]         --> MissionActive [x]
[taskset-1]         [o] mission_selector [-]
[taskset-1]             [-] mission_object_response [-]
[taskset-1]                 --> ObjectSeen [-]
[taskset-1]                 --> HandleObjectAction [-]
[taskset-1]             [-] mission_progress [-]
[taskset-1]                 --> PublishMoveGoal [-]
[taskset-1]                 --> GoToObject [-]
[taskset-1]                 --> CheckStopCondition [-]
[taskset-1]                 --> AdvanceMove [-]
[taskset-1]     [-] navigation [x]
[taskset-1]         --> HasMpcGoal [x]
[taskset-1] 
[taskset-1] [INFO] [1791018745.079968202] [behavior_executor_node]: BT snapshot -- root=FAILURE, lanes: emergency=FAILURE | mission=FAILURE | navigation=FAILURE
[taskset-1] [o] root [x]
[taskset-1]     [-] emergency [x]
[taskset-1]         [o] emergency_condition [x]
[taskset-1]             --> IsBatteryLow [x]
[taskset-1]             --> IsEmergencyStopTriggered [x]
[taskset-1]             --> IsProximityTooClose [x]
[taskset-1]             --> IsSystemOverheated [x]
[taskset-1]         --> Stop [-]
[taskset-1]     [-] mission [x]
[taskset-1]         --> MissionActive [x]
[taskset-1]         [o] mission_selector [-]
[taskset-1]             [-] mission_object_response [-]
[taskset-1]                 --> ObjectSeen [-]
[taskset-1]                 --> HandleObjectAction [-]
[taskset-1]             [-] mission_progress [-]
[taskset-1]                 --> PublishMoveGoal [-]
[taskset-1]                 --> GoToObject [-]
[taskset-1]                 --> CheckStopCondition [-]
[taskset-1]                 --> AdvanceMove [-]
[taskset-1]     [-] navigation [x]
[taskset-1]         --> HasMpcGoal [x]
[taskset-1] 
[taskset-1] [INFO] [1791018745.115721973] [behavior_executor_node]: [IsProximityTooClose] DIAG scan: total=1081 in_window=721 excluded_by_filter=0 min_in_window=0.958 front_min=2.061
[taskset-1] [INFO] [1791018746.182730189] [behavior_executor_node]: BT snapshot -- root=FAILURE, lanes: emergency=FAILURE | mission=FAILURE | navigation=FAILURE
[taskset-1] [o] root [x]
[taskset-1]     [-] emergency [x]
[taskset-1]         [o] emergency_condition [x]
[taskset-1]             --> IsBatteryLow [x]
[taskset-1]             --> IsEmergencyStopTriggered [x]
[taskset-1]             --> IsProximityTooClose [x]
[taskset-1]             --> IsSystemOverheated [x]
[taskset-1]         --> Stop [-]
[taskset-1]     [-] mission [x]
[taskset-1]         --> MissionActive [x]
[taskset-1]         [o] mission_selector [-]
[taskset-1]             [-] mission_object_response [-]
[taskset-1]                 --> ObjectSeen [-]
[taskset-1]                 --> HandleObjectAction [-]
[taskset-1]             [-] mission_progress [-]
[taskset-1]                 --> PublishMoveGoal [-]
[taskset-1]                 --> GoToObject [-]
[taskset-1]                 --> CheckStopCondition [-]
[taskset-1]                 --> AdvanceMove [-]
[taskset-1]     [-] navigation [x]
[taskset-1]         --> HasMpcGoal [x]
[taskset-1] 
[taskset-1] [INFO] [1791018747.183616750] [behavior_executor_node]: BT snapshot -- root=FAILURE, lanes: emergency=FAILURE | mission=FAILURE | navigation=FAILURE
[taskset-1] [o] root [x]
[taskset-1]     [-] emergency [x]
[taskset-1]         [o] emergency_condition [x]
[taskset-1]             --> IsBatteryLow [x]
[taskset-1]             --> IsEmergencyStopTriggered [x]
[taskset-1]             --> IsProximityTooClose [x]
[taskset-1]             --> IsSystemOverheated [x]
[taskset-1]         --> Stop [-]
[taskset-1]     [-] mission [x]
[taskset-1]         --> MissionActive [x]
[taskset-1]         [o] mission_selector [-]
[taskset-1]             [-] mission_object_response [-]
[taskset-1]                 --> ObjectSeen [-]
[taskset-1]                 --> HandleObjectAction [-]
[taskset-1]             [-] mission_progress [-]
[taskset-1]                 --> PublishMoveGoal [-]
[taskset-1]                 --> GoToObject [-]
[taskset-1]                 --> CheckStopCondition [-]
[taskset-1]                 --> AdvanceMove [-]
[taskset-1]     [-] navigation [x]
[taskset-1]         --> HasMpcGoal [x]
[taskset-1] 
[taskset-1] [INFO] [1791018747.185580765] [behavior_executor_node]: [IsProximityTooClose] DIAG scan: total=1081 in_window=721 excluded_by_filter=0 min_in_window=1.023 front_min=2.874
[taskset-1] [INFO] [1791018748.296836181] [behavior_executor_node]: BT snapshot -- root=FAILURE, lanes: emergency=FAILURE | mission=FAILURE | navigation=FAILURE
[taskset-1] [o] root [x]
[taskset-1]     [-] emergency [x]
[taskset-1]         [o] emergency_condition [x]
[taskset-1]             --> IsBatteryLow [x]
[taskset-1]             --> IsEmergencyStopTriggered [x]
[taskset-1]             --> IsProximityTooClose [x]
[taskset-1]             --> IsSystemOverheated [x]
[taskset-1]         --> Stop [-]
[taskset-1]     [-] mission [x]
[taskset-1]         --> MissionActive [x]
[taskset-1]         [o] mission_selector [-]
[taskset-1]             [-] mission_object_response [-]
[taskset-1]                 --> ObjectSeen [-]
[taskset-1]                 --> HandleObjectAction [-]
[taskset-1]             [-] mission_progress [-]
[taskset-1]                 --> PublishMoveGoal [-]
[taskset-1]                 --> GoToObject [-]
[taskset-1]                 --> CheckStopCondition [-]
[taskset-1]                 --> AdvanceMove [-]
[taskset-1]     [-] navigation [x]
[taskset-1]         --> HasMpcGoal [x]
[taskset-1] 
[taskset-1] [INFO] [1791018749.196520180] [behavior_executor_node]: [IsProximityTooClose] DIAG scan: total=1081 in_window=721 excluded_by_filter=0 min_in_window=1.085 front_min=1.863
[taskset-1] [INFO] [1791018749.379837460] [behavior_executor_node]: BT snapshot -- root=FAILURE, lanes: emergency=FAILURE | mission=FAILURE | navigation=FAILURE
[taskset-1] [o] root [x]
[taskset-1]     [-] emergency [x]
[taskset-1]         [o] emergency_condition [x]
[taskset-1]             --> IsBatteryLow [x]
[taskset-1]             --> IsEmergencyStopTriggered [x]
[taskset-1]             --> IsProximityTooClose [x]
[taskset-1]             --> IsSystemOverheated [x]
[taskset-1]         --> Stop [-]
[taskset-1]     [-] mission [x]
[taskset-1]         --> MissionActive [x]
[taskset-1]         [o] mission_selector [-]
[taskset-1]             [-] mission_object_response [-]
[taskset-1]                 --> ObjectSeen [-]
[taskset-1]                 --> HandleObjectAction [-]
[taskset-1]             [-] mission_progress [-]
[taskset-1]                 --> PublishMoveGoal [-]
[taskset-1]                 --> GoToObject [-]
[taskset-1]                 --> CheckStopCondition [-]
[taskset-1]                 --> AdvanceMove [-]
[taskset-1]     [-] navigation [x]
[taskset-1]         --> HasMpcGoal [x]
[taskset-1] 
[taskset-1] [INFO] [1791018750.503659292] [behavior_executor_node]: BT snapshot -- root=FAILURE, lanes: emergency=FAILURE | mission=FAILURE | navigation=FAILURE
[taskset-1] [o] root [x]
[taskset-1]     [-] emergency [x]
[taskset-1]         [o] emergency_condition [x]
[taskset-1]             --> IsBatteryLow [x]
[taskset-1]             --> IsEmergencyStopTriggered [x]
[taskset-1]             --> IsProximityTooClose [x]
[taskset-1]             --> IsSystemOverheated [x]
[taskset-1]         --> Stop [-]
[taskset-1]     [-] mission [x]
[taskset-1]         --> MissionActive [x]
[taskset-1]         [o] mission_selector [-]
[taskset-1]             [-] mission_object_response [-]
[taskset-1]                 --> ObjectSeen [-]
[taskset-1]                 --> HandleObjectAction [-]
[taskset-1]             [-] mission_progress [-]
[taskset-1]                 --> PublishMoveGoal [-]
[taskset-1]                 --> GoToObject [-]
[taskset-1]                 --> CheckStopCondition [-]
[taskset-1]                 --> AdvanceMove [-]
[taskset-1]     [-] navigation [x]
[taskset-1]         --> HasMpcGoal [x]
[taskset-1] 
[taskset-1] [INFO] [1791018751.286453203] [behavior_executor_node]: [IsProximityTooClose] DIAG scan: total=1081 in_window=721 excluded_by_filter=0 min_in_window=1.324 front_min=2.230
[taskset-1] [INFO] [1791018751.579923062] [behavior_executor_node]: BT snapshot -- root=FAILURE, lanes: emergency=FAILURE | mission=FAILURE | navigation=FAILURE
[taskset-1] [o] root [x]
[taskset-1]     [-] emergency [x]
[taskset-1]         [o] emergency_condition [x]
[taskset-1]             --> IsBatteryLow [x]
[taskset-1]             --> IsEmergencyStopTriggered [x]
[taskset-1]             --> IsProximityTooClose [x]
[taskset-1]             --> IsSystemOverheated [x]
[taskset-1]         --> Stop [-]
[taskset-1]     [-] mission [x]
[taskset-1]         --> MissionActive [x]
[taskset-1]         [o] mission_selector [-]
[taskset-1]             [-] mission_object_response [-]
[taskset-1]                 --> ObjectSeen [-]
[taskset-1]                 --> HandleObjectAction [-]
[taskset-1]             [-] mission_progress [-]
[taskset-1]                 --> PublishMoveGoal [-]
[taskset-1]                 --> GoToObject [-]
[taskset-1]                 --> CheckStopCondition [-]
[taskset-1]                 --> AdvanceMove [-]
[taskset-1]     [-] navigation [x]
[taskset-1]         --> HasMpcGoal [x]
[taskset-1] 
[taskset-1] [INFO] [1791018752.588617459] [behavior_executor_node]: BT snapshot -- root=FAILURE, lanes: emergency=FAILURE | mission=FAILURE | navigation=FAILURE
[taskset-1] [o] root [x]
[taskset-1]     [-] emergency [x]
[taskset-1]         [o] emergency_condition [x]
[taskset-1]             --> IsBatteryLow [x]
[taskset-1]             --> IsEmergencyStopTriggered [x]
[taskset-1]             --> IsProximityTooClose [x]
[taskset-1]             --> IsSystemOverheated [x]
[taskset-1]         --> Stop [-]
[taskset-1]     [-] mission [x]
[taskset-1]         --> MissionActive [x]
[taskset-1]         [o] mission_selector [-]
[taskset-1]             [-] mission_object_response [-]
[taskset-1]                 --> ObjectSeen [-]
[taskset-1]                 --> HandleObjectAction [-]
[taskset-1]             [-] mission_progress [-]
[taskset-1]                 --> PublishMoveGoal [-]
[taskset-1]                 --> GoToObject [-]
[taskset-1]                 --> CheckStopCondition [-]
[taskset-1]                 --> AdvanceMove [-]
[taskset-1]     [-] navigation [x]
[taskset-1]         --> HasMpcGoal [x]
[taskset-1] 
[taskset-1] [INFO] [1791018753.293399428] [behavior_executor_node]: [IsProximityTooClose] DIAG scan: total=1081 in_window=721 excluded_by_filter=0 min_in_window=1.482 front_min=1.763
[taskset-1] [INFO] [1791018753.679771144] [behavior_executor_node]: BT snapshot -- root=FAILURE, lanes: emergency=FAILURE | mission=FAILURE | navigation=FAILURE
[taskset-1] [o] root [x]
[taskset-1]     [-] emergency [x]
[taskset-1]         [o] emergency_condition [x]
[taskset-1]             --> IsBatteryLow [x]
[taskset-1]             --> IsEmergencyStopTriggered [x]
[taskset-1]             --> IsProximityTooClose [x]
[taskset-1]             --> IsSystemOverheated [x]
[taskset-1]         --> Stop [-]
[taskset-1]     [-] mission [x]
[taskset-1]         --> MissionActive [x]
[taskset-1]         [o] mission_selector [-]
[taskset-1]             [-] mission_object_response [-]
[taskset-1]                 --> ObjectSeen [-]
[taskset-1]                 --> HandleObjectAction [-]
[taskset-1]             [-] mission_progress [-]
[taskset-1]                 --> PublishMoveGoal [-]
[taskset-1]                 --> GoToObject [-]
[taskset-1]                 --> CheckStopCondition [-]
[taskset-1]                 --> AdvanceMove [-]
[taskset-1]     [-] navigation [x]
[taskset-1]         --> HasMpcGoal [x]
[taskset-1] 
[taskset-1] [INFO] [1791018754.779865935] [behavior_executor_node]: BT snapshot -- root=FAILURE, lanes: emergency=FAILURE | mission=FAILURE | navigation=FAILURE
[taskset-1] [o] root [x]
[taskset-1]     [-] emergency [x]
[taskset-1]         [o] emergency_condition [x]
[taskset-1]             --> IsBatteryLow [x]
[taskset-1]             --> IsEmergencyStopTriggered [x]
[taskset-1]             --> IsProximityTooClose [x]
[taskset-1]             --> IsSystemOverheated [x]
[taskset-1]         --> Stop [-]
[taskset-1]     [-] mission [x]
[taskset-1]         --> MissionActive [x]
[taskset-1]         [o] mission_selector [-]
[taskset-1]             [-] mission_object_response [-]
[taskset-1]                 --> ObjectSeen [-]
[taskset-1]                 --> HandleObjectAction [-]
[taskset-1]             [-] mission_progress [-]
[taskset-1]                 --> PublishMoveGoal [-]
[taskset-1]                 --> GoToObject [-]
[taskset-1]                 --> CheckStopCondition [-]
[taskset-1]                 --> AdvanceMove [-]
[taskset-1]     [-] navigation [x]
[taskset-1]         --> HasMpcGoal [x]
[taskset-1] 
[taskset-1] [INFO] [1791018755.387417501] [behavior_executor_node]: [IsProximityTooClose] DIAG scan: total=1081 in_window=721 excluded_by_filter=0 min_in_window=1.209 front_min=1.891
[taskset-1] [INFO] [1791018755.899992314] [behavior_executor_node]: BT snapshot -- root=FAILURE, lanes: emergency=FAILURE | mission=FAILURE | navigation=FAILURE
[taskset-1] [o] root [x]
[taskset-1]     [-] emergency [x]
[taskset-1]         [o] emergency_condition [x]
[taskset-1]             --> IsBatteryLow [x]
[taskset-1]             --> IsEmergencyStopTriggered [x]
[taskset-1]             --> IsProximityTooClose [x]
[taskset-1]             --> IsSystemOverheated [x]
[taskset-1]         --> Stop [-]
[taskset-1]     [-] mission [x]
[taskset-1]         --> MissionActive [x]
[taskset-1]         [o] mission_selector [-]
[taskset-1]             [-] mission_object_response [-]
[taskset-1]                 --> ObjectSeen [-]
[taskset-1]                 --> HandleObjectAction [-]
[taskset-1]             [-] mission_progress [-]
[taskset-1]                 --> PublishMoveGoal [-]
[taskset-1]                 --> GoToObject [-]
[taskset-1]                 --> CheckStopCondition [-]
[taskset-1]                 --> AdvanceMove [-]
[taskset-1]     [-] navigation [x]
[taskset-1]         --> HasMpcGoal [x]
[taskset-1] 
[taskset-1] [INFO] [1791018756.979642677] [behavior_executor_node]: BT snapshot -- root=FAILURE, lanes: emergency=FAILURE | mission=FAILURE | navigation=FAILURE
[taskset-1] [o] root [x]
[taskset-1]     [-] emergency [x]
[taskset-1]         [o] emergency_condition [x]
[taskset-1]             --> IsBatteryLow [x]
[taskset-1]             --> IsEmergencyStopTriggered [x]
[taskset-1]             --> IsProximityTooClose [x]
[taskset-1]             --> IsSystemOverheated [x]
[taskset-1]         --> Stop [-]
[taskset-1]     [-] mission [x]
[taskset-1]         --> MissionActive [x]
[taskset-1]         [o] mission_selector [-]
[taskset-1]             [-] mission_object_response [-]
[taskset-1]                 --> ObjectSeen [-]
[taskset-1]                 --> HandleObjectAction [-]
[taskset-1]             [-] mission_progress [-]
[taskset-1]                 --> PublishMoveGoal [-]
[taskset-1]                 --> GoToObject [-]
[taskset-1]                 --> CheckStopCondition [-]
[taskset-1]                 --> AdvanceMove [-]
[taskset-1]     [-] navigation [x]
[taskset-1]         --> HasMpcGoal [x]
[taskset-1] 
[taskset-1] [INFO] [1791018757.403892792] [behavior_executor_node]: [IsProximityTooClose] DIAG scan: total=1081 in_window=721 excluded_by_filter=0 min_in_window=1.304 front_min=1.738
[taskset-1] [INFO] [1791018757.979689415] [behavior_executor_node]: BT snapshot -- root=FAILURE, lanes: emergency=FAILURE | mission=FAILURE | navigation=FAILURE
[taskset-1] [o] root [x]
[taskset-1]     [-] emergency [x]
[taskset-1]         [o] emergency_condition [x]
[taskset-1]             --> IsBatteryLow [x]
[taskset-1]             --> IsEmergencyStopTriggered [x]
[taskset-1]             --> IsProximityTooClose [x]
[taskset-1]             --> IsSystemOverheated [x]
[taskset-1]         --> Stop [-]
[taskset-1]     [-] mission [x]
[taskset-1]         --> MissionActive [x]
[taskset-1]         [o] mission_selector [-]
[taskset-1]             [-] mission_object_response [-]
[taskset-1]                 --> ObjectSeen [-]
[taskset-1]                 --> HandleObjectAction [-]
[taskset-1]             [-] mission_progress [-]
[taskset-1]                 --> PublishMoveGoal [-]
[taskset-1]                 --> GoToObject [-]
[taskset-1]                 --> CheckStopCondition [-]
[taskset-1]                 --> AdvanceMove [-]
[taskset-1]     [-] navigation [x]
[taskset-1]         --> HasMpcGoal [x]
[taskset-1] 
[taskset-1] [INFO] [1791018758.979818060] [behavior_executor_node]: BT snapshot -- root=FAILURE, lanes: emergency=FAILURE | mission=FAILURE | navigation=FAILURE
[taskset-1] [o] root [x]
[taskset-1]     [-] emergency [x]
[taskset-1]         [o] emergency_condition [x]
[taskset-1]             --> IsBatteryLow [x]
[taskset-1]             --> IsEmergencyStopTriggered [x]
[taskset-1]             --> IsProximityTooClose [x]
[taskset-1]             --> IsSystemOverheated [x]
[taskset-1]         --> Stop [-]
[taskset-1]     [-] mission [x]
[taskset-1]         --> MissionActive [x]
[taskset-1]         [o] mission_selector [-]
[taskset-1]             [-] mission_object_response [-]
[taskset-1]                 --> ObjectSeen [-]
[taskset-1]                 --> HandleObjectAction [-]
[taskset-1]             [-] mission_progress [-]
[taskset-1]                 --> PublishMoveGoal [-]
[taskset-1]                 --> GoToObject [-]
[taskset-1]                 --> CheckStopCondition [-]
[taskset-1]                 --> AdvanceMove [-]
[taskset-1]     [-] navigation [x]
[taskset-1]         --> HasMpcGoal [x]
[taskset-1] 
[taskset-1] [INFO] [1791018759.500048990] [behavior_executor_node]: [IsProximityTooClose] DIAG scan: total=1081 in_window=721 excluded_by_filter=0 min_in_window=1.057 front_min=1.874
[taskset-1] [INFO] [1791018759.983783956] [behavior_executor_node]: BT snapshot -- root=FAILURE, lanes: emergency=FAILURE | mission=FAILURE | navigation=FAILURE
[taskset-1] [o] root [x]
[taskset-1]     [-] emergency [x]
[taskset-1]         [o] emergency_condition [x]
[taskset-1]             --> IsBatteryLow [x]
[taskset-1]             --> IsEmergencyStopTriggered [x]
[taskset-1]             --> IsProximityTooClose [x]
[taskset-1]             --> IsSystemOverheated [x]
[taskset-1]         --> Stop [-]
[taskset-1]     [-] mission [x]
[taskset-1]         --> MissionActive [x]
[taskset-1]         [o] mission_selector [-]
[taskset-1]             [-] mission_object_response [-]
[taskset-1]                 --> ObjectSeen [-]
[taskset-1]                 --> HandleObjectAction [-]
[taskset-1]             [-] mission_progress [-]
[taskset-1]                 --> PublishMoveGoal [-]
[taskset-1]                 --> GoToObject [-]
[taskset-1]                 --> CheckStopCondition [-]
[taskset-1]                 --> AdvanceMove [-]
[taskset-1]     [-] navigation [x]
[taskset-1]         --> HasMpcGoal [x]
[taskset-1] 
[taskset-1] [INFO] [1791018761.079665030] [behavior_executor_node]: BT snapshot -- root=FAILURE, lanes: emergency=FAILURE | mission=FAILURE | navigation=FAILURE
[taskset-1] [o] root [x]
[taskset-1]     [-] emergency [x]
[taskset-1]         [o] emergency_condition [x]
[taskset-1]             --> IsBatteryLow [x]
[taskset-1]             --> IsEmergencyStopTriggered [x]
[taskset-1]             --> IsProximityTooClose [x]
[taskset-1]             --> IsSystemOverheated [x]
[taskset-1]         --> Stop [-]
[taskset-1]     [-] mission [x]
[taskset-1]         --> MissionActive [x]
[taskset-1]         [o] mission_selector [-]
[taskset-1]             [-] mission_object_response [-]
[taskset-1]                 --> ObjectSeen [-]
[taskset-1]                 --> HandleObjectAction [-]
[taskset-1]             [-] mission_progress [-]
[taskset-1]                 --> PublishMoveGoal [-]
[taskset-1]                 --> GoToObject [-]
[taskset-1]                 --> CheckStopCondition [-]
[taskset-1]                 --> AdvanceMove [-]
[taskset-1]     [-] navigation [x]
[taskset-1]         --> HasMpcGoal [x]
[taskset-1] 
[taskset-1] [INFO] [1791018761.504253860] [behavior_executor_node]: [IsProximityTooClose] DIAG scan: total=1081 in_window=721 excluded_by_filter=0 min_in_window=0.863 front_min=1.708
[taskset-1] [INFO] [1791018762.085362489] [behavior_executor_node]: BT snapshot -- root=FAILURE, lanes: emergency=FAILURE | mission=FAILURE | navigation=FAILURE
[taskset-1] [o] root [x]
[taskset-1]     [-] emergency [x]
[taskset-1]         [o] emergency_condition [x]
[taskset-1]             --> IsBatteryLow [x]
[taskset-1]             --> IsEmergencyStopTriggered [x]
[taskset-1]             --> IsProximityTooClose [x]
[taskset-1]             --> IsSystemOverheated [x]
[taskset-1]         --> Stop [-]
[taskset-1]     [-] mission [x]
[taskset-1]         --> MissionActive [x]
[taskset-1]         [o] mission_selector [-]
[taskset-1]             [-] mission_object_response [-]
[taskset-1]                 --> ObjectSeen [-]
[taskset-1]                 --> HandleObjectAction [-]
[taskset-1]             [-] mission_progress [-]
[taskset-1]                 --> PublishMoveGoal [-]
[taskset-1]                 --> GoToObject [-]
[taskset-1]                 --> CheckStopCondition [-]
[taskset-1]                 --> AdvanceMove [-]
[taskset-1]     [-] navigation [x]
[taskset-1]         --> HasMpcGoal [x]
[taskset-1] 
[taskset-1] [INFO] [1791018763.180036362] [behavior_executor_node]: BT snapshot -- root=FAILURE, lanes: emergency=FAILURE | mission=FAILURE | navigation=FAILURE
[taskset-1] [o] root [x]
[taskset-1]     [-] emergency [x]
[taskset-1]         [o] emergency_condition [x]
[taskset-1]             --> IsBatteryLow [x]
[taskset-1]             --> IsEmergencyStopTriggered [x]
[taskset-1]             --> IsProximityTooClose [x]
[taskset-1]             --> IsSystemOverheated [x]
[taskset-1]         --> Stop [-]
[taskset-1]     [-] mission [x]
[taskset-1]         --> MissionActive [x]
[taskset-1]         [o] mission_selector [-]
[taskset-1]             [-] mission_object_response [-]
[taskset-1]                 --> ObjectSeen [-]
[taskset-1]                 --> HandleObjectAction [-]
[taskset-1]             [-] mission_progress [-]
[taskset-1]                 --> PublishMoveGoal [-]
[taskset-1]                 --> GoToObject [-]
[taskset-1]                 --> CheckStopCondition [-]
[taskset-1]                 --> AdvanceMove [-]
[taskset-1]     [-] navigation [x]
[taskset-1]         --> HasMpcGoal [x]
[taskset-1] 
[taskset-1] [INFO] [1791018763.521956071] [behavior_executor_node]: [IsProximityTooClose] DIAG scan: total=1081 in_window=721 excluded_by_filter=0 min_in_window=0.622 front_min=1.644
[taskset-1] [INFO] [1791018764.279776076] [behavior_executor_node]: BT snapshot -- root=FAILURE, lanes: emergency=FAILURE | mission=FAILURE | navigation=FAILURE
[taskset-1] [o] root [x]
[taskset-1]     [-] emergency [x]
[taskset-1]         [o] emergency_condition [x]
[taskset-1]             --> IsBatteryLow [x]
[taskset-1]             --> IsEmergencyStopTriggered [x]
[taskset-1]             --> IsProximityTooClose [x]
[taskset-1]             --> IsSystemOverheated [x]
[taskset-1]         --> Stop [-]
[taskset-1]     [-] mission [x]
[taskset-1]         --> MissionActive [x]
[taskset-1]         [o] mission_selector [-]
[taskset-1]             [-] mission_object_response [-]
[taskset-1]                 --> ObjectSeen [-]
[taskset-1]                 --> HandleObjectAction [-]
[taskset-1]             [-] mission_progress [-]
[taskset-1]                 --> PublishMoveGoal [-]
[taskset-1]                 --> GoToObject [-]
[taskset-1]                 --> CheckStopCondition [-]
[taskset-1]                 --> AdvanceMove [-]
[taskset-1]     [-] navigation [x]
[taskset-1]         --> HasMpcGoal [x]
[taskset-1] 
[taskset-1] [INFO] [1791018765.288679709] [behavior_executor_node]: BT snapshot -- root=FAILURE, lanes: emergency=FAILURE | mission=FAILURE | navigation=FAILURE
[taskset-1] [o] root [x]
[taskset-1]     [-] emergency [x]
[taskset-1]         [o] emergency_condition [x]
[taskset-1]             --> IsBatteryLow [x]
[taskset-1]             --> IsEmergencyStopTriggered [x]
[taskset-1]             --> IsProximityTooClose [x]
[taskset-1]             --> IsSystemOverheated [x]
[taskset-1]         --> Stop [-]
[taskset-1]     [-] mission [x]
[taskset-1]         --> MissionActive [x]
[taskset-1]         [o] mission_selector [-]
[taskset-1]             [-] mission_object_response [-]
[taskset-1]                 --> ObjectSeen [-]
[taskset-1]                 --> HandleObjectAction [-]
[taskset-1]             [-] mission_progress [-]
[taskset-1]                 --> PublishMoveGoal [-]
[taskset-1]                 --> GoToObject [-]
[taskset-1]                 --> CheckStopCondition [-]
[taskset-1]                 --> AdvanceMove [-]
[taskset-1]     [-] navigation [x]
[taskset-1]         --> HasMpcGoal [x]
[taskset-1] 
[taskset-1] [INFO] [1791018765.533487149] [behavior_executor_node]: [IsProximityTooClose] DIAG scan: total=1081 in_window=721 excluded_by_filter=0 min_in_window=0.543 front_min=1.644
[taskset-1] [INFO] [1791018766.379801620] [behavior_executor_node]: BT snapshot -- root=FAILURE, lanes: emergency=FAILURE | mission=FAILURE | navigation=FAILURE
[taskset-1] [o] root [x]
[taskset-1]     [-] emergency [x]
[taskset-1]         [o] emergency_condition [x]
[taskset-1]             --> IsBatteryLow [x]
[taskset-1]             --> IsEmergencyStopTriggered [x]
[taskset-1]             --> IsProximityTooClose [x]
[taskset-1]             --> IsSystemOverheated [x]
[taskset-1]         --> Stop [-]
[taskset-1]     [-] mission [x]
[taskset-1]         --> MissionActive [x]
[taskset-1]         [o] mission_selector [-]
[taskset-1]             [-] mission_object_response [-]
[taskset-1]                 --> ObjectSeen [-]
[taskset-1]                 --> HandleObjectAction [-]
[taskset-1]             [-] mission_progress [-]
[taskset-1]                 --> PublishMoveGoal [-]
[taskset-1]                 --> GoToObject [-]
[taskset-1]                 --> CheckStopCondition [-]
[taskset-1]                 --> AdvanceMove [-]
[taskset-1]     [-] navigation [x]
[taskset-1]         --> HasMpcGoal [x]
[taskset-1] 
[taskset-1] [INFO] [1791018767.380943124] [behavior_executor_node]: BT snapshot -- root=FAILURE, lanes: emergency=FAILURE | mission=FAILURE | navigation=FAILURE
[taskset-1] [o] root [x]
[taskset-1]     [-] emergency [x]
[taskset-1]         [o] emergency_condition [x]
[taskset-1]             --> IsBatteryLow [x]
[taskset-1]             --> IsEmergencyStopTriggered [x]
[taskset-1]             --> IsProximityTooClose [x]
[taskset-1]             --> IsSystemOverheated [x]
[taskset-1]         --> Stop [-]
[taskset-1]     [-] mission [x]
[taskset-1]         --> MissionActive [x]
[taskset-1]         [o] mission_selector [-]
[taskset-1]             [-] mission_object_response [-]
[taskset-1]                 --> ObjectSeen [-]
[taskset-1]                 --> HandleObjectAction [-]
[taskset-1]             [-] mission_progress [-]
[taskset-1]                 --> PublishMoveGoal [-]
[taskset-1]                 --> GoToObject [-]
[taskset-1]                 --> CheckStopCondition [-]
[taskset-1]                 --> AdvanceMove [-]
[taskset-1]     [-] navigation [x]
[taskset-1]         --> HasMpcGoal [x]
[taskset-1] 
[taskset-1] [INFO] [1791018767.581254011] [behavior_executor_node]: [IsProximityTooClose] DIAG scan: total=1081 in_window=721 excluded_by_filter=0 min_in_window=0.549 front_min=1.517
[taskset-1] [INFO] [1791018768.389754467] [behavior_executor_node]: BT snapshot -- root=FAILURE, lanes: emergency=FAILURE | mission=FAILURE | navigation=FAILURE
[taskset-1] [o] root [x]
[taskset-1]     [-] emergency [x]
[taskset-1]         [o] emergency_condition [x]
[taskset-1]             --> IsBatteryLow [x]
[taskset-1]             --> IsEmergencyStopTriggered [x]
[taskset-1]             --> IsProximityTooClose [x]
[taskset-1]             --> IsSystemOverheated [x]
[taskset-1]         --> Stop [-]
[taskset-1]     [-] mission [x]
[taskset-1]         --> MissionActive [x]
[taskset-1]         [o] mission_selector [-]
[taskset-1]             [-] mission_object_response [-]
[taskset-1]                 --> ObjectSeen [-]
[taskset-1]                 --> HandleObjectAction [-]
[taskset-1]             [-] mission_progress [-]
[taskset-1]                 --> PublishMoveGoal [-]
[taskset-1]                 --> GoToObject [-]
[taskset-1]                 --> CheckStopCondition [-]
[taskset-1]                 --> AdvanceMove [-]
[taskset-1]     [-] navigation [x]
[taskset-1]         --> HasMpcGoal [x]
[taskset-1] 
[taskset-1] [INFO] [1791018769.413356670] [behavior_executor_node]: BT snapshot -- root=FAILURE, lanes: emergency=FAILURE | mission=FAILURE | navigation=FAILURE
[taskset-1] [o] root [x]
[taskset-1]     [-] emergency [x]
[taskset-1]         [o] emergency_condition [x]
[taskset-1]             --> IsBatteryLow [x]
[taskset-1]             --> IsEmergencyStopTriggered [x]
[taskset-1]             --> IsProximityTooClose [x]
[taskset-1]             --> IsSystemOverheated [x]
[taskset-1]         --> Stop [-]
[taskset-1]     [-] mission [x]
[taskset-1]         --> MissionActive [x]
[taskset-1]         [o] mission_selector [-]
[taskset-1]             [-] mission_object_response [-]
[taskset-1]                 --> ObjectSeen [-]
[taskset-1]                 --> HandleObjectAction [-]
[taskset-1]             [-] mission_progress [-]
[taskset-1]                 --> PublishMoveGoal [-]
[taskset-1]                 --> GoToObject [-]
[taskset-1]                 --> CheckStopCondition [-]
[taskset-1]                 --> AdvanceMove [-]
[taskset-1]     [-] navigation [x]
[taskset-1]         --> HasMpcGoal [x]
[taskset-1] 
[taskset-1] [INFO] [1791018769.596244801] [behavior_executor_node]: [IsProximityTooClose] DIAG scan: total=1081 in_window=721 excluded_by_filter=0 min_in_window=0.606 front_min=1.456
[taskset-1] [INFO] [1791018770.479753182] [behavior_executor_node]: BT snapshot -- root=FAILURE, lanes: emergency=FAILURE | mission=FAILURE | navigation=FAILURE
[taskset-1] [o] root [x]
[taskset-1]     [-] emergency [x]
[taskset-1]         [o] emergency_condition [x]
[taskset-1]             --> IsBatteryLow [x]
[taskset-1]             --> IsEmergencyStopTriggered [x]
[taskset-1]             --> IsProximityTooClose [x]
[taskset-1]             --> IsSystemOverheated [x]
[taskset-1]         --> Stop [-]
[taskset-1]     [-] mission [x]
[taskset-1]         --> MissionActive [x]
[taskset-1]         [o] mission_selector [-]
[taskset-1]             [-] mission_object_response [-]
[taskset-1]                 --> ObjectSeen [-]
[taskset-1]                 --> HandleObjectAction [-]
[taskset-1]             [-] mission_progress [-]
[taskset-1]                 --> PublishMoveGoal [-]
[taskset-1]                 --> GoToObject [-]
[taskset-1]                 --> CheckStopCondition [-]
[taskset-1]                 --> AdvanceMove [-]
[taskset-1]     [-] navigation [x]
[taskset-1]         --> HasMpcGoal [x]
[taskset-1] 
[taskset-1] [INFO] [1791018771.482375046] [behavior_executor_node]: BT snapshot -- root=FAILURE, lanes: emergency=FAILURE | mission=FAILURE | navigation=FAILURE
[taskset-1] [o] root [x]
[taskset-1]     [-] emergency [x]
[taskset-1]         [o] emergency_condition [x]
[taskset-1]             --> IsBatteryLow [x]
[taskset-1]             --> IsEmergencyStopTriggered [x]
[taskset-1]             --> IsProximityTooClose [x]
[taskset-1]             --> IsSystemOverheated [x]
[taskset-1]         --> Stop [-]
[taskset-1]     [-] mission [x]
[taskset-1]         --> MissionActive [x]
[taskset-1]         [o] mission_selector [-]
[taskset-1]             [-] mission_object_response [-]
[taskset-1]                 --> ObjectSeen [-]
[taskset-1]                 --> HandleObjectAction [-]
[taskset-1]             [-] mission_progress [-]
[taskset-1]                 --> PublishMoveGoal [-]
[taskset-1]                 --> GoToObject [-]
[taskset-1]                 --> CheckStopCondition [-]
[taskset-1]                 --> AdvanceMove [-]
[taskset-1]     [-] navigation [x]
[taskset-1]         --> HasMpcGoal [x]
[taskset-1] 
[taskset-1] [INFO] [1791018771.620343124] [behavior_executor_node]: [IsProximityTooClose] DIAG scan: total=1081 in_window=721 excluded_by_filter=0 min_in_window=1.093 front_min=1.117
[taskset-1] [INFO] [1791018772.581153035] [behavior_executor_node]: BT snapshot -- root=FAILURE, lanes: emergency=FAILURE | mission=FAILURE | navigation=FAILURE
[taskset-1] [o] root [x]
[taskset-1]     [-] emergency [x]
[taskset-1]         [o] emergency_condition [x]
[taskset-1]             --> IsBatteryLow [x]
[taskset-1]             --> IsEmergencyStopTriggered [x]
[taskset-1]             --> IsProximityTooClose [x]
[taskset-1]             --> IsSystemOverheated [x]
[taskset-1]         --> Stop [-]
[taskset-1]     [-] mission [x]
[taskset-1]         --> MissionActive [x]
[taskset-1]         [o] mission_selector [-]
[taskset-1]             [-] mission_object_response [-]
[taskset-1]                 --> ObjectSeen [-]
[taskset-1]                 --> HandleObjectAction [-]
[taskset-1]             [-] mission_progress [-]
[taskset-1]                 --> PublishMoveGoal [-]
[taskset-1]                 --> GoToObject [-]
[taskset-1]                 --> CheckStopCondition [-]
[taskset-1]                 --> AdvanceMove [-]
[taskset-1]     [-] navigation [x]
[taskset-1]         --> HasMpcGoal [x]
[taskset-1] 
[taskset-1] [INFO] [1791018773.638782731] [behavior_executor_node]: [IsProximityTooClose] DIAG scan: total=1081 in_window=721 excluded_by_filter=0 min_in_window=0.892 front_min=0.955
[taskset-1] [INFO] [1791018773.679653440] [behavior_executor_node]: BT snapshot -- root=FAILURE, lanes: emergency=FAILURE | mission=FAILURE | navigation=FAILURE
[taskset-1] [o] root [x]
[taskset-1]     [-] emergency [x]
[taskset-1]         [o] emergency_condition [x]
[taskset-1]             --> IsBatteryLow [x]
[taskset-1]             --> IsEmergencyStopTriggered [x]
[taskset-1]             --> IsProximityTooClose [x]
[taskset-1]             --> IsSystemOverheated [x]
[taskset-1]         --> Stop [-]
[taskset-1]     [-] mission [x]
[taskset-1]         --> MissionActive [x]
[taskset-1]         [o] mission_selector [-]
[taskset-1]             [-] mission_object_response [-]
[taskset-1]                 --> ObjectSeen [-]
[taskset-1]                 --> HandleObjectAction [-]
[taskset-1]             [-] mission_progress [-]
[taskset-1]                 --> PublishMoveGoal [-]
[taskset-1]                 --> GoToObject [-]
[taskset-1]                 --> CheckStopCondition [-]
[taskset-1]                 --> AdvanceMove [-]
[taskset-1]     [-] navigation [x]
[taskset-1]         --> HasMpcGoal [x]
[taskset-1] 
[taskset-1] [INFO] [1791018774.679947682] [behavior_executor_node]: BT snapshot -- root=FAILURE, lanes: emergency=FAILURE | mission=FAILURE | navigation=FAILURE
[taskset-1] [o] root [x]
[taskset-1]     [-] emergency [x]
[taskset-1]         [o] emergency_condition [x]
[taskset-1]             --> IsBatteryLow [x]
[taskset-1]             --> IsEmergencyStopTriggered [x]
[taskset-1]             --> IsProximityTooClose [x]
[taskset-1]             --> IsSystemOverheated [x]
[taskset-1]         --> Stop [-]
[taskset-1]     [-] mission [x]
[taskset-1]         --> MissionActive [x]
[taskset-1]         [o] mission_selector [-]
[taskset-1]             [-] mission_object_response [-]
[taskset-1]                 --> ObjectSeen [-]
[taskset-1]                 --> HandleObjectAction [-]
[taskset-1]             [-] mission_progress [-]
[taskset-1]                 --> PublishMoveGoal [-]
[taskset-1]                 --> GoToObject [-]
[taskset-1]                 --> CheckStopCondition [-]
[taskset-1]                 --> AdvanceMove [-]
[taskset-1]     [-] navigation [x]
[taskset-1]         --> HasMpcGoal [x]
[taskset-1] 
[taskset-1] [INFO] [1791018775.684375521] [behavior_executor_node]: BT snapshot -- root=FAILURE, lanes: emergency=FAILURE | mission=FAILURE | navigation=FAILURE
[taskset-1] [o] root [x]
[taskset-1]     [-] emergency [x]
[taskset-1]         [o] emergency_condition [x]
[taskset-1]             --> IsBatteryLow [x]
[taskset-1]             --> IsEmergencyStopTriggered [x]
[taskset-1]             --> IsProximityTooClose [x]
[taskset-1]             --> IsSystemOverheated [x]
[taskset-1]         --> Stop [-]
[taskset-1]     [-] mission [x]
[taskset-1]         --> MissionActive [x]
[taskset-1]         [o] mission_selector [-]
[taskset-1]             [-] mission_object_response [-]
[taskset-1]                 --> ObjectSeen [-]
[taskset-1]                 --> HandleObjectAction [-]
[taskset-1]             [-] mission_progress [-]
[taskset-1]                 --> PublishMoveGoal [-]
[taskset-1]                 --> GoToObject [-]
[taskset-1]                 --> CheckStopCondition [-]
[taskset-1]                 --> AdvanceMove [-]
[taskset-1]     [-] navigation [x]
[taskset-1]         --> HasMpcGoal [x]
[taskset-1] 
[taskset-1] [INFO] [1791018775.686125935] [behavior_executor_node]: [IsProximityTooClose] DIAG scan: total=1081 in_window=721 excluded_by_filter=0 min_in_window=0.769 front_min=1.849
[taskset-1] [INFO] [1791018776.779891838] [behavior_executor_node]: BT snapshot -- root=FAILURE, lanes: emergency=FAILURE | mission=FAILURE | navigation=FAILURE
[taskset-1] [o] root [x]
[taskset-1]     [-] emergency [x]
[taskset-1]         [o] emergency_condition [x]
[taskset-1]             --> IsBatteryLow [x]
[taskset-1]             --> IsEmergencyStopTriggered [x]
[taskset-1]             --> IsProximityTooClose [x]
[taskset-1]             --> IsSystemOverheated [x]
[taskset-1]         --> Stop [-]
[taskset-1]     [-] mission [x]
[taskset-1]         --> MissionActive [x]
[taskset-1]         [o] mission_selector [-]
[taskset-1]             [-] mission_object_response [-]
[taskset-1]                 --> ObjectSeen [-]
[taskset-1]                 --> HandleObjectAction [-]
[taskset-1]             [-] mission_progress [-]
[taskset-1]                 --> PublishMoveGoal [-]
[taskset-1]                 --> GoToObject [-]
[taskset-1]                 --> CheckStopCondition [-]
[taskset-1]                 --> AdvanceMove [-]
[taskset-1]     [-] navigation [x]
[taskset-1]         --> HasMpcGoal [x]
[taskset-1] 
[taskset-1] [INFO] [1791018777.697370882] [behavior_executor_node]: [IsProximityTooClose] DIAG scan: total=1081 in_window=721 excluded_by_filter=0 min_in_window=0.852 front_min=1.377
[taskset-1] [INFO] [1791018777.879841778] [behavior_executor_node]: BT snapshot -- root=FAILURE, lanes: emergency=FAILURE | mission=FAILURE | navigation=FAILURE
[taskset-1] [o] root [x]
[taskset-1]     [-] emergency [x]
[taskset-1]         [o] emergency_condition [x]
[taskset-1]             --> IsBatteryLow [x]
[taskset-1]             --> IsEmergencyStopTriggered [x]
[taskset-1]             --> IsProximityTooClose [x]
[taskset-1]             --> IsSystemOverheated [x]
[taskset-1]         --> Stop [-]
[taskset-1]     [-] mission [x]
[taskset-1]         --> MissionActive [x]
[taskset-1]         [o] mission_selector [-]
[taskset-1]             [-] mission_object_response [-]
[taskset-1]                 --> ObjectSeen [-]
[taskset-1]                 --> HandleObjectAction [-]
[taskset-1]             [-] mission_progress [-]
[taskset-1]                 --> PublishMoveGoal [-]
[taskset-1]                 --> GoToObject [-]
[taskset-1]                 --> CheckStopCondition [-]
[taskset-1]                 --> AdvanceMove [-]
[taskset-1]     [-] navigation [x]
[taskset-1]         --> HasMpcGoal [x]
[taskset-1] 
[taskset-1] [INFO] [1791018778.885364404] [behavior_executor_node]: BT snapshot -- root=FAILURE, lanes: emergency=FAILURE | mission=FAILURE | navigation=FAILURE
[taskset-1] [o] root [x]
[taskset-1]     [-] emergency [x]
[taskset-1]         [o] emergency_condition [x]
[taskset-1]             --> IsBatteryLow [x]
[taskset-1]             --> IsEmergencyStopTriggered [x]
[taskset-1]             --> IsProximityTooClose [x]
[taskset-1]             --> IsSystemOverheated [x]
[taskset-1]         --> Stop [-]
[taskset-1]     [-] mission [x]
[taskset-1]         --> MissionActive [x]
[taskset-1]         [o] mission_selector [-]
[taskset-1]             [-] mission_object_response [-]
[taskset-1]                 --> ObjectSeen [-]
[taskset-1]                 --> HandleObjectAction [-]
[taskset-1]             [-] mission_progress [-]
[taskset-1]                 --> PublishMoveGoal [-]
[taskset-1]                 --> GoToObject [-]
[taskset-1]                 --> CheckStopCondition [-]
[taskset-1]                 --> AdvanceMove [-]
[taskset-1]     [-] navigation [x]
[taskset-1]         --> HasMpcGoal [x]
[taskset-1] 
[taskset-1] [INFO] [1791018779.699150801] [behavior_executor_node]: [IsProximityTooClose] DIAG scan: total=1081 in_window=721 excluded_by_filter=0 min_in_window=0.854 front_min=1.281
[taskset-1] [INFO] [1791018779.998240854] [behavior_executor_node]: BT snapshot -- root=FAILURE, lanes: emergency=FAILURE | mission=FAILURE | navigation=FAILURE
[taskset-1] [o] root [x]
[taskset-1]     [-] emergency [x]
[taskset-1]         [o] emergency_condition [x]
[taskset-1]             --> IsBatteryLow [x]
[taskset-1]             --> IsEmergencyStopTriggered [x]
[taskset-1]             --> IsProximityTooClose [x]
[taskset-1]             --> IsSystemOverheated [x]
[taskset-1]         --> Stop [-]
[taskset-1]     [-] mission [x]
[taskset-1]         --> MissionActive [x]
[taskset-1]         [o] mission_selector [-]
[taskset-1]             [-] mission_object_response [-]
[taskset-1]                 --> ObjectSeen [-]
[taskset-1]                 --> HandleObjectAction [-]
[taskset-1]             [-] mission_progress [-]
[taskset-1]                 --> PublishMoveGoal [-]
[taskset-1]                 --> GoToObject [-]
[taskset-1]                 --> CheckStopCondition [-]
[taskset-1]                 --> AdvanceMove [-]
[taskset-1]     [-] navigation [x]
[taskset-1]         --> HasMpcGoal [x]
[taskset-1] 
[taskset-1] [INFO] [1791018781.080302850] [behavior_executor_node]: BT snapshot -- root=FAILURE, lanes: emergency=FAILURE | mission=FAILURE | navigation=FAILURE
[taskset-1] [o] root [x]
[taskset-1]     [-] emergency [x]
[taskset-1]         [o] emergency_condition [x]
[taskset-1]             --> IsBatteryLow [x]
[taskset-1]             --> IsEmergencyStopTriggered [x]
[taskset-1]             --> IsProximityTooClose [x]
[taskset-1]             --> IsSystemOverheated [x]
[taskset-1]         --> Stop [-]
[taskset-1]     [-] mission [x]
[taskset-1]         --> MissionActive [x]
[taskset-1]         [o] mission_selector [-]
[taskset-1]             [-] mission_object_response [-]
[taskset-1]                 --> ObjectSeen [-]
[taskset-1]                 --> HandleObjectAction [-]
[taskset-1]             [-] mission_progress [-]
[taskset-1]                 --> PublishMoveGoal [-]
[taskset-1]                 --> GoToObject [-]
[taskset-1]                 --> CheckStopCondition [-]
[taskset-1]                 --> AdvanceMove [-]
[taskset-1]     [-] navigation [x]
[taskset-1]         --> HasMpcGoal [x]
[taskset-1] 
[taskset-1] [INFO] [1791018781.701642219] [behavior_executor_node]: [IsProximityTooClose] DIAG scan: total=1081 in_window=721 excluded_by_filter=0 min_in_window=0.870 front_min=3.135
[taskset-1] [INFO] [1791018782.085681585] [behavior_executor_node]: BT snapshot -- root=FAILURE, lanes: emergency=FAILURE | mission=FAILURE | navigation=FAILURE
[taskset-1] [o] root [x]
[taskset-1]     [-] emergency [x]
[taskset-1]         [o] emergency_condition [x]
[taskset-1]             --> IsBatteryLow [x]
[taskset-1]             --> IsEmergencyStopTriggered [x]
[taskset-1]             --> IsProximityTooClose [x]
[taskset-1]             --> IsSystemOverheated [x]
[taskset-1]         --> Stop [-]
[taskset-1]     [-] mission [x]
[taskset-1]         --> MissionActive [x]
[taskset-1]         [o] mission_selector [-]
[taskset-1]             [-] mission_object_response [-]
[taskset-1]                 --> ObjectSeen [-]
[taskset-1]                 --> HandleObjectAction [-]
[taskset-1]             [-] mission_progress [-]
[taskset-1]                 --> PublishMoveGoal [-]
[taskset-1]                 --> GoToObject [-]
[taskset-1]                 --> CheckStopCondition [-]
[taskset-1]                 --> AdvanceMove [-]
[taskset-1]     [-] navigation [x]
[taskset-1]         --> HasMpcGoal [x]
[taskset-1] 
[taskset-1] [INFO] [1791018783.089913934] [behavior_executor_node]: BT snapshot -- root=FAILURE, lanes: emergency=FAILURE | mission=FAILURE | navigation=FAILURE
[taskset-1] [o] root [x]
[taskset-1]     [-] emergency [x]
[taskset-1]         [o] emergency_condition [x]
[taskset-1]             --> IsBatteryLow [x]
[taskset-1]             --> IsEmergencyStopTriggered [x]
[taskset-1]             --> IsProximityTooClose [x]
[taskset-1]             --> IsSystemOverheated [x]
[taskset-1]         --> Stop [-]
[taskset-1]     [-] mission [x]
[taskset-1]         --> MissionActive [x]
[taskset-1]         [o] mission_selector [-]
[taskset-1]             [-] mission_object_response [-]
[taskset-1]                 --> ObjectSeen [-]
[taskset-1]                 --> HandleObjectAction [-]
[taskset-1]             [-] mission_progress [-]
[taskset-1]                 --> PublishMoveGoal [-]
[taskset-1]                 --> GoToObject [-]
[taskset-1]                 --> CheckStopCondition [-]
[taskset-1]                 --> AdvanceMove [-]
[taskset-1]     [-] navigation [x]
[taskset-1]         --> HasMpcGoal [x]
[taskset-1] 
[taskset-1] [INFO] [1791018783.718106218] [behavior_executor_node]: [IsProximityTooClose] DIAG scan: total=1081 in_window=721 excluded_by_filter=0 min_in_window=0.873 front_min=1.431
[taskset-1] [INFO] [1791018784.180119629] [behavior_executor_node]: BT snapshot -- root=FAILURE, lanes: emergency=FAILURE | mission=FAILURE | navigation=FAILURE
[taskset-1] [o] root [x]
[taskset-1]     [-] emergency [x]
[taskset-1]         [o] emergency_condition [x]
[taskset-1]             --> IsBatteryLow [x]
[taskset-1]             --> IsEmergencyStopTriggered [x]
[taskset-1]             --> IsProximityTooClose [x]
[taskset-1]             --> IsSystemOverheated [x]
[taskset-1]         --> Stop [-]
[taskset-1]     [-] mission [x]
[taskset-1]         --> MissionActive [x]
[taskset-1]         [o] mission_selector [-]
[taskset-1]             [-] mission_object_response [-]
[taskset-1]                 --> ObjectSeen [-]
[taskset-1]                 --> HandleObjectAction [-]
[taskset-1]             [-] mission_progress [-]
[taskset-1]                 --> PublishMoveGoal [-]
[taskset-1]                 --> GoToObject [-]
[taskset-1]                 --> CheckStopCondition [-]
[taskset-1]                 --> AdvanceMove [-]
[taskset-1]     [-] navigation [x]
[taskset-1]         --> HasMpcGoal [x]
[taskset-1] 
[taskset-1] [INFO] [1791018785.280222495] [behavior_executor_node]: BT snapshot -- root=FAILURE, lanes: emergency=FAILURE | mission=FAILURE | navigation=FAILURE
[taskset-1] [o] root [x]
[taskset-1]     [-] emergency [x]
[taskset-1]         [o] emergency_condition [x]
[taskset-1]             --> IsBatteryLow [x]
[taskset-1]             --> IsEmergencyStopTriggered [x]
[taskset-1]             --> IsProximityTooClose [x]
[taskset-1]             --> IsSystemOverheated [x]
[taskset-1]         --> Stop [-]
[taskset-1]     [-] mission [x]
[taskset-1]         --> MissionActive [x]
[taskset-1]         [o] mission_selector [-]
[taskset-1]             [-] mission_object_response [-]
[taskset-1]                 --> ObjectSeen [-]
[taskset-1]                 --> HandleObjectAction [-]
[taskset-1]             [-] mission_progress [-]
[taskset-1]                 --> PublishMoveGoal [-]
[taskset-1]                 --> GoToObject [-]
[taskset-1]                 --> CheckStopCondition [-]
[taskset-1]                 --> AdvanceMove [-]
[taskset-1]     [-] navigation [x]
[taskset-1]         --> HasMpcGoal [x]
[taskset-1] 
[taskset-1] [INFO] [1791018785.728300995] [behavior_executor_node]: [IsProximityTooClose] DIAG scan: total=1081 in_window=721 excluded_by_filter=0 min_in_window=0.898 front_min=1.710
[taskset-1] [INFO] [1791018786.284793166] [behavior_executor_node]: BT snapshot -- root=FAILURE, lanes: emergency=FAILURE | mission=FAILURE | navigation=FAILURE
[taskset-1] [o] root [x]
[taskset-1]     [-] emergency [x]
[taskset-1]         [o] emergency_condition [x]
[taskset-1]             --> IsBatteryLow [x]
[taskset-1]             --> IsEmergencyStopTriggered [x]
[taskset-1]             --> IsProximityTooClose [x]
[taskset-1]             --> IsSystemOverheated [x]
[taskset-1]         --> Stop [-]
[taskset-1]     [-] mission [x]
[taskset-1]         --> MissionActive [x]
[taskset-1]         [o] mission_selector [-]
[taskset-1]             [-] mission_object_response [-]
[taskset-1]                 --> ObjectSeen [-]
[taskset-1]                 --> HandleObjectAction [-]
[taskset-1]             [-] mission_progress [-]
[taskset-1]                 --> PublishMoveGoal [-]
[taskset-1]                 --> GoToObject [-]
[taskset-1]                 --> CheckStopCondition [-]
[taskset-1]                 --> AdvanceMove [-]
[taskset-1]     [-] navigation [x]
[taskset-1]         --> HasMpcGoal [x]
[taskset-1] 
[taskset-1] [INFO] [1791018787.380942083] [behavior_executor_node]: BT snapshot -- root=FAILURE, lanes: emergency=FAILURE | mission=FAILURE | navigation=FAILURE
[taskset-1] [o] root [x]
[taskset-1]     [-] emergency [x]
[taskset-1]         [o] emergency_condition [x]
[taskset-1]             --> IsBatteryLow [x]
[taskset-1]             --> IsEmergencyStopTriggered [x]
[taskset-1]             --> IsProximityTooClose [x]
[taskset-1]             --> IsSystemOverheated [x]
[taskset-1]         --> Stop [-]
[taskset-1]     [-] mission [x]
[taskset-1]         --> MissionActive [x]
[taskset-1]         [o] mission_selector [-]
[taskset-1]             [-] mission_object_response [-]
[taskset-1]                 --> ObjectSeen [-]
[taskset-1]                 --> HandleObjectAction [-]
[taskset-1]             [-] mission_progress [-]
[taskset-1]                 --> PublishMoveGoal [-]
[taskset-1]                 --> GoToObject [-]
[taskset-1]                 --> CheckStopCondition [-]
[taskset-1]                 --> AdvanceMove [-]
[taskset-1]     [-] navigation [x]
[taskset-1]         --> HasMpcGoal [x]
[taskset-1] 
[taskset-1] [INFO] [1791018787.798786971] [behavior_executor_node]: [IsProximityTooClose] DIAG scan: total=1081 in_window=721 excluded_by_filter=0 min_in_window=0.958 front_min=2.061
[taskset-1] [INFO] [1791018788.480611913] [behavior_executor_node]: BT snapshot -- root=FAILURE, lanes: emergency=FAILURE | mission=FAILURE | navigation=FAILURE
[taskset-1] [o] root [x]
[taskset-1]     [-] emergency [x]
[taskset-1]         [o] emergency_condition [x]
[taskset-1]             --> IsBatteryLow [x]
[taskset-1]             --> IsEmergencyStopTriggered [x]
[taskset-1]             --> IsProximityTooClose [x]
[taskset-1]             --> IsSystemOverheated [x]
[taskset-1]         --> Stop [-]
[taskset-1]     [-] mission [x]
[taskset-1]         --> MissionActive [x]
[taskset-1]         [o] mission_selector [-]
[taskset-1]             [-] mission_object_response [-]
[taskset-1]                 --> ObjectSeen [-]
[taskset-1]                 --> HandleObjectAction [-]
[taskset-1]             [-] mission_progress [-]
[taskset-1]                 --> PublishMoveGoal [-]
[taskset-1]                 --> GoToObject [-]
[taskset-1]                 --> CheckStopCondition [-]
[taskset-1]                 --> AdvanceMove [-]
[taskset-1]     [-] navigation [x]
[taskset-1]         --> HasMpcGoal [x]
[taskset-1] 
[taskset-1] [INFO] [1791018789.581000334] [behavior_executor_node]: BT snapshot -- root=FAILURE, lanes: emergency=FAILURE | mission=FAILURE | navigation=FAILURE
[taskset-1] [o] root [x]
[taskset-1]     [-] emergency [x]
[taskset-1]         [o] emergency_condition [x]
[taskset-1]             --> IsBatteryLow [x]
[taskset-1]             --> IsEmergencyStopTriggered [x]
[taskset-1]             --> IsProximityTooClose [x]
[taskset-1]             --> IsSystemOverheated [x]
[taskset-1]         --> Stop [-]
[taskset-1]     [-] mission [x]
[taskset-1]         --> MissionActive [x]
[taskset-1]         [o] mission_selector [-]
[taskset-1]             [-] mission_object_response [-]
[taskset-1]                 --> ObjectSeen [-]
[taskset-1]                 --> HandleObjectAction [-]
[taskset-1]             [-] mission_progress [-]
[taskset-1]                 --> PublishMoveGoal [-]
[taskset-1]                 --> GoToObject [-]
[taskset-1]                 --> CheckStopCondition [-]
[taskset-1]                 --> AdvanceMove [-]
[taskset-1]     [-] navigation [x]
[taskset-1]         --> HasMpcGoal [x]
[taskset-1] 
[taskset-1] [INFO] [1791018789.813250098] [behavior_executor_node]: [IsProximityTooClose] DIAG scan: total=1081 in_window=721 excluded_by_filter=0 min_in_window=1.046 front_min=2.842
[taskset-1] [INFO] [1791018790.596911156] [behavior_executor_node]: BT snapshot -- root=FAILURE, lanes: emergency=FAILURE | mission=FAILURE | navigation=FAILURE
[taskset-1] [o] root [x]
[taskset-1]     [-] emergency [x]
[taskset-1]         [o] emergency_condition [x]
[taskset-1]             --> IsBatteryLow [x]
[taskset-1]             --> IsEmergencyStopTriggered [x]
[taskset-1]             --> IsProximityTooClose [x]
[taskset-1]             --> IsSystemOverheated [x]
[taskset-1]         --> Stop [-]
[taskset-1]     [-] mission [x]
[taskset-1]         --> MissionActive [x]
[taskset-1]         [o] mission_selector [-]
[taskset-1]             [-] mission_object_response [-]
[taskset-1]                 --> ObjectSeen [-]
[taskset-1]                 --> HandleObjectAction [-]
[taskset-1]             [-] mission_progress [-]
[taskset-1]                 --> PublishMoveGoal [-]
[taskset-1]                 --> GoToObject [-]
[taskset-1]                 --> CheckStopCondition [-]
[taskset-1]                 --> AdvanceMove [-]
[taskset-1]     [-] navigation [x]
[taskset-1]         --> HasMpcGoal [x]
[taskset-1] 
[taskset-1] [INFO] [1791018791.680214065] [behavior_executor_node]: BT snapshot -- root=FAILURE, lanes: emergency=FAILURE | mission=FAILURE | navigation=FAILURE
[taskset-1] [o] root [x]
[taskset-1]     [-] emergency [x]
[taskset-1]         [o] emergency_condition [x]
[taskset-1]             --> IsBatteryLow [x]
[taskset-1]             --> IsEmergencyStopTriggered [x]
[taskset-1]             --> IsProximityTooClose [x]
[taskset-1]             --> IsSystemOverheated [x]
[taskset-1]         --> Stop [-]
[taskset-1]     [-] mission [x]
[taskset-1]         --> MissionActive [x]
[taskset-1]         [o] mission_selector [-]
[taskset-1]             [-] mission_object_response [-]
[taskset-1]                 --> ObjectSeen [-]
[taskset-1]                 --> HandleObjectAction [-]
[taskset-1]             [-] mission_progress [-]
[taskset-1]                 --> PublishMoveGoal [-]
[taskset-1]                 --> GoToObject [-]
[taskset-1]                 --> CheckStopCondition [-]
[taskset-1]                 --> AdvanceMove [-]
[taskset-1]     [-] navigation [x]
[taskset-1]         --> HasMpcGoal [x]
[taskset-1] 
[taskset-1] [INFO] [1791018791.839421944] [behavior_executor_node]: [IsProximityTooClose] DIAG scan: total=1081 in_window=721 excluded_by_filter=0 min_in_window=1.052 front_min=1.816
[taskset-1] [INFO] [1791018792.786385930] [behavior_executor_node]: BT snapshot -- root=FAILURE, lanes: emergency=FAILURE | mission=FAILURE | navigation=FAILURE
[taskset-1] [o] root [x]
[taskset-1]     [-] emergency [x]
[taskset-1]         [o] emergency_condition [x]
[taskset-1]             --> IsBatteryLow [x]
[taskset-1]             --> IsEmergencyStopTriggered [x]
[taskset-1]             --> IsProximityTooClose [x]
[taskset-1]             --> IsSystemOverheated [x]
[taskset-1]         --> Stop [-]
[taskset-1]     [-] mission [x]
[taskset-1]         --> MissionActive [x]
[taskset-1]         [o] mission_selector [-]
[taskset-1]             [-] mission_object_response [-]
[taskset-1]                 --> ObjectSeen [-]
[taskset-1]                 --> HandleObjectAction [-]
[taskset-1]             [-] mission_progress [-]
[taskset-1]                 --> PublishMoveGoal [-]
[taskset-1]                 --> GoToObject [-]
[taskset-1]                 --> CheckStopCondition [-]
[taskset-1]                 --> AdvanceMove [-]
[taskset-1]     [-] navigation [x]
[taskset-1]         --> HasMpcGoal [x]
[taskset-1] 
[taskset-1] [INFO] [1791018793.842225602] [behavior_executor_node]: [IsProximityTooClose] DIAG scan: total=1081 in_window=721 excluded_by_filter=0 min_in_window=1.368 front_min=2.169
[taskset-1] [INFO] [1791018793.879632760] [behavior_executor_node]: BT snapshot -- root=FAILURE, lanes: emergency=FAILURE | mission=FAILURE | navigation=FAILURE
[taskset-1] [o] root [x]
[taskset-1]     [-] emergency [x]
[taskset-1]         [o] emergency_condition [x]
[taskset-1]             --> IsBatteryLow [x]
[taskset-1]             --> IsEmergencyStopTriggered [x]
[taskset-1]             --> IsProximityTooClose [x]
[taskset-1]             --> IsSystemOverheated [x]
[taskset-1]         --> Stop [-]
[taskset-1]     [-] mission [x]
[taskset-1]         --> MissionActive [x]
[taskset-1]         [o] mission_selector [-]
[taskset-1]             [-] mission_object_response [-]
[taskset-1]                 --> ObjectSeen [-]
[taskset-1]                 --> HandleObjectAction [-]
[taskset-1]             [-] mission_progress [-]
[taskset-1]                 --> PublishMoveGoal [-]
[taskset-1]                 --> GoToObject [-]
[taskset-1]                 --> CheckStopCondition [-]
[taskset-1]                 --> AdvanceMove [-]
[taskset-1]     [-] navigation [x]
[taskset-1]         --> HasMpcGoal [x]
[taskset-1] 
[taskset-1] [INFO] [1791018794.879764346] [behavior_executor_node]: BT snapshot -- root=FAILURE, lanes: emergency=FAILURE | mission=FAILURE | navigation=FAILURE
[taskset-1] [o] root [x]
[taskset-1]     [-] emergency [x]
[taskset-1]         [o] emergency_condition [x]
[taskset-1]             --> IsBatteryLow [x]
[taskset-1]             --> IsEmergencyStopTriggered [x]
[taskset-1]             --> IsProximityTooClose [x]
[taskset-1]             --> IsSystemOverheated [x]
[taskset-1]         --> Stop [-]
[taskset-1]     [-] mission [x]
[taskset-1]         --> MissionActive [x]
[taskset-1]         [o] mission_selector [-]
[taskset-1]             [-] mission_object_response [-]
[taskset-1]                 --> ObjectSeen [-]
[taskset-1]                 --> HandleObjectAction [-]
[taskset-1]             [-] mission_progress [-]
[taskset-1]                 --> PublishMoveGoal [-]
[taskset-1]                 --> GoToObject [-]
[taskset-1]                 --> CheckStopCondition [-]
[taskset-1]                 --> AdvanceMove [-]
[taskset-1]     [-] navigation [x]
[taskset-1]         --> HasMpcGoal [x]
[taskset-1] 
[taskset-1] [INFO] [1791018796.013770515] [behavior_executor_node]: BT snapshot -- root=FAILURE, lanes: emergency=FAILURE | mission=FAILURE | navigation=FAILURE
[taskset-1] [o] root [x]
[taskset-1]     [-] emergency [x]
[taskset-1]         [o] emergency_condition [x]
[taskset-1]             --> IsBatteryLow [x]
[taskset-1]             --> IsEmergencyStopTriggered [x]
[taskset-1]             --> IsProximityTooClose [x]
[taskset-1]             --> IsSystemOverheated [x]
[taskset-1]         --> Stop [-]
[taskset-1]     [-] mission [x]
[taskset-1]         --> MissionActive [x]
[taskset-1]         [o] mission_selector [-]
[taskset-1]             [-] mission_object_response [-]
[taskset-1]                 --> ObjectSeen [-]
[taskset-1]                 --> HandleObjectAction [-]
[taskset-1]             [-] mission_progress [-]
[taskset-1]                 --> PublishMoveGoal [-]
[taskset-1]                 --> GoToObject [-]
[taskset-1]                 --> CheckStopCondition [-]
[taskset-1]                 --> AdvanceMove [-]
[taskset-1]     [-] navigation [x]
[taskset-1]         --> HasMpcGoal [x]
[taskset-1] 
[taskset-1] [INFO] [1791018796.015589160] [behavior_executor_node]: [IsProximityTooClose] DIAG scan: total=1081 in_window=721 excluded_by_filter=0 min_in_window=1.482 front_min=1.763
[taskset-1] [INFO] [1791018797.079647268] [behavior_executor_node]: BT snapshot -- root=FAILURE, lanes: emergency=FAILURE | mission=FAILURE | navigation=FAILURE
[taskset-1] [o] root [x]
[taskset-1]     [-] emergency [x]
[taskset-1]         [o] emergency_condition [x]
[taskset-1]             --> IsBatteryLow [x]
[taskset-1]             --> IsEmergencyStopTriggered [x]
[taskset-1]             --> IsProximityTooClose [x]
[taskset-1]             --> IsSystemOverheated [x]
[taskset-1]         --> Stop [-]
[taskset-1]     [-] mission [x]
[taskset-1]         --> MissionActive [x]
[taskset-1]         [o] mission_selector [-]
[taskset-1]             [-] mission_object_response [-]
[taskset-1]                 --> ObjectSeen [-]
[taskset-1]                 --> HandleObjectAction [-]
[taskset-1]             [-] mission_progress [-]
[taskset-1]                 --> PublishMoveGoal [-]
[taskset-1]                 --> GoToObject [-]
[taskset-1]                 --> CheckStopCondition [-]
[taskset-1]                 --> AdvanceMove [-]
[taskset-1]     [-] navigation [x]
[taskset-1]         --> HasMpcGoal [x]
[taskset-1] 
[taskset-1] [INFO] [1791018798.017607423] [behavior_executor_node]: [IsProximityTooClose] DIAG scan: total=1081 in_window=721 excluded_by_filter=0 min_in_window=1.206 front_min=1.823
[taskset-1] [INFO] [1791018798.079651296] [behavior_executor_node]: BT snapshot -- root=FAILURE, lanes: emergency=FAILURE | mission=FAILURE | navigation=FAILURE
[taskset-1] [o] root [x]
[taskset-1]     [-] emergency [x]
[taskset-1]         [o] emergency_condition [x]
[taskset-1]             --> IsBatteryLow [x]
[taskset-1]             --> IsEmergencyStopTriggered [x]
[taskset-1]             --> IsProximityTooClose [x]
[taskset-1]             --> IsSystemOverheated [x]
[taskset-1]         --> Stop [-]
[taskset-1]     [-] mission [x]
[taskset-1]         --> MissionActive [x]
[taskset-1]         [o] mission_selector [-]
[taskset-1]             [-] mission_object_response [-]
[taskset-1]                 --> ObjectSeen [-]
[taskset-1]                 --> HandleObjectAction [-]
[taskset-1]             [-] mission_progress [-]
[taskset-1]                 --> PublishMoveGoal [-]
[taskset-1]                 --> GoToObject [-]
[taskset-1]                 --> CheckStopCondition [-]
[taskset-1]                 --> AdvanceMove [-]
[taskset-1]     [-] navigation [x]
[taskset-1]         --> HasMpcGoal [x]
[taskset-1] 
[taskset-1] [INFO] [1791018799.079733823] [behavior_executor_node]: BT snapshot -- root=FAILURE, lanes: emergency=FAILURE | mission=FAILURE | navigation=FAILURE
[taskset-1] [o] root [x]
[taskset-1]     [-] emergency [x]
[taskset-1]         [o] emergency_condition [x]
[taskset-1]             --> IsBatteryLow [x]
[taskset-1]             --> IsEmergencyStopTriggered [x]
[taskset-1]             --> IsProximityTooClose [x]
[taskset-1]             --> IsSystemOverheated [x]
[taskset-1]         --> Stop [-]
[taskset-1]     [-] mission [x]
[taskset-1]         --> MissionActive [x]
[taskset-1]         [o] mission_selector [-]
[taskset-1]             [-] mission_object_response [-]
[taskset-1]                 --> ObjectSeen [-]
[taskset-1]                 --> HandleObjectAction [-]
[taskset-1]             [-] mission_progress [-]
[taskset-1]                 --> PublishMoveGoal [-]
[taskset-1]                 --> GoToObject [-]
[taskset-1]                 --> CheckStopCondition [-]
[taskset-1]                 --> AdvanceMove [-]
[taskset-1]     [-] navigation [x]
[taskset-1]         --> HasMpcGoal [x]
[taskset-1] 
[taskset-1] [INFO] [1791018800.028828530] [behavior_executor_node]: [IsProximityTooClose] DIAG scan: total=1081 in_window=721 excluded_by_filter=0 min_in_window=1.317 front_min=1.699
[taskset-1] [INFO] [1791018800.183979245] [behavior_executor_node]: BT snapshot -- root=FAILURE, lanes: emergency=FAILURE | mission=FAILURE | navigation=FAILURE
[taskset-1] [o] root [x]
[taskset-1]     [-] emergency [x]
[taskset-1]         [o] emergency_condition [x]
[taskset-1]             --> IsBatteryLow [x]
[taskset-1]             --> IsEmergencyStopTriggered [x]
[taskset-1]             --> IsProximityTooClose [x]
[taskset-1]             --> IsSystemOverheated [x]
[taskset-1]         --> Stop [-]
[taskset-1]     [-] mission [x]
[taskset-1]         --> MissionActive [x]
[taskset-1]         [o] mission_selector [-]
[taskset-1]             [-] mission_object_response [-]
[taskset-1]                 --> ObjectSeen [-]
[taskset-1]                 --> HandleObjectAction [-]
[taskset-1]             [-] mission_progress [-]
[taskset-1]                 --> PublishMoveGoal [-]
[taskset-1]                 --> GoToObject [-]
[taskset-1]                 --> CheckStopCondition [-]
[taskset-1]                 --> AdvanceMove [-]
[taskset-1]     [-] navigation [x]
[taskset-1]         --> HasMpcGoal [x]
[taskset-1] 
[taskset-1] [INFO] [1791018801.280067442] [behavior_executor_node]: BT snapshot -- root=FAILURE, lanes: emergency=FAILURE | mission=FAILURE | navigation=FAILURE
[taskset-1] [o] root [x]
[taskset-1]     [-] emergency [x]
[taskset-1]         [o] emergency_condition [x]
[taskset-1]             --> IsBatteryLow [x]
[taskset-1]             --> IsEmergencyStopTriggered [x]
[taskset-1]             --> IsProximityTooClose [x]
[taskset-1]             --> IsSystemOverheated [x]
[taskset-1]         --> Stop [-]
[taskset-1]     [-] mission [x]
[taskset-1]         --> MissionActive [x]
[taskset-1]         [o] mission_selector [-]
[taskset-1]             [-] mission_object_response [-]
[taskset-1]                 --> ObjectSeen [-]
[taskset-1]                 --> HandleObjectAction [-]
[taskset-1]             [-] mission_progress [-]
[taskset-1]                 --> PublishMoveGoal [-]
[taskset-1]                 --> GoToObject [-]
[taskset-1]                 --> CheckStopCondition [-]
[taskset-1]                 --> AdvanceMove [-]
[taskset-1]     [-] navigation [x]
[taskset-1]         --> HasMpcGoal [x]
[taskset-1] 
[taskset-1] [INFO] [1791018802.037414499] [behavior_executor_node]: [IsProximityTooClose] DIAG scan: total=1081 in_window=721 excluded_by_filter=0 min_in_window=1.033 front_min=1.875
[taskset-1] [INFO] [1791018802.280161343] [behavior_executor_node]: BT snapshot -- root=FAILURE, lanes: emergency=FAILURE | mission=FAILURE | navigation=FAILURE
[taskset-1] [o] root [x]
[taskset-1]     [-] emergency [x]
[taskset-1]         [o] emergency_condition [x]
[taskset-1]             --> IsBatteryLow [x]
[taskset-1]             --> IsEmergencyStopTriggered [x]
[taskset-1]             --> IsProximityTooClose [x]
[taskset-1]             --> IsSystemOverheated [x]
[taskset-1]         --> Stop [-]
[taskset-1]     [-] mission [x]
[taskset-1]         --> MissionActive [x]
[taskset-1]         [o] mission_selector [-]
[taskset-1]             [-] mission_object_response [-]
[taskset-1]                 --> ObjectSeen [-]
[taskset-1]                 --> HandleObjectAction [-]
[taskset-1]             [-] mission_progress [-]
[taskset-1]                 --> PublishMoveGoal [-]
[taskset-1]                 --> GoToObject [-]
[taskset-1]                 --> CheckStopCondition [-]
[taskset-1]                 --> AdvanceMove [-]
[taskset-1]     [-] navigation [x]
[taskset-1]         --> HasMpcGoal [x]
[taskset-1] 
[taskset-1] [INFO] [1791018803.280506538] [behavior_executor_node]: BT snapshot -- root=FAILURE, lanes: emergency=FAILURE | mission=FAILURE | navigation=FAILURE
[taskset-1] [o] root [x]
[taskset-1]     [-] emergency [x]
[taskset-1]         [o] emergency_condition [x]
[taskset-1]             --> IsBatteryLow [x]
[taskset-1]             --> IsEmergencyStopTriggered [x]
[taskset-1]             --> IsProximityTooClose [x]
[taskset-1]             --> IsSystemOverheated [x]
[taskset-1]         --> Stop [-]
[taskset-1]     [-] mission [x]
[taskset-1]         --> MissionActive [x]
[taskset-1]         [o] mission_selector [-]
[taskset-1]             [-] mission_object_response [-]
[taskset-1]                 --> ObjectSeen [-]
[taskset-1]                 --> HandleObjectAction [-]
[taskset-1]             [-] mission_progress [-]
[taskset-1]                 --> PublishMoveGoal [-]
[taskset-1]                 --> GoToObject [-]
[taskset-1]                 --> CheckStopCondition [-]
[taskset-1]                 --> AdvanceMove [-]
[taskset-1]     [-] navigation [x]
[taskset-1]         --> HasMpcGoal [x]
[taskset-1] 
[taskset-1] [INFO] [1791018804.057770648] [behavior_executor_node]: [IsProximityTooClose] DIAG scan: total=1081 in_window=721 excluded_by_filter=0 min_in_window=0.875 front_min=1.687
[taskset-1] [INFO] [1791018804.407373114] [behavior_executor_node]: BT snapshot -- root=FAILURE, lanes: emergency=FAILURE | mission=FAILURE | navigation=FAILURE
[taskset-1] [o] root [x]
[taskset-1]     [-] emergency [x]
[taskset-1]         [o] emergency_condition [x]
[taskset-1]             --> IsBatteryLow [x]
[taskset-1]             --> IsEmergencyStopTriggered [x]
[taskset-1]             --> IsProximityTooClose [x]
[taskset-1]             --> IsSystemOverheated [x]
[taskset-1]         --> Stop [-]
[taskset-1]     [-] mission [x]
[taskset-1]         --> MissionActive [x]
[taskset-1]         [o] mission_selector [-]
[taskset-1]             [-] mission_object_response [-]
[taskset-1]                 --> ObjectSeen [-]
[taskset-1]                 --> HandleObjectAction [-]
[taskset-1]             [-] mission_progress [-]
[taskset-1]                 --> PublishMoveGoal [-]
[taskset-1]                 --> GoToObject [-]
[taskset-1]                 --> CheckStopCondition [-]
[taskset-1]                 --> AdvanceMove [-]
[taskset-1]     [-] navigation [x]
[taskset-1]         --> HasMpcGoal [x]
[taskset-1] 
[taskset-1] [INFO] [1791018805.479882710] [behavior_executor_node]: BT snapshot -- root=FAILURE, lanes: emergency=FAILURE | mission=FAILURE | navigation=FAILURE
[taskset-1] [o] root [x]
[taskset-1]     [-] emergency [x]
[taskset-1]         [o] emergency_condition [x]
[taskset-1]             --> IsBatteryLow [x]
[taskset-1]             --> IsEmergencyStopTriggered [x]
[taskset-1]             --> IsProximityTooClose [x]
[taskset-1]             --> IsSystemOverheated [x]
[taskset-1]         --> Stop [-]
[taskset-1]     [-] mission [x]
[taskset-1]         --> MissionActive [x]
[taskset-1]         [o] mission_selector [-]
[taskset-1]             [-] mission_object_response [-]
[taskset-1]                 --> ObjectSeen [-]
[taskset-1]                 --> HandleObjectAction [-]
[taskset-1]             [-] mission_progress [-]
[taskset-1]                 --> PublishMoveGoal [-]
[taskset-1]                 --> GoToObject [-]
[taskset-1]                 --> CheckStopCondition [-]
[taskset-1]                 --> AdvanceMove [-]
[taskset-1]     [-] navigation [x]
[taskset-1]         --> HasMpcGoal [x]
[taskset-1] 
[taskset-1] [INFO] [1791018806.064185805] [behavior_executor_node]: [IsProximityTooClose] DIAG scan: total=1081 in_window=721 excluded_by_filter=0 min_in_window=0.624 front_min=1.642
[taskset-1] [INFO] [1791018806.479927849] [behavior_executor_node]: BT snapshot -- root=FAILURE, lanes: emergency=FAILURE | mission=FAILURE | navigation=FAILURE
[taskset-1] [o] root [x]
[taskset-1]     [-] emergency [x]
[taskset-1]         [o] emergency_condition [x]
[taskset-1]             --> IsBatteryLow [x]
[taskset-1]             --> IsEmergencyStopTriggered [x]
[taskset-1]             --> IsProximityTooClose [x]
[taskset-1]             --> IsSystemOverheated [x]
[taskset-1]         --> Stop [-]
[taskset-1]     [-] mission [x]
[taskset-1]         --> MissionActive [x]
[taskset-1]         [o] mission_selector [-]
[taskset-1]             [-] mission_object_response [-]
[taskset-1]                 --> ObjectSeen [-]
[taskset-1]                 --> HandleObjectAction [-]
[taskset-1]             [-] mission_progress [-]
[taskset-1]                 --> PublishMoveGoal [-]
[taskset-1]                 --> GoToObject [-]
[taskset-1]                 --> CheckStopCondition [-]
[taskset-1]                 --> AdvanceMove [-]
[taskset-1]     [-] navigation [x]
[taskset-1]         --> HasMpcGoal [x]
[taskset-1] 
[taskset-1] [INFO] [1791018807.579740020] [behavior_executor_node]: BT snapshot -- root=FAILURE, lanes: emergency=FAILURE | mission=FAILURE | navigation=FAILURE
[taskset-1] [o] root [x]
[taskset-1]     [-] emergency [x]
[taskset-1]         [o] emergency_condition [x]
[taskset-1]             --> IsBatteryLow [x]
[taskset-1]             --> IsEmergencyStopTriggered [x]
[taskset-1]             --> IsProximityTooClose [x]
[taskset-1]             --> IsSystemOverheated [x]
[taskset-1]         --> Stop [-]
[taskset-1]     [-] mission [x]
[taskset-1]         --> MissionActive [x]
[taskset-1]         [o] mission_selector [-]
[taskset-1]             [-] mission_object_response [-]
[taskset-1]                 --> ObjectSeen [-]
[taskset-1]                 --> HandleObjectAction [-]
[taskset-1]             [-] mission_progress [-]
[taskset-1]                 --> PublishMoveGoal [-]
[taskset-1]                 --> GoToObject [-]
[taskset-1]                 --> CheckStopCondition [-]
[taskset-1]                 --> AdvanceMove [-]
[taskset-1]     [-] navigation [x]
[taskset-1]         --> HasMpcGoal [x]
[taskset-1] 
[taskset-1] [INFO] [1791018808.073601408] [behavior_executor_node]: [IsProximityTooClose] DIAG scan: total=1081 in_window=721 excluded_by_filter=0 min_in_window=0.538 front_min=1.644
[taskset-1] [INFO] [1791018808.583603421] [behavior_executor_node]: BT snapshot -- root=FAILURE, lanes: emergency=FAILURE | mission=FAILURE | navigation=FAILURE
[taskset-1] [o] root [x]
[taskset-1]     [-] emergency [x]
[taskset-1]         [o] emergency_condition [x]
[taskset-1]             --> IsBatteryLow [x]
[taskset-1]             --> IsEmergencyStopTriggered [x]
[taskset-1]             --> IsProximityTooClose [x]
[taskset-1]             --> IsSystemOverheated [x]
[taskset-1]         --> Stop [-]
[taskset-1]     [-] mission [x]
[taskset-1]         --> MissionActive [x]
[taskset-1]         [o] mission_selector [-]
[taskset-1]             [-] mission_object_response [-]
[taskset-1]                 --> ObjectSeen [-]
[taskset-1]                 --> HandleObjectAction [-]
[taskset-1]             [-] mission_progress [-]
[taskset-1]                 --> PublishMoveGoal [-]
[taskset-1]                 --> GoToObject [-]
[taskset-1]                 --> CheckStopCondition [-]
[taskset-1]                 --> AdvanceMove [-]
[taskset-1]     [-] navigation [x]
[taskset-1]         --> HasMpcGoal [x]
[taskset-1] 
[taskset-1] [INFO] [1791018809.679989397] [behavior_executor_node]: BT snapshot -- root=FAILURE, lanes: emergency=FAILURE | mission=FAILURE | navigation=FAILURE
[taskset-1] [o] root [x]
[taskset-1]     [-] emergency [x]
[taskset-1]         [o] emergency_condition [x]
[taskset-1]             --> IsBatteryLow [x]
[taskset-1]             --> IsEmergencyStopTriggered [x]
[taskset-1]             --> IsProximityTooClose [x]
[taskset-1]             --> IsSystemOverheated [x]
[taskset-1]         --> Stop [-]
[taskset-1]     [-] mission [x]
[taskset-1]         --> MissionActive [x]
[taskset-1]         [o] mission_selector [-]
[taskset-1]             [-] mission_object_response [-]
[taskset-1]                 --> ObjectSeen [-]
[taskset-1]                 --> HandleObjectAction [-]
[taskset-1]             [-] mission_progress [-]
[taskset-1]                 --> PublishMoveGoal [-]
[taskset-1]                 --> GoToObject [-]
[taskset-1]                 --> CheckStopCondition [-]
[taskset-1]                 --> AdvanceMove [-]
[taskset-1]     [-] navigation [x]
[taskset-1]         --> HasMpcGoal [x]
[taskset-1] 
[taskset-1] [INFO] [1791018810.096734521] [behavior_executor_node]: [IsProximityTooClose] DIAG scan: total=1081 in_window=721 excluded_by_filter=0 min_in_window=0.596 front_min=1.514
[taskset-1] [INFO] [1791018810.780043545] [behavior_executor_node]: BT snapshot -- root=FAILURE, lanes: emergency=FAILURE | mission=FAILURE | navigation=FAILURE
[taskset-1] [o] root [x]
[taskset-1]     [-] emergency [x]
[taskset-1]         [o] emergency_condition [x]
[taskset-1]             --> IsBatteryLow [x]
[taskset-1]             --> IsEmergencyStopTriggered [x]
[taskset-1]             --> IsProximityTooClose [x]
[taskset-1]             --> IsSystemOverheated [x]
[taskset-1]         --> Stop [-]
[taskset-1]     [-] mission [x]
[taskset-1]         --> MissionActive [x]
[taskset-1]         [o] mission_selector [-]
[taskset-1]             [-] mission_object_response [-]
[taskset-1]                 --> ObjectSeen [-]
[taskset-1]                 --> HandleObjectAction [-]
[taskset-1]             [-] mission_progress [-]
[taskset-1]                 --> PublishMoveGoal [-]
[taskset-1]                 --> GoToObject [-]
[taskset-1]                 --> CheckStopCondition [-]
[taskset-1]                 --> AdvanceMove [-]
[taskset-1]     [-] navigation [x]
[taskset-1]         --> HasMpcGoal [x]
[taskset-1] 
[taskset-1] [INFO] [1791018811.890675932] [behavior_executor_node]: BT snapshot -- root=FAILURE, lanes: emergency=FAILURE | mission=FAILURE | navigation=FAILURE
[taskset-1] [o] root [x]
[taskset-1]     [-] emergency [x]
[taskset-1]         [o] emergency_condition [x]
[taskset-1]             --> IsBatteryLow [x]
[taskset-1]             --> IsEmergencyStopTriggered [x]
[taskset-1]             --> IsProximityTooClose [x]
[taskset-1]             --> IsSystemOverheated [x]
[taskset-1]         --> Stop [-]
[taskset-1]     [-] mission [x]
[taskset-1]         --> MissionActive [x]
[taskset-1]         [o] mission_selector [-]
[taskset-1]             [-] mission_object_response [-]
[taskset-1]                 --> ObjectSeen [-]
[taskset-1]                 --> HandleObjectAction [-]
[taskset-1]             [-] mission_progress [-]
[taskset-1]                 --> PublishMoveGoal [-]
[taskset-1]                 --> GoToObject [-]
[taskset-1]                 --> CheckStopCondition [-]
[taskset-1]                 --> AdvanceMove [-]
[taskset-1]     [-] navigation [x]
[taskset-1]         --> HasMpcGoal [x]
[taskset-1] 
[taskset-1] [INFO] [1791018812.116374447] [behavior_executor_node]: [IsProximityTooClose] DIAG scan: total=1081 in_window=721 excluded_by_filter=0 min_in_window=0.607 front_min=1.451
[taskset-1] [INFO] [1791018813.020426217] [behavior_executor_node]: BT snapshot -- root=FAILURE, lanes: emergency=FAILURE | mission=FAILURE | navigation=FAILURE
[taskset-1] [o] root [x]
[taskset-1]     [-] emergency [x]
[taskset-1]         [o] emergency_condition [x]
[taskset-1]             --> IsBatteryLow [x]
[taskset-1]             --> IsEmergencyStopTriggered [x]
[taskset-1]             --> IsProximityTooClose [x]
[taskset-1]             --> IsSystemOverheated [x]
[taskset-1]         --> Stop [-]
[taskset-1]     [-] mission [x]
[taskset-1]         --> MissionActive [x]
[taskset-1]         [o] mission_selector [-]
[taskset-1]             [-] mission_object_response [-]
[taskset-1]                 --> ObjectSeen [-]
[taskset-1]                 --> HandleObjectAction [-]
[taskset-1]             [-] mission_progress [-]
[taskset-1]                 --> PublishMoveGoal [-]
[taskset-1]                 --> GoToObject [-]
[taskset-1]                 --> CheckStopCondition [-]
[taskset-1]                 --> AdvanceMove [-]
[taskset-1]     [-] navigation [x]
[taskset-1]         --> HasMpcGoal [x]
[taskset-1] 
[taskset-1] [INFO] [1791018814.079759199] [behavior_executor_node]: BT snapshot -- root=FAILURE, lanes: emergency=FAILURE | mission=FAILURE | navigation=FAILURE
[taskset-1] [o] root [x]
[taskset-1]     [-] emergency [x]
[taskset-1]         [o] emergency_condition [x]
[taskset-1]             --> IsBatteryLow [x]
[taskset-1]             --> IsEmergencyStopTriggered [x]
[taskset-1]             --> IsProximityTooClose [x]
[taskset-1]             --> IsSystemOverheated [x]
[taskset-1]         --> Stop [-]
[taskset-1]     [-] mission [x]
[taskset-1]         --> MissionActive [x]
[taskset-1]         [o] mission_selector [-]
[taskset-1]             [-] mission_object_response [-]
[taskset-1]                 --> ObjectSeen [-]
[taskset-1]                 --> HandleObjectAction [-]
[taskset-1]             [-] mission_progress [-]
[taskset-1]                 --> PublishMoveGoal [-]
[taskset-1]                 --> GoToObject [-]
[taskset-1]                 --> CheckStopCondition [-]
[taskset-1]                 --> AdvanceMove [-]
[taskset-1]     [-] navigation [x]
[taskset-1]         --> HasMpcGoal [x]
[taskset-1] 
[taskset-1] [INFO] [1791018814.185848146] [behavior_executor_node]: [IsProximityTooClose] DIAG scan: total=1081 in_window=721 excluded_by_filter=0 min_in_window=1.098 front_min=1.123
[taskset-1] [INFO] [1791018815.079803357] [behavior_executor_node]: BT snapshot -- root=FAILURE, lanes: emergency=FAILURE | mission=FAILURE | navigation=FAILURE
[taskset-1] [o] root [x]
[taskset-1]     [-] emergency [x]
[taskset-1]         [o] emergency_condition [x]
[taskset-1]             --> IsBatteryLow [x]
[taskset-1]             --> IsEmergencyStopTriggered [x]
[taskset-1]             --> IsProximityTooClose [x]
[taskset-1]             --> IsSystemOverheated [x]
[taskset-1]         --> Stop [-]
[taskset-1]     [-] mission [x]
[taskset-1]         --> MissionActive [x]
[taskset-1]         [o] mission_selector [-]
[taskset-1]             [-] mission_object_response [-]
[taskset-1]                 --> ObjectSeen [-]
[taskset-1]                 --> HandleObjectAction [-]
[taskset-1]             [-] mission_progress [-]
[taskset-1]                 --> PublishMoveGoal [-]
[taskset-1]                 --> GoToObject [-]
[taskset-1]                 --> CheckStopCondition [-]
[taskset-1]                 --> AdvanceMove [-]
[taskset-1]     [-] navigation [x]
[taskset-1]         --> HasMpcGoal [x]
[taskset-1] 
[taskset-1] [INFO] [1791018816.079849702] [behavior_executor_node]: BT snapshot -- root=FAILURE, lanes: emergency=FAILURE | mission=FAILURE | navigation=FAILURE
[taskset-1] [o] root [x]
[taskset-1]     [-] emergency [x]
[taskset-1]         [o] emergency_condition [x]
[taskset-1]             --> IsBatteryLow [x]
[taskset-1]             --> IsEmergencyStopTriggered [x]
[taskset-1]             --> IsProximityTooClose [x]
[taskset-1]             --> IsSystemOverheated [x]
[taskset-1]         --> Stop [-]
[taskset-1]     [-] mission [x]
[taskset-1]         --> MissionActive [x]
[taskset-1]         [o] mission_selector [-]
[taskset-1]             [-] mission_object_response [-]
[taskset-1]                 --> ObjectSeen [-]
[taskset-1]                 --> HandleObjectAction [-]
[taskset-1]             [-] mission_progress [-]
[taskset-1]                 --> PublishMoveGoal [-]
[taskset-1]                 --> GoToObject [-]
[taskset-1]                 --> CheckStopCondition [-]
[taskset-1]                 --> AdvanceMove [-]
[taskset-1]     [-] navigation [x]
[taskset-1]         --> HasMpcGoal [x]
[taskset-1] 
[taskset-1] [INFO] [1791018816.185978168] [behavior_executor_node]: [IsProximityTooClose] DIAG scan: total=1081 in_window=721 excluded_by_filter=0 min_in_window=0.881 front_min=0.975
[taskset-1] [INFO] [1791018816.710962811] [behavior_executor_node]: [mission] Loaded '/home/andre/dev_ws/f1tenth_more/output/phase5/step4/phase5_hold.json': mission_id='phase5_logger_hold' 1 move(s) -- state=LOADED, waiting for /mission/start_mission.
[taskset-1] [INFO] [1791018816.807186088] [behavior_executor_node]: [mission] 'phase5_logger_hold' starting in 3.0 s -- state stays LOADED until then, /mpc/hold still engaged, emergency stop armed.
[taskset-1] [INFO] [1791018817.183201731] [behavior_executor_node]: BT snapshot -- root=FAILURE, lanes: emergency=FAILURE | mission=FAILURE | navigation=FAILURE
[taskset-1] [o] root [x]
[taskset-1]     [-] emergency [x]
[taskset-1]         [o] emergency_condition [x]
[taskset-1]             --> IsBatteryLow [x]
[taskset-1]             --> IsEmergencyStopTriggered [x]
[taskset-1]             --> IsProximityTooClose [x]
[taskset-1]             --> IsSystemOverheated [x]
[taskset-1]         --> Stop [-]
[taskset-1]     [-] mission [x]
[taskset-1]         --> MissionActive [x]
[taskset-1]         [o] mission_selector [-]
[taskset-1]             [-] mission_object_response [-]
[taskset-1]                 --> ObjectSeen [-]
[taskset-1]                 --> HandleObjectAction [-]
[taskset-1]             [-] mission_progress [-]
[taskset-1]                 --> PublishMoveGoal [-]
[taskset-1]                 --> GoToObject [-]
[taskset-1]                 --> CheckStopCondition [-]
[taskset-1]                 --> AdvanceMove [-]
[taskset-1]     [-] navigation [x]
[taskset-1]         --> HasMpcGoal [x]
[taskset-1] 
[taskset-1] [INFO] [1791018818.194404165] [behavior_executor_node]: [IsProximityTooClose] DIAG scan: total=1081 in_window=721 excluded_by_filter=0 min_in_window=0.764 front_min=1.829
[taskset-1] [INFO] [1791018818.280067537] [behavior_executor_node]: BT snapshot -- root=FAILURE, lanes: emergency=FAILURE | mission=FAILURE | navigation=FAILURE
[taskset-1] [o] root [x]
[taskset-1]     [-] emergency [x]
[taskset-1]         [o] emergency_condition [x]
[taskset-1]             --> IsBatteryLow [x]
[taskset-1]             --> IsEmergencyStopTriggered [x]
[taskset-1]             --> IsProximityTooClose [x]
[taskset-1]             --> IsSystemOverheated [x]
[taskset-1]         --> Stop [-]
[taskset-1]     [-] mission [x]
[taskset-1]         --> MissionActive [x]
[taskset-1]         [o] mission_selector [-]
[taskset-1]             [-] mission_object_response [-]
[taskset-1]                 --> ObjectSeen [-]
[taskset-1]                 --> HandleObjectAction [-]
[taskset-1]             [-] mission_progress [-]
[taskset-1]                 --> PublishMoveGoal [-]
[taskset-1]                 --> GoToObject [-]
[taskset-1]                 --> CheckStopCondition [-]
[taskset-1]                 --> AdvanceMove [-]
[taskset-1]     [-] navigation [x]
[taskset-1]         --> HasMpcGoal [x]
[taskset-1] 
[taskset-1] [INFO] [1791018819.394273983] [behavior_executor_node]: BT snapshot -- root=FAILURE, lanes: emergency=FAILURE | mission=FAILURE | navigation=FAILURE
[taskset-1] [o] root [x]
[taskset-1]     [-] emergency [x]
[taskset-1]         [o] emergency_condition [x]
[taskset-1]             --> IsBatteryLow [x]
[taskset-1]             --> IsEmergencyStopTriggered [x]
[taskset-1]             --> IsProximityTooClose [x]
[taskset-1]             --> IsSystemOverheated [x]
[taskset-1]         --> Stop [-]
[taskset-1]     [-] mission [x]
[taskset-1]         --> MissionActive [x]
[taskset-1]         [o] mission_selector [-]
[taskset-1]             [-] mission_object_response [-]
[taskset-1]                 --> ObjectSeen [-]
[taskset-1]                 --> HandleObjectAction [-]
[taskset-1]             [-] mission_progress [-]
[taskset-1]                 --> PublishMoveGoal [-]
[taskset-1]                 --> GoToObject [-]
[taskset-1]                 --> CheckStopCondition [-]
[taskset-1]                 --> AdvanceMove [-]
[taskset-1]     [-] navigation [x]
[taskset-1]         --> HasMpcGoal [x]
[taskset-1] 
[taskset-1] [INFO] [1791018819.893058350] [behavior_executor_node]: [mission] 'phase5_logger_hold' STARTED -- state=RUNNING from move 0 ('hold_12s') -- /mpc/hold released.
[taskset-1] [INFO] [1791018819.984850290] [behavior_executor_node]: [mission] Move 'hold_12s': published goal_distance=0.0 to /mpc/goal_distance.
[taskset-1] [INFO] [1791018820.220467901] [behavior_executor_node]: [IsProximityTooClose] DIAG scan: total=1081 in_window=721 excluded_by_filter=0 min_in_window=0.858 front_min=1.370
[taskset-1] [INFO] [1791018820.481085201] [behavior_executor_node]: BT snapshot -- root=RUNNING, lanes: emergency=FAILURE | mission=RUNNING | navigation=INVALID
[taskset-1] [o] root [*]
[taskset-1]     [-] emergency [x]
[taskset-1]         [o] emergency_condition [x]
[taskset-1]             --> IsBatteryLow [x]
[taskset-1]             --> IsEmergencyStopTriggered [x]
[taskset-1]             --> IsProximityTooClose [x]
[taskset-1]             --> IsSystemOverheated [x]
[taskset-1]         --> Stop [-]
[taskset-1]     [-] mission [*]
[taskset-1]         --> MissionActive [o]
[taskset-1]         [o] mission_selector [*]
[taskset-1]             [-] mission_object_response [x]
[taskset-1]                 --> ObjectSeen [x]
[taskset-1]                 --> HandleObjectAction [-]
[taskset-1]             [-] mission_progress [*]
[taskset-1]                 --> PublishMoveGoal [o]
[taskset-1]                 --> GoToObject [o]
[taskset-1]                 --> CheckStopCondition [*]
[taskset-1]                 --> AdvanceMove [-]
[taskset-1]     [-] navigation [-]
[taskset-1]         --> HasMpcGoal [-]
[taskset-1] 
[taskset-1] [INFO] [1791018821.579882606] [behavior_executor_node]: BT snapshot -- root=RUNNING, lanes: emergency=FAILURE | mission=RUNNING | navigation=INVALID
[taskset-1] [o] root [*]
[taskset-1]     [-] emergency [x]
[taskset-1]         [o] emergency_condition [x]
[taskset-1]             --> IsBatteryLow [x]
[taskset-1]             --> IsEmergencyStopTriggered [x]
[taskset-1]             --> IsProximityTooClose [x]
[taskset-1]             --> IsSystemOverheated [x]
[taskset-1]         --> Stop [-]
[taskset-1]     [-] mission [*]
[taskset-1]         --> MissionActive [o]
[taskset-1]         [o] mission_selector [*]
[taskset-1]             [-] mission_object_response [x]
[taskset-1]                 --> ObjectSeen [x]
[taskset-1]                 --> HandleObjectAction [-]
[taskset-1]             [-] mission_progress [*]
[taskset-1]                 --> PublishMoveGoal [o]
[taskset-1]                 --> GoToObject [o]
[taskset-1]                 --> CheckStopCondition [*]
[taskset-1]                 --> AdvanceMove [-]
[taskset-1]     [-] navigation [-]
[taskset-1]         --> HasMpcGoal [-]
[taskset-1] 
[taskset-1] [INFO] [1791018822.223371688] [behavior_executor_node]: [IsProximityTooClose] DIAG scan: total=1081 in_window=721 excluded_by_filter=0 min_in_window=0.861 front_min=1.283
[taskset-1] [INFO] [1791018822.579961890] [behavior_executor_node]: BT snapshot -- root=RUNNING, lanes: emergency=FAILURE | mission=RUNNING | navigation=INVALID
[taskset-1] [o] root [*]
[taskset-1]     [-] emergency [x]
[taskset-1]         [o] emergency_condition [x]
[taskset-1]             --> IsBatteryLow [x]
[taskset-1]             --> IsEmergencyStopTriggered [x]
[taskset-1]             --> IsProximityTooClose [x]
[taskset-1]             --> IsSystemOverheated [x]
[taskset-1]         --> Stop [-]
[taskset-1]     [-] mission [*]
[taskset-1]         --> MissionActive [o]
[taskset-1]         [o] mission_selector [*]
[taskset-1]             [-] mission_object_response [x]
[taskset-1]                 --> ObjectSeen [x]
[taskset-1]                 --> HandleObjectAction [-]
[taskset-1]             [-] mission_progress [*]
[taskset-1]                 --> PublishMoveGoal [o]
[taskset-1]                 --> GoToObject [o]
[taskset-1]                 --> CheckStopCondition [*]
[taskset-1]                 --> AdvanceMove [-]
[taskset-1]     [-] navigation [-]
[taskset-1]         --> HasMpcGoal [-]
[taskset-1] 
[taskset-1] [INFO] [1791018823.679804414] [behavior_executor_node]: BT snapshot -- root=RUNNING, lanes: emergency=FAILURE | mission=RUNNING | navigation=INVALID
[taskset-1] [o] root [*]
[taskset-1]     [-] emergency [x]
[taskset-1]         [o] emergency_condition [x]
[taskset-1]             --> IsBatteryLow [x]
[taskset-1]             --> IsEmergencyStopTriggered [x]
[taskset-1]             --> IsProximityTooClose [x]
[taskset-1]             --> IsSystemOverheated [x]
[taskset-1]         --> Stop [-]
[taskset-1]     [-] mission [*]
[taskset-1]         --> MissionActive [o]
[taskset-1]         [o] mission_selector [*]
[taskset-1]             [-] mission_object_response [x]
[taskset-1]                 --> ObjectSeen [x]
[taskset-1]                 --> HandleObjectAction [-]
[taskset-1]             [-] mission_progress [*]
[taskset-1]                 --> PublishMoveGoal [o]
[taskset-1]                 --> GoToObject [o]
[taskset-1]                 --> CheckStopCondition [*]
[taskset-1]                 --> AdvanceMove [-]
[taskset-1]     [-] navigation [-]
[taskset-1]         --> HasMpcGoal [-]
[taskset-1] 
[taskset-1] [INFO] [1791018824.284765982] [behavior_executor_node]: [IsProximityTooClose] DIAG scan: total=1081 in_window=721 excluded_by_filter=0 min_in_window=0.870 front_min=3.135
[taskset-1] [INFO] [1791018824.681852747] [behavior_executor_node]: BT snapshot -- root=RUNNING, lanes: emergency=FAILURE | mission=RUNNING | navigation=INVALID
[taskset-1] [o] root [*]
[taskset-1]     [-] emergency [x]
[taskset-1]         [o] emergency_condition [x]
[taskset-1]             --> IsBatteryLow [x]
[taskset-1]             --> IsEmergencyStopTriggered [x]
[taskset-1]             --> IsProximityTooClose [x]
[taskset-1]             --> IsSystemOverheated [x]
[taskset-1]         --> Stop [-]
[taskset-1]     [-] mission [*]
[taskset-1]         --> MissionActive [o]
[taskset-1]         [o] mission_selector [*]
[taskset-1]             [-] mission_object_response [x]
[taskset-1]                 --> ObjectSeen [x]
[taskset-1]                 --> HandleObjectAction [-]
[taskset-1]             [-] mission_progress [*]
[taskset-1]                 --> PublishMoveGoal [o]
[taskset-1]                 --> GoToObject [o]
[taskset-1]                 --> CheckStopCondition [*]
[taskset-1]                 --> AdvanceMove [-]
[taskset-1]     [-] navigation [-]
[taskset-1]         --> HasMpcGoal [-]
[taskset-1] 
[taskset-1] [INFO] [1791018825.780134161] [behavior_executor_node]: BT snapshot -- root=RUNNING, lanes: emergency=FAILURE | mission=RUNNING | navigation=INVALID
[taskset-1] [o] root [*]
[taskset-1]     [-] emergency [x]
[taskset-1]         [o] emergency_condition [x]
[taskset-1]             --> IsBatteryLow [x]
[taskset-1]             --> IsEmergencyStopTriggered [x]
[taskset-1]             --> IsProximityTooClose [x]
[taskset-1]             --> IsSystemOverheated [x]
[taskset-1]         --> Stop [-]
[taskset-1]     [-] mission [*]
[taskset-1]         --> MissionActive [o]
[taskset-1]         [o] mission_selector [*]
[taskset-1]             [-] mission_object_response [x]
[taskset-1]                 --> ObjectSeen [x]
[taskset-1]                 --> HandleObjectAction [-]
[taskset-1]             [-] mission_progress [*]
[taskset-1]                 --> PublishMoveGoal [o]
[taskset-1]                 --> GoToObject [o]
[taskset-1]                 --> CheckStopCondition [*]
[taskset-1]                 --> AdvanceMove [-]
[taskset-1]     [-] navigation [-]
[taskset-1]         --> HasMpcGoal [-]
[taskset-1] 
[taskset-1] [INFO] [1791018826.317794022] [behavior_executor_node]: [IsProximityTooClose] DIAG scan: total=1081 in_window=721 excluded_by_filter=0 min_in_window=0.871 front_min=1.417
[taskset-1] [INFO] [1791018826.780119358] [behavior_executor_node]: BT snapshot -- root=RUNNING, lanes: emergency=FAILURE | mission=RUNNING | navigation=INVALID
[taskset-1] [o] root [*]
[taskset-1]     [-] emergency [x]
[taskset-1]         [o] emergency_condition [x]
[taskset-1]             --> IsBatteryLow [x]
[taskset-1]             --> IsEmergencyStopTriggered [x]
[taskset-1]             --> IsProximityTooClose [x]
[taskset-1]             --> IsSystemOverheated [x]
[taskset-1]         --> Stop [-]
[taskset-1]     [-] mission [*]
[taskset-1]         --> MissionActive [o]
[taskset-1]         [o] mission_selector [*]
[taskset-1]             [-] mission_object_response [x]
[taskset-1]                 --> ObjectSeen [x]
[taskset-1]                 --> HandleObjectAction [-]
[taskset-1]             [-] mission_progress [*]
[taskset-1]                 --> PublishMoveGoal [o]
[taskset-1]                 --> GoToObject [o]
[taskset-1]                 --> CheckStopCondition [*]
[taskset-1]                 --> AdvanceMove [-]
[taskset-1]     [-] navigation [-]
[taskset-1]         --> HasMpcGoal [-]
[taskset-1] 
[taskset-1] [INFO] [1791018827.780188555] [behavior_executor_node]: BT snapshot -- root=RUNNING, lanes: emergency=FAILURE | mission=RUNNING | navigation=INVALID
[taskset-1] [o] root [*]
[taskset-1]     [-] emergency [x]
[taskset-1]         [o] emergency_condition [x]
[taskset-1]             --> IsBatteryLow [x]
[taskset-1]             --> IsEmergencyStopTriggered [x]
[taskset-1]             --> IsProximityTooClose [x]
[taskset-1]             --> IsSystemOverheated [x]
[taskset-1]         --> Stop [-]
[taskset-1]     [-] mission [*]
[taskset-1]         --> MissionActive [o]
[taskset-1]         [o] mission_selector [*]
[taskset-1]             [-] mission_object_response [x]
[taskset-1]                 --> ObjectSeen [x]
[taskset-1]                 --> HandleObjectAction [-]
[taskset-1]             [-] mission_progress [*]
[taskset-1]                 --> PublishMoveGoal [o]
[taskset-1]                 --> GoToObject [o]
[taskset-1]                 --> CheckStopCondition [*]
[taskset-1]                 --> AdvanceMove [-]
[taskset-1]     [-] navigation [-]
[taskset-1]         --> HasMpcGoal [-]
[taskset-1] 
[taskset-1] [INFO] [1791018828.394006267] [behavior_executor_node]: [IsProximityTooClose] DIAG scan: total=1081 in_window=721 excluded_by_filter=0 min_in_window=0.904 front_min=1.686
[taskset-1] [INFO] [1791018828.780225956] [behavior_executor_node]: BT snapshot -- root=RUNNING, lanes: emergency=FAILURE | mission=RUNNING | navigation=INVALID
[taskset-1] [o] root [*]
[taskset-1]     [-] emergency [x]
[taskset-1]         [o] emergency_condition [x]
[taskset-1]             --> IsBatteryLow [x]
[taskset-1]             --> IsEmergencyStopTriggered [x]
[taskset-1]             --> IsProximityTooClose [x]
[taskset-1]             --> IsSystemOverheated [x]
[taskset-1]         --> Stop [-]
[taskset-1]     [-] mission [*]
[taskset-1]         --> MissionActive [o]
[taskset-1]         [o] mission_selector [*]
[taskset-1]             [-] mission_object_response [x]
[taskset-1]                 --> ObjectSeen [x]
[taskset-1]                 --> HandleObjectAction [-]
[taskset-1]             [-] mission_progress [*]
[taskset-1]                 --> PublishMoveGoal [o]
[taskset-1]                 --> GoToObject [o]
[taskset-1]                 --> CheckStopCondition [*]
[taskset-1]                 --> AdvanceMove [-]
[taskset-1]     [-] navigation [-]
[taskset-1]         --> HasMpcGoal [-]
[taskset-1] 
[taskset-1] [INFO] [1791018829.788602871] [behavior_executor_node]: BT snapshot -- root=RUNNING, lanes: emergency=FAILURE | mission=RUNNING | navigation=INVALID
[taskset-1] [o] root [*]
[taskset-1]     [-] emergency [x]
[taskset-1]         [o] emergency_condition [x]
[taskset-1]             --> IsBatteryLow [x]
[taskset-1]             --> IsEmergencyStopTriggered [x]
[taskset-1]             --> IsProximityTooClose [x]
[taskset-1]             --> IsSystemOverheated [x]
[taskset-1]         --> Stop [-]
[taskset-1]     [-] mission [*]
[taskset-1]         --> MissionActive [o]
[taskset-1]         [o] mission_selector [*]
[taskset-1]             [-] mission_object_response [x]
[taskset-1]                 --> ObjectSeen [x]
[taskset-1]                 --> HandleObjectAction [-]
[taskset-1]             [-] mission_progress [*]
[taskset-1]                 --> PublishMoveGoal [o]
[taskset-1]                 --> GoToObject [o]
[taskset-1]                 --> CheckStopCondition [*]
[taskset-1]                 --> AdvanceMove [-]
[taskset-1]     [-] navigation [-]
[taskset-1]         --> HasMpcGoal [-]
[taskset-1] 
[taskset-1] [INFO] [1791018830.403303319] [behavior_executor_node]: [IsProximityTooClose] DIAG scan: total=1081 in_window=721 excluded_by_filter=0 min_in_window=0.992 front_min=1.950
[taskset-1] [INFO] [1791018830.880295008] [behavior_executor_node]: BT snapshot -- root=RUNNING, lanes: emergency=FAILURE | mission=RUNNING | navigation=INVALID
[taskset-1] [o] root [*]
[taskset-1]     [-] emergency [x]
[taskset-1]         [o] emergency_condition [x]
[taskset-1]             --> IsBatteryLow [x]
[taskset-1]             --> IsEmergencyStopTriggered [x]
[taskset-1]             --> IsProximityTooClose [x]
[taskset-1]             --> IsSystemOverheated [x]
[taskset-1]         --> Stop [-]
[taskset-1]     [-] mission [*]
[taskset-1]         --> MissionActive [o]
[taskset-1]         [o] mission_selector [*]
[taskset-1]             [-] mission_object_response [x]
[taskset-1]                 --> ObjectSeen [x]
[taskset-1]                 --> HandleObjectAction [-]
[taskset-1]             [-] mission_progress [*]
[taskset-1]                 --> PublishMoveGoal [o]
[taskset-1]                 --> GoToObject [o]
[taskset-1]                 --> CheckStopCondition [*]
[taskset-1]                 --> AdvanceMove [-]
[taskset-1]     [-] navigation [-]
[taskset-1]         --> HasMpcGoal [-]
[taskset-1] 
[taskset-1] [INFO] [1791018831.980058625] [behavior_executor_node]: [mission] Move 'hold_12s' outcome: stop_condition.type='time_elapsed' stops on a sensor/time signal, not a predetermined distance -- move.goal_distance is only a safety ceiling here, not scored against
[taskset-1] [INFO] [1791018831.980865225] [behavior_executor_node]: [mission] 'phase5_logger_hold' COMPLETE after move 'hold_12s'.
[taskset-1] [INFO] [1791018831.983368795] [behavior_executor_node]: [mission] 'phase5_logger_hold' summary written to /home/andre/dev_ws/f1tenth_more/src/f1tenth_behavior/mission_reports/phase5_logger_hold_20261003T111339.json (aggregate score=None).
[taskset-1] [INFO] [1791018831.984457849] [behavior_executor_node]: BT snapshot -- root=SUCCESS, lanes: emergency=FAILURE | mission=SUCCESS | navigation=INVALID
[taskset-1] [o] root [o]
[taskset-1]     [-] emergency [x]
[taskset-1]         [o] emergency_condition [x]
[taskset-1]             --> IsBatteryLow [x]
[taskset-1]             --> IsEmergencyStopTriggered [x]
[taskset-1]             --> IsProximityTooClose [x]
[taskset-1]             --> IsSystemOverheated [x]
[taskset-1]         --> Stop [-]
[taskset-1]     [-] mission [o]
[taskset-1]         --> MissionActive [o]
[taskset-1]         [o] mission_selector [o]
[taskset-1]             [-] mission_object_response [x]
[taskset-1]                 --> ObjectSeen [x]
[taskset-1]                 --> HandleObjectAction [-]
[taskset-1]             [-] mission_progress [o]
[taskset-1]                 --> PublishMoveGoal [o]
[taskset-1]                 --> GoToObject [o]
[taskset-1]                 --> CheckStopCondition [o]
[taskset-1]                 --> AdvanceMove [o]
[taskset-1]     [-] navigation [-]
[taskset-1]         --> HasMpcGoal [-]
[taskset-1] 
[taskset-1] [INFO] [1791018832.403315786] [behavior_executor_node]: [IsProximityTooClose] DIAG scan: total=1081 in_window=721 excluded_by_filter=0 min_in_window=0.989 front_min=2.854
[taskset-1] [INFO] [1791018832.989924899] [behavior_executor_node]: BT snapshot -- root=SUCCESS, lanes: emergency=FAILURE | mission=FAILURE | navigation=SUCCESS
[taskset-1] [o] root [o]
[taskset-1]     [-] emergency [x]
[taskset-1]         [o] emergency_condition [x]
[taskset-1]             --> IsBatteryLow [x]
[taskset-1]             --> IsEmergencyStopTriggered [x]
[taskset-1]             --> IsProximityTooClose [x]
[taskset-1]             --> IsSystemOverheated [x]
[taskset-1]         --> Stop [-]
[taskset-1]     [-] mission [x]
[taskset-1]         --> MissionActive [x]
[taskset-1]         [o] mission_selector [-]
[taskset-1]             [-] mission_object_response [-]
[taskset-1]                 --> ObjectSeen [-]
[taskset-1]                 --> HandleObjectAction [-]
[taskset-1]             [-] mission_progress [-]
[taskset-1]                 --> PublishMoveGoal [-]
[taskset-1]                 --> GoToObject [-]
[taskset-1]                 --> CheckStopCondition [-]
[taskset-1]                 --> AdvanceMove [-]
[taskset-1]     [-] navigation [o]
[taskset-1]         --> HasMpcGoal [o]
[taskset-1] 
[taskset-1] [INFO] [1791018834.079730225] [behavior_executor_node]: BT snapshot -- root=SUCCESS, lanes: emergency=FAILURE | mission=FAILURE | navigation=SUCCESS
[taskset-1] [o] root [o]
[taskset-1]     [-] emergency [x]
[taskset-1]         [o] emergency_condition [x]
[taskset-1]             --> IsBatteryLow [x]
[taskset-1]             --> IsEmergencyStopTriggered [x]
[taskset-1]             --> IsProximityTooClose [x]
[taskset-1]             --> IsSystemOverheated [x]
[taskset-1]         --> Stop [-]
[taskset-1]     [-] mission [x]
[taskset-1]         --> MissionActive [x]
[taskset-1]         [o] mission_selector [-]
[taskset-1]             [-] mission_object_response [-]
[taskset-1]                 --> ObjectSeen [-]
[taskset-1]                 --> HandleObjectAction [-]
[taskset-1]             [-] mission_progress [-]
[taskset-1]                 --> PublishMoveGoal [-]
[taskset-1]                 --> GoToObject [-]
[taskset-1]                 --> CheckStopCondition [-]
[taskset-1]                 --> AdvanceMove [-]
[taskset-1]     [-] navigation [o]
[taskset-1]         --> HasMpcGoal [o]
[taskset-1] 
[taskset-1] [INFO] [1791018834.404509159] [behavior_executor_node]: [IsProximityTooClose] DIAG scan: total=1081 in_window=721 excluded_by_filter=0 min_in_window=1.071 front_min=1.749
[taskset-1] [INFO] [1791018835.179764970] [behavior_executor_node]: BT snapshot -- root=SUCCESS, lanes: emergency=FAILURE | mission=FAILURE | navigation=SUCCESS
[taskset-1] [o] root [o]
[taskset-1]     [-] emergency [x]
[taskset-1]         [o] emergency_condition [x]
[taskset-1]             --> IsBatteryLow [x]
[taskset-1]             --> IsEmergencyStopTriggered [x]
[taskset-1]             --> IsProximityTooClose [x]
[taskset-1]             --> IsSystemOverheated [x]
[taskset-1]         --> Stop [-]
[taskset-1]     [-] mission [x]
[taskset-1]         --> MissionActive [x]
[taskset-1]         [o] mission_selector [-]
[taskset-1]             [-] mission_object_response [-]
[taskset-1]                 --> ObjectSeen [-]
[taskset-1]                 --> HandleObjectAction [-]
[taskset-1]             [-] mission_progress [-]
[taskset-1]                 --> PublishMoveGoal [-]
[taskset-1]                 --> GoToObject [-]
[taskset-1]                 --> CheckStopCondition [-]
[taskset-1]                 --> AdvanceMove [-]
[taskset-1]     [-] navigation [o]
[taskset-1]         --> HasMpcGoal [o]
[taskset-1] 
[taskset-1] [INFO] [1791018836.185616381] [behavior_executor_node]: BT snapshot -- root=SUCCESS, lanes: emergency=FAILURE | mission=FAILURE | navigation=SUCCESS
[taskset-1] [o] root [o]
[taskset-1]     [-] emergency [x]
[taskset-1]         [o] emergency_condition [x]
[taskset-1]             --> IsBatteryLow [x]
[taskset-1]             --> IsEmergencyStopTriggered [x]
[taskset-1]             --> IsProximityTooClose [x]
[taskset-1]             --> IsSystemOverheated [x]
[taskset-1]         --> Stop [-]
[taskset-1]     [-] mission [x]
[taskset-1]         --> MissionActive [x]
[taskset-1]         [o] mission_selector [-]
[taskset-1]             [-] mission_object_response [-]
[taskset-1]                 --> ObjectSeen [-]
[taskset-1]                 --> HandleObjectAction [-]
[taskset-1]             [-] mission_progress [-]
[taskset-1]                 --> PublishMoveGoal [-]
[taskset-1]                 --> GoToObject [-]
[taskset-1]                 --> CheckStopCondition [-]
[taskset-1]                 --> AdvanceMove [-]
[taskset-1]     [-] navigation [o]
[taskset-1]         --> HasMpcGoal [o]
[taskset-1] 
[taskset-1] [INFO] [1791018836.406401883] [behavior_executor_node]: [IsProximityTooClose] DIAG scan: total=1081 in_window=721 excluded_by_filter=0 min_in_window=1.382 front_min=2.146
[taskset-1] [INFO] [1791018837.280017059] [behavior_executor_node]: BT snapshot -- root=SUCCESS, lanes: emergency=FAILURE | mission=FAILURE | navigation=SUCCESS
[taskset-1] [o] root [o]
[taskset-1]     [-] emergency [x]
[taskset-1]         [o] emergency_condition [x]
[taskset-1]             --> IsBatteryLow [x]
[taskset-1]             --> IsEmergencyStopTriggered [x]
[taskset-1]             --> IsProximityTooClose [x]
[taskset-1]             --> IsSystemOverheated [x]
[taskset-1]         --> Stop [-]
[taskset-1]     [-] mission [x]
[taskset-1]         --> MissionActive [x]
[taskset-1]         [o] mission_selector [-]
[taskset-1]             [-] mission_object_response [-]
[taskset-1]                 --> ObjectSeen [-]
[taskset-1]                 --> HandleObjectAction [-]
[taskset-1]             [-] mission_progress [-]
[taskset-1]                 --> PublishMoveGoal [-]
[taskset-1]                 --> GoToObject [-]
[taskset-1]                 --> CheckStopCondition [-]
[taskset-1]                 --> AdvanceMove [-]
[taskset-1]     [-] navigation [o]
[taskset-1]         --> HasMpcGoal [o]
[taskset-1] 
[taskset-1] [INFO] [1791018838.280138958] [behavior_executor_node]: BT snapshot -- root=SUCCESS, lanes: emergency=FAILURE | mission=FAILURE | navigation=SUCCESS
[taskset-1] [o] root [o]
[taskset-1]     [-] emergency [x]
[taskset-1]         [o] emergency_condition [x]
[taskset-1]             --> IsBatteryLow [x]
[taskset-1]             --> IsEmergencyStopTriggered [x]
[taskset-1]             --> IsProximityTooClose [x]
[taskset-1]             --> IsSystemOverheated [x]
[taskset-1]         --> Stop [-]
[taskset-1]     [-] mission [x]
[taskset-1]         --> MissionActive [x]
[taskset-1]         [o] mission_selector [-]
[taskset-1]             [-] mission_object_response [-]
[taskset-1]                 --> ObjectSeen [-]
[taskset-1]                 --> HandleObjectAction [-]
[taskset-1]             [-] mission_progress [-]
[taskset-1]                 --> PublishMoveGoal [-]
[taskset-1]                 --> GoToObject [-]
[taskset-1]                 --> CheckStopCondition [-]
[taskset-1]                 --> AdvanceMove [-]
[taskset-1]     [-] navigation [o]
[taskset-1]         --> HasMpcGoal [o]
[taskset-1] 
[taskset-1] [INFO] [1791018838.411282708] [behavior_executor_node]: [IsProximityTooClose] DIAG scan: total=1081 in_window=721 excluded_by_filter=0 min_in_window=1.496 front_min=1.763
[taskset-1] [INFO] [1791018839.280161559] [behavior_executor_node]: BT snapshot -- root=SUCCESS, lanes: emergency=FAILURE | mission=FAILURE | navigation=SUCCESS
[taskset-1] [o] root [o]
[taskset-1]     [-] emergency [x]
[taskset-1]         [o] emergency_condition [x]
[taskset-1]             --> IsBatteryLow [x]
[taskset-1]             --> IsEmergencyStopTriggered [x]
[taskset-1]             --> IsProximityTooClose [x]
[taskset-1]             --> IsSystemOverheated [x]
[taskset-1]         --> Stop [-]
[taskset-1]     [-] mission [x]
[taskset-1]         --> MissionActive [x]
[taskset-1]         [o] mission_selector [-]
[taskset-1]             [-] mission_object_response [-]
[taskset-1]                 --> ObjectSeen [-]
[taskset-1]                 --> HandleObjectAction [-]
[taskset-1]             [-] mission_progress [-]
[taskset-1]                 --> PublishMoveGoal [-]
[taskset-1]                 --> GoToObject [-]
[taskset-1]                 --> CheckStopCondition [-]
[taskset-1]                 --> AdvanceMove [-]
[taskset-1]     [-] navigation [o]
[taskset-1]         --> HasMpcGoal [o]
[taskset-1] 
[taskset-1] [INFO] [1791018840.522049187] [behavior_executor_node]: BT snapshot -- root=SUCCESS, lanes: emergency=FAILURE | mission=FAILURE | navigation=SUCCESS
[taskset-1] [o] root [o]
[taskset-1]     [-] emergency [x]
[taskset-1]         [o] emergency_condition [x]
[taskset-1]             --> IsBatteryLow [x]
[taskset-1]             --> IsEmergencyStopTriggered [x]
[taskset-1]             --> IsProximityTooClose [x]
[taskset-1]             --> IsSystemOverheated [x]
[taskset-1]         --> Stop [-]
[taskset-1]     [-] mission [x]
[taskset-1]         --> MissionActive [x]
[taskset-1]         [o] mission_selector [-]
[taskset-1]             [-] mission_object_response [-]
[taskset-1]                 --> ObjectSeen [-]
[taskset-1]                 --> HandleObjectAction [-]
[taskset-1]             [-] mission_progress [-]
[taskset-1]                 --> PublishMoveGoal [-]
[taskset-1]                 --> GoToObject [-]
[taskset-1]                 --> CheckStopCondition [-]
[taskset-1]                 --> AdvanceMove [-]
[taskset-1]     [-] navigation [o]
[taskset-1]         --> HasMpcGoal [o]
[taskset-1] 
[taskset-1] [INFO] [1791018840.523835981] [behavior_executor_node]: [IsProximityTooClose] DIAG scan: total=1081 in_window=721 excluded_by_filter=0 min_in_window=1.209 front_min=1.891
[taskset-1] [INFO] [1791018841.579892292] [behavior_executor_node]: BT snapshot -- root=SUCCESS, lanes: emergency=FAILURE | mission=FAILURE | navigation=SUCCESS
[taskset-1] [o] root [o]
[taskset-1]     [-] emergency [x]
[taskset-1]         [o] emergency_condition [x]
[taskset-1]             --> IsBatteryLow [x]
[taskset-1]             --> IsEmergencyStopTriggered [x]
[taskset-1]             --> IsProximityTooClose [x]
[taskset-1]             --> IsSystemOverheated [x]
[taskset-1]         --> Stop [-]
[taskset-1]     [-] mission [x]
[taskset-1]         --> MissionActive [x]
[taskset-1]         [o] mission_selector [-]
[taskset-1]             [-] mission_object_response [-]
[taskset-1]                 --> ObjectSeen [-]
[taskset-1]                 --> HandleObjectAction [-]
[taskset-1]             [-] mission_progress [-]
[taskset-1]                 --> PublishMoveGoal [-]
[taskset-1]                 --> GoToObject [-]
[taskset-1]                 --> CheckStopCondition [-]
[taskset-1]                 --> AdvanceMove [-]
[taskset-1]     [-] navigation [o]
[taskset-1]         --> HasMpcGoal [o]
[taskset-1] 
[taskset-1] [INFO] [1791018842.542781154] [behavior_executor_node]: [IsProximityTooClose] DIAG scan: total=1081 in_window=721 excluded_by_filter=0 min_in_window=1.319 front_min=1.683
[taskset-1] [INFO] [1791018842.580004110] [behavior_executor_node]: BT snapshot -- root=SUCCESS, lanes: emergency=FAILURE | mission=FAILURE | navigation=SUCCESS
[taskset-1] [o] root [o]
[taskset-1]     [-] emergency [x]
[taskset-1]         [o] emergency_condition [x]
[taskset-1]             --> IsBatteryLow [x]
[taskset-1]             --> IsEmergencyStopTriggered [x]
[taskset-1]             --> IsProximityTooClose [x]
[taskset-1]             --> IsSystemOverheated [x]
[taskset-1]         --> Stop [-]
[taskset-1]     [-] mission [x]
[taskset-1]         --> MissionActive [x]
[taskset-1]         [o] mission_selector [-]
[taskset-1]             [-] mission_object_response [-]
[taskset-1]                 --> ObjectSeen [-]
[taskset-1]                 --> HandleObjectAction [-]
[taskset-1]             [-] mission_progress [-]
[taskset-1]                 --> PublishMoveGoal [-]
[taskset-1]                 --> GoToObject [-]
[taskset-1]                 --> CheckStopCondition [-]
[taskset-1]                 --> AdvanceMove [-]
[taskset-1]     [-] navigation [o]
[taskset-1]         --> HasMpcGoal [o]
[taskset-1] 
[taskset-1] [INFO] [1791018843.679996857] [behavior_executor_node]: BT snapshot -- root=SUCCESS, lanes: emergency=FAILURE | mission=FAILURE | navigation=SUCCESS
[taskset-1] [o] root [o]
[taskset-1]     [-] emergency [x]
[taskset-1]         [o] emergency_condition [x]
[taskset-1]             --> IsBatteryLow [x]
[taskset-1]             --> IsEmergencyStopTriggered [x]
[taskset-1]             --> IsProximityTooClose [x]
[taskset-1]             --> IsSystemOverheated [x]
[taskset-1]         --> Stop [-]
[taskset-1]     [-] mission [x]
[taskset-1]         --> MissionActive [x]
[taskset-1]         [o] mission_selector [-]
[taskset-1]             [-] mission_object_response [-]
[taskset-1]                 --> ObjectSeen [-]
[taskset-1]                 --> HandleObjectAction [-]
[taskset-1]             [-] mission_progress [-]
[taskset-1]                 --> PublishMoveGoal [-]
[taskset-1]                 --> GoToObject [-]
[taskset-1]                 --> CheckStopCondition [-]
[taskset-1]                 --> AdvanceMove [-]
[taskset-1]     [-] navigation [o]
[taskset-1]         --> HasMpcGoal [o]
[taskset-1] 
[taskset-1] [INFO] [1791018844.591424542] [behavior_executor_node]: [IsProximityTooClose] DIAG scan: total=1081 in_window=721 excluded_by_filter=0 min_in_window=1.022 front_min=1.881
[taskset-1] [INFO] [1791018844.789163754] [behavior_executor_node]: BT snapshot -- root=SUCCESS, lanes: emergency=FAILURE | mission=FAILURE | navigation=SUCCESS
[taskset-1] [o] root [o]
[taskset-1]     [-] emergency [x]
[taskset-1]         [o] emergency_condition [x]
[taskset-1]             --> IsBatteryLow [x]
[taskset-1]             --> IsEmergencyStopTriggered [x]
[taskset-1]             --> IsProximityTooClose [x]
[taskset-1]             --> IsSystemOverheated [x]
[taskset-1]         --> Stop [-]
[taskset-1]     [-] mission [x]
[taskset-1]         --> MissionActive [x]
[taskset-1]         [o] mission_selector [-]
[taskset-1]             [-] mission_object_response [-]
[taskset-1]                 --> ObjectSeen [-]
[taskset-1]                 --> HandleObjectAction [-]
[taskset-1]             [-] mission_progress [-]
[taskset-1]                 --> PublishMoveGoal [-]
[taskset-1]                 --> GoToObject [-]
[taskset-1]                 --> CheckStopCondition [-]
[taskset-1]                 --> AdvanceMove [-]
[taskset-1]     [-] navigation [o]
[taskset-1]         --> HasMpcGoal [o]
[taskset-1] 
[taskset-1] [INFO] [1791018845.880197818] [behavior_executor_node]: BT snapshot -- root=SUCCESS, lanes: emergency=FAILURE | mission=FAILURE | navigation=SUCCESS
[taskset-1] [o] root [o]
[taskset-1]     [-] emergency [x]
[taskset-1]         [o] emergency_condition [x]
[taskset-1]             --> IsBatteryLow [x]
[taskset-1]             --> IsEmergencyStopTriggered [x]
[taskset-1]             --> IsProximityTooClose [x]
[taskset-1]             --> IsSystemOverheated [x]
[taskset-1]         --> Stop [-]
[taskset-1]     [-] mission [x]
[taskset-1]         --> MissionActive [x]
[taskset-1]         [o] mission_selector [-]
[taskset-1]             [-] mission_object_response [-]
[taskset-1]                 --> ObjectSeen [-]
[taskset-1]                 --> HandleObjectAction [-]
[taskset-1]             [-] mission_progress [-]
[taskset-1]                 --> PublishMoveGoal [-]
[taskset-1]                 --> GoToObject [-]
[taskset-1]                 --> CheckStopCondition [-]
[taskset-1]                 --> AdvanceMove [-]
[taskset-1]     [-] navigation [o]
[taskset-1]         --> HasMpcGoal [o]
[taskset-1] 
[taskset-1] [INFO] [1791018846.604737980] [behavior_executor_node]: [IsProximityTooClose] DIAG scan: total=1081 in_window=721 excluded_by_filter=0 min_in_window=0.871 front_min=1.660
[taskset-1] [INFO] [1791018846.891542560] [behavior_executor_node]: BT snapshot -- root=SUCCESS, lanes: emergency=FAILURE | mission=FAILURE | navigation=SUCCESS
[taskset-1] [o] root [o]
[taskset-1]     [-] emergency [x]
[taskset-1]         [o] emergency_condition [x]
[taskset-1]             --> IsBatteryLow [x]
[taskset-1]             --> IsEmergencyStopTriggered [x]
[taskset-1]             --> IsProximityTooClose [x]
[taskset-1]             --> IsSystemOverheated [x]
[taskset-1]         --> Stop [-]
[taskset-1]     [-] mission [x]
[taskset-1]         --> MissionActive [x]
[taskset-1]         [o] mission_selector [-]
[taskset-1]             [-] mission_object_response [-]
[taskset-1]                 --> ObjectSeen [-]
[taskset-1]                 --> HandleObjectAction [-]
[taskset-1]             [-] mission_progress [-]
[taskset-1]                 --> PublishMoveGoal [-]
[taskset-1]                 --> GoToObject [-]
[taskset-1]                 --> CheckStopCondition [-]
[taskset-1]                 --> AdvanceMove [-]
[taskset-1]     [-] navigation [o]
[taskset-1]         --> HasMpcGoal [o]
[taskset-1] 
[taskset-1] [INFO] [1791018847.894822190] [behavior_executor_node]: BT snapshot -- root=SUCCESS, lanes: emergency=FAILURE | mission=FAILURE | navigation=SUCCESS
[taskset-1] [o] root [o]
[taskset-1]     [-] emergency [x]
[taskset-1]         [o] emergency_condition [x]
[taskset-1]             --> IsBatteryLow [x]
[taskset-1]             --> IsEmergencyStopTriggered [x]
[taskset-1]             --> IsProximityTooClose [x]
[taskset-1]             --> IsSystemOverheated [x]
[taskset-1]         --> Stop [-]
[taskset-1]     [-] mission [x]
[taskset-1]         --> MissionActive [x]
[taskset-1]         [o] mission_selector [-]
[taskset-1]             [-] mission_object_response [-]
[taskset-1]                 --> ObjectSeen [-]
[taskset-1]                 --> HandleObjectAction [-]
[taskset-1]             [-] mission_progress [-]
[taskset-1]                 --> PublishMoveGoal [-]
[taskset-1]                 --> GoToObject [-]
[taskset-1]                 --> CheckStopCondition [-]
[taskset-1]                 --> AdvanceMove [-]
[taskset-1]     [-] navigation [o]
[taskset-1]         --> HasMpcGoal [o]
[taskset-1] 
[taskset-1] [INFO] [1791018848.608621872] [behavior_executor_node]: [IsProximityTooClose] DIAG scan: total=1081 in_window=721 excluded_by_filter=0 min_in_window=0.622 front_min=1.643
[taskset-1] [INFO] [1791018849.024152893] [behavior_executor_node]: BT snapshot -- root=SUCCESS, lanes: emergency=FAILURE | mission=FAILURE | navigation=SUCCESS
[taskset-1] [o] root [o]
[taskset-1]     [-] emergency [x]
[taskset-1]         [o] emergency_condition [x]
[taskset-1]             --> IsBatteryLow [x]
[taskset-1]             --> IsEmergencyStopTriggered [x]
[taskset-1]             --> IsProximityTooClose [x]
[taskset-1]             --> IsSystemOverheated [x]
[taskset-1]         --> Stop [-]
[taskset-1]     [-] mission [x]
[taskset-1]         --> MissionActive [x]
[taskset-1]         [o] mission_selector [-]
[taskset-1]             [-] mission_object_response [-]
[taskset-1]                 --> ObjectSeen [-]
[taskset-1]                 --> HandleObjectAction [-]
[taskset-1]             [-] mission_progress [-]
[taskset-1]                 --> PublishMoveGoal [-]
[taskset-1]                 --> GoToObject [-]
[taskset-1]                 --> CheckStopCondition [-]
[taskset-1]                 --> AdvanceMove [-]
[taskset-1]     [-] navigation [o]
[taskset-1]         --> HasMpcGoal [o]
[taskset-1] 
[taskset-1] [INFO] [1791018850.079837147] [behavior_executor_node]: BT snapshot -- root=SUCCESS, lanes: emergency=FAILURE | mission=FAILURE | navigation=SUCCESS
[taskset-1] [o] root [o]
[taskset-1]     [-] emergency [x]
[taskset-1]         [o] emergency_condition [x]
[taskset-1]             --> IsBatteryLow [x]
[taskset-1]             --> IsEmergencyStopTriggered [x]
[taskset-1]             --> IsProximityTooClose [x]
[taskset-1]             --> IsSystemOverheated [x]
[taskset-1]         --> Stop [-]
[taskset-1]     [-] mission [x]
[taskset-1]         --> MissionActive [x]
[taskset-1]         [o] mission_selector [-]
[taskset-1]             [-] mission_object_response [-]
[taskset-1]                 --> ObjectSeen [-]
[taskset-1]                 --> HandleObjectAction [-]
[taskset-1]             [-] mission_progress [-]
[taskset-1]                 --> PublishMoveGoal [-]
[taskset-1]                 --> GoToObject [-]
[taskset-1]                 --> CheckStopCondition [-]
[taskset-1]                 --> AdvanceMove [-]
[taskset-1]     [-] navigation [o]
[taskset-1]         --> HasMpcGoal [o]
[taskset-1] 
[taskset-1] [INFO] [1791018850.691027933] [behavior_executor_node]: [IsProximityTooClose] DIAG scan: total=1081 in_window=721 excluded_by_filter=0 min_in_window=0.544 front_min=1.645
[taskset-1] [INFO] [1791018851.080013233] [behavior_executor_node]: BT snapshot -- root=SUCCESS, lanes: emergency=FAILURE | mission=FAILURE | navigation=SUCCESS
[taskset-1] [o] root [o]
[taskset-1]     [-] emergency [x]
[taskset-1]         [o] emergency_condition [x]
[taskset-1]             --> IsBatteryLow [x]
[taskset-1]             --> IsEmergencyStopTriggered [x]
[taskset-1]             --> IsProximityTooClose [x]
[taskset-1]             --> IsSystemOverheated [x]
[taskset-1]         --> Stop [-]
[taskset-1]     [-] mission [x]
[taskset-1]         --> MissionActive [x]
[taskset-1]         [o] mission_selector [-]
[taskset-1]             [-] mission_object_response [-]
[taskset-1]                 --> ObjectSeen [-]
[taskset-1]                 --> HandleObjectAction [-]
[taskset-1]             [-] mission_progress [-]
[taskset-1]                 --> PublishMoveGoal [-]
[taskset-1]                 --> GoToObject [-]
[taskset-1]                 --> CheckStopCondition [-]
[taskset-1]                 --> AdvanceMove [-]
[taskset-1]     [-] navigation [o]
[taskset-1]         --> HasMpcGoal [o]
[taskset-1] 
[taskset-1] [INFO] [1791018852.088648046] [behavior_executor_node]: BT snapshot -- root=SUCCESS, lanes: emergency=FAILURE | mission=FAILURE | navigation=SUCCESS
[taskset-1] [o] root [o]
[taskset-1]     [-] emergency [x]
[taskset-1]         [o] emergency_condition [x]
[taskset-1]             --> IsBatteryLow [x]
[taskset-1]             --> IsEmergencyStopTriggered [x]
[taskset-1]             --> IsProximityTooClose [x]
[taskset-1]             --> IsSystemOverheated [x]
[taskset-1]         --> Stop [-]
[taskset-1]     [-] mission [x]
[taskset-1]         --> MissionActive [x]
[taskset-1]         [o] mission_selector [-]
[taskset-1]             [-] mission_object_response [-]
[taskset-1]                 --> ObjectSeen [-]
[taskset-1]                 --> HandleObjectAction [-]
[taskset-1]             [-] mission_progress [-]
[taskset-1]                 --> PublishMoveGoal [-]
[taskset-1]                 --> GoToObject [-]
[taskset-1]                 --> CheckStopCondition [-]
[taskset-1]                 --> AdvanceMove [-]
[taskset-1]     [-] navigation [o]
[taskset-1]         --> HasMpcGoal [o]
[taskset-1] 
[taskset-1] [INFO] [1791018852.895992667] [behavior_executor_node]: [IsProximityTooClose] DIAG scan: total=1081 in_window=721 excluded_by_filter=0 min_in_window=0.595 front_min=1.513
[taskset-1] [INFO] [1791018853.181349830] [behavior_executor_node]: BT snapshot -- root=SUCCESS, lanes: emergency=FAILURE | mission=FAILURE | navigation=SUCCESS
[taskset-1] [o] root [o]
[taskset-1]     [-] emergency [x]
[taskset-1]         [o] emergency_condition [x]
[taskset-1]             --> IsBatteryLow [x]
[taskset-1]             --> IsEmergencyStopTriggered [x]
[taskset-1]             --> IsProximityTooClose [x]
[taskset-1]             --> IsSystemOverheated [x]
[taskset-1]         --> Stop [-]
[taskset-1]     [-] mission [x]
[taskset-1]         --> MissionActive [x]
[taskset-1]         [o] mission_selector [-]
[taskset-1]             [-] mission_object_response [-]
[taskset-1]                 --> ObjectSeen [-]
[taskset-1]                 --> HandleObjectAction [-]
[taskset-1]             [-] mission_progress [-]
[taskset-1]                 --> PublishMoveGoal [-]
[taskset-1]                 --> GoToObject [-]
[taskset-1]                 --> CheckStopCondition [-]
[taskset-1]                 --> AdvanceMove [-]
[taskset-1]     [-] navigation [o]
[taskset-1]         --> HasMpcGoal [o]
[taskset-1] 
[taskset-1] [INFO] [1791018854.302080121] [behavior_executor_node]: BT snapshot -- root=SUCCESS, lanes: emergency=FAILURE | mission=FAILURE | navigation=SUCCESS
[taskset-1] [o] root [o]
[taskset-1]     [-] emergency [x]
[taskset-1]         [o] emergency_condition [x]
[taskset-1]             --> IsBatteryLow [x]
[taskset-1]             --> IsEmergencyStopTriggered [x]
[taskset-1]             --> IsProximityTooClose [x]
[taskset-1]             --> IsSystemOverheated [x]
[taskset-1]         --> Stop [-]
[taskset-1]     [-] mission [x]
[taskset-1]         --> MissionActive [x]
[taskset-1]         [o] mission_selector [-]
[taskset-1]             [-] mission_object_response [-]
[taskset-1]                 --> ObjectSeen [-]
[taskset-1]                 --> HandleObjectAction [-]
[taskset-1]             [-] mission_progress [-]
[taskset-1]                 --> PublishMoveGoal [-]
[taskset-1]                 --> GoToObject [-]
[taskset-1]                 --> CheckStopCondition [-]
[taskset-1]                 --> AdvanceMove [-]
[taskset-1]     [-] navigation [o]
[taskset-1]         --> HasMpcGoal [o]
[taskset-1] 
[taskset-1] [INFO] [1791018854.900019526] [behavior_executor_node]: [IsProximityTooClose] DIAG scan: total=1081 in_window=721 excluded_by_filter=0 min_in_window=0.611 front_min=1.449
[taskset-1] [INFO] [1791018855.381935563] [behavior_executor_node]: BT snapshot -- root=SUCCESS, lanes: emergency=FAILURE | mission=FAILURE | navigation=SUCCESS
[taskset-1] [o] root [o]
[taskset-1]     [-] emergency [x]
[taskset-1]         [o] emergency_condition [x]
[taskset-1]             --> IsBatteryLow [x]
[taskset-1]             --> IsEmergencyStopTriggered [x]
[taskset-1]             --> IsProximityTooClose [x]
[taskset-1]             --> IsSystemOverheated [x]
[taskset-1]         --> Stop [-]
[taskset-1]     [-] mission [x]
[taskset-1]         --> MissionActive [x]
[taskset-1]         [o] mission_selector [-]
[taskset-1]             [-] mission_object_response [-]
[taskset-1]                 --> ObjectSeen [-]
[taskset-1]                 --> HandleObjectAction [-]
[taskset-1]             [-] mission_progress [-]
[taskset-1]                 --> PublishMoveGoal [-]
[taskset-1]                 --> GoToObject [-]
[taskset-1]                 --> CheckStopCondition [-]
[taskset-1]                 --> AdvanceMove [-]
[taskset-1]     [-] navigation [o]
[taskset-1]         --> HasMpcGoal [o]
[taskset-1] 
[taskset-1] [INFO] [1791018856.615408176] [behavior_executor_node]: BT snapshot -- root=SUCCESS, lanes: emergency=FAILURE | mission=FAILURE | navigation=SUCCESS
[taskset-1] [o] root [o]
[taskset-1]     [-] emergency [x]
[taskset-1]         [o] emergency_condition [x]
[taskset-1]             --> IsBatteryLow [x]
[taskset-1]             --> IsEmergencyStopTriggered [x]
[taskset-1]             --> IsProximityTooClose [x]
[taskset-1]             --> IsSystemOverheated [x]
[taskset-1]         --> Stop [-]
[taskset-1]     [-] mission [x]
[taskset-1]         --> MissionActive [x]
[taskset-1]         [o] mission_selector [-]
[taskset-1]             [-] mission_object_response [-]
[taskset-1]                 --> ObjectSeen [-]
[taskset-1]                 --> HandleObjectAction [-]
[taskset-1]             [-] mission_progress [-]
[taskset-1]                 --> PublishMoveGoal [-]
[taskset-1]                 --> GoToObject [-]
[taskset-1]                 --> CheckStopCondition [-]
[taskset-1]                 --> AdvanceMove [-]
[taskset-1]     [-] navigation [o]
[taskset-1]         --> HasMpcGoal [o]
[taskset-1] 
[taskset-1] [INFO] [1791018856.906929077] [behavior_executor_node]: [IsProximityTooClose] DIAG scan: total=1081 in_window=721 excluded_by_filter=0 min_in_window=1.033 front_min=1.059
[taskset-1] [INFO] [1791018857.679701530] [behavior_executor_node]: BT snapshot -- root=SUCCESS, lanes: emergency=FAILURE | mission=FAILURE | navigation=SUCCESS
[taskset-1] [o] root [o]
[taskset-1]     [-] emergency [x]
[taskset-1]         [o] emergency_condition [x]
[taskset-1]             --> IsBatteryLow [x]
[taskset-1]             --> IsEmergencyStopTriggered [x]
[taskset-1]             --> IsProximityTooClose [x]
[taskset-1]             --> IsSystemOverheated [x]
[taskset-1]         --> Stop [-]
[taskset-1]     [-] mission [x]
[taskset-1]         --> MissionActive [x]
[taskset-1]         [o] mission_selector [-]
[taskset-1]             [-] mission_object_response [-]
[taskset-1]                 --> ObjectSeen [-]
[taskset-1]                 --> HandleObjectAction [-]
[taskset-1]             [-] mission_progress [-]
[taskset-1]                 --> PublishMoveGoal [-]
[taskset-1]                 --> GoToObject [-]
[taskset-1]                 --> CheckStopCondition [-]
[taskset-1]                 --> AdvanceMove [-]
[taskset-1]     [-] navigation [o]
[taskset-1]         --> HasMpcGoal [o]
[taskset-1] 
[taskset-1] [INFO] [1791018858.688902490] [behavior_executor_node]: BT snapshot -- root=SUCCESS, lanes: emergency=FAILURE | mission=FAILURE | navigation=SUCCESS
[taskset-1] [o] root [o]
[taskset-1]     [-] emergency [x]
[taskset-1]         [o] emergency_condition [x]
[taskset-1]             --> IsBatteryLow [x]
[taskset-1]             --> IsEmergencyStopTriggered [x]
[taskset-1]             --> IsProximityTooClose [x]
[taskset-1]             --> IsSystemOverheated [x]
[taskset-1]         --> Stop [-]
[taskset-1]     [-] mission [x]
[taskset-1]         --> MissionActive [x]
[taskset-1]         [o] mission_selector [-]
[taskset-1]             [-] mission_object_response [-]
[taskset-1]                 --> ObjectSeen [-]
[taskset-1]                 --> HandleObjectAction [-]
[taskset-1]             [-] mission_progress [-]
[taskset-1]                 --> PublishMoveGoal [-]
[taskset-1]                 --> GoToObject [-]
[taskset-1]                 --> CheckStopCondition [-]
[taskset-1]                 --> AdvanceMove [-]
[taskset-1]     [-] navigation [o]
[taskset-1]         --> HasMpcGoal [o]
[taskset-1] 
[taskset-1] [INFO] [1791018858.907456237] [behavior_executor_node]: [IsProximityTooClose] DIAG scan: total=1081 in_window=721 excluded_by_filter=0 min_in_window=0.858 front_min=1.224
[taskset-1] [INFO] [1791018859.779329699] [behavior_executor_node]: BT snapshot -- root=SUCCESS, lanes: emergency=FAILURE | mission=FAILURE | navigation=SUCCESS
[taskset-1] [o] root [o]
[taskset-1]     [-] emergency [x]
[taskset-1]         [o] emergency_condition [x]
[taskset-1]             --> IsBatteryLow [x]
[taskset-1]             --> IsEmergencyStopTriggered [x]
[taskset-1]             --> IsProximityTooClose [x]
[taskset-1]             --> IsSystemOverheated [x]
[taskset-1]         --> Stop [-]
[taskset-1]     [-] mission [x]
[taskset-1]         --> MissionActive [x]
[taskset-1]         [o] mission_selector [-]
[taskset-1]             [-] mission_object_response [-]
[taskset-1]                 --> ObjectSeen [-]
[taskset-1]                 --> HandleObjectAction [-]
[taskset-1]             [-] mission_progress [-]
[taskset-1]                 --> PublishMoveGoal [-]
[taskset-1]                 --> GoToObject [-]
[taskset-1]                 --> CheckStopCondition [-]
[taskset-1]                 --> AdvanceMove [-]
[taskset-1]     [-] navigation [o]
[taskset-1]         --> HasMpcGoal [o]
[taskset-1] 
[taskset-1] [INFO] [1791018860.879156515] [behavior_executor_node]: BT snapshot -- root=SUCCESS, lanes: emergency=FAILURE | mission=FAILURE | navigation=SUCCESS
[taskset-1] [o] root [o]
[taskset-1]     [-] emergency [x]
[taskset-1]         [o] emergency_condition [x]
[taskset-1]             --> IsBatteryLow [x]
[taskset-1]             --> IsEmergencyStopTriggered [x]
[taskset-1]             --> IsProximityTooClose [x]
[taskset-1]             --> IsSystemOverheated [x]
[taskset-1]         --> Stop [-]
[taskset-1]     [-] mission [x]
[taskset-1]         --> MissionActive [x]
[taskset-1]         [o] mission_selector [-]
[taskset-1]             [-] mission_object_response [-]
[taskset-1]                 --> ObjectSeen [-]
[taskset-1]                 --> HandleObjectAction [-]
[taskset-1]             [-] mission_progress [-]
[taskset-1]                 --> PublishMoveGoal [-]
[taskset-1]                 --> GoToObject [-]
[taskset-1]                 --> CheckStopCondition [-]
[taskset-1]                 --> AdvanceMove [-]
[taskset-1]     [-] navigation [o]
[taskset-1]         --> HasMpcGoal [o]
[taskset-1] 
[taskset-1] [INFO] [1791018860.914037316] [behavior_executor_node]: [IsProximityTooClose] DIAG scan: total=1081 in_window=721 excluded_by_filter=0 min_in_window=0.772 front_min=1.788
[taskset-1] [INFO] [1791018861.879804534] [behavior_executor_node]: BT snapshot -- root=SUCCESS, lanes: emergency=FAILURE | mission=FAILURE | navigation=SUCCESS
[taskset-1] [o] root [o]
[taskset-1]     [-] emergency [x]
[taskset-1]         [o] emergency_condition [x]
[taskset-1]             --> IsBatteryLow [x]
[taskset-1]             --> IsEmergencyStopTriggered [x]
[taskset-1]             --> IsProximityTooClose [x]
[taskset-1]             --> IsSystemOverheated [x]
[taskset-1]         --> Stop [-]
[taskset-1]     [-] mission [x]
[taskset-1]         --> MissionActive [x]
[taskset-1]         [o] mission_selector [-]
[taskset-1]             [-] mission_object_response [-]
[taskset-1]                 --> ObjectSeen [-]
[taskset-1]                 --> HandleObjectAction [-]
[taskset-1]             [-] mission_progress [-]
[taskset-1]                 --> PublishMoveGoal [-]
[taskset-1]                 --> GoToObject [-]
[taskset-1]                 --> CheckStopCondition [-]
[taskset-1]                 --> AdvanceMove [-]
[taskset-1]     [-] navigation [o]
[taskset-1]         --> HasMpcGoal [o]
[taskset-1] 
[taskset-1] [INFO] [1791018862.970371970] [behavior_executor_node]: [IsProximityTooClose] DIAG scan: total=1081 in_window=721 excluded_by_filter=0 min_in_window=0.864 front_min=1.307
[taskset-1] [INFO] [1791018862.979209938] [behavior_executor_node]: BT snapshot -- root=SUCCESS, lanes: emergency=FAILURE | mission=FAILURE | navigation=SUCCESS
[taskset-1] [o] root [o]
[taskset-1]     [-] emergency [x]
[taskset-1]         [o] emergency_condition [x]
[taskset-1]             --> IsBatteryLow [x]
[taskset-1]             --> IsEmergencyStopTriggered [x]
[taskset-1]             --> IsProximityTooClose [x]
[taskset-1]             --> IsSystemOverheated [x]
[taskset-1]         --> Stop [-]
[taskset-1]     [-] mission [x]
[taskset-1]         --> MissionActive [x]
[taskset-1]         [o] mission_selector [-]
[taskset-1]             [-] mission_object_response [-]
[taskset-1]                 --> ObjectSeen [-]
[taskset-1]                 --> HandleObjectAction [-]
[taskset-1]             [-] mission_progress [-]
[taskset-1]                 --> PublishMoveGoal [-]
[taskset-1]                 --> GoToObject [-]
[taskset-1]                 --> CheckStopCondition [-]
[taskset-1]                 --> AdvanceMove [-]
[taskset-1]     [-] navigation [o]
[taskset-1]         --> HasMpcGoal [o]
[taskset-1] 
[taskset-1] [INFO] [1791018864.079182601] [behavior_executor_node]: BT snapshot -- root=SUCCESS, lanes: emergency=FAILURE | mission=FAILURE | navigation=SUCCESS
[taskset-1] [o] root [o]
[taskset-1]     [-] emergency [x]
[taskset-1]         [o] emergency_condition [x]
[taskset-1]             --> IsBatteryLow [x]
[taskset-1]             --> IsEmergencyStopTriggered [x]
[taskset-1]             --> IsProximityTooClose [x]
[taskset-1]             --> IsSystemOverheated [x]
[taskset-1]         --> Stop [-]
[taskset-1]     [-] mission [x]
[taskset-1]         --> MissionActive [x]
[taskset-1]         [o] mission_selector [-]
[taskset-1]             [-] mission_object_response [-]
[taskset-1]                 --> ObjectSeen [-]
[taskset-1]                 --> HandleObjectAction [-]
[taskset-1]             [-] mission_progress [-]
[taskset-1]                 --> PublishMoveGoal [-]
[taskset-1]                 --> GoToObject [-]
[taskset-1]                 --> CheckStopCondition [-]
[taskset-1]                 --> AdvanceMove [-]
[taskset-1]     [-] navigation [o]
[taskset-1]         --> HasMpcGoal [o]
[taskset-1] 
[taskset-1] [INFO] [1791018864.987179389] [behavior_executor_node]: [IsProximityTooClose] DIAG scan: total=1081 in_window=721 excluded_by_filter=0 min_in_window=0.858 front_min=1.281
[taskset-1] [INFO] [1791018865.080024837] [behavior_executor_node]: BT snapshot -- root=SUCCESS, lanes: emergency=FAILURE | mission=FAILURE | navigation=SUCCESS
[taskset-1] [o] root [o]
[taskset-1]     [-] emergency [x]
[taskset-1]         [o] emergency_condition [x]
[taskset-1]             --> IsBatteryLow [x]
[taskset-1]             --> IsEmergencyStopTriggered [x]
[taskset-1]             --> IsProximityTooClose [x]
[taskset-1]             --> IsSystemOverheated [x]
[taskset-1]         --> Stop [-]
[taskset-1]     [-] mission [x]
[taskset-1]         --> MissionActive [x]
[taskset-1]         [o] mission_selector [-]
[taskset-1]             [-] mission_object_response [-]
[taskset-1]                 --> ObjectSeen [-]
[taskset-1]                 --> HandleObjectAction [-]
[taskset-1]             [-] mission_progress [-]
[taskset-1]                 --> PublishMoveGoal [-]
[taskset-1]                 --> GoToObject [-]
[taskset-1]                 --> CheckStopCondition [-]
[taskset-1]                 --> AdvanceMove [-]
[taskset-1]     [-] navigation [o]
[taskset-1]         --> HasMpcGoal [o]
[taskset-1] 
[taskset-1] [INFO] [1791018866.089889102] [behavior_executor_node]: BT snapshot -- root=SUCCESS, lanes: emergency=FAILURE | mission=FAILURE | navigation=SUCCESS
[taskset-1] [o] root [o]
[taskset-1]     [-] emergency [x]
[taskset-1]         [o] emergency_condition [x]
[taskset-1]             --> IsBatteryLow [x]
[taskset-1]             --> IsEmergencyStopTriggered [x]
[taskset-1]             --> IsProximityTooClose [x]
[taskset-1]             --> IsSystemOverheated [x]
[taskset-1]         --> Stop [-]
[taskset-1]     [-] mission [x]
[taskset-1]         --> MissionActive [x]
[taskset-1]         [o] mission_selector [-]
[taskset-1]             [-] mission_object_response [-]
[taskset-1]                 --> ObjectSeen [-]
[taskset-1]                 --> HandleObjectAction [-]
[taskset-1]             [-] mission_progress [-]
[taskset-1]                 --> PublishMoveGoal [-]
[taskset-1]                 --> GoToObject [-]
[taskset-1]                 --> CheckStopCondition [-]
[taskset-1]                 --> AdvanceMove [-]
[taskset-1]     [-] navigation [o]
[taskset-1]         --> HasMpcGoal [o]
[taskset-1] 
[taskset-1] [INFO] [1791018867.035279286] [behavior_executor_node]: [IsProximityTooClose] DIAG scan: total=1081 in_window=721 excluded_by_filter=0 min_in_window=0.876 front_min=2.143
[taskset-1] [INFO] [1791018867.179962187] [behavior_executor_node]: BT snapshot -- root=SUCCESS, lanes: emergency=FAILURE | mission=FAILURE | navigation=SUCCESS
[taskset-1] [o] root [o]
[taskset-1]     [-] emergency [x]
[taskset-1]         [o] emergency_condition [x]
[taskset-1]             --> IsBatteryLow [x]
[taskset-1]             --> IsEmergencyStopTriggered [x]
[taskset-1]             --> IsProximityTooClose [x]
[taskset-1]             --> IsSystemOverheated [x]
[taskset-1]         --> Stop [-]
[taskset-1]     [-] mission [x]
[taskset-1]         --> MissionActive [x]
[taskset-1]         [o] mission_selector [-]
[taskset-1]             [-] mission_object_response [-]
[taskset-1]                 --> ObjectSeen [-]
[taskset-1]                 --> HandleObjectAction [-]
[taskset-1]             [-] mission_progress [-]
[taskset-1]                 --> PublishMoveGoal [-]
[taskset-1]                 --> GoToObject [-]
[taskset-1]                 --> CheckStopCondition [-]
[taskset-1]                 --> AdvanceMove [-]
[taskset-1]     [-] navigation [o]
[taskset-1]         --> HasMpcGoal [o]
[taskset-1] 
[taskset-1] [INFO] [1791018868.199021596] [behavior_executor_node]: BT snapshot -- root=SUCCESS, lanes: emergency=FAILURE | mission=FAILURE | navigation=SUCCESS
[taskset-1] [o] root [o]
[taskset-1]     [-] emergency [x]
[taskset-1]         [o] emergency_condition [x]
[taskset-1]             --> IsBatteryLow [x]
[taskset-1]             --> IsEmergencyStopTriggered [x]
[taskset-1]             --> IsProximityTooClose [x]
[taskset-1]             --> IsSystemOverheated [x]
[taskset-1]         --> Stop [-]
[taskset-1]     [-] mission [x]
[taskset-1]         --> MissionActive [x]
[taskset-1]         [o] mission_selector [-]
[taskset-1]             [-] mission_object_response [-]
[taskset-1]                 --> ObjectSeen [-]
[taskset-1]                 --> HandleObjectAction [-]
[taskset-1]             [-] mission_progress [-]
[taskset-1]                 --> PublishMoveGoal [-]
[taskset-1]                 --> GoToObject [-]
[taskset-1]                 --> CheckStopCondition [-]
[taskset-1]                 --> AdvanceMove [-]
[taskset-1]     [-] navigation [o]
[taskset-1]         --> HasMpcGoal [o]
[taskset-1] 
[taskset-1] [INFO] [1791018869.036385409] [behavior_executor_node]: [IsProximityTooClose] DIAG scan: total=1081 in_window=721 excluded_by_filter=0 min_in_window=0.895 front_min=2.360
[taskset-1] [INFO] [1791018869.200523281] [behavior_executor_node]: BT snapshot -- root=SUCCESS, lanes: emergency=FAILURE | mission=FAILURE | navigation=SUCCESS
[taskset-1] [o] root [o]
[taskset-1]     [-] emergency [x]
[taskset-1]         [o] emergency_condition [x]
[taskset-1]             --> IsBatteryLow [x]
[taskset-1]             --> IsEmergencyStopTriggered [x]
[taskset-1]             --> IsProximityTooClose [x]
[taskset-1]             --> IsSystemOverheated [x]
[taskset-1]         --> Stop [-]
[taskset-1]     [-] mission [x]
[taskset-1]         --> MissionActive [x]
[taskset-1]         [o] mission_selector [-]
[taskset-1]             [-] mission_object_response [-]
[taskset-1]                 --> ObjectSeen [-]
[taskset-1]                 --> HandleObjectAction [-]
[taskset-1]             [-] mission_progress [-]
[taskset-1]                 --> PublishMoveGoal [-]
[taskset-1]                 --> GoToObject [-]
[taskset-1]                 --> CheckStopCondition [-]
[taskset-1]                 --> AdvanceMove [-]
[taskset-1]     [-] navigation [o]
[taskset-1]         --> HasMpcGoal [o]
[taskset-1] 
[taskset-1] [INFO] [1791018870.279312345] [behavior_executor_node]: BT snapshot -- root=SUCCESS, lanes: emergency=FAILURE | mission=FAILURE | navigation=SUCCESS
[taskset-1] [o] root [o]
[taskset-1]     [-] emergency [x]
[taskset-1]         [o] emergency_condition [x]
[taskset-1]             --> IsBatteryLow [x]
[taskset-1]             --> IsEmergencyStopTriggered [x]
[taskset-1]             --> IsProximityTooClose [x]
[taskset-1]             --> IsSystemOverheated [x]
[taskset-1]         --> Stop [-]
[taskset-1]     [-] mission [x]
[taskset-1]         --> MissionActive [x]
[taskset-1]         [o] mission_selector [-]
[taskset-1]             [-] mission_object_response [-]
[taskset-1]                 --> ObjectSeen [-]
[taskset-1]                 --> HandleObjectAction [-]
[taskset-1]             [-] mission_progress [-]
[taskset-1]                 --> PublishMoveGoal [-]
[taskset-1]                 --> GoToObject [-]
[taskset-1]                 --> CheckStopCondition [-]
[taskset-1]                 --> AdvanceMove [-]
[taskset-1]     [-] navigation [o]
[taskset-1]         --> HasMpcGoal [o]
[taskset-1] 
[taskset-1] [INFO] [1791018871.045769400] [behavior_executor_node]: [IsProximityTooClose] DIAG scan: total=1081 in_window=721 excluded_by_filter=0 min_in_window=0.943 front_min=1.594
[taskset-1] [INFO] [1791018871.279310698] [behavior_executor_node]: BT snapshot -- root=SUCCESS, lanes: emergency=FAILURE | mission=FAILURE | navigation=SUCCESS
[taskset-1] [o] root [o]
[taskset-1]     [-] emergency [x]
[taskset-1]         [o] emergency_condition [x]
[taskset-1]             --> IsBatteryLow [x]
[taskset-1]             --> IsEmergencyStopTriggered [x]
[taskset-1]             --> IsProximityTooClose [x]
[taskset-1]             --> IsSystemOverheated [x]
[taskset-1]         --> Stop [-]
[taskset-1]     [-] mission [x]
[taskset-1]         --> MissionActive [x]
[taskset-1]         [o] mission_selector [-]
[taskset-1]             [-] mission_object_response [-]
[taskset-1]                 --> ObjectSeen [-]
[taskset-1]                 --> HandleObjectAction [-]
[taskset-1]             [-] mission_progress [-]
[taskset-1]                 --> PublishMoveGoal [-]
[taskset-1]                 --> GoToObject [-]
[taskset-1]                 --> CheckStopCondition [-]
[taskset-1]                 --> AdvanceMove [-]
[taskset-1]     [-] navigation [o]
[taskset-1]         --> HasMpcGoal [o]
[taskset-1] 
[taskset-1] [INFO] [1791018872.279422608] [behavior_executor_node]: BT snapshot -- root=SUCCESS, lanes: emergency=FAILURE | mission=FAILURE | navigation=SUCCESS
[taskset-1] [o] root [o]
[taskset-1]     [-] emergency [x]
[taskset-1]         [o] emergency_condition [x]
[taskset-1]             --> IsBatteryLow [x]
[taskset-1]             --> IsEmergencyStopTriggered [x]
[taskset-1]             --> IsProximityTooClose [x]
[taskset-1]             --> IsSystemOverheated [x]
[taskset-1]         --> Stop [-]
[taskset-1]     [-] mission [x]
[taskset-1]         --> MissionActive [x]
[taskset-1]         [o] mission_selector [-]
[taskset-1]             [-] mission_object_response [-]
[taskset-1]                 --> ObjectSeen [-]
[taskset-1]                 --> HandleObjectAction [-]
[taskset-1]             [-] mission_progress [-]
[taskset-1]                 --> PublishMoveGoal [-]
[taskset-1]                 --> GoToObject [-]
[taskset-1]                 --> CheckStopCondition [-]
[taskset-1]                 --> AdvanceMove [-]
[taskset-1]     [-] navigation [o]
[taskset-1]         --> HasMpcGoal [o]
[taskset-1] 
[taskset-1] [INFO] [1791018873.065616667] [behavior_executor_node]: [IsProximityTooClose] DIAG scan: total=1081 in_window=721 excluded_by_filter=0 min_in_window=0.975 front_min=1.893
[taskset-1] [INFO] [1791018873.379244446] [behavior_executor_node]: BT snapshot -- root=SUCCESS, lanes: emergency=FAILURE | mission=FAILURE | navigation=SUCCESS
[taskset-1] [o] root [o]
[taskset-1]     [-] emergency [x]
[taskset-1]         [o] emergency_condition [x]
[taskset-1]             --> IsBatteryLow [x]
[taskset-1]             --> IsEmergencyStopTriggered [x]
[taskset-1]             --> IsProximityTooClose [x]
[taskset-1]             --> IsSystemOverheated [x]
[taskset-1]         --> Stop [-]
[taskset-1]     [-] mission [x]
[taskset-1]         --> MissionActive [x]
[taskset-1]         [o] mission_selector [-]
[taskset-1]             [-] mission_object_response [-]
[taskset-1]                 --> ObjectSeen [-]
[taskset-1]                 --> HandleObjectAction [-]
[taskset-1]             [-] mission_progress [-]
[taskset-1]                 --> PublishMoveGoal [-]
[taskset-1]                 --> GoToObject [-]
[taskset-1]                 --> CheckStopCondition [-]
[taskset-1]                 --> AdvanceMove [-]
[taskset-1]     [-] navigation [o]
[taskset-1]         --> HasMpcGoal [o]
[taskset-1] 
[taskset-1] [INFO] [1791018874.379201515] [behavior_executor_node]: BT snapshot -- root=SUCCESS, lanes: emergency=FAILURE | mission=FAILURE | navigation=SUCCESS
[taskset-1] [o] root [o]
[taskset-1]     [-] emergency [x]
[taskset-1]         [o] emergency_condition [x]
[taskset-1]             --> IsBatteryLow [x]
[taskset-1]             --> IsEmergencyStopTriggered [x]
[taskset-1]             --> IsProximityTooClose [x]
[taskset-1]             --> IsSystemOverheated [x]
[taskset-1]         --> Stop [-]
[taskset-1]     [-] mission [x]
[taskset-1]         --> MissionActive [x]
[taskset-1]         [o] mission_selector [-]
[taskset-1]             [-] mission_object_response [-]
[taskset-1]                 --> ObjectSeen [-]
[taskset-1]                 --> HandleObjectAction [-]
[taskset-1]             [-] mission_progress [-]
[taskset-1]                 --> PublishMoveGoal [-]
[taskset-1]                 --> GoToObject [-]
[taskset-1]                 --> CheckStopCondition [-]
[taskset-1]                 --> AdvanceMove [-]
[taskset-1]     [-] navigation [o]
[taskset-1]         --> HasMpcGoal [o]
[taskset-1] 
[taskset-1] [INFO] [1791018875.096131487] [behavior_executor_node]: [IsProximityTooClose] DIAG scan: total=1081 in_window=721 excluded_by_filter=0 min_in_window=1.025 front_min=2.836
[taskset-1] [INFO] [1791018875.379402196] [behavior_executor_node]: BT snapshot -- root=SUCCESS, lanes: emergency=FAILURE | mission=FAILURE | navigation=SUCCESS
[taskset-1] [o] root [o]
[taskset-1]     [-] emergency [x]
[taskset-1]         [o] emergency_condition [x]
[taskset-1]             --> IsBatteryLow [x]
[taskset-1]             --> IsEmergencyStopTriggered [x]
[taskset-1]             --> IsProximityTooClose [x]
[taskset-1]             --> IsSystemOverheated [x]
[taskset-1]         --> Stop [-]
[taskset-1]     [-] mission [x]
[taskset-1]         --> MissionActive [x]
[taskset-1]         [o] mission_selector [-]
[taskset-1]             [-] mission_object_response [-]
[taskset-1]                 --> ObjectSeen [-]
[taskset-1]                 --> HandleObjectAction [-]
[taskset-1]             [-] mission_progress [-]
[taskset-1]                 --> PublishMoveGoal [-]
[taskset-1]                 --> GoToObject [-]
[taskset-1]                 --> CheckStopCondition [-]
[taskset-1]                 --> AdvanceMove [-]
[taskset-1]     [-] navigation [o]
[taskset-1]         --> HasMpcGoal [o]
[taskset-1] 
[taskset-1] [INFO] [1791018876.479178857] [behavior_executor_node]: BT snapshot -- root=SUCCESS, lanes: emergency=FAILURE | mission=FAILURE | navigation=SUCCESS
[taskset-1] [o] root [o]
[taskset-1]     [-] emergency [x]
[taskset-1]         [o] emergency_condition [x]
[taskset-1]             --> IsBatteryLow [x]
[taskset-1]             --> IsEmergencyStopTriggered [x]
[taskset-1]             --> IsProximityTooClose [x]
[taskset-1]             --> IsSystemOverheated [x]
[taskset-1]         --> Stop [-]
[taskset-1]     [-] mission [x]
[taskset-1]         --> MissionActive [x]
[taskset-1]         [o] mission_selector [-]
[taskset-1]             [-] mission_object_response [-]
[taskset-1]                 --> ObjectSeen [-]
[taskset-1]                 --> HandleObjectAction [-]
[taskset-1]             [-] mission_progress [-]
[taskset-1]                 --> PublishMoveGoal [-]
[taskset-1]                 --> GoToObject [-]
[taskset-1]                 --> CheckStopCondition [-]
[taskset-1]                 --> AdvanceMove [-]
[taskset-1]     [-] navigation [o]
[taskset-1]         --> HasMpcGoal [o]
[taskset-1] 
[taskset-1] [INFO] [1791018877.128581583] [behavior_executor_node]: [IsProximityTooClose] DIAG scan: total=1081 in_window=721 excluded_by_filter=0 min_in_window=1.053 front_min=1.711
[taskset-1] [INFO] [1791018877.480073850] [behavior_executor_node]: BT snapshot -- root=SUCCESS, lanes: emergency=FAILURE | mission=FAILURE | navigation=SUCCESS
[taskset-1] [o] root [o]
[taskset-1]     [-] emergency [x]
[taskset-1]         [o] emergency_condition [x]
[taskset-1]             --> IsBatteryLow [x]
[taskset-1]             --> IsEmergencyStopTriggered [x]
[taskset-1]             --> IsProximityTooClose [x]
[taskset-1]             --> IsSystemOverheated [x]
[taskset-1]         --> Stop [-]
[taskset-1]     [-] mission [x]
[taskset-1]         --> MissionActive [x]
[taskset-1]         [o] mission_selector [-]
[taskset-1]             [-] mission_object_response [-]
[taskset-1]                 --> ObjectSeen [-]
[taskset-1]                 --> HandleObjectAction [-]
[taskset-1]             [-] mission_progress [-]
[taskset-1]                 --> PublishMoveGoal [-]
[taskset-1]                 --> GoToObject [-]
[taskset-1]                 --> CheckStopCondition [-]
[taskset-1]                 --> AdvanceMove [-]
[taskset-1]     [-] navigation [o]
[taskset-1]         --> HasMpcGoal [o]
[taskset-1] 
[taskset-1] [INFO] [1791018878.579340754] [behavior_executor_node]: BT snapshot -- root=SUCCESS, lanes: emergency=FAILURE | mission=FAILURE | navigation=SUCCESS
[taskset-1] [o] root [o]
[taskset-1]     [-] emergency [x]
[taskset-1]         [o] emergency_condition [x]
[taskset-1]             --> IsBatteryLow [x]
[taskset-1]             --> IsEmergencyStopTriggered [x]
[taskset-1]             --> IsProximityTooClose [x]
[taskset-1]             --> IsSystemOverheated [x]
[taskset-1]         --> Stop [-]
[taskset-1]     [-] mission [x]
[taskset-1]         --> MissionActive [x]
[taskset-1]         [o] mission_selector [-]
[taskset-1]             [-] mission_object_response [-]
[taskset-1]                 --> ObjectSeen [-]
[taskset-1]                 --> HandleObjectAction [-]
[taskset-1]             [-] mission_progress [-]
[taskset-1]                 --> PublishMoveGoal [-]
[taskset-1]                 --> GoToObject [-]
[taskset-1]                 --> CheckStopCondition [-]
[taskset-1]                 --> AdvanceMove [-]
[taskset-1]     [-] navigation [o]
[taskset-1]         --> HasMpcGoal [o]
[taskset-1] 
[taskset-1] [INFO] [1791018879.161776891] [behavior_executor_node]: [IsProximityTooClose] DIAG scan: total=1081 in_window=721 excluded_by_filter=0 min_in_window=1.436 front_min=2.085
[taskset-1] [INFO] [1791018879.679184620] [behavior_executor_node]: BT snapshot -- root=SUCCESS, lanes: emergency=FAILURE | mission=FAILURE | navigation=SUCCESS
[taskset-1] [o] root [o]
[taskset-1]     [-] emergency [x]
[taskset-1]         [o] emergency_condition [x]
[taskset-1]             --> IsBatteryLow [x]
[taskset-1]             --> IsEmergencyStopTriggered [x]
[taskset-1]             --> IsProximityTooClose [x]
[taskset-1]             --> IsSystemOverheated [x]
[taskset-1]         --> Stop [-]
[taskset-1]     [-] mission [x]
[taskset-1]         --> MissionActive [x]
[taskset-1]         [o] mission_selector [-]
[taskset-1]             [-] mission_object_response [-]
[taskset-1]                 --> ObjectSeen [-]
[taskset-1]                 --> HandleObjectAction [-]
[taskset-1]             [-] mission_progress [-]
[taskset-1]                 --> PublishMoveGoal [-]
[taskset-1]                 --> GoToObject [-]
[taskset-1]                 --> CheckStopCondition [-]
[taskset-1]                 --> AdvanceMove [-]
[taskset-1]     [-] navigation [o]
[taskset-1]         --> HasMpcGoal [o]
[taskset-1] 
[taskset-1] [INFO] [1791018880.779155893] [behavior_executor_node]: BT snapshot -- root=SUCCESS, lanes: emergency=FAILURE | mission=FAILURE | navigation=SUCCESS
[taskset-1] [o] root [o]
[taskset-1]     [-] emergency [x]
[taskset-1]         [o] emergency_condition [x]
[taskset-1]             --> IsBatteryLow [x]
[taskset-1]             --> IsEmergencyStopTriggered [x]
[taskset-1]             --> IsProximityTooClose [x]
[taskset-1]             --> IsSystemOverheated [x]
[taskset-1]         --> Stop [-]
[taskset-1]     [-] mission [x]
[taskset-1]         --> MissionActive [x]
[taskset-1]         [o] mission_selector [-]
[taskset-1]             [-] mission_object_response [-]
[taskset-1]                 --> ObjectSeen [-]
[taskset-1]                 --> HandleObjectAction [-]
[taskset-1]             [-] mission_progress [-]
[taskset-1]                 --> PublishMoveGoal [-]
[taskset-1]                 --> GoToObject [-]
[taskset-1]                 --> CheckStopCondition [-]
[taskset-1]                 --> AdvanceMove [-]
[taskset-1]     [-] navigation [o]
[taskset-1]         --> HasMpcGoal [o]
[taskset-1] 
[taskset-1] [INFO] [1791018881.175092404] [behavior_executor_node]: [IsProximityTooClose] DIAG scan: total=1081 in_window=721 excluded_by_filter=0 min_in_window=1.190 front_min=1.965
[taskset-1] [INFO] [1791018881.779257895] [behavior_executor_node]: BT snapshot -- root=SUCCESS, lanes: emergency=FAILURE | mission=FAILURE | navigation=SUCCESS
[taskset-1] [o] root [o]
[taskset-1]     [-] emergency [x]
[taskset-1]         [o] emergency_condition [x]
[taskset-1]             --> IsBatteryLow [x]
[taskset-1]             --> IsEmergencyStopTriggered [x]
[taskset-1]             --> IsProximityTooClose [x]
[taskset-1]             --> IsSystemOverheated [x]
[taskset-1]         --> Stop [-]
[taskset-1]     [-] mission [x]
[taskset-1]         --> MissionActive [x]
[taskset-1]         [o] mission_selector [-]
[taskset-1]             [-] mission_object_response [-]
[taskset-1]                 --> ObjectSeen [-]
[taskset-1]                 --> HandleObjectAction [-]
[taskset-1]             [-] mission_progress [-]
[taskset-1]                 --> PublishMoveGoal [-]
[taskset-1]                 --> GoToObject [-]
[taskset-1]                 --> CheckStopCondition [-]
[taskset-1]                 --> AdvanceMove [-]
[taskset-1]     [-] navigation [o]
[taskset-1]         --> HasMpcGoal [o]
[taskset-1] 
[taskset-1] [INFO] [1791018882.807709300] [behavior_executor_node]: BT snapshot -- root=SUCCESS, lanes: emergency=FAILURE | mission=FAILURE | navigation=SUCCESS
[taskset-1] [o] root [o]
[taskset-1]     [-] emergency [x]
[taskset-1]         [o] emergency_condition [x]
[taskset-1]             --> IsBatteryLow [x]
[taskset-1]             --> IsEmergencyStopTriggered [x]
[taskset-1]             --> IsProximityTooClose [x]
[taskset-1]             --> IsSystemOverheated [x]
[taskset-1]         --> Stop [-]
[taskset-1]     [-] mission [x]
[taskset-1]         --> MissionActive [x]
[taskset-1]         [o] mission_selector [-]
[taskset-1]             [-] mission_object_response [-]
[taskset-1]                 --> ObjectSeen [-]
[taskset-1]                 --> HandleObjectAction [-]
[taskset-1]             [-] mission_progress [-]
[taskset-1]                 --> PublishMoveGoal [-]
[taskset-1]                 --> GoToObject [-]
[taskset-1]                 --> CheckStopCondition [-]
[taskset-1]                 --> AdvanceMove [-]
[taskset-1]     [-] navigation [o]
[taskset-1]         --> HasMpcGoal [o]
[taskset-1] 
[taskset-1] [INFO] [1791018883.185034797] [behavior_executor_node]: [IsProximityTooClose] DIAG scan: total=1081 in_window=721 excluded_by_filter=0 min_in_window=1.207 front_min=1.803
[taskset-1] [INFO] [1791018883.879283550] [behavior_executor_node]: BT snapshot -- root=SUCCESS, lanes: emergency=FAILURE | mission=FAILURE | navigation=SUCCESS
[taskset-1] [o] root [o]
[taskset-1]     [-] emergency [x]
[taskset-1]         [o] emergency_condition [x]
[taskset-1]             --> IsBatteryLow [x]
[taskset-1]             --> IsEmergencyStopTriggered [x]
[taskset-1]             --> IsProximityTooClose [x]
[taskset-1]             --> IsSystemOverheated [x]
[taskset-1]         --> Stop [-]
[taskset-1]     [-] mission [x]
[taskset-1]         --> MissionActive [x]
[taskset-1]         [o] mission_selector [-]
[taskset-1]             [-] mission_object_response [-]
[taskset-1]                 --> ObjectSeen [-]
[taskset-1]                 --> HandleObjectAction [-]
[taskset-1]             [-] mission_progress [-]
[taskset-1]                 --> PublishMoveGoal [-]
[taskset-1]                 --> GoToObject [-]
[taskset-1]                 --> CheckStopCondition [-]
[taskset-1]                 --> AdvanceMove [-]
[taskset-1]     [-] navigation [o]
[taskset-1]         --> HasMpcGoal [o]
[taskset-1] 
[taskset-1] [INFO] [1791018884.879339256] [behavior_executor_node]: BT snapshot -- root=SUCCESS, lanes: emergency=FAILURE | mission=FAILURE | navigation=SUCCESS
[taskset-1] [o] root [o]
[taskset-1]     [-] emergency [x]
[taskset-1]         [o] emergency_condition [x]
[taskset-1]             --> IsBatteryLow [x]
[taskset-1]             --> IsEmergencyStopTriggered [x]
[taskset-1]             --> IsProximityTooClose [x]
[taskset-1]             --> IsSystemOverheated [x]
[taskset-1]         --> Stop [-]
[taskset-1]     [-] mission [x]
[taskset-1]         --> MissionActive [x]
[taskset-1]         [o] mission_selector [-]
[taskset-1]             [-] mission_object_response [-]
[taskset-1]                 --> ObjectSeen [-]
[taskset-1]                 --> HandleObjectAction [-]
[taskset-1]             [-] mission_progress [-]
[taskset-1]                 --> PublishMoveGoal [-]
[taskset-1]                 --> GoToObject [-]
[taskset-1]                 --> CheckStopCondition [-]
[taskset-1]                 --> AdvanceMove [-]
[taskset-1]     [-] navigation [o]
[taskset-1]         --> HasMpcGoal [o]
[taskset-1] 
[taskset-1] [INFO] [1791018885.185482994] [behavior_executor_node]: [IsProximityTooClose] DIAG scan: total=1081 in_window=721 excluded_by_filter=0 min_in_window=1.302 front_min=1.628
[taskset-1] [INFO] [1791018885.879310998] [behavior_executor_node]: BT snapshot -- root=SUCCESS, lanes: emergency=FAILURE | mission=FAILURE | navigation=SUCCESS
[taskset-1] [o] root [o]
[taskset-1]     [-] emergency [x]
[taskset-1]         [o] emergency_condition [x]
[taskset-1]             --> IsBatteryLow [x]
[taskset-1]             --> IsEmergencyStopTriggered [x]
[taskset-1]             --> IsProximityTooClose [x]
[taskset-1]             --> IsSystemOverheated [x]
[taskset-1]         --> Stop [-]
[taskset-1]     [-] mission [x]
[taskset-1]         --> MissionActive [x]
[taskset-1]         [o] mission_selector [-]
[taskset-1]             [-] mission_object_response [-]
[taskset-1]                 --> ObjectSeen [-]
[taskset-1]                 --> HandleObjectAction [-]
[taskset-1]             [-] mission_progress [-]
[taskset-1]                 --> PublishMoveGoal [-]
[taskset-1]                 --> GoToObject [-]
[taskset-1]                 --> CheckStopCondition [-]
[taskset-1]                 --> AdvanceMove [-]
[taskset-1]     [-] navigation [o]
[taskset-1]         --> HasMpcGoal [o]
[taskset-1] 
