[INFO] [launch]: All log files can be found below /home/andre/dev_ws/f1tenth_more/output/fix_batch_4/estop_hold/ros_log/2026-10-03-16-12-26-303539-thor-445436
[INFO] [launch]: Default logging verbosity is set to INFO
[INFO] [launch.user]: [behavior_bringup] enable_nav2 is false -- skipping the Nav2 readiness gate, launching behavior_executor_node and twist_to_ackermann_node immediately (navigation lane will stay idle until enable_nav2 is turned back on).
[INFO] [taskset-1]: process started with pid [445450]
[INFO] [twist_to_ackermann_node-2]: process started with pid [445451]
[taskset-1] [INFO] [1791036747.999337951] [behavior_executor_node]: [mission] mission_file_name parameter not set -- waiting for a path on /mission/load_path, or a call to /mission/load_mission (mission.state stays IDLE until then).
[taskset-1] [INFO] [1791036748.001144784] [behavior_executor_node]: No goal pose received yet -- waiting on /goal_pose (see HasGoalPose).
[taskset-1] [INFO] [1791036748.003833029] [behavior_executor_node]: BT safety config: camera_obstacle_stop=False lidar_safety_stop=True (front=0.15m side=0.15m) sys_obs_load_trip=False (needs 3 consecutive samples); camera obstacles reach the MPC via /perception/obstacles_2d regardless.
[taskset-1] [INFO] [1791036748.107992519] [behavior_executor_node]: BT snapshot -- root=FAILURE, lanes: emergency=FAILURE | mission=FAILURE | navigation=FAILURE
[taskset-1] [o] root [x]
[taskset-1]     [-] emergency [x]
[taskset-1]         [o] emergency_condition [x]
[taskset-1]             --> IsBatteryLow [x]
[taskset-1]             --> IsEmergencyStopTriggered [x]
[taskset-1]             --> IsProximityTooClose [x]
[taskset-1]             --> IsSystemOverheated [x]
[taskset-1]         --> Stop [-]
[taskset-1]     [-] mission [x]
[taskset-1]         --> MissionActive [x]
[taskset-1]         [o] mission_selector [-]
[taskset-1]             [-] mission_object_response [-]
[taskset-1]                 --> ObjectSeen [-]
[taskset-1]                 --> HandleObjectAction [-]
[taskset-1]             [-] mission_progress [-]
[taskset-1]                 --> PublishMoveGoal [-]
[taskset-1]                 --> GoToObject [-]
[taskset-1]                 --> CheckStopCondition [-]
[taskset-1]                 --> AdvanceMove [-]
[taskset-1]     [-] navigation [x]
[taskset-1]         --> HasMpcGoal [x]
[taskset-1] 
[taskset-1] [INFO] [1791036749.206654106] [behavior_executor_node]: BT snapshot -- root=FAILURE, lanes: emergency=FAILURE | mission=FAILURE | navigation=FAILURE
[taskset-1] [o] root [x]
[taskset-1]     [-] emergency [x]
[taskset-1]         [o] emergency_condition [x]
[taskset-1]             --> IsBatteryLow [x]
[taskset-1]             --> IsEmergencyStopTriggered [x]
[taskset-1]             --> IsProximityTooClose [x]
[taskset-1]             --> IsSystemOverheated [x]
[taskset-1]         --> Stop [-]
[taskset-1]     [-] mission [x]
[taskset-1]         --> MissionActive [x]
[taskset-1]         [o] mission_selector [-]
[taskset-1]             [-] mission_object_response [-]
[taskset-1]                 --> ObjectSeen [-]
[taskset-1]                 --> HandleObjectAction [-]
[taskset-1]             [-] mission_progress [-]
[taskset-1]                 --> PublishMoveGoal [-]
[taskset-1]                 --> GoToObject [-]
[taskset-1]                 --> CheckStopCondition [-]
[taskset-1]                 --> AdvanceMove [-]
[taskset-1]     [-] navigation [x]
[taskset-1]         --> HasMpcGoal [x]
[taskset-1] 
[taskset-1] [INFO] [1791036749.692005782] [behavior_executor_node]: [IsProximityTooClose] DIAG /scan layout (first message): angle_min=-2.3562 rad (-135.0 deg), angle_max=2.3562 rad (+135.0 deg), angle_increment=0.004363 rad (0.2500 deg), range_min=0.020 m, len(ranges)=1081
[taskset-1] [INFO] [1791036749.692960787] [behavior_executor_node]: [IsProximityTooClose] DIAG scan: total=1081 in_window=721 excluded_by_filter=0 min_in_window=1.137 front_min=1.860
[taskset-1] [INFO] [1791036750.206375921] [behavior_executor_node]: BT snapshot -- root=FAILURE, lanes: emergency=FAILURE | mission=FAILURE | navigation=FAILURE
[taskset-1] [o] root [x]
[taskset-1]     [-] emergency [x]
[taskset-1]         [o] emergency_condition [x]
[taskset-1]             --> IsBatteryLow [x]
[taskset-1]             --> IsEmergencyStopTriggered [x]
[taskset-1]             --> IsProximityTooClose [x]
[taskset-1]             --> IsSystemOverheated [x]
[taskset-1]         --> Stop [-]
[taskset-1]     [-] mission [x]
[taskset-1]         --> MissionActive [x]
[taskset-1]         [o] mission_selector [-]
[taskset-1]             [-] mission_object_response [-]
[taskset-1]                 --> ObjectSeen [-]
[taskset-1]                 --> HandleObjectAction [-]
[taskset-1]             [-] mission_progress [-]
[taskset-1]                 --> PublishMoveGoal [-]
[taskset-1]                 --> GoToObject [-]
[taskset-1]                 --> CheckStopCondition [-]
[taskset-1]                 --> AdvanceMove [-]
[taskset-1]     [-] navigation [x]
[taskset-1]         --> HasMpcGoal [x]
[taskset-1] 
[taskset-1] [INFO] [1791036751.306840794] [behavior_executor_node]: BT snapshot -- root=FAILURE, lanes: emergency=FAILURE | mission=FAILURE | navigation=FAILURE
[taskset-1] [o] root [x]
[taskset-1]     [-] emergency [x]
[taskset-1]         [o] emergency_condition [x]
[taskset-1]             --> IsBatteryLow [x]
[taskset-1]             --> IsEmergencyStopTriggered [x]
[taskset-1]             --> IsProximityTooClose [x]
[taskset-1]             --> IsSystemOverheated [x]
[taskset-1]         --> Stop [-]
[taskset-1]     [-] mission [x]
[taskset-1]         --> MissionActive [x]
[taskset-1]         [o] mission_selector [-]
[taskset-1]             [-] mission_object_response [-]
[taskset-1]                 --> ObjectSeen [-]
[taskset-1]                 --> HandleObjectAction [-]
[taskset-1]             [-] mission_progress [-]
[taskset-1]                 --> PublishMoveGoal [-]
[taskset-1]                 --> GoToObject [-]
[taskset-1]                 --> CheckStopCondition [-]
[taskset-1]                 --> AdvanceMove [-]
[taskset-1]     [-] navigation [x]
[taskset-1]         --> HasMpcGoal [x]
[taskset-1] 
[taskset-1] [INFO] [1791036751.702780059] [behavior_executor_node]: [IsProximityTooClose] DIAG scan: total=1081 in_window=721 excluded_by_filter=0 min_in_window=0.846 front_min=1.766
[taskset-1] [INFO] [1791036752.307070144] [behavior_executor_node]: BT snapshot -- root=FAILURE, lanes: emergency=FAILURE | mission=FAILURE | navigation=FAILURE
[taskset-1] [o] root [x]
[taskset-1]     [-] emergency [x]
[taskset-1]         [o] emergency_condition [x]
[taskset-1]             --> IsBatteryLow [x]
[taskset-1]             --> IsEmergencyStopTriggered [x]
[taskset-1]             --> IsProximityTooClose [x]
[taskset-1]             --> IsSystemOverheated [x]
[taskset-1]         --> Stop [-]
[taskset-1]     [-] mission [x]
[taskset-1]         --> MissionActive [x]
[taskset-1]         [o] mission_selector [-]
[taskset-1]             [-] mission_object_response [-]
[taskset-1]                 --> ObjectSeen [-]
[taskset-1]                 --> HandleObjectAction [-]
[taskset-1]             [-] mission_progress [-]
[taskset-1]                 --> PublishMoveGoal [-]
[taskset-1]                 --> GoToObject [-]
[taskset-1]                 --> CheckStopCondition [-]
[taskset-1]                 --> AdvanceMove [-]
[taskset-1]     [-] navigation [x]
[taskset-1]         --> HasMpcGoal [x]
[taskset-1] 
[taskset-1] [INFO] [1791036753.406395433] [behavior_executor_node]: BT snapshot -- root=FAILURE, lanes: emergency=FAILURE | mission=FAILURE | navigation=FAILURE
[taskset-1] [o] root [x]
[taskset-1]     [-] emergency [x]
[taskset-1]         [o] emergency_condition [x]
[taskset-1]             --> IsBatteryLow [x]
[taskset-1]             --> IsEmergencyStopTriggered [x]
[taskset-1]             --> IsProximityTooClose [x]
[taskset-1]             --> IsSystemOverheated [x]
[taskset-1]         --> Stop [-]
[taskset-1]     [-] mission [x]
[taskset-1]         --> MissionActive [x]
[taskset-1]         [o] mission_selector [-]
[taskset-1]             [-] mission_object_response [-]
[taskset-1]                 --> ObjectSeen [-]
[taskset-1]                 --> HandleObjectAction [-]
[taskset-1]             [-] mission_progress [-]
[taskset-1]                 --> PublishMoveGoal [-]
[taskset-1]                 --> GoToObject [-]
[taskset-1]                 --> CheckStopCondition [-]
[taskset-1]                 --> AdvanceMove [-]
[taskset-1]     [-] navigation [x]
[taskset-1]         --> HasMpcGoal [x]
[taskset-1] 
[taskset-1] [INFO] [1791036753.718297916] [behavior_executor_node]: [IsProximityTooClose] DIAG scan: total=1081 in_window=721 excluded_by_filter=0 min_in_window=0.629 front_min=1.643
[taskset-1] [INFO] [1791036754.506143327] [behavior_executor_node]: BT snapshot -- root=FAILURE, lanes: emergency=FAILURE | mission=FAILURE | navigation=FAILURE
[taskset-1] [o] root [x]
[taskset-1]     [-] emergency [x]
[taskset-1]         [o] emergency_condition [x]
[taskset-1]             --> IsBatteryLow [x]
[taskset-1]             --> IsEmergencyStopTriggered [x]
[taskset-1]             --> IsProximityTooClose [x]
[taskset-1]             --> IsSystemOverheated [x]
[taskset-1]         --> Stop [-]
[taskset-1]     [-] mission [x]
[taskset-1]         --> MissionActive [x]
[taskset-1]         [o] mission_selector [-]
[taskset-1]             [-] mission_object_response [-]
[taskset-1]                 --> ObjectSeen [-]
[taskset-1]                 --> HandleObjectAction [-]
[taskset-1]             [-] mission_progress [-]
[taskset-1]                 --> PublishMoveGoal [-]
[taskset-1]                 --> GoToObject [-]
[taskset-1]                 --> CheckStopCondition [-]
[taskset-1]                 --> AdvanceMove [-]
[taskset-1]     [-] navigation [x]
[taskset-1]         --> HasMpcGoal [x]
[taskset-1] 
[taskset-1] [INFO] [1791036755.506410731] [behavior_executor_node]: BT snapshot -- root=FAILURE, lanes: emergency=FAILURE | mission=FAILURE | navigation=FAILURE
[taskset-1] [o] root [x]
[taskset-1]     [-] emergency [x]
[taskset-1]         [o] emergency_condition [x]
[taskset-1]             --> IsBatteryLow [x]
[taskset-1]             --> IsEmergencyStopTriggered [x]
[taskset-1]             --> IsProximityTooClose [x]
[taskset-1]             --> IsSystemOverheated [x]
[taskset-1]         --> Stop [-]
[taskset-1]     [-] mission [x]
[taskset-1]         --> MissionActive [x]
[taskset-1]         [o] mission_selector [-]
[taskset-1]             [-] mission_object_response [-]
[taskset-1]                 --> ObjectSeen [-]
[taskset-1]                 --> HandleObjectAction [-]
[taskset-1]             [-] mission_progress [-]
[taskset-1]                 --> PublishMoveGoal [-]
[taskset-1]                 --> GoToObject [-]
[taskset-1]                 --> CheckStopCondition [-]
[taskset-1]                 --> AdvanceMove [-]
[taskset-1]     [-] navigation [x]
[taskset-1]         --> HasMpcGoal [x]
[taskset-1] 
[taskset-1] [INFO] [1791036755.726794333] [behavior_executor_node]: [IsProximityTooClose] DIAG scan: total=1081 in_window=721 excluded_by_filter=0 min_in_window=0.542 front_min=1.644
[taskset-1] [INFO] [1791036756.606135425] [behavior_executor_node]: BT snapshot -- root=FAILURE, lanes: emergency=FAILURE | mission=FAILURE | navigation=FAILURE
[taskset-1] [o] root [x]
[taskset-1]     [-] emergency [x]
[taskset-1]         [o] emergency_condition [x]
[taskset-1]             --> IsBatteryLow [x]
[taskset-1]             --> IsEmergencyStopTriggered [x]
[taskset-1]             --> IsProximityTooClose [x]
[taskset-1]             --> IsSystemOverheated [x]
[taskset-1]         --> Stop [-]
[taskset-1]     [-] mission [x]
[taskset-1]         --> MissionActive [x]
[taskset-1]         [o] mission_selector [-]
[taskset-1]             [-] mission_object_response [-]
[taskset-1]                 --> ObjectSeen [-]
[taskset-1]                 --> HandleObjectAction [-]
[taskset-1]             [-] mission_progress [-]
[taskset-1]                 --> PublishMoveGoal [-]
[taskset-1]                 --> GoToObject [-]
[taskset-1]                 --> CheckStopCondition [-]
[taskset-1]                 --> AdvanceMove [-]
[taskset-1]     [-] navigation [x]
[taskset-1]         --> HasMpcGoal [x]
[taskset-1] 
[taskset-1] [INFO] [1791036757.606190444] [behavior_executor_node]: BT snapshot -- root=FAILURE, lanes: emergency=FAILURE | mission=FAILURE | navigation=FAILURE
[taskset-1] [o] root [x]
[taskset-1]     [-] emergency [x]
[taskset-1]         [o] emergency_condition [x]
[taskset-1]             --> IsBatteryLow [x]
[taskset-1]             --> IsEmergencyStopTriggered [x]
[taskset-1]             --> IsProximityTooClose [x]
[taskset-1]             --> IsSystemOverheated [x]
[taskset-1]         --> Stop [-]
[taskset-1]     [-] mission [x]
[taskset-1]         --> MissionActive [x]
[taskset-1]         [o] mission_selector [-]
[taskset-1]             [-] mission_object_response [-]
[taskset-1]                 --> ObjectSeen [-]
[taskset-1]                 --> HandleObjectAction [-]
[taskset-1]             [-] mission_progress [-]
[taskset-1]                 --> PublishMoveGoal [-]
[taskset-1]                 --> GoToObject [-]
[taskset-1]                 --> CheckStopCondition [-]
[taskset-1]                 --> AdvanceMove [-]
[taskset-1]     [-] navigation [x]
[taskset-1]         --> HasMpcGoal [x]
[taskset-1] 
[taskset-1] [INFO] [1791036757.728238748] [behavior_executor_node]: [IsProximityTooClose] DIAG scan: total=1081 in_window=721 excluded_by_filter=0 min_in_window=0.596 front_min=1.514
[taskset-1] [INFO] [1791036758.706409017] [behavior_executor_node]: BT snapshot -- root=FAILURE, lanes: emergency=FAILURE | mission=FAILURE | navigation=FAILURE
[taskset-1] [o] root [x]
[taskset-1]     [-] emergency [x]
[taskset-1]         [o] emergency_condition [x]
[taskset-1]             --> IsBatteryLow [x]
[taskset-1]             --> IsEmergencyStopTriggered [x]
[taskset-1]             --> IsProximityTooClose [x]
[taskset-1]             --> IsSystemOverheated [x]
[taskset-1]         --> Stop [-]
[taskset-1]     [-] mission [x]
[taskset-1]         --> MissionActive [x]
[taskset-1]         [o] mission_selector [-]
[taskset-1]             [-] mission_object_response [-]
[taskset-1]                 --> ObjectSeen [-]
[taskset-1]                 --> HandleObjectAction [-]
[taskset-1]             [-] mission_progress [-]
[taskset-1]                 --> PublishMoveGoal [-]
[taskset-1]                 --> GoToObject [-]
[taskset-1]                 --> CheckStopCondition [-]
[taskset-1]                 --> AdvanceMove [-]
[taskset-1]     [-] navigation [x]
[taskset-1]         --> HasMpcGoal [x]
[taskset-1] 
[taskset-1] [INFO] [1791036759.728290318] [behavior_executor_node]: [IsProximityTooClose] DIAG scan: total=1081 in_window=721 excluded_by_filter=0 min_in_window=0.554 front_min=1.465
[taskset-1] [INFO] [1791036759.806326016] [behavior_executor_node]: BT snapshot -- root=FAILURE, lanes: emergency=FAILURE | mission=FAILURE | navigation=FAILURE
[taskset-1] [o] root [x]
[taskset-1]     [-] emergency [x]
[taskset-1]         [o] emergency_condition [x]
[taskset-1]             --> IsBatteryLow [x]
[taskset-1]             --> IsEmergencyStopTriggered [x]
[taskset-1]             --> IsProximityTooClose [x]
[taskset-1]             --> IsSystemOverheated [x]
[taskset-1]         --> Stop [-]
[taskset-1]     [-] mission [x]
[taskset-1]         --> MissionActive [x]
[taskset-1]         [o] mission_selector [-]
[taskset-1]             [-] mission_object_response [-]
[taskset-1]                 --> ObjectSeen [-]
[taskset-1]                 --> HandleObjectAction [-]
[taskset-1]             [-] mission_progress [-]
[taskset-1]                 --> PublishMoveGoal [-]
[taskset-1]                 --> GoToObject [-]
[taskset-1]                 --> CheckStopCondition [-]
[taskset-1]                 --> AdvanceMove [-]
[taskset-1]     [-] navigation [x]
[taskset-1]         --> HasMpcGoal [x]
[taskset-1] 
[taskset-1] [INFO] [1791036760.806277698] [behavior_executor_node]: BT snapshot -- root=FAILURE, lanes: emergency=FAILURE | mission=FAILURE | navigation=FAILURE
[taskset-1] [o] root [x]
[taskset-1]     [-] emergency [x]
[taskset-1]         [o] emergency_condition [x]
[taskset-1]             --> IsBatteryLow [x]
[taskset-1]             --> IsEmergencyStopTriggered [x]
[taskset-1]             --> IsProximityTooClose [x]
[taskset-1]             --> IsSystemOverheated [x]
[taskset-1]         --> Stop [-]
[taskset-1]     [-] mission [x]
[taskset-1]         --> MissionActive [x]
[taskset-1]         [o] mission_selector [-]
[taskset-1]             [-] mission_object_response [-]
[taskset-1]                 --> ObjectSeen [-]
[taskset-1]                 --> HandleObjectAction [-]
[taskset-1]             [-] mission_progress [-]
[taskset-1]                 --> PublishMoveGoal [-]
[taskset-1]                 --> GoToObject [-]
[taskset-1]                 --> CheckStopCondition [-]
[taskset-1]                 --> AdvanceMove [-]
[taskset-1]     [-] navigation [x]
[taskset-1]         --> HasMpcGoal [x]
[taskset-1] 
[taskset-1] [INFO] [1791036761.738947412] [behavior_executor_node]: [IsProximityTooClose] DIAG scan: total=1081 in_window=721 excluded_by_filter=0 min_in_window=1.045 front_min=1.169
[taskset-1] [INFO] [1791036761.906230070] [behavior_executor_node]: BT snapshot -- root=FAILURE, lanes: emergency=FAILURE | mission=FAILURE | navigation=FAILURE
[taskset-1] [o] root [x]
[taskset-1]     [-] emergency [x]
[taskset-1]         [o] emergency_condition [x]
[taskset-1]             --> IsBatteryLow [x]
[taskset-1]             --> IsEmergencyStopTriggered [x]
[taskset-1]             --> IsProximityTooClose [x]
[taskset-1]             --> IsSystemOverheated [x]
[taskset-1]         --> Stop [-]
[taskset-1]     [-] mission [x]
[taskset-1]         --> MissionActive [x]
[taskset-1]         [o] mission_selector [-]
[taskset-1]             [-] mission_object_response [-]
[taskset-1]                 --> ObjectSeen [-]
[taskset-1]                 --> HandleObjectAction [-]
[taskset-1]             [-] mission_progress [-]
[taskset-1]                 --> PublishMoveGoal [-]
[taskset-1]                 --> GoToObject [-]
[taskset-1]                 --> CheckStopCondition [-]
[taskset-1]                 --> AdvanceMove [-]
[taskset-1]     [-] navigation [x]
[taskset-1]         --> HasMpcGoal [x]
[taskset-1] 
[taskset-1] [INFO] [1791036762.906370206] [behavior_executor_node]: BT snapshot -- root=FAILURE, lanes: emergency=FAILURE | mission=FAILURE | navigation=FAILURE
[taskset-1] [o] root [x]
[taskset-1]     [-] emergency [x]
[taskset-1]         [o] emergency_condition [x]
[taskset-1]             --> IsBatteryLow [x]
[taskset-1]             --> IsEmergencyStopTriggered [x]
[taskset-1]             --> IsProximityTooClose [x]
[taskset-1]             --> IsSystemOverheated [x]
[taskset-1]         --> Stop [-]
[taskset-1]     [-] mission [x]
[taskset-1]         --> MissionActive [x]
[taskset-1]         [o] mission_selector [-]
[taskset-1]             [-] mission_object_response [-]
[taskset-1]                 --> ObjectSeen [-]
[taskset-1]                 --> HandleObjectAction [-]
[taskset-1]             [-] mission_progress [-]
[taskset-1]                 --> PublishMoveGoal [-]
[taskset-1]                 --> GoToObject [-]
[taskset-1]                 --> CheckStopCondition [-]
[taskset-1]                 --> AdvanceMove [-]
[taskset-1]     [-] navigation [x]
[taskset-1]         --> HasMpcGoal [x]
[taskset-1] 
[taskset-1] [INFO] [1791036763.799577698] [behavior_executor_node]: [IsProximityTooClose] DIAG scan: total=1081 in_window=721 excluded_by_filter=0 min_in_window=0.893 front_min=1.025
[taskset-1] [INFO] [1791036764.006099164] [behavior_executor_node]: BT snapshot -- root=FAILURE, lanes: emergency=FAILURE | mission=FAILURE | navigation=FAILURE
[taskset-1] [o] root [x]
[taskset-1]     [-] emergency [x]
[taskset-1]         [o] emergency_condition [x]
[taskset-1]             --> IsBatteryLow [x]
[taskset-1]             --> IsEmergencyStopTriggered [x]
[taskset-1]             --> IsProximityTooClose [x]
[taskset-1]             --> IsSystemOverheated [x]
[taskset-1]         --> Stop [-]
[taskset-1]     [-] mission [x]
[taskset-1]         --> MissionActive [x]
[taskset-1]         [o] mission_selector [-]
[taskset-1]             [-] mission_object_response [-]
[taskset-1]                 --> ObjectSeen [-]
[taskset-1]                 --> HandleObjectAction [-]
[taskset-1]             [-] mission_progress [-]
[taskset-1]                 --> PublishMoveGoal [-]
[taskset-1]                 --> GoToObject [-]
[taskset-1]                 --> CheckStopCondition [-]
[taskset-1]                 --> AdvanceMove [-]
[taskset-1]     [-] navigation [x]
[taskset-1]         --> HasMpcGoal [x]
[taskset-1] 
[taskset-1] [INFO] [1791036765.006171700] [behavior_executor_node]: BT snapshot -- root=FAILURE, lanes: emergency=FAILURE | mission=FAILURE | navigation=FAILURE
[taskset-1] [o] root [x]
[taskset-1]     [-] emergency [x]
[taskset-1]         [o] emergency_condition [x]
[taskset-1]             --> IsBatteryLow [x]
[taskset-1]             --> IsEmergencyStopTriggered [x]
[taskset-1]             --> IsProximityTooClose [x]
[taskset-1]             --> IsSystemOverheated [x]
[taskset-1]         --> Stop [-]
[taskset-1]     [-] mission [x]
[taskset-1]         --> MissionActive [x]
[taskset-1]         [o] mission_selector [-]
[taskset-1]             [-] mission_object_response [-]
[taskset-1]                 --> ObjectSeen [-]
[taskset-1]                 --> HandleObjectAction [-]
[taskset-1]             [-] mission_progress [-]
[taskset-1]                 --> PublishMoveGoal [-]
[taskset-1]                 --> GoToObject [-]
[taskset-1]                 --> CheckStopCondition [-]
[taskset-1]                 --> AdvanceMove [-]
[taskset-1]     [-] navigation [x]
[taskset-1]         --> HasMpcGoal [x]
[taskset-1] 
[taskset-1] [INFO] [1791036765.817955514] [behavior_executor_node]: [IsProximityTooClose] DIAG scan: total=1081 in_window=721 excluded_by_filter=0 min_in_window=0.756 front_min=1.863
[taskset-1] [INFO] [1791036766.006784056] [behavior_executor_node]: BT snapshot -- root=FAILURE, lanes: emergency=FAILURE | mission=FAILURE | navigation=FAILURE
[taskset-1] [o] root [x]
[taskset-1]     [-] emergency [x]
[taskset-1]         [o] emergency_condition [x]
[taskset-1]             --> IsBatteryLow [x]
[taskset-1]             --> IsEmergencyStopTriggered [x]
[taskset-1]             --> IsProximityTooClose [x]
[taskset-1]             --> IsSystemOverheated [x]
[taskset-1]         --> Stop [-]
[taskset-1]     [-] mission [x]
[taskset-1]         --> MissionActive [x]
[taskset-1]         [o] mission_selector [-]
[taskset-1]             [-] mission_object_response [-]
[taskset-1]                 --> ObjectSeen [-]
[taskset-1]                 --> HandleObjectAction [-]
[taskset-1]             [-] mission_progress [-]
[taskset-1]                 --> PublishMoveGoal [-]
[taskset-1]                 --> GoToObject [-]
[taskset-1]                 --> CheckStopCondition [-]
[taskset-1]                 --> AdvanceMove [-]
[taskset-1]     [-] navigation [x]
[taskset-1]         --> HasMpcGoal [x]
[taskset-1] 
[taskset-1] [INFO] [1791036767.106198405] [behavior_executor_node]: BT snapshot -- root=FAILURE, lanes: emergency=FAILURE | mission=FAILURE | navigation=FAILURE
[taskset-1] [o] root [x]
[taskset-1]     [-] emergency [x]
[taskset-1]         [o] emergency_condition [x]
[taskset-1]             --> IsBatteryLow [x]
[taskset-1]             --> IsEmergencyStopTriggered [x]
[taskset-1]             --> IsProximityTooClose [x]
[taskset-1]             --> IsSystemOverheated [x]
[taskset-1]         --> Stop [-]
[taskset-1]     [-] mission [x]
[taskset-1]         --> MissionActive [x]
[taskset-1]         [o] mission_selector [-]
[taskset-1]             [-] mission_object_response [-]
[taskset-1]                 --> ObjectSeen [-]
[taskset-1]                 --> HandleObjectAction [-]
[taskset-1]             [-] mission_progress [-]
[taskset-1]                 --> PublishMoveGoal [-]
[taskset-1]                 --> GoToObject [-]
[taskset-1]                 --> CheckStopCondition [-]
[taskset-1]                 --> AdvanceMove [-]
[taskset-1]     [-] navigation [x]
[taskset-1]         --> HasMpcGoal [x]
[taskset-1] 
[taskset-1] [INFO] [1791036767.887860445] [behavior_executor_node]: [IsProximityTooClose] DIAG scan: total=1081 in_window=721 excluded_by_filter=0 min_in_window=0.875 front_min=1.459
[taskset-1] [INFO] [1791036768.207037530] [behavior_executor_node]: BT snapshot -- root=FAILURE, lanes: emergency=FAILURE | mission=FAILURE | navigation=FAILURE
[taskset-1] [o] root [x]
[taskset-1]     [-] emergency [x]
[taskset-1]         [o] emergency_condition [x]
[taskset-1]             --> IsBatteryLow [x]
[taskset-1]             --> IsEmergencyStopTriggered [x]
[taskset-1]             --> IsProximityTooClose [x]
[taskset-1]             --> IsSystemOverheated [x]
[taskset-1]         --> Stop [-]
[taskset-1]     [-] mission [x]
[taskset-1]         --> MissionActive [x]
[taskset-1]         [o] mission_selector [-]
[taskset-1]             [-] mission_object_response [-]
[taskset-1]                 --> ObjectSeen [-]
[taskset-1]                 --> HandleObjectAction [-]
[taskset-1]             [-] mission_progress [-]
[taskset-1]                 --> PublishMoveGoal [-]
[taskset-1]                 --> GoToObject [-]
[taskset-1]                 --> CheckStopCondition [-]
[taskset-1]                 --> AdvanceMove [-]
[taskset-1]     [-] navigation [x]
[taskset-1]         --> HasMpcGoal [x]
[taskset-1] 
[taskset-1] [INFO] [1791036769.306225216] [behavior_executor_node]: BT snapshot -- root=FAILURE, lanes: emergency=FAILURE | mission=FAILURE | navigation=FAILURE
[taskset-1] [o] root [x]
[taskset-1]     [-] emergency [x]
[taskset-1]         [o] emergency_condition [x]
[taskset-1]             --> IsBatteryLow [x]
[taskset-1]             --> IsEmergencyStopTriggered [x]
[taskset-1]             --> IsProximityTooClose [x]
[taskset-1]             --> IsSystemOverheated [x]
[taskset-1]         --> Stop [-]
[taskset-1]     [-] mission [x]
[taskset-1]         --> MissionActive [x]
[taskset-1]         [o] mission_selector [-]
[taskset-1]             [-] mission_object_response [-]
[taskset-1]                 --> ObjectSeen [-]
[taskset-1]                 --> HandleObjectAction [-]
[taskset-1]             [-] mission_progress [-]
[taskset-1]                 --> PublishMoveGoal [-]
[taskset-1]                 --> GoToObject [-]
[taskset-1]                 --> CheckStopCondition [-]
[taskset-1]                 --> AdvanceMove [-]
[taskset-1]     [-] navigation [x]
[taskset-1]         --> HasMpcGoal [x]
[taskset-1] 
[taskset-1] [INFO] [1791036769.961939711] [behavior_executor_node]: [IsProximityTooClose] DIAG scan: total=1081 in_window=721 excluded_by_filter=0 min_in_window=0.832 front_min=1.271
[taskset-1] [INFO] [1791036770.306286447] [behavior_executor_node]: BT snapshot -- root=FAILURE, lanes: emergency=FAILURE | mission=FAILURE | navigation=FAILURE
[taskset-1] [o] root [x]
[taskset-1]     [-] emergency [x]
[taskset-1]         [o] emergency_condition [x]
[taskset-1]             --> IsBatteryLow [x]
[taskset-1]             --> IsEmergencyStopTriggered [x]
[taskset-1]             --> IsProximityTooClose [x]
[taskset-1]             --> IsSystemOverheated [x]
[taskset-1]         --> Stop [-]
[taskset-1]     [-] mission [x]
[taskset-1]         --> MissionActive [x]
[taskset-1]         [o] mission_selector [-]
[taskset-1]             [-] mission_object_response [-]
[taskset-1]                 --> ObjectSeen [-]
[taskset-1]                 --> HandleObjectAction [-]
[taskset-1]             [-] mission_progress [-]
[taskset-1]                 --> PublishMoveGoal [-]
[taskset-1]                 --> GoToObject [-]
[taskset-1]                 --> CheckStopCondition [-]
[taskset-1]                 --> AdvanceMove [-]
[taskset-1]     [-] navigation [x]
[taskset-1]         --> HasMpcGoal [x]
[taskset-1] 
[taskset-1] [INFO] [1791036771.406232982] [behavior_executor_node]: BT snapshot -- root=FAILURE, lanes: emergency=FAILURE | mission=FAILURE | navigation=FAILURE
[taskset-1] [o] root [x]
[taskset-1]     [-] emergency [x]
[taskset-1]         [o] emergency_condition [x]
[taskset-1]             --> IsBatteryLow [x]
[taskset-1]             --> IsEmergencyStopTriggered [x]
[taskset-1]             --> IsProximityTooClose [x]
[taskset-1]             --> IsSystemOverheated [x]
[taskset-1]         --> Stop [-]
[taskset-1]     [-] mission [x]
[taskset-1]         --> MissionActive [x]
[taskset-1]         [o] mission_selector [-]
[taskset-1]             [-] mission_object_response [-]
[taskset-1]                 --> ObjectSeen [-]
[taskset-1]                 --> HandleObjectAction [-]
[taskset-1]             [-] mission_progress [-]
[taskset-1]                 --> PublishMoveGoal [-]
[taskset-1]                 --> GoToObject [-]
[taskset-1]                 --> CheckStopCondition [-]
[taskset-1]                 --> AdvanceMove [-]
[taskset-1]     [-] navigation [x]
[taskset-1]         --> HasMpcGoal [x]
[taskset-1] 
[taskset-1] [INFO] [1791036772.000491543] [behavior_executor_node]: [IsProximityTooClose] DIAG scan: total=1081 in_window=721 excluded_by_filter=0 min_in_window=0.872 front_min=3.159
[taskset-1] [INFO] [1791036772.406305992] [behavior_executor_node]: BT snapshot -- root=FAILURE, lanes: emergency=FAILURE | mission=FAILURE | navigation=FAILURE
[taskset-1] [o] root [x]
[taskset-1]     [-] emergency [x]
[taskset-1]         [o] emergency_condition [x]
[taskset-1]             --> IsBatteryLow [x]
[taskset-1]             --> IsEmergencyStopTriggered [x]
[taskset-1]             --> IsProximityTooClose [x]
[taskset-1]             --> IsSystemOverheated [x]
[taskset-1]         --> Stop [-]
[taskset-1]     [-] mission [x]
[taskset-1]         --> MissionActive [x]
[taskset-1]         [o] mission_selector [-]
[taskset-1]             [-] mission_object_response [-]
[taskset-1]                 --> ObjectSeen [-]
[taskset-1]                 --> HandleObjectAction [-]
[taskset-1]             [-] mission_progress [-]
[taskset-1]                 --> PublishMoveGoal [-]
[taskset-1]                 --> GoToObject [-]
[taskset-1]                 --> CheckStopCondition [-]
[taskset-1]                 --> AdvanceMove [-]
[taskset-1]     [-] navigation [x]
[taskset-1]         --> HasMpcGoal [x]
[taskset-1] 
[taskset-1] [INFO] [1791036773.406294070] [behavior_executor_node]: BT snapshot -- root=FAILURE, lanes: emergency=FAILURE | mission=FAILURE | navigation=FAILURE
[taskset-1] [o] root [x]
[taskset-1]     [-] emergency [x]
[taskset-1]         [o] emergency_condition [x]
[taskset-1]             --> IsBatteryLow [x]
[taskset-1]             --> IsEmergencyStopTriggered [x]
[taskset-1]             --> IsProximityTooClose [x]
[taskset-1]             --> IsSystemOverheated [x]
[taskset-1]         --> Stop [-]
[taskset-1]     [-] mission [x]
[taskset-1]         --> MissionActive [x]
[taskset-1]         [o] mission_selector [-]
[taskset-1]             [-] mission_object_response [-]
[taskset-1]                 --> ObjectSeen [-]
[taskset-1]                 --> HandleObjectAction [-]
[taskset-1]             [-] mission_progress [-]
[taskset-1]                 --> PublishMoveGoal [-]
[taskset-1]                 --> GoToObject [-]
[taskset-1]                 --> CheckStopCondition [-]
[taskset-1]                 --> AdvanceMove [-]
[taskset-1]     [-] navigation [x]
[taskset-1]         --> HasMpcGoal [x]
[taskset-1] 
[taskset-1] [INFO] [1791036774.001295755] [behavior_executor_node]: [IsProximityTooClose] DIAG scan: total=1081 in_window=721 excluded_by_filter=0 min_in_window=0.868 front_min=1.467
[taskset-1] [INFO] [1791036774.506178613] [behavior_executor_node]: BT snapshot -- root=FAILURE, lanes: emergency=FAILURE | mission=FAILURE | navigation=FAILURE
[taskset-1] [o] root [x]
[taskset-1]     [-] emergency [x]
[taskset-1]         [o] emergency_condition [x]
[taskset-1]             --> IsBatteryLow [x]
[taskset-1]             --> IsEmergencyStopTriggered [x]
[taskset-1]             --> IsProximityTooClose [x]
[taskset-1]             --> IsSystemOverheated [x]
[taskset-1]         --> Stop [-]
[taskset-1]     [-] mission [x]
[taskset-1]         --> MissionActive [x]
[taskset-1]         [o] mission_selector [-]
[taskset-1]             [-] mission_object_response [-]
[taskset-1]                 --> ObjectSeen [-]
[taskset-1]                 --> HandleObjectAction [-]
[taskset-1]             [-] mission_progress [-]
[taskset-1]                 --> PublishMoveGoal [-]
[taskset-1]                 --> GoToObject [-]
[taskset-1]                 --> CheckStopCondition [-]
[taskset-1]                 --> AdvanceMove [-]
[taskset-1]     [-] navigation [x]
[taskset-1]         --> HasMpcGoal [x]
[taskset-1] 
[taskset-1] [INFO] [1791036775.506209935] [behavior_executor_node]: BT snapshot -- root=FAILURE, lanes: emergency=FAILURE | mission=FAILURE | navigation=FAILURE
[taskset-1] [o] root [x]
[taskset-1]     [-] emergency [x]
[taskset-1]         [o] emergency_condition [x]
[taskset-1]             --> IsBatteryLow [x]
[taskset-1]             --> IsEmergencyStopTriggered [x]
[taskset-1]             --> IsProximityTooClose [x]
[taskset-1]             --> IsSystemOverheated [x]
[taskset-1]         --> Stop [-]
[taskset-1]     [-] mission [x]
[taskset-1]         --> MissionActive [x]
[taskset-1]         [o] mission_selector [-]
[taskset-1]             [-] mission_object_response [-]
[taskset-1]                 --> ObjectSeen [-]
[taskset-1]                 --> HandleObjectAction [-]
[taskset-1]             [-] mission_progress [-]
[taskset-1]                 --> PublishMoveGoal [-]
[taskset-1]                 --> GoToObject [-]
[taskset-1]                 --> CheckStopCondition [-]
[taskset-1]                 --> AdvanceMove [-]
[taskset-1]     [-] navigation [x]
[taskset-1]         --> HasMpcGoal [x]
[taskset-1] 
[taskset-1] [INFO] [1791036776.028193391] [behavior_executor_node]: [IsProximityTooClose] DIAG scan: total=1081 in_window=721 excluded_by_filter=0 min_in_window=0.919 front_min=1.720
[taskset-1] [INFO] [1791036776.606030999] [behavior_executor_node]: BT snapshot -- root=FAILURE, lanes: emergency=FAILURE | mission=FAILURE | navigation=FAILURE
[taskset-1] [o] root [x]
[taskset-1]     [-] emergency [x]
[taskset-1]         [o] emergency_condition [x]
[taskset-1]             --> IsBatteryLow [x]
[taskset-1]             --> IsEmergencyStopTriggered [x]
[taskset-1]             --> IsProximityTooClose [x]
[taskset-1]             --> IsSystemOverheated [x]
[taskset-1]         --> Stop [-]
[taskset-1]     [-] mission [x]
[taskset-1]         --> MissionActive [x]
[taskset-1]         [o] mission_selector [-]
[taskset-1]             [-] mission_object_response [-]
[taskset-1]                 --> ObjectSeen [-]
[taskset-1]                 --> HandleObjectAction [-]
[taskset-1]             [-] mission_progress [-]
[taskset-1]                 --> PublishMoveGoal [-]
[taskset-1]                 --> GoToObject [-]
[taskset-1]                 --> CheckStopCondition [-]
[taskset-1]                 --> AdvanceMove [-]
[taskset-1]     [-] navigation [x]
[taskset-1]         --> HasMpcGoal [x]
[taskset-1] 
[taskset-1] [INFO] [1791036777.606084525] [behavior_executor_node]: BT snapshot -- root=FAILURE, lanes: emergency=FAILURE | mission=FAILURE | navigation=FAILURE
[taskset-1] [o] root [x]
[taskset-1]     [-] emergency [x]
[taskset-1]         [o] emergency_condition [x]
[taskset-1]             --> IsBatteryLow [x]
[taskset-1]             --> IsEmergencyStopTriggered [x]
[taskset-1]             --> IsProximityTooClose [x]
[taskset-1]             --> IsSystemOverheated [x]
[taskset-1]         --> Stop [-]
[taskset-1]     [-] mission [x]
[taskset-1]         --> MissionActive [x]
[taskset-1]         [o] mission_selector [-]
[taskset-1]             [-] mission_object_response [-]
[taskset-1]                 --> ObjectSeen [-]
[taskset-1]                 --> HandleObjectAction [-]
[taskset-1]             [-] mission_progress [-]
[taskset-1]                 --> PublishMoveGoal [-]
[taskset-1]                 --> GoToObject [-]
[taskset-1]                 --> CheckStopCondition [-]
[taskset-1]                 --> AdvanceMove [-]
[taskset-1]     [-] navigation [x]
[taskset-1]         --> HasMpcGoal [x]
[taskset-1] 
[taskset-1] [INFO] [1791036778.028354340] [behavior_executor_node]: [IsProximityTooClose] DIAG scan: total=1081 in_window=721 excluded_by_filter=0 min_in_window=0.988 front_min=2.020
[taskset-1] [INFO] [1791036778.606135676] [behavior_executor_node]: BT snapshot -- root=FAILURE, lanes: emergency=FAILURE | mission=FAILURE | navigation=FAILURE
[taskset-1] [o] root [x]
[taskset-1]     [-] emergency [x]
[taskset-1]         [o] emergency_condition [x]
[taskset-1]             --> IsBatteryLow [x]
[taskset-1]             --> IsEmergencyStopTriggered [x]
[taskset-1]             --> IsProximityTooClose [x]
[taskset-1]             --> IsSystemOverheated [x]
[taskset-1]         --> Stop [-]
[taskset-1]     [-] mission [x]
[taskset-1]         --> MissionActive [x]
[taskset-1]         [o] mission_selector [-]
[taskset-1]             [-] mission_object_response [-]
[taskset-1]                 --> ObjectSeen [-]
[taskset-1]                 --> HandleObjectAction [-]
[taskset-1]             [-] mission_progress [-]
[taskset-1]                 --> PublishMoveGoal [-]
[taskset-1]                 --> GoToObject [-]
[taskset-1]                 --> CheckStopCondition [-]
[taskset-1]                 --> AdvanceMove [-]
[taskset-1]     [-] navigation [x]
[taskset-1]         --> HasMpcGoal [x]
[taskset-1] 
[taskset-1] [INFO] [1791036779.606262104] [behavior_executor_node]: BT snapshot -- root=FAILURE, lanes: emergency=FAILURE | mission=FAILURE | navigation=FAILURE
[taskset-1] [o] root [x]
[taskset-1]     [-] emergency [x]
[taskset-1]         [o] emergency_condition [x]
[taskset-1]             --> IsBatteryLow [x]
[taskset-1]             --> IsEmergencyStopTriggered [x]
[taskset-1]             --> IsProximityTooClose [x]
[taskset-1]             --> IsSystemOverheated [x]
[taskset-1]         --> Stop [-]
[taskset-1]     [-] mission [x]
[taskset-1]         --> MissionActive [x]
[taskset-1]         [o] mission_selector [-]
[taskset-1]             [-] mission_object_response [-]
[taskset-1]                 --> ObjectSeen [-]
[taskset-1]                 --> HandleObjectAction [-]
[taskset-1]             [-] mission_progress [-]
[taskset-1]                 --> PublishMoveGoal [-]
[taskset-1]                 --> GoToObject [-]
[taskset-1]                 --> CheckStopCondition [-]
[taskset-1]                 --> AdvanceMove [-]
[taskset-1]     [-] navigation [x]
[taskset-1]         --> HasMpcGoal [x]
[taskset-1] 
[taskset-1] [INFO] [1791036780.029682961] [behavior_executor_node]: [IsProximityTooClose] DIAG scan: total=1081 in_window=721 excluded_by_filter=0 min_in_window=1.019 front_min=2.854
[taskset-1] [INFO] [1791036780.706402643] [behavior_executor_node]: BT snapshot -- root=FAILURE, lanes: emergency=FAILURE | mission=FAILURE | navigation=FAILURE
[taskset-1] [o] root [x]
[taskset-1]     [-] emergency [x]
[taskset-1]         [o] emergency_condition [x]
[taskset-1]             --> IsBatteryLow [x]
[taskset-1]             --> IsEmergencyStopTriggered [x]
[taskset-1]             --> IsProximityTooClose [x]
[taskset-1]             --> IsSystemOverheated [x]
[taskset-1]         --> Stop [-]
[taskset-1]     [-] mission [x]
[taskset-1]         --> MissionActive [x]
[taskset-1]         [o] mission_selector [-]
[taskset-1]             [-] mission_object_response [-]
[taskset-1]                 --> ObjectSeen [-]
[taskset-1]                 --> HandleObjectAction [-]
[taskset-1]             [-] mission_progress [-]
[taskset-1]                 --> PublishMoveGoal [-]
[taskset-1]                 --> GoToObject [-]
[taskset-1]                 --> CheckStopCondition [-]
[taskset-1]                 --> AdvanceMove [-]
[taskset-1]     [-] navigation [x]
[taskset-1]         --> HasMpcGoal [x]
[taskset-1] 
[taskset-1] [INFO] [1791036781.807444437] [behavior_executor_node]: BT snapshot -- root=FAILURE, lanes: emergency=FAILURE | mission=FAILURE | navigation=FAILURE
[taskset-1] [o] root [x]
[taskset-1]     [-] emergency [x]
[taskset-1]         [o] emergency_condition [x]
[taskset-1]             --> IsBatteryLow [x]
[taskset-1]             --> IsEmergencyStopTriggered [x]
[taskset-1]             --> IsProximityTooClose [x]
[taskset-1]             --> IsSystemOverheated [x]
[taskset-1]         --> Stop [-]
[taskset-1]     [-] mission [x]
[taskset-1]         --> MissionActive [x]
[taskset-1]         [o] mission_selector [-]
[taskset-1]             [-] mission_object_response [-]
[taskset-1]                 --> ObjectSeen [-]
[taskset-1]                 --> HandleObjectAction [-]
[taskset-1]             [-] mission_progress [-]
[taskset-1]                 --> PublishMoveGoal [-]
[taskset-1]                 --> GoToObject [-]
[taskset-1]                 --> CheckStopCondition [-]
[taskset-1]                 --> AdvanceMove [-]
[taskset-1]     [-] navigation [x]
[taskset-1]         --> HasMpcGoal [x]
[taskset-1] 
[taskset-1] [INFO] [1791036782.058879727] [behavior_executor_node]: [IsProximityTooClose] DIAG scan: total=1081 in_window=721 excluded_by_filter=0 min_in_window=1.066 front_min=1.845
[taskset-1] [INFO] [1791036782.906271903] [behavior_executor_node]: BT snapshot -- root=FAILURE, lanes: emergency=FAILURE | mission=FAILURE | navigation=FAILURE
[taskset-1] [o] root [x]
[taskset-1]     [-] emergency [x]
[taskset-1]         [o] emergency_condition [x]
[taskset-1]             --> IsBatteryLow [x]
[taskset-1]             --> IsEmergencyStopTriggered [x]
[taskset-1]             --> IsProximityTooClose [x]
[taskset-1]             --> IsSystemOverheated [x]
[taskset-1]         --> Stop [-]
[taskset-1]     [-] mission [x]
[taskset-1]         --> MissionActive [x]
[taskset-1]         [o] mission_selector [-]
[taskset-1]             [-] mission_object_response [-]
[taskset-1]                 --> ObjectSeen [-]
[taskset-1]                 --> HandleObjectAction [-]
[taskset-1]             [-] mission_progress [-]
[taskset-1]                 --> PublishMoveGoal [-]
[taskset-1]                 --> GoToObject [-]
[taskset-1]                 --> CheckStopCondition [-]
[taskset-1]                 --> AdvanceMove [-]
[taskset-1]     [-] navigation [x]
[taskset-1]         --> HasMpcGoal [x]
[taskset-1] 
[taskset-1] [INFO] [1791036783.906896130] [behavior_executor_node]: BT snapshot -- root=FAILURE, lanes: emergency=FAILURE | mission=FAILURE | navigation=FAILURE
[taskset-1] [o] root [x]
[taskset-1]     [-] emergency [x]
[taskset-1]         [o] emergency_condition [x]
[taskset-1]             --> IsBatteryLow [x]
[taskset-1]             --> IsEmergencyStopTriggered [x]
[taskset-1]             --> IsProximityTooClose [x]
[taskset-1]             --> IsSystemOverheated [x]
[taskset-1]         --> Stop [-]
[taskset-1]     [-] mission [x]
[taskset-1]         --> MissionActive [x]
[taskset-1]         [o] mission_selector [-]
[taskset-1]             [-] mission_object_response [-]
[taskset-1]                 --> ObjectSeen [-]
[taskset-1]                 --> HandleObjectAction [-]
[taskset-1]             [-] mission_progress [-]
[taskset-1]                 --> PublishMoveGoal [-]
[taskset-1]                 --> GoToObject [-]
[taskset-1]                 --> CheckStopCondition [-]
[taskset-1]                 --> AdvanceMove [-]
[taskset-1]     [-] navigation [x]
[taskset-1]         --> HasMpcGoal [x]
[taskset-1] 
[taskset-1] [INFO] [1791036784.077150957] [behavior_executor_node]: [IsProximityTooClose] DIAG scan: total=1081 in_window=721 excluded_by_filter=0 min_in_window=1.340 front_min=2.207
[taskset-1] [INFO] [1791036785.006320047] [behavior_executor_node]: BT snapshot -- root=FAILURE, lanes: emergency=FAILURE | mission=FAILURE | navigation=FAILURE
[taskset-1] [o] root [x]
[taskset-1]     [-] emergency [x]
[taskset-1]         [o] emergency_condition [x]
[taskset-1]             --> IsBatteryLow [x]
[taskset-1]             --> IsEmergencyStopTriggered [x]
[taskset-1]             --> IsProximityTooClose [x]
[taskset-1]             --> IsSystemOverheated [x]
[taskset-1]         --> Stop [-]
[taskset-1]     [-] mission [x]
[taskset-1]         --> MissionActive [x]
[taskset-1]         [o] mission_selector [-]
[taskset-1]             [-] mission_object_response [-]
[taskset-1]                 --> ObjectSeen [-]
[taskset-1]                 --> HandleObjectAction [-]
[taskset-1]             [-] mission_progress [-]
[taskset-1]                 --> PublishMoveGoal [-]
[taskset-1]                 --> GoToObject [-]
[taskset-1]                 --> CheckStopCondition [-]
[taskset-1]                 --> AdvanceMove [-]
[taskset-1]     [-] navigation [x]
[taskset-1]         --> HasMpcGoal [x]
[taskset-1] 
[taskset-1] [INFO] [1791036786.086227156] [behavior_executor_node]: [IsProximityTooClose] DIAG scan: total=1081 in_window=721 excluded_by_filter=0 min_in_window=1.536 front_min=1.759
[taskset-1] [INFO] [1791036786.106345726] [behavior_executor_node]: BT snapshot -- root=FAILURE, lanes: emergency=FAILURE | mission=FAILURE | navigation=FAILURE
[taskset-1] [o] root [x]
[taskset-1]     [-] emergency [x]
[taskset-1]         [o] emergency_condition [x]
[taskset-1]             --> IsBatteryLow [x]
[taskset-1]             --> IsEmergencyStopTriggered [x]
[taskset-1]             --> IsProximityTooClose [x]
[taskset-1]             --> IsSystemOverheated [x]
[taskset-1]         --> Stop [-]
[taskset-1]     [-] mission [x]
[taskset-1]         --> MissionActive [x]
[taskset-1]         [o] mission_selector [-]
[taskset-1]             [-] mission_object_response [-]
[taskset-1]                 --> ObjectSeen [-]
[taskset-1]                 --> HandleObjectAction [-]
[taskset-1]             [-] mission_progress [-]
[taskset-1]                 --> PublishMoveGoal [-]
[taskset-1]                 --> GoToObject [-]
[taskset-1]                 --> CheckStopCondition [-]
[taskset-1]                 --> AdvanceMove [-]
[taskset-1]     [-] navigation [x]
[taskset-1]         --> HasMpcGoal [x]
[taskset-1] 
[taskset-1] [INFO] [1791036787.106820908] [behavior_executor_node]: BT snapshot -- root=FAILURE, lanes: emergency=FAILURE | mission=FAILURE | navigation=FAILURE
[taskset-1] [o] root [x]
[taskset-1]     [-] emergency [x]
[taskset-1]         [o] emergency_condition [x]
[taskset-1]             --> IsBatteryLow [x]
[taskset-1]             --> IsEmergencyStopTriggered [x]
[taskset-1]             --> IsProximityTooClose [x]
[taskset-1]             --> IsSystemOverheated [x]
[taskset-1]         --> Stop [-]
[taskset-1]     [-] mission [x]
[taskset-1]         --> MissionActive [x]
[taskset-1]         [o] mission_selector [-]
[taskset-1]             [-] mission_object_response [-]
[taskset-1]                 --> ObjectSeen [-]
[taskset-1]                 --> HandleObjectAction [-]
[taskset-1]             [-] mission_progress [-]
[taskset-1]                 --> PublishMoveGoal [-]
[taskset-1]                 --> GoToObject [-]
[taskset-1]                 --> CheckStopCondition [-]
[taskset-1]                 --> AdvanceMove [-]
[taskset-1]     [-] navigation [x]
[taskset-1]         --> HasMpcGoal [x]
[taskset-1] 
[taskset-1] [INFO] [1791036788.086807138] [behavior_executor_node]: [IsProximityTooClose] DIAG scan: total=1081 in_window=721 excluded_by_filter=0 min_in_window=1.206 front_min=1.902
[taskset-1] [INFO] [1791036788.206365481] [behavior_executor_node]: BT snapshot -- root=FAILURE, lanes: emergency=FAILURE | mission=FAILURE | navigation=FAILURE
[taskset-1] [o] root [x]
[taskset-1]     [-] emergency [x]
[taskset-1]         [o] emergency_condition [x]
[taskset-1]             --> IsBatteryLow [x]
[taskset-1]             --> IsEmergencyStopTriggered [x]
[taskset-1]             --> IsProximityTooClose [x]
[taskset-1]             --> IsSystemOverheated [x]
[taskset-1]         --> Stop [-]
[taskset-1]     [-] mission [x]
[taskset-1]         --> MissionActive [x]
[taskset-1]         [o] mission_selector [-]
[taskset-1]             [-] mission_object_response [-]
[taskset-1]                 --> ObjectSeen [-]
[taskset-1]                 --> HandleObjectAction [-]
[taskset-1]             [-] mission_progress [-]
[taskset-1]                 --> PublishMoveGoal [-]
[taskset-1]                 --> GoToObject [-]
[taskset-1]                 --> CheckStopCondition [-]
[taskset-1]                 --> AdvanceMove [-]
[taskset-1]     [-] navigation [x]
[taskset-1]         --> HasMpcGoal [x]
[taskset-1] 
[taskset-1] [INFO] [1791036789.206366454] [behavior_executor_node]: BT snapshot -- root=FAILURE, lanes: emergency=FAILURE | mission=FAILURE | navigation=FAILURE
[taskset-1] [o] root [x]
[taskset-1]     [-] emergency [x]
[taskset-1]         [o] emergency_condition [x]
[taskset-1]             --> IsBatteryLow [x]
[taskset-1]             --> IsEmergencyStopTriggered [x]
[taskset-1]             --> IsProximityTooClose [x]
[taskset-1]             --> IsSystemOverheated [x]
[taskset-1]         --> Stop [-]
[taskset-1]     [-] mission [x]
[taskset-1]         --> MissionActive [x]
[taskset-1]         [o] mission_selector [-]
[taskset-1]             [-] mission_object_response [-]
[taskset-1]                 --> ObjectSeen [-]
[taskset-1]                 --> HandleObjectAction [-]
[taskset-1]             [-] mission_progress [-]
[taskset-1]                 --> PublishMoveGoal [-]
[taskset-1]                 --> GoToObject [-]
[taskset-1]                 --> CheckStopCondition [-]
[taskset-1]                 --> AdvanceMove [-]
[taskset-1]     [-] navigation [x]
[taskset-1]         --> HasMpcGoal [x]
[taskset-1] 
[taskset-1] [INFO] [1791036790.117436846] [behavior_executor_node]: [IsProximityTooClose] DIAG scan: total=1081 in_window=721 excluded_by_filter=0 min_in_window=1.290 front_min=1.769
[taskset-1] [INFO] [1791036790.308677016] [behavior_executor_node]: BT snapshot -- root=FAILURE, lanes: emergency=FAILURE | mission=FAILURE | navigation=FAILURE
[taskset-1] [o] root [x]
[taskset-1]     [-] emergency [x]
[taskset-1]         [o] emergency_condition [x]
[taskset-1]             --> IsBatteryLow [x]
[taskset-1]             --> IsEmergencyStopTriggered [x]
[taskset-1]             --> IsProximityTooClose [x]
[taskset-1]             --> IsSystemOverheated [x]
[taskset-1]         --> Stop [-]
[taskset-1]     [-] mission [x]
[taskset-1]         --> MissionActive [x]
[taskset-1]         [o] mission_selector [-]
[taskset-1]             [-] mission_object_response [-]
[taskset-1]                 --> ObjectSeen [-]
[taskset-1]                 --> HandleObjectAction [-]
[taskset-1]             [-] mission_progress [-]
[taskset-1]                 --> PublishMoveGoal [-]
[taskset-1]                 --> GoToObject [-]
[taskset-1]                 --> CheckStopCondition [-]
[taskset-1]                 --> AdvanceMove [-]
[taskset-1]     [-] navigation [x]
[taskset-1]         --> HasMpcGoal [x]
[taskset-1] 
[taskset-1] [INFO] [1791036791.406397392] [behavior_executor_node]: BT snapshot -- root=FAILURE, lanes: emergency=FAILURE | mission=FAILURE | navigation=FAILURE
[taskset-1] [o] root [x]
[taskset-1]     [-] emergency [x]
[taskset-1]         [o] emergency_condition [x]
[taskset-1]             --> IsBatteryLow [x]
[taskset-1]             --> IsEmergencyStopTriggered [x]
[taskset-1]             --> IsProximityTooClose [x]
[taskset-1]             --> IsSystemOverheated [x]
[taskset-1]         --> Stop [-]
[taskset-1]     [-] mission [x]
[taskset-1]         --> MissionActive [x]
[taskset-1]         [o] mission_selector [-]
[taskset-1]             [-] mission_object_response [-]
[taskset-1]                 --> ObjectSeen [-]
[taskset-1]                 --> HandleObjectAction [-]
[taskset-1]             [-] mission_progress [-]
[taskset-1]                 --> PublishMoveGoal [-]
[taskset-1]                 --> GoToObject [-]
[taskset-1]                 --> CheckStopCondition [-]
[taskset-1]                 --> AdvanceMove [-]
[taskset-1]     [-] navigation [x]
[taskset-1]         --> HasMpcGoal [x]
[taskset-1] 
[taskset-1] [INFO] [1791036792.146790860] [behavior_executor_node]: [IsProximityTooClose] DIAG scan: total=1081 in_window=721 excluded_by_filter=0 min_in_window=1.081 front_min=1.873
[taskset-1] [INFO] [1791036792.506379449] [behavior_executor_node]: BT snapshot -- root=FAILURE, lanes: emergency=FAILURE | mission=FAILURE | navigation=FAILURE
[taskset-1] [o] root [x]
[taskset-1]     [-] emergency [x]
[taskset-1]         [o] emergency_condition [x]
[taskset-1]             --> IsBatteryLow [x]
[taskset-1]             --> IsEmergencyStopTriggered [x]
[taskset-1]             --> IsProximityTooClose [x]
[taskset-1]             --> IsSystemOverheated [x]
[taskset-1]         --> Stop [-]
[taskset-1]     [-] mission [x]
[taskset-1]         --> MissionActive [x]
[taskset-1]         [o] mission_selector [-]
[taskset-1]             [-] mission_object_response [-]
[taskset-1]                 --> ObjectSeen [-]
[taskset-1]                 --> HandleObjectAction [-]
[taskset-1]             [-] mission_progress [-]
[taskset-1]                 --> PublishMoveGoal [-]
[taskset-1]                 --> GoToObject [-]
[taskset-1]                 --> CheckStopCondition [-]
[taskset-1]                 --> AdvanceMove [-]
[taskset-1]     [-] navigation [x]
[taskset-1]         --> HasMpcGoal [x]
[taskset-1] 
[taskset-1] [INFO] [1791036793.506752532] [behavior_executor_node]: BT snapshot -- root=FAILURE, lanes: emergency=FAILURE | mission=FAILURE | navigation=FAILURE
[taskset-1] [o] root [x]
[taskset-1]     [-] emergency [x]
[taskset-1]         [o] emergency_condition [x]
[taskset-1]             --> IsBatteryLow [x]
[taskset-1]             --> IsEmergencyStopTriggered [x]
[taskset-1]             --> IsProximityTooClose [x]
[taskset-1]             --> IsSystemOverheated [x]
[taskset-1]         --> Stop [-]
[taskset-1]     [-] mission [x]
[taskset-1]         --> MissionActive [x]
[taskset-1]         [o] mission_selector [-]
[taskset-1]             [-] mission_object_response [-]
[taskset-1]                 --> ObjectSeen [-]
[taskset-1]                 --> HandleObjectAction [-]
[taskset-1]             [-] mission_progress [-]
[taskset-1]                 --> PublishMoveGoal [-]
[taskset-1]                 --> GoToObject [-]
[taskset-1]                 --> CheckStopCondition [-]
[taskset-1]                 --> AdvanceMove [-]
[taskset-1]     [-] navigation [x]
[taskset-1]         --> HasMpcGoal [x]
[taskset-1] 
[taskset-1] [INFO] [1791036794.147305863] [behavior_executor_node]: [IsProximityTooClose] DIAG scan: total=1081 in_window=721 excluded_by_filter=0 min_in_window=0.845 front_min=1.795
[taskset-1] [INFO] [1791036794.606302528] [behavior_executor_node]: BT snapshot -- root=FAILURE, lanes: emergency=FAILURE | mission=FAILURE | navigation=FAILURE
[taskset-1] [o] root [x]
[taskset-1]     [-] emergency [x]
[taskset-1]         [o] emergency_condition [x]
[taskset-1]             --> IsBatteryLow [x]
[taskset-1]             --> IsEmergencyStopTriggered [x]
[taskset-1]             --> IsProximityTooClose [x]
[taskset-1]             --> IsSystemOverheated [x]
[taskset-1]         --> Stop [-]
[taskset-1]     [-] mission [x]
[taskset-1]         --> MissionActive [x]
[taskset-1]         [o] mission_selector [-]
[taskset-1]             [-] mission_object_response [-]
[taskset-1]                 --> ObjectSeen [-]
[taskset-1]                 --> HandleObjectAction [-]
[taskset-1]             [-] mission_progress [-]
[taskset-1]                 --> PublishMoveGoal [-]
[taskset-1]                 --> GoToObject [-]
[taskset-1]                 --> CheckStopCondition [-]
[taskset-1]                 --> AdvanceMove [-]
[taskset-1]     [-] navigation [x]
[taskset-1]         --> HasMpcGoal [x]
[taskset-1] 
[taskset-1] [INFO] [1791036795.606692890] [behavior_executor_node]: BT snapshot -- root=FAILURE, lanes: emergency=FAILURE | mission=FAILURE | navigation=FAILURE
[taskset-1] [o] root [x]
[taskset-1]     [-] emergency [x]
[taskset-1]         [o] emergency_condition [x]
[taskset-1]             --> IsBatteryLow [x]
[taskset-1]             --> IsEmergencyStopTriggered [x]
[taskset-1]             --> IsProximityTooClose [x]
[taskset-1]             --> IsSystemOverheated [x]
[taskset-1]         --> Stop [-]
[taskset-1]     [-] mission [x]
[taskset-1]         --> MissionActive [x]
[taskset-1]         [o] mission_selector [-]
[taskset-1]             [-] mission_object_response [-]
[taskset-1]                 --> ObjectSeen [-]
[taskset-1]                 --> HandleObjectAction [-]
[taskset-1]             [-] mission_progress [-]
[taskset-1]                 --> PublishMoveGoal [-]
[taskset-1]                 --> GoToObject [-]
[taskset-1]                 --> CheckStopCondition [-]
[taskset-1]                 --> AdvanceMove [-]
[taskset-1]     [-] navigation [x]
[taskset-1]         --> HasMpcGoal [x]
[taskset-1] 
[taskset-1] [INFO] [1791036796.203076571] [behavior_executor_node]: [IsProximityTooClose] DIAG scan: total=1081 in_window=721 excluded_by_filter=0 min_in_window=0.624 front_min=1.650
[taskset-1] [INFO] [1791036796.700396397] [behavior_executor_node]: BT snapshot -- root=FAILURE, lanes: emergency=FAILURE | mission=FAILURE | navigation=FAILURE
[taskset-1] [o] root [x]
[taskset-1]     [-] emergency [x]
[taskset-1]         [o] emergency_condition [x]
[taskset-1]             --> IsBatteryLow [x]
[taskset-1]             --> IsEmergencyStopTriggered [x]
[taskset-1]             --> IsProximityTooClose [x]
[taskset-1]             --> IsSystemOverheated [x]
[taskset-1]         --> Stop [-]
[taskset-1]     [-] mission [x]
[taskset-1]         --> MissionActive [x]
[taskset-1]         [o] mission_selector [-]
[taskset-1]             [-] mission_object_response [-]
[taskset-1]                 --> ObjectSeen [-]
[taskset-1]                 --> HandleObjectAction [-]
[taskset-1]             [-] mission_progress [-]
[taskset-1]                 --> PublishMoveGoal [-]
[taskset-1]                 --> GoToObject [-]
[taskset-1]                 --> CheckStopCondition [-]
[taskset-1]                 --> AdvanceMove [-]
[taskset-1]     [-] navigation [x]
[taskset-1]         --> HasMpcGoal [x]
[taskset-1] 
[taskset-1] [INFO] [1791036797.706340502] [behavior_executor_node]: BT snapshot -- root=FAILURE, lanes: emergency=FAILURE | mission=FAILURE | navigation=FAILURE
[taskset-1] [o] root [x]
[taskset-1]     [-] emergency [x]
[taskset-1]         [o] emergency_condition [x]
[taskset-1]             --> IsBatteryLow [x]
[taskset-1]             --> IsEmergencyStopTriggered [x]
[taskset-1]             --> IsProximityTooClose [x]
[taskset-1]             --> IsSystemOverheated [x]
[taskset-1]         --> Stop [-]
[taskset-1]     [-] mission [x]
[taskset-1]         --> MissionActive [x]
[taskset-1]         [o] mission_selector [-]
[taskset-1]             [-] mission_object_response [-]
[taskset-1]                 --> ObjectSeen [-]
[taskset-1]                 --> HandleObjectAction [-]
[taskset-1]             [-] mission_progress [-]
[taskset-1]                 --> PublishMoveGoal [-]
[taskset-1]                 --> GoToObject [-]
[taskset-1]                 --> CheckStopCondition [-]
[taskset-1]                 --> AdvanceMove [-]
[taskset-1]     [-] navigation [x]
[taskset-1]         --> HasMpcGoal [x]
[taskset-1] 
[taskset-1] [INFO] [1791036798.220998086] [behavior_executor_node]: [IsProximityTooClose] DIAG scan: total=1081 in_window=721 excluded_by_filter=0 min_in_window=0.542 front_min=1.644
[taskset-1] [INFO] [1791036798.806285388] [behavior_executor_node]: BT snapshot -- root=FAILURE, lanes: emergency=FAILURE | mission=FAILURE | navigation=FAILURE
[taskset-1] [o] root [x]
[taskset-1]     [-] emergency [x]
[taskset-1]         [o] emergency_condition [x]
[taskset-1]             --> IsBatteryLow [x]
[taskset-1]             --> IsEmergencyStopTriggered [x]
[taskset-1]             --> IsProximityTooClose [x]
[taskset-1]             --> IsSystemOverheated [x]
[taskset-1]         --> Stop [-]
[taskset-1]     [-] mission [x]
[taskset-1]         --> MissionActive [x]
[taskset-1]         [o] mission_selector [-]
[taskset-1]             [-] mission_object_response [-]
[taskset-1]                 --> ObjectSeen [-]
[taskset-1]                 --> HandleObjectAction [-]
[taskset-1]             [-] mission_progress [-]
[taskset-1]                 --> PublishMoveGoal [-]
[taskset-1]                 --> GoToObject [-]
[taskset-1]                 --> CheckStopCondition [-]
[taskset-1]                 --> AdvanceMove [-]
[taskset-1]     [-] navigation [x]
[taskset-1]         --> HasMpcGoal [x]
[taskset-1] 
[taskset-1] [INFO] [1791036799.906879389] [behavior_executor_node]: BT snapshot -- root=FAILURE, lanes: emergency=FAILURE | mission=FAILURE | navigation=FAILURE
[taskset-1] [o] root [x]
[taskset-1]     [-] emergency [x]
[taskset-1]         [o] emergency_condition [x]
[taskset-1]             --> IsBatteryLow [x]
[taskset-1]             --> IsEmergencyStopTriggered [x]
[taskset-1]             --> IsProximityTooClose [x]
[taskset-1]             --> IsSystemOverheated [x]
[taskset-1]         --> Stop [-]
[taskset-1]     [-] mission [x]
[taskset-1]         --> MissionActive [x]
[taskset-1]         [o] mission_selector [-]
[taskset-1]             [-] mission_object_response [-]
[taskset-1]                 --> ObjectSeen [-]
[taskset-1]                 --> HandleObjectAction [-]
[taskset-1]             [-] mission_progress [-]
[taskset-1]                 --> PublishMoveGoal [-]
[taskset-1]                 --> GoToObject [-]
[taskset-1]                 --> CheckStopCondition [-]
[taskset-1]                 --> AdvanceMove [-]
[taskset-1]     [-] navigation [x]
[taskset-1]         --> HasMpcGoal [x]
[taskset-1] 
[taskset-1] [INFO] [1791036800.302664513] [behavior_executor_node]: [IsProximityTooClose] DIAG scan: total=1081 in_window=721 excluded_by_filter=0 min_in_window=0.596 front_min=1.514
[taskset-1] [INFO] [1791036801.006344065] [behavior_executor_node]: BT snapshot -- root=FAILURE, lanes: emergency=FAILURE | mission=FAILURE | navigation=FAILURE
[taskset-1] [o] root [x]
[taskset-1]     [-] emergency [x]
[taskset-1]         [o] emergency_condition [x]
[taskset-1]             --> IsBatteryLow [x]
[taskset-1]             --> IsEmergencyStopTriggered [x]
[taskset-1]             --> IsProximityTooClose [x]
[taskset-1]             --> IsSystemOverheated [x]
[taskset-1]         --> Stop [-]
[taskset-1]     [-] mission [x]
[taskset-1]         --> MissionActive [x]
[taskset-1]         [o] mission_selector [-]
[taskset-1]             [-] mission_object_response [-]
[taskset-1]                 --> ObjectSeen [-]
[taskset-1]                 --> HandleObjectAction [-]
[taskset-1]             [-] mission_progress [-]
[taskset-1]                 --> PublishMoveGoal [-]
[taskset-1]                 --> GoToObject [-]
[taskset-1]                 --> CheckStopCondition [-]
[taskset-1]                 --> AdvanceMove [-]
[taskset-1]     [-] navigation [x]
[taskset-1]         --> HasMpcGoal [x]
[taskset-1] 
[taskset-1] [INFO] [1791036802.099851434] [behavior_executor_node]: BT snapshot -- root=FAILURE, lanes: emergency=FAILURE | mission=FAILURE | navigation=FAILURE
[taskset-1] [o] root [x]
[taskset-1]     [-] emergency [x]
[taskset-1]         [o] emergency_condition [x]
[taskset-1]             --> IsBatteryLow [x]
[taskset-1]             --> IsEmergencyStopTriggered [x]
[taskset-1]             --> IsProximityTooClose [x]
[taskset-1]             --> IsSystemOverheated [x]
[taskset-1]         --> Stop [-]
[taskset-1]     [-] mission [x]
[taskset-1]         --> MissionActive [x]
[taskset-1]         [o] mission_selector [-]
[taskset-1]             [-] mission_object_response [-]
[taskset-1]                 --> ObjectSeen [-]
[taskset-1]                 --> HandleObjectAction [-]
[taskset-1]             [-] mission_progress [-]
[taskset-1]                 --> PublishMoveGoal [-]
[taskset-1]                 --> GoToObject [-]
[taskset-1]                 --> CheckStopCondition [-]
[taskset-1]                 --> AdvanceMove [-]
[taskset-1]     [-] navigation [x]
[taskset-1]         --> HasMpcGoal [x]
[taskset-1] 
[taskset-1] [INFO] [1791036802.399882471] [behavior_executor_node]: [IsProximityTooClose] DIAG scan: total=1081 in_window=721 excluded_by_filter=0 min_in_window=0.606 front_min=1.462
[taskset-1] [INFO] [1791036803.106732416] [behavior_executor_node]: BT snapshot -- root=FAILURE, lanes: emergency=FAILURE | mission=FAILURE | navigation=FAILURE
[taskset-1] [o] root [x]
[taskset-1]     [-] emergency [x]
[taskset-1]         [o] emergency_condition [x]
[taskset-1]             --> IsBatteryLow [x]
[taskset-1]             --> IsEmergencyStopTriggered [x]
[taskset-1]             --> IsProximityTooClose [x]
[taskset-1]             --> IsSystemOverheated [x]
[taskset-1]         --> Stop [-]
[taskset-1]     [-] mission [x]
[taskset-1]         --> MissionActive [x]
[taskset-1]         [o] mission_selector [-]
[taskset-1]             [-] mission_object_response [-]
[taskset-1]                 --> ObjectSeen [-]
[taskset-1]                 --> HandleObjectAction [-]
[taskset-1]             [-] mission_progress [-]
[taskset-1]                 --> PublishMoveGoal [-]
[taskset-1]                 --> GoToObject [-]
[taskset-1]                 --> CheckStopCondition [-]
[taskset-1]                 --> AdvanceMove [-]
[taskset-1]     [-] navigation [x]
[taskset-1]         --> HasMpcGoal [x]
[taskset-1] 
[taskset-1] [INFO] [1791036804.107099256] [behavior_executor_node]: BT snapshot -- root=FAILURE, lanes: emergency=FAILURE | mission=FAILURE | navigation=FAILURE
[taskset-1] [o] root [x]
[taskset-1]     [-] emergency [x]
[taskset-1]         [o] emergency_condition [x]
[taskset-1]             --> IsBatteryLow [x]
[taskset-1]             --> IsEmergencyStopTriggered [x]
[taskset-1]             --> IsProximityTooClose [x]
[taskset-1]             --> IsSystemOverheated [x]
[taskset-1]         --> Stop [-]
[taskset-1]     [-] mission [x]
[taskset-1]         --> MissionActive [x]
[taskset-1]         [o] mission_selector [-]
[taskset-1]             [-] mission_object_response [-]
[taskset-1]                 --> ObjectSeen [-]
[taskset-1]                 --> HandleObjectAction [-]
[taskset-1]             [-] mission_progress [-]
[taskset-1]                 --> PublishMoveGoal [-]
[taskset-1]                 --> GoToObject [-]
[taskset-1]                 --> CheckStopCondition [-]
[taskset-1]                 --> AdvanceMove [-]
[taskset-1]     [-] navigation [x]
[taskset-1]         --> HasMpcGoal [x]
[taskset-1] 
[taskset-1] [INFO] [1791036804.402112220] [behavior_executor_node]: [IsProximityTooClose] DIAG scan: total=1081 in_window=721 excluded_by_filter=0 min_in_window=1.098 front_min=1.123
[taskset-1] [INFO] [1791036805.206318337] [behavior_executor_node]: BT snapshot -- root=FAILURE, lanes: emergency=FAILURE | mission=FAILURE | navigation=FAILURE
[taskset-1] [o] root [x]
[taskset-1]     [-] emergency [x]
[taskset-1]         [o] emergency_condition [x]
[taskset-1]             --> IsBatteryLow [x]
[taskset-1]             --> IsEmergencyStopTriggered [x]
[taskset-1]             --> IsProximityTooClose [x]
[taskset-1]             --> IsSystemOverheated [x]
[taskset-1]         --> Stop [-]
[taskset-1]     [-] mission [x]
[taskset-1]         --> MissionActive [x]
[taskset-1]         [o] mission_selector [-]
[taskset-1]             [-] mission_object_response [-]
[taskset-1]                 --> ObjectSeen [-]
[taskset-1]                 --> HandleObjectAction [-]
[taskset-1]             [-] mission_progress [-]
[taskset-1]                 --> PublishMoveGoal [-]
[taskset-1]                 --> GoToObject [-]
[taskset-1]                 --> CheckStopCondition [-]
[taskset-1]                 --> AdvanceMove [-]
[taskset-1]     [-] navigation [x]
[taskset-1]         --> HasMpcGoal [x]
[taskset-1] 
[taskset-1] [INFO] [1791036806.206241631] [behavior_executor_node]: BT snapshot -- root=FAILURE, lanes: emergency=FAILURE | mission=FAILURE | navigation=FAILURE
[taskset-1] [o] root [x]
[taskset-1]     [-] emergency [x]
[taskset-1]         [o] emergency_condition [x]
[taskset-1]             --> IsBatteryLow [x]
[taskset-1]             --> IsEmergencyStopTriggered [x]
[taskset-1]             --> IsProximityTooClose [x]
[taskset-1]             --> IsSystemOverheated [x]
[taskset-1]         --> Stop [-]
[taskset-1]     [-] mission [x]
[taskset-1]         --> MissionActive [x]
[taskset-1]         [o] mission_selector [-]
[taskset-1]             [-] mission_object_response [-]
[taskset-1]                 --> ObjectSeen [-]
[taskset-1]                 --> HandleObjectAction [-]
[taskset-1]             [-] mission_progress [-]
[taskset-1]                 --> PublishMoveGoal [-]
[taskset-1]                 --> GoToObject [-]
[taskset-1]                 --> CheckStopCondition [-]
[taskset-1]                 --> AdvanceMove [-]
[taskset-1]     [-] navigation [x]
[taskset-1]         --> HasMpcGoal [x]
[taskset-1] 
[taskset-1] [INFO] [1791036806.432793083] [behavior_executor_node]: [IsProximityTooClose] DIAG scan: total=1081 in_window=721 excluded_by_filter=0 min_in_window=0.862 front_min=0.969
[taskset-1] [INFO] [1791036807.315545860] [behavior_executor_node]: BT snapshot -- root=FAILURE, lanes: emergency=FAILURE | mission=FAILURE | navigation=FAILURE
[taskset-1] [o] root [x]
[taskset-1]     [-] emergency [x]
[taskset-1]         [o] emergency_condition [x]
[taskset-1]             --> IsBatteryLow [x]
[taskset-1]             --> IsEmergencyStopTriggered [x]
[taskset-1]             --> IsProximityTooClose [x]
[taskset-1]             --> IsSystemOverheated [x]
[taskset-1]         --> Stop [-]
[taskset-1]     [-] mission [x]
[taskset-1]         --> MissionActive [x]
[taskset-1]         [o] mission_selector [-]
[taskset-1]             [-] mission_object_response [-]
[taskset-1]                 --> ObjectSeen [-]
[taskset-1]                 --> HandleObjectAction [-]
[taskset-1]             [-] mission_progress [-]
[taskset-1]                 --> PublishMoveGoal [-]
[taskset-1]                 --> GoToObject [-]
[taskset-1]                 --> CheckStopCondition [-]
[taskset-1]                 --> AdvanceMove [-]
[taskset-1]     [-] navigation [x]
[taskset-1]         --> HasMpcGoal [x]
[taskset-1] 
[taskset-1] [INFO] [1791036808.406187757] [behavior_executor_node]: BT snapshot -- root=FAILURE, lanes: emergency=FAILURE | mission=FAILURE | navigation=FAILURE
[taskset-1] [o] root [x]
[taskset-1]     [-] emergency [x]
[taskset-1]         [o] emergency_condition [x]
[taskset-1]             --> IsBatteryLow [x]
[taskset-1]             --> IsEmergencyStopTriggered [x]
[taskset-1]             --> IsProximityTooClose [x]
[taskset-1]             --> IsSystemOverheated [x]
[taskset-1]         --> Stop [-]
[taskset-1]     [-] mission [x]
[taskset-1]         --> MissionActive [x]
[taskset-1]         [o] mission_selector [-]
[taskset-1]             [-] mission_object_response [-]
[taskset-1]                 --> ObjectSeen [-]
[taskset-1]                 --> HandleObjectAction [-]
[taskset-1]             [-] mission_progress [-]
[taskset-1]                 --> PublishMoveGoal [-]
[taskset-1]                 --> GoToObject [-]
[taskset-1]                 --> CheckStopCondition [-]
[taskset-1]                 --> AdvanceMove [-]
[taskset-1]     [-] navigation [x]
[taskset-1]         --> HasMpcGoal [x]
[taskset-1] 
[taskset-1] [INFO] [1791036808.451236276] [behavior_executor_node]: [IsProximityTooClose] DIAG scan: total=1081 in_window=721 excluded_by_filter=0 min_in_window=0.768 front_min=1.836
[taskset-1] [INFO] [1791036809.406740721] [behavior_executor_node]: BT snapshot -- root=FAILURE, lanes: emergency=FAILURE | mission=FAILURE | navigation=FAILURE
[taskset-1] [o] root [x]
[taskset-1]     [-] emergency [x]
[taskset-1]         [o] emergency_condition [x]
[taskset-1]             --> IsBatteryLow [x]
[taskset-1]             --> IsEmergencyStopTriggered [x]
[taskset-1]             --> IsProximityTooClose [x]
[taskset-1]             --> IsSystemOverheated [x]
[taskset-1]         --> Stop [-]
[taskset-1]     [-] mission [x]
[taskset-1]         --> MissionActive [x]
[taskset-1]         [o] mission_selector [-]
[taskset-1]             [-] mission_object_response [-]
[taskset-1]                 --> ObjectSeen [-]
[taskset-1]                 --> HandleObjectAction [-]
[taskset-1]             [-] mission_progress [-]
[taskset-1]                 --> PublishMoveGoal [-]
[taskset-1]                 --> GoToObject [-]
[taskset-1]                 --> CheckStopCondition [-]
[taskset-1]                 --> AdvanceMove [-]
[taskset-1]     [-] navigation [x]
[taskset-1]         --> HasMpcGoal [x]
[taskset-1] 
[taskset-1] [INFO] [1791036810.456832104] [behavior_executor_node]: [IsProximityTooClose] DIAG scan: total=1081 in_window=721 excluded_by_filter=0 min_in_window=0.825 front_min=1.391
[taskset-1] [INFO] [1791036810.506168623] [behavior_executor_node]: BT snapshot -- root=FAILURE, lanes: emergency=FAILURE | mission=FAILURE | navigation=FAILURE
[taskset-1] [o] root [x]
[taskset-1]     [-] emergency [x]
[taskset-1]         [o] emergency_condition [x]
[taskset-1]             --> IsBatteryLow [x]
[taskset-1]             --> IsEmergencyStopTriggered [x]
[taskset-1]             --> IsProximityTooClose [x]
[taskset-1]             --> IsSystemOverheated [x]
[taskset-1]         --> Stop [-]
[taskset-1]     [-] mission [x]
[taskset-1]         --> MissionActive [x]
[taskset-1]         [o] mission_selector [-]
[taskset-1]             [-] mission_object_response [-]
[taskset-1]                 --> ObjectSeen [-]
[taskset-1]                 --> HandleObjectAction [-]
[taskset-1]             [-] mission_progress [-]
[taskset-1]                 --> PublishMoveGoal [-]
[taskset-1]                 --> GoToObject [-]
[taskset-1]                 --> CheckStopCondition [-]
[taskset-1]                 --> AdvanceMove [-]
[taskset-1]     [-] navigation [x]
[taskset-1]         --> HasMpcGoal [x]
[taskset-1] 
[taskset-1] [INFO] [1791036811.506413024] [behavior_executor_node]: BT snapshot -- root=FAILURE, lanes: emergency=FAILURE | mission=FAILURE | navigation=FAILURE
[taskset-1] [o] root [x]
[taskset-1]     [-] emergency [x]
[taskset-1]         [o] emergency_condition [x]
[taskset-1]             --> IsBatteryLow [x]
[taskset-1]             --> IsEmergencyStopTriggered [x]
[taskset-1]             --> IsProximityTooClose [x]
[taskset-1]             --> IsSystemOverheated [x]
[taskset-1]         --> Stop [-]
[taskset-1]     [-] mission [x]
[taskset-1]         --> MissionActive [x]
[taskset-1]         [o] mission_selector [-]
[taskset-1]             [-] mission_object_response [-]
[taskset-1]                 --> ObjectSeen [-]
[taskset-1]                 --> HandleObjectAction [-]
[taskset-1]             [-] mission_progress [-]
[taskset-1]                 --> PublishMoveGoal [-]
[taskset-1]                 --> GoToObject [-]
[taskset-1]                 --> CheckStopCondition [-]
[taskset-1]                 --> AdvanceMove [-]
[taskset-1]     [-] navigation [x]
[taskset-1]         --> HasMpcGoal [x]
[taskset-1] 
[taskset-1] [INFO] [1791036812.457451307] [behavior_executor_node]: [IsProximityTooClose] DIAG scan: total=1081 in_window=721 excluded_by_filter=0 min_in_window=0.832 front_min=1.271
[taskset-1] [INFO] [1791036812.606211685] [behavior_executor_node]: BT snapshot -- root=FAILURE, lanes: emergency=FAILURE | mission=FAILURE | navigation=FAILURE
[taskset-1] [o] root [x]
[taskset-1]     [-] emergency [x]
[taskset-1]         [o] emergency_condition [x]
[taskset-1]             --> IsBatteryLow [x]
[taskset-1]             --> IsEmergencyStopTriggered [x]
[taskset-1]             --> IsProximityTooClose [x]
[taskset-1]             --> IsSystemOverheated [x]
[taskset-1]         --> Stop [-]
[taskset-1]     [-] mission [x]
[taskset-1]         --> MissionActive [x]
[taskset-1]         [o] mission_selector [-]
[taskset-1]             [-] mission_object_response [-]
[taskset-1]                 --> ObjectSeen [-]
[taskset-1]                 --> HandleObjectAction [-]
[taskset-1]             [-] mission_progress [-]
[taskset-1]                 --> PublishMoveGoal [-]
[taskset-1]                 --> GoToObject [-]
[taskset-1]                 --> CheckStopCondition [-]
[taskset-1]                 --> AdvanceMove [-]
[taskset-1]     [-] navigation [x]
[taskset-1]         --> HasMpcGoal [x]
[taskset-1] 
[taskset-1] [INFO] [1791036813.606331828] [behavior_executor_node]: BT snapshot -- root=FAILURE, lanes: emergency=FAILURE | mission=FAILURE | navigation=FAILURE
[taskset-1] [o] root [x]
[taskset-1]     [-] emergency [x]
[taskset-1]         [o] emergency_condition [x]
[taskset-1]             --> IsBatteryLow [x]
[taskset-1]             --> IsEmergencyStopTriggered [x]
[taskset-1]             --> IsProximityTooClose [x]
[taskset-1]             --> IsSystemOverheated [x]
[taskset-1]         --> Stop [-]
[taskset-1]     [-] mission [x]
[taskset-1]         --> MissionActive [x]
[taskset-1]         [o] mission_selector [-]
[taskset-1]             [-] mission_object_response [-]
[taskset-1]                 --> ObjectSeen [-]
[taskset-1]                 --> HandleObjectAction [-]
[taskset-1]             [-] mission_progress [-]
[taskset-1]                 --> PublishMoveGoal [-]
[taskset-1]                 --> GoToObject [-]
[taskset-1]                 --> CheckStopCondition [-]
[taskset-1]                 --> AdvanceMove [-]
[taskset-1]     [-] navigation [x]
[taskset-1]         --> HasMpcGoal [x]
[taskset-1] 
[taskset-1] [INFO] [1791036814.461887724] [behavior_executor_node]: [IsProximityTooClose] DIAG scan: total=1081 in_window=721 excluded_by_filter=0 min_in_window=0.877 front_min=3.144
[taskset-1] [INFO] [1791036814.606294012] [behavior_executor_node]: BT snapshot -- root=FAILURE, lanes: emergency=FAILURE | mission=FAILURE | navigation=FAILURE
[taskset-1] [o] root [x]
[taskset-1]     [-] emergency [x]
[taskset-1]         [o] emergency_condition [x]
[taskset-1]             --> IsBatteryLow [x]
[taskset-1]             --> IsEmergencyStopTriggered [x]
[taskset-1]             --> IsProximityTooClose [x]
[taskset-1]             --> IsSystemOverheated [x]
[taskset-1]         --> Stop [-]
[taskset-1]     [-] mission [x]
[taskset-1]         --> MissionActive [x]
[taskset-1]         [o] mission_selector [-]
[taskset-1]             [-] mission_object_response [-]
[taskset-1]                 --> ObjectSeen [-]
[taskset-1]                 --> HandleObjectAction [-]
[taskset-1]             [-] mission_progress [-]
[taskset-1]                 --> PublishMoveGoal [-]
[taskset-1]                 --> GoToObject [-]
[taskset-1]                 --> CheckStopCondition [-]
[taskset-1]                 --> AdvanceMove [-]
[taskset-1]     [-] navigation [x]
[taskset-1]         --> HasMpcGoal [x]
[taskset-1] 
[taskset-1] [INFO] [1791036815.706228263] [behavior_executor_node]: BT snapshot -- root=FAILURE, lanes: emergency=FAILURE | mission=FAILURE | navigation=FAILURE
[taskset-1] [o] root [x]
[taskset-1]     [-] emergency [x]
[taskset-1]         [o] emergency_condition [x]
[taskset-1]             --> IsBatteryLow [x]
[taskset-1]             --> IsEmergencyStopTriggered [x]
[taskset-1]             --> IsProximityTooClose [x]
[taskset-1]             --> IsSystemOverheated [x]
[taskset-1]         --> Stop [-]
[taskset-1]     [-] mission [x]
[taskset-1]         --> MissionActive [x]
[taskset-1]         [o] mission_selector [-]
[taskset-1]             [-] mission_object_response [-]
[taskset-1]                 --> ObjectSeen [-]
[taskset-1]                 --> HandleObjectAction [-]
[taskset-1]             [-] mission_progress [-]
[taskset-1]                 --> PublishMoveGoal [-]
[taskset-1]                 --> GoToObject [-]
[taskset-1]                 --> CheckStopCondition [-]
[taskset-1]                 --> AdvanceMove [-]
[taskset-1]     [-] navigation [x]
[taskset-1]         --> HasMpcGoal [x]
[taskset-1] 
[taskset-1] [INFO] [1791036816.477108031] [behavior_executor_node]: [IsProximityTooClose] DIAG scan: total=1081 in_window=721 excluded_by_filter=0 min_in_window=0.875 front_min=1.460
[taskset-1] [INFO] [1791036816.806241900] [behavior_executor_node]: BT snapshot -- root=FAILURE, lanes: emergency=FAILURE | mission=FAILURE | navigation=FAILURE
[taskset-1] [o] root [x]
[taskset-1]     [-] emergency [x]
[taskset-1]         [o] emergency_condition [x]
[taskset-1]             --> IsBatteryLow [x]
[taskset-1]             --> IsEmergencyStopTriggered [x]
[taskset-1]             --> IsProximityTooClose [x]
[taskset-1]             --> IsSystemOverheated [x]
[taskset-1]         --> Stop [-]
[taskset-1]     [-] mission [x]
[taskset-1]         --> MissionActive [x]
[taskset-1]         [o] mission_selector [-]
[taskset-1]             [-] mission_object_response [-]
[taskset-1]                 --> ObjectSeen [-]
[taskset-1]                 --> HandleObjectAction [-]
[taskset-1]             [-] mission_progress [-]
[taskset-1]                 --> PublishMoveGoal [-]
[taskset-1]                 --> GoToObject [-]
[taskset-1]                 --> CheckStopCondition [-]
[taskset-1]                 --> AdvanceMove [-]
[taskset-1]     [-] navigation [x]
[taskset-1]         --> HasMpcGoal [x]
[taskset-1] 
[taskset-1] [INFO] [1791036817.901792062] [behavior_executor_node]: BT snapshot -- root=FAILURE, lanes: emergency=FAILURE | mission=FAILURE | navigation=FAILURE
[taskset-1] [o] root [x]
[taskset-1]     [-] emergency [x]
[taskset-1]         [o] emergency_condition [x]
[taskset-1]             --> IsBatteryLow [x]
[taskset-1]             --> IsEmergencyStopTriggered [x]
[taskset-1]             --> IsProximityTooClose [x]
[taskset-1]             --> IsSystemOverheated [x]
[taskset-1]         --> Stop [-]
[taskset-1]     [-] mission [x]
[taskset-1]         --> MissionActive [x]
[taskset-1]         [o] mission_selector [-]
[taskset-1]             [-] mission_object_response [-]
[taskset-1]                 --> ObjectSeen [-]
[taskset-1]                 --> HandleObjectAction [-]
[taskset-1]             [-] mission_progress [-]
[taskset-1]                 --> PublishMoveGoal [-]
[taskset-1]                 --> GoToObject [-]
[taskset-1]                 --> CheckStopCondition [-]
[taskset-1]                 --> AdvanceMove [-]
[taskset-1]     [-] navigation [x]
[taskset-1]         --> HasMpcGoal [x]
[taskset-1] 
[taskset-1] [INFO] [1791036818.490736266] [behavior_executor_node]: [IsProximityTooClose] DIAG scan: total=1081 in_window=721 excluded_by_filter=0 min_in_window=0.850 front_min=1.738
[taskset-1] [INFO] [1791036818.906400611] [behavior_executor_node]: BT snapshot -- root=FAILURE, lanes: emergency=FAILURE | mission=FAILURE | navigation=FAILURE
[taskset-1] [o] root [x]
[taskset-1]     [-] emergency [x]
[taskset-1]         [o] emergency_condition [x]
[taskset-1]             --> IsBatteryLow [x]
[taskset-1]             --> IsEmergencyStopTriggered [x]
[taskset-1]             --> IsProximityTooClose [x]
[taskset-1]             --> IsSystemOverheated [x]
[taskset-1]         --> Stop [-]
[taskset-1]     [-] mission [x]
[taskset-1]         --> MissionActive [x]
[taskset-1]         [o] mission_selector [-]
[taskset-1]             [-] mission_object_response [-]
[taskset-1]                 --> ObjectSeen [-]
[taskset-1]                 --> HandleObjectAction [-]
[taskset-1]             [-] mission_progress [-]
[taskset-1]                 --> PublishMoveGoal [-]
[taskset-1]                 --> GoToObject [-]
[taskset-1]                 --> CheckStopCondition [-]
[taskset-1]                 --> AdvanceMove [-]
[taskset-1]     [-] navigation [x]
[taskset-1]         --> HasMpcGoal [x]
[taskset-1] 
[taskset-1] [INFO] [1791036820.005992996] [behavior_executor_node]: BT snapshot -- root=FAILURE, lanes: emergency=FAILURE | mission=FAILURE | navigation=FAILURE
[taskset-1] [o] root [x]
[taskset-1]     [-] emergency [x]
[taskset-1]         [o] emergency_condition [x]
[taskset-1]             --> IsBatteryLow [x]
[taskset-1]             --> IsEmergencyStopTriggered [x]
[taskset-1]             --> IsProximityTooClose [x]
[taskset-1]             --> IsSystemOverheated [x]
[taskset-1]         --> Stop [-]
[taskset-1]     [-] mission [x]
[taskset-1]         --> MissionActive [x]
[taskset-1]         [o] mission_selector [-]
[taskset-1]             [-] mission_object_response [-]
[taskset-1]                 --> ObjectSeen [-]
[taskset-1]                 --> HandleObjectAction [-]
[taskset-1]             [-] mission_progress [-]
[taskset-1]                 --> PublishMoveGoal [-]
[taskset-1]                 --> GoToObject [-]
[taskset-1]                 --> CheckStopCondition [-]
[taskset-1]                 --> AdvanceMove [-]
[taskset-1]     [-] navigation [x]
[taskset-1]         --> HasMpcGoal [x]
[taskset-1] 
[taskset-1] [INFO] [1791036820.521242451] [behavior_executor_node]: [IsProximityTooClose] DIAG scan: total=1081 in_window=721 excluded_by_filter=0 min_in_window=0.988 front_min=2.020
[taskset-1] [INFO] [1791036821.006334357] [behavior_executor_node]: BT snapshot -- root=FAILURE, lanes: emergency=FAILURE | mission=FAILURE | navigation=FAILURE
[taskset-1] [o] root [x]
[taskset-1]     [-] emergency [x]
[taskset-1]         [o] emergency_condition [x]
[taskset-1]             --> IsBatteryLow [x]
[taskset-1]             --> IsEmergencyStopTriggered [x]
[taskset-1]             --> IsProximityTooClose [x]
[taskset-1]             --> IsSystemOverheated [x]
[taskset-1]         --> Stop [-]
[taskset-1]     [-] mission [x]
[taskset-1]         --> MissionActive [x]
[taskset-1]         [o] mission_selector [-]
[taskset-1]             [-] mission_object_response [-]
[taskset-1]                 --> ObjectSeen [-]
[taskset-1]                 --> HandleObjectAction [-]
[taskset-1]             [-] mission_progress [-]
[taskset-1]                 --> PublishMoveGoal [-]
[taskset-1]                 --> GoToObject [-]
[taskset-1]                 --> CheckStopCondition [-]
[taskset-1]                 --> AdvanceMove [-]
[taskset-1]     [-] navigation [x]
[taskset-1]         --> HasMpcGoal [x]
[taskset-1] 
[taskset-1] [INFO] [1791036822.106221613] [behavior_executor_node]: BT snapshot -- root=FAILURE, lanes: emergency=FAILURE | mission=FAILURE | navigation=FAILURE
[taskset-1] [o] root [x]
[taskset-1]     [-] emergency [x]
[taskset-1]         [o] emergency_condition [x]
[taskset-1]             --> IsBatteryLow [x]
[taskset-1]             --> IsEmergencyStopTriggered [x]
[taskset-1]             --> IsProximityTooClose [x]
[taskset-1]             --> IsSystemOverheated [x]
[taskset-1]         --> Stop [-]
[taskset-1]     [-] mission [x]
[taskset-1]         --> MissionActive [x]
[taskset-1]         [o] mission_selector [-]
[taskset-1]             [-] mission_object_response [-]
[taskset-1]                 --> ObjectSeen [-]
[taskset-1]                 --> HandleObjectAction [-]
[taskset-1]             [-] mission_progress [-]
[taskset-1]                 --> PublishMoveGoal [-]
[taskset-1]                 --> GoToObject [-]
[taskset-1]                 --> CheckStopCondition [-]
[taskset-1]                 --> AdvanceMove [-]
[taskset-1]     [-] navigation [x]
[taskset-1]         --> HasMpcGoal [x]
[taskset-1] 
[taskset-1] [INFO] [1791036822.524794242] [behavior_executor_node]: [IsProximityTooClose] DIAG scan: total=1081 in_window=721 excluded_by_filter=0 min_in_window=1.019 front_min=2.854
[taskset-1] [INFO] [1791036823.106366123] [behavior_executor_node]: BT snapshot -- root=FAILURE, lanes: emergency=FAILURE | mission=FAILURE | navigation=FAILURE
[taskset-1] [o] root [x]
[taskset-1]     [-] emergency [x]
[taskset-1]         [o] emergency_condition [x]
[taskset-1]             --> IsBatteryLow [x]
[taskset-1]             --> IsEmergencyStopTriggered [x]
[taskset-1]             --> IsProximityTooClose [x]
[taskset-1]             --> IsSystemOverheated [x]
[taskset-1]         --> Stop [-]
[taskset-1]     [-] mission [x]
[taskset-1]         --> MissionActive [x]
[taskset-1]         [o] mission_selector [-]
[taskset-1]             [-] mission_object_response [-]
[taskset-1]                 --> ObjectSeen [-]
[taskset-1]                 --> HandleObjectAction [-]
[taskset-1]             [-] mission_progress [-]
[taskset-1]                 --> PublishMoveGoal [-]
[taskset-1]                 --> GoToObject [-]
[taskset-1]                 --> CheckStopCondition [-]
[taskset-1]                 --> AdvanceMove [-]
[taskset-1]     [-] navigation [x]
[taskset-1]         --> HasMpcGoal [x]
[taskset-1] 
[taskset-1] [INFO] [1791036824.206872118] [behavior_executor_node]: BT snapshot -- root=FAILURE, lanes: emergency=FAILURE | mission=FAILURE | navigation=FAILURE
[taskset-1] [o] root [x]
[taskset-1]     [-] emergency [x]
[taskset-1]         [o] emergency_condition [x]
[taskset-1]             --> IsBatteryLow [x]
[taskset-1]             --> IsEmergencyStopTriggered [x]
[taskset-1]             --> IsProximityTooClose [x]
[taskset-1]             --> IsSystemOverheated [x]
[taskset-1]         --> Stop [-]
[taskset-1]     [-] mission [x]
[taskset-1]         --> MissionActive [x]
[taskset-1]         [o] mission_selector [-]
[taskset-1]             [-] mission_object_response [-]
[taskset-1]                 --> ObjectSeen [-]
[taskset-1]                 --> HandleObjectAction [-]
[taskset-1]             [-] mission_progress [-]
[taskset-1]                 --> PublishMoveGoal [-]
[taskset-1]                 --> GoToObject [-]
[taskset-1]                 --> CheckStopCondition [-]
[taskset-1]                 --> AdvanceMove [-]
[taskset-1]     [-] navigation [x]
[taskset-1]         --> HasMpcGoal [x]
[taskset-1] 
[taskset-1] [INFO] [1791036824.552666658] [behavior_executor_node]: [IsProximityTooClose] DIAG scan: total=1081 in_window=721 excluded_by_filter=0 min_in_window=1.066 front_min=1.845
[taskset-1] [INFO] [1791036825.306873121] [behavior_executor_node]: BT snapshot -- root=FAILURE, lanes: emergency=FAILURE | mission=FAILURE | navigation=FAILURE
[taskset-1] [o] root [x]
[taskset-1]     [-] emergency [x]
[taskset-1]         [o] emergency_condition [x]
[taskset-1]             --> IsBatteryLow [x]
[taskset-1]             --> IsEmergencyStopTriggered [x]
[taskset-1]             --> IsProximityTooClose [x]
[taskset-1]             --> IsSystemOverheated [x]
[taskset-1]         --> Stop [-]
[taskset-1]     [-] mission [x]
[taskset-1]         --> MissionActive [x]
[taskset-1]         [o] mission_selector [-]
[taskset-1]             [-] mission_object_response [-]
[taskset-1]                 --> ObjectSeen [-]
[taskset-1]                 --> HandleObjectAction [-]
[taskset-1]             [-] mission_progress [-]
[taskset-1]                 --> PublishMoveGoal [-]
[taskset-1]                 --> GoToObject [-]
[taskset-1]                 --> CheckStopCondition [-]
[taskset-1]                 --> AdvanceMove [-]
[taskset-1]     [-] navigation [x]
[taskset-1]         --> HasMpcGoal [x]
[taskset-1] 
[taskset-1] [INFO] [1791036826.307730012] [behavior_executor_node]: BT snapshot -- root=FAILURE, lanes: emergency=FAILURE | mission=FAILURE | navigation=FAILURE
[taskset-1] [o] root [x]
[taskset-1]     [-] emergency [x]
[taskset-1]         [o] emergency_condition [x]
[taskset-1]             --> IsBatteryLow [x]
[taskset-1]             --> IsEmergencyStopTriggered [x]
[taskset-1]             --> IsProximityTooClose [x]
[taskset-1]             --> IsSystemOverheated [x]
[taskset-1]         --> Stop [-]
[taskset-1]     [-] mission [x]
[taskset-1]         --> MissionActive [x]
[taskset-1]         [o] mission_selector [-]
[taskset-1]             [-] mission_object_response [-]
[taskset-1]                 --> ObjectSeen [-]
[taskset-1]                 --> HandleObjectAction [-]
[taskset-1]             [-] mission_progress [-]
[taskset-1]                 --> PublishMoveGoal [-]
[taskset-1]                 --> GoToObject [-]
[taskset-1]                 --> CheckStopCondition [-]
[taskset-1]                 --> AdvanceMove [-]
[taskset-1]     [-] navigation [x]
[taskset-1]         --> HasMpcGoal [x]
[taskset-1] 
[taskset-1] [INFO] [1791036826.570946334] [behavior_executor_node]: [IsProximityTooClose] DIAG scan: total=1081 in_window=721 excluded_by_filter=0 min_in_window=1.340 front_min=2.207
[taskset-1] [INFO] [1791036827.406282505] [behavior_executor_node]: BT snapshot -- root=FAILURE, lanes: emergency=FAILURE | mission=FAILURE | navigation=FAILURE
[taskset-1] [o] root [x]
[taskset-1]     [-] emergency [x]
[taskset-1]         [o] emergency_condition [x]
[taskset-1]             --> IsBatteryLow [x]
[taskset-1]             --> IsEmergencyStopTriggered [x]
[taskset-1]             --> IsProximityTooClose [x]
[taskset-1]             --> IsSystemOverheated [x]
[taskset-1]         --> Stop [-]
[taskset-1]     [-] mission [x]
[taskset-1]         --> MissionActive [x]
[taskset-1]         [o] mission_selector [-]
[taskset-1]             [-] mission_object_response [-]
[taskset-1]                 --> ObjectSeen [-]
[taskset-1]                 --> HandleObjectAction [-]
[taskset-1]             [-] mission_progress [-]
[taskset-1]                 --> PublishMoveGoal [-]
[taskset-1]                 --> GoToObject [-]
[taskset-1]                 --> CheckStopCondition [-]
[taskset-1]                 --> AdvanceMove [-]
[taskset-1]     [-] navigation [x]
[taskset-1]         --> HasMpcGoal [x]
[taskset-1] 
[taskset-1] [INFO] [1791036828.507341435] [behavior_executor_node]: BT snapshot -- root=FAILURE, lanes: emergency=FAILURE | mission=FAILURE | navigation=FAILURE
[taskset-1] [o] root [x]
[taskset-1]     [-] emergency [x]
[taskset-1]         [o] emergency_condition [x]
[taskset-1]             --> IsBatteryLow [x]
[taskset-1]             --> IsEmergencyStopTriggered [x]
[taskset-1]             --> IsProximityTooClose [x]
[taskset-1]             --> IsSystemOverheated [x]
[taskset-1]         --> Stop [-]
[taskset-1]     [-] mission [x]
[taskset-1]         --> MissionActive [x]
[taskset-1]         [o] mission_selector [-]
[taskset-1]             [-] mission_object_response [-]
[taskset-1]                 --> ObjectSeen [-]
[taskset-1]                 --> HandleObjectAction [-]
[taskset-1]             [-] mission_progress [-]
[taskset-1]                 --> PublishMoveGoal [-]
[taskset-1]                 --> GoToObject [-]
[taskset-1]                 --> CheckStopCondition [-]
[taskset-1]                 --> AdvanceMove [-]
[taskset-1]     [-] navigation [x]
[taskset-1]         --> HasMpcGoal [x]
[taskset-1] 
[taskset-1] [INFO] [1791036828.696242315] [behavior_executor_node]: [IsProximityTooClose] DIAG scan: total=1081 in_window=721 excluded_by_filter=0 min_in_window=1.487 front_min=1.755
[taskset-1] [INFO] [1791036829.606259334] [behavior_executor_node]: BT snapshot -- root=FAILURE, lanes: emergency=FAILURE | mission=FAILURE | navigation=FAILURE
[taskset-1] [o] root [x]
[taskset-1]     [-] emergency [x]
[taskset-1]         [o] emergency_condition [x]
[taskset-1]             --> IsBatteryLow [x]
[taskset-1]             --> IsEmergencyStopTriggered [x]
[taskset-1]             --> IsProximityTooClose [x]
[taskset-1]             --> IsSystemOverheated [x]
[taskset-1]         --> Stop [-]
[taskset-1]     [-] mission [x]
[taskset-1]         --> MissionActive [x]
[taskset-1]         [o] mission_selector [-]
[taskset-1]             [-] mission_object_response [-]
[taskset-1]                 --> ObjectSeen [-]
[taskset-1]                 --> HandleObjectAction [-]
[taskset-1]             [-] mission_progress [-]
[taskset-1]                 --> PublishMoveGoal [-]
[taskset-1]                 --> GoToObject [-]
[taskset-1]                 --> CheckStopCondition [-]
[taskset-1]                 --> AdvanceMove [-]
[taskset-1]     [-] navigation [x]
[taskset-1]         --> HasMpcGoal [x]
[taskset-1] 
[taskset-1] [INFO] [1791036830.706696898] [behavior_executor_node]: BT snapshot -- root=FAILURE, lanes: emergency=FAILURE | mission=FAILURE | navigation=FAILURE
[taskset-1] [o] root [x]
[taskset-1]     [-] emergency [x]
[taskset-1]         [o] emergency_condition [x]
[taskset-1]             --> IsBatteryLow [x]
[taskset-1]             --> IsEmergencyStopTriggered [x]
[taskset-1]             --> IsProximityTooClose [x]
[taskset-1]             --> IsSystemOverheated [x]
[taskset-1]         --> Stop [-]
[taskset-1]     [-] mission [x]
[taskset-1]         --> MissionActive [x]
[taskset-1]         [o] mission_selector [-]
[taskset-1]             [-] mission_object_response [-]
[taskset-1]                 --> ObjectSeen [-]
[taskset-1]                 --> HandleObjectAction [-]
[taskset-1]             [-] mission_progress [-]
[taskset-1]                 --> PublishMoveGoal [-]
[taskset-1]                 --> GoToObject [-]
[taskset-1]                 --> CheckStopCondition [-]
[taskset-1]                 --> AdvanceMove [-]
[taskset-1]     [-] navigation [x]
[taskset-1]         --> HasMpcGoal [x]
[taskset-1] 
[taskset-1] [INFO] [1791036830.714646677] [behavior_executor_node]: [IsProximityTooClose] DIAG scan: total=1081 in_window=721 excluded_by_filter=0 min_in_window=1.205 front_min=1.860
[taskset-1] [INFO] [1791036831.706817632] [behavior_executor_node]: BT snapshot -- root=FAILURE, lanes: emergency=FAILURE | mission=FAILURE | navigation=FAILURE
[taskset-1] [o] root [x]
[taskset-1]     [-] emergency [x]
[taskset-1]         [o] emergency_condition [x]
[taskset-1]             --> IsBatteryLow [x]
[taskset-1]             --> IsEmergencyStopTriggered [x]
[taskset-1]             --> IsProximityTooClose [x]
[taskset-1]             --> IsSystemOverheated [x]
[taskset-1]         --> Stop [-]
[taskset-1]     [-] mission [x]
[taskset-1]         --> MissionActive [x]
[taskset-1]         [o] mission_selector [-]
[taskset-1]             [-] mission_object_response [-]
[taskset-1]                 --> ObjectSeen [-]
[taskset-1]                 --> HandleObjectAction [-]
[taskset-1]             [-] mission_progress [-]
[taskset-1]                 --> PublishMoveGoal [-]
[taskset-1]                 --> GoToObject [-]
[taskset-1]                 --> CheckStopCondition [-]
[taskset-1]                 --> AdvanceMove [-]
[taskset-1]     [-] navigation [x]
[taskset-1]         --> HasMpcGoal [x]
[taskset-1] 
[taskset-1] [INFO] [1791036832.706850788] [behavior_executor_node]: BT snapshot -- root=FAILURE, lanes: emergency=FAILURE | mission=FAILURE | navigation=FAILURE
[taskset-1] [o] root [x]
[taskset-1]     [-] emergency [x]
[taskset-1]         [o] emergency_condition [x]
[taskset-1]             --> IsBatteryLow [x]
[taskset-1]             --> IsEmergencyStopTriggered [x]
[taskset-1]             --> IsProximityTooClose [x]
[taskset-1]             --> IsSystemOverheated [x]
[taskset-1]         --> Stop [-]
[taskset-1]     [-] mission [x]
[taskset-1]         --> MissionActive [x]
[taskset-1]         [o] mission_selector [-]
[taskset-1]             [-] mission_object_response [-]
[taskset-1]                 --> ObjectSeen [-]
[taskset-1]                 --> HandleObjectAction [-]
[taskset-1]             [-] mission_progress [-]
[taskset-1]                 --> PublishMoveGoal [-]
[taskset-1]                 --> GoToObject [-]
[taskset-1]                 --> CheckStopCondition [-]
[taskset-1]                 --> AdvanceMove [-]
[taskset-1]     [-] navigation [x]
[taskset-1]         --> HasMpcGoal [x]
[taskset-1] 
[taskset-1] [INFO] [1791036832.730674595] [behavior_executor_node]: [IsProximityTooClose] DIAG scan: total=1081 in_window=721 excluded_by_filter=0 min_in_window=1.307 front_min=1.733
[taskset-1] [INFO] [1791036833.706844041] [behavior_executor_node]: BT snapshot -- root=FAILURE, lanes: emergency=FAILURE | mission=FAILURE | navigation=FAILURE
[taskset-1] [o] root [x]
[taskset-1]     [-] emergency [x]
[taskset-1]         [o] emergency_condition [x]
[taskset-1]             --> IsBatteryLow [x]
[taskset-1]             --> IsEmergencyStopTriggered [x]
[taskset-1]             --> IsProximityTooClose [x]
[taskset-1]             --> IsSystemOverheated [x]
[taskset-1]         --> Stop [-]
[taskset-1]     [-] mission [x]
[taskset-1]         --> MissionActive [x]
[taskset-1]         [o] mission_selector [-]
[taskset-1]             [-] mission_object_response [-]
[taskset-1]                 --> ObjectSeen [-]
[taskset-1]                 --> HandleObjectAction [-]
[taskset-1]             [-] mission_progress [-]
[taskset-1]                 --> PublishMoveGoal [-]
[taskset-1]                 --> GoToObject [-]
[taskset-1]                 --> CheckStopCondition [-]
[taskset-1]                 --> AdvanceMove [-]
[taskset-1]     [-] navigation [x]
[taskset-1]         --> HasMpcGoal [x]
[taskset-1] 
[taskset-1] [INFO] [1791036834.735352399] [behavior_executor_node]: [IsProximityTooClose] DIAG scan: total=1081 in_window=721 excluded_by_filter=0 min_in_window=1.055 front_min=1.870
[taskset-1] [INFO] [1791036834.806364425] [behavior_executor_node]: BT snapshot -- root=FAILURE, lanes: emergency=FAILURE | mission=FAILURE | navigation=FAILURE
[taskset-1] [o] root [x]
[taskset-1]     [-] emergency [x]
[taskset-1]         [o] emergency_condition [x]
[taskset-1]             --> IsBatteryLow [x]
[taskset-1]             --> IsEmergencyStopTriggered [x]
[taskset-1]             --> IsProximityTooClose [x]
[taskset-1]             --> IsSystemOverheated [x]
[taskset-1]         --> Stop [-]
[taskset-1]     [-] mission [x]
[taskset-1]         --> MissionActive [x]
[taskset-1]         [o] mission_selector [-]
[taskset-1]             [-] mission_object_response [-]
[taskset-1]                 --> ObjectSeen [-]
[taskset-1]                 --> HandleObjectAction [-]
[taskset-1]             [-] mission_progress [-]
[taskset-1]                 --> PublishMoveGoal [-]
[taskset-1]                 --> GoToObject [-]
[taskset-1]                 --> CheckStopCondition [-]
[taskset-1]                 --> AdvanceMove [-]
[taskset-1]     [-] navigation [x]
[taskset-1]         --> HasMpcGoal [x]
[taskset-1] 
[taskset-1] [INFO] [1791036835.806726353] [behavior_executor_node]: BT snapshot -- root=FAILURE, lanes: emergency=FAILURE | mission=FAILURE | navigation=FAILURE
[taskset-1] [o] root [x]
[taskset-1]     [-] emergency [x]
[taskset-1]         [o] emergency_condition [x]
[taskset-1]             --> IsBatteryLow [x]
[taskset-1]             --> IsEmergencyStopTriggered [x]
[taskset-1]             --> IsProximityTooClose [x]
[taskset-1]             --> IsSystemOverheated [x]
[taskset-1]         --> Stop [-]
[taskset-1]     [-] mission [x]
[taskset-1]         --> MissionActive [x]
[taskset-1]         [o] mission_selector [-]
[taskset-1]             [-] mission_object_response [-]
[taskset-1]                 --> ObjectSeen [-]
[taskset-1]                 --> HandleObjectAction [-]
[taskset-1]             [-] mission_progress [-]
[taskset-1]                 --> PublishMoveGoal [-]
[taskset-1]                 --> GoToObject [-]
[taskset-1]                 --> CheckStopCondition [-]
[taskset-1]                 --> AdvanceMove [-]
[taskset-1]     [-] navigation [x]
[taskset-1]         --> HasMpcGoal [x]
[taskset-1] 
[taskset-1] [INFO] [1791036836.913086162] [behavior_executor_node]: BT snapshot -- root=FAILURE, lanes: emergency=FAILURE | mission=FAILURE | navigation=FAILURE
[taskset-1] [o] root [x]
[taskset-1]     [-] emergency [x]
[taskset-1]         [o] emergency_condition [x]
[taskset-1]             --> IsBatteryLow [x]
[taskset-1]             --> IsEmergencyStopTriggered [x]
[taskset-1]             --> IsProximityTooClose [x]
[taskset-1]             --> IsSystemOverheated [x]
[taskset-1]         --> Stop [-]
[taskset-1]     [-] mission [x]
[taskset-1]         --> MissionActive [x]
[taskset-1]         [o] mission_selector [-]
[taskset-1]             [-] mission_object_response [-]
[taskset-1]                 --> ObjectSeen [-]
[taskset-1]                 --> HandleObjectAction [-]
[taskset-1]             [-] mission_progress [-]
[taskset-1]                 --> PublishMoveGoal [-]
[taskset-1]                 --> GoToObject [-]
[taskset-1]                 --> CheckStopCondition [-]
[taskset-1]                 --> AdvanceMove [-]
[taskset-1]     [-] navigation [x]
[taskset-1]         --> HasMpcGoal [x]
[taskset-1] 
[taskset-1] [INFO] [1791036836.914465164] [behavior_executor_node]: [IsProximityTooClose] DIAG scan: total=1081 in_window=721 excluded_by_filter=0 min_in_window=0.858 front_min=1.754
[taskset-1] [INFO] [1791036838.006364648] [behavior_executor_node]: BT snapshot -- root=FAILURE, lanes: emergency=FAILURE | mission=FAILURE | navigation=FAILURE
[taskset-1] [o] root [x]
[taskset-1]     [-] emergency [x]
[taskset-1]         [o] emergency_condition [x]
[taskset-1]             --> IsBatteryLow [x]
[taskset-1]             --> IsEmergencyStopTriggered [x]
[taskset-1]             --> IsProximityTooClose [x]
[taskset-1]             --> IsSystemOverheated [x]
[taskset-1]         --> Stop [-]
[taskset-1]     [-] mission [x]
[taskset-1]         --> MissionActive [x]
[taskset-1]         [o] mission_selector [-]
[taskset-1]             [-] mission_object_response [-]
[taskset-1]                 --> ObjectSeen [-]
[taskset-1]                 --> HandleObjectAction [-]
[taskset-1]             [-] mission_progress [-]
[taskset-1]                 --> PublishMoveGoal [-]
[taskset-1]                 --> GoToObject [-]
[taskset-1]                 --> CheckStopCondition [-]
[taskset-1]                 --> AdvanceMove [-]
[taskset-1]     [-] navigation [x]
[taskset-1]         --> HasMpcGoal [x]
[taskset-1] 
[taskset-1] [INFO] [1791036838.926624096] [behavior_executor_node]: [IsProximityTooClose] DIAG scan: total=1081 in_window=721 excluded_by_filter=0 min_in_window=0.622 front_min=1.643
[taskset-1] [INFO] [1791036839.106248867] [behavior_executor_node]: BT snapshot -- root=FAILURE, lanes: emergency=FAILURE | mission=FAILURE | navigation=FAILURE
[taskset-1] [o] root [x]
[taskset-1]     [-] emergency [x]
[taskset-1]         [o] emergency_condition [x]
[taskset-1]             --> IsBatteryLow [x]
[taskset-1]             --> IsEmergencyStopTriggered [x]
[taskset-1]             --> IsProximityTooClose [x]
[taskset-1]             --> IsSystemOverheated [x]
[taskset-1]         --> Stop [-]
[taskset-1]     [-] mission [x]
[taskset-1]         --> MissionActive [x]
[taskset-1]         [o] mission_selector [-]
[taskset-1]             [-] mission_object_response [-]
[taskset-1]                 --> ObjectSeen [-]
[taskset-1]                 --> HandleObjectAction [-]
[taskset-1]             [-] mission_progress [-]
[taskset-1]                 --> PublishMoveGoal [-]
[taskset-1]                 --> GoToObject [-]
[taskset-1]                 --> CheckStopCondition [-]
[taskset-1]                 --> AdvanceMove [-]
[taskset-1]     [-] navigation [x]
[taskset-1]         --> HasMpcGoal [x]
[taskset-1] 
[taskset-1] [INFO] [1791036840.106700686] [behavior_executor_node]: BT snapshot -- root=FAILURE, lanes: emergency=FAILURE | mission=FAILURE | navigation=FAILURE
[taskset-1] [o] root [x]
[taskset-1]     [-] emergency [x]
[taskset-1]         [o] emergency_condition [x]
[taskset-1]             --> IsBatteryLow [x]
[taskset-1]             --> IsEmergencyStopTriggered [x]
[taskset-1]             --> IsProximityTooClose [x]
[taskset-1]             --> IsSystemOverheated [x]
[taskset-1]         --> Stop [-]
[taskset-1]     [-] mission [x]
[taskset-1]         --> MissionActive [x]
[taskset-1]         [o] mission_selector [-]
[taskset-1]             [-] mission_object_response [-]
[taskset-1]                 --> ObjectSeen [-]
[taskset-1]                 --> HandleObjectAction [-]
[taskset-1]             [-] mission_progress [-]
[taskset-1]                 --> PublishMoveGoal [-]
[taskset-1]                 --> GoToObject [-]
[taskset-1]                 --> CheckStopCondition [-]
[taskset-1]                 --> AdvanceMove [-]
[taskset-1]     [-] navigation [x]
[taskset-1]         --> HasMpcGoal [x]
[taskset-1] 
[taskset-1] [INFO] [1791036841.001540256] [behavior_executor_node]: [IsProximityTooClose] DIAG scan: total=1081 in_window=721 excluded_by_filter=0 min_in_window=0.544 front_min=1.645
[taskset-1] [INFO] [1791036841.206626814] [behavior_executor_node]: BT snapshot -- root=FAILURE, lanes: emergency=FAILURE | mission=FAILURE | navigation=FAILURE
[taskset-1] [o] root [x]
[taskset-1]     [-] emergency [x]
[taskset-1]         [o] emergency_condition [x]
[taskset-1]             --> IsBatteryLow [x]
[taskset-1]             --> IsEmergencyStopTriggered [x]
[taskset-1]             --> IsProximityTooClose [x]
[taskset-1]             --> IsSystemOverheated [x]
[taskset-1]         --> Stop [-]
[taskset-1]     [-] mission [x]
[taskset-1]         --> MissionActive [x]
[taskset-1]         [o] mission_selector [-]
[taskset-1]             [-] mission_object_response [-]
[taskset-1]                 --> ObjectSeen [-]
[taskset-1]                 --> HandleObjectAction [-]
[taskset-1]             [-] mission_progress [-]
[taskset-1]                 --> PublishMoveGoal [-]
[taskset-1]                 --> GoToObject [-]
[taskset-1]                 --> CheckStopCondition [-]
[taskset-1]                 --> AdvanceMove [-]
[taskset-1]     [-] navigation [x]
[taskset-1]         --> HasMpcGoal [x]
[taskset-1] 
[taskset-1] [INFO] [1791036842.306659158] [behavior_executor_node]: BT snapshot -- root=FAILURE, lanes: emergency=FAILURE | mission=FAILURE | navigation=FAILURE
[taskset-1] [o] root [x]
[taskset-1]     [-] emergency [x]
[taskset-1]         [o] emergency_condition [x]
[taskset-1]             --> IsBatteryLow [x]
[taskset-1]             --> IsEmergencyStopTriggered [x]
[taskset-1]             --> IsProximityTooClose [x]
[taskset-1]             --> IsSystemOverheated [x]
[taskset-1]         --> Stop [-]
[taskset-1]     [-] mission [x]
[taskset-1]         --> MissionActive [x]
[taskset-1]         [o] mission_selector [-]
[taskset-1]             [-] mission_object_response [-]
[taskset-1]                 --> ObjectSeen [-]
[taskset-1]                 --> HandleObjectAction [-]
[taskset-1]             [-] mission_progress [-]
[taskset-1]                 --> PublishMoveGoal [-]
[taskset-1]                 --> GoToObject [-]
[taskset-1]                 --> CheckStopCondition [-]
[taskset-1]                 --> AdvanceMove [-]
[taskset-1]     [-] navigation [x]
[taskset-1]         --> HasMpcGoal [x]
[taskset-1] 
[taskset-1] [INFO] [1791036843.102276733] [behavior_executor_node]: [IsProximityTooClose] DIAG scan: total=1081 in_window=721 excluded_by_filter=0 min_in_window=0.596 front_min=1.510
[taskset-1] [INFO] [1791036843.306632676] [behavior_executor_node]: BT snapshot -- root=FAILURE, lanes: emergency=FAILURE | mission=FAILURE | navigation=FAILURE
[taskset-1] [o] root [x]
[taskset-1]     [-] emergency [x]
[taskset-1]         [o] emergency_condition [x]
[taskset-1]             --> IsBatteryLow [x]
[taskset-1]             --> IsEmergencyStopTriggered [x]
[taskset-1]             --> IsProximityTooClose [x]
[taskset-1]             --> IsSystemOverheated [x]
[taskset-1]         --> Stop [-]
[taskset-1]     [-] mission [x]
[taskset-1]         --> MissionActive [x]
[taskset-1]         [o] mission_selector [-]
[taskset-1]             [-] mission_object_response [-]
[taskset-1]                 --> ObjectSeen [-]
[taskset-1]                 --> HandleObjectAction [-]
[taskset-1]             [-] mission_progress [-]
[taskset-1]                 --> PublishMoveGoal [-]
[taskset-1]                 --> GoToObject [-]
[taskset-1]                 --> CheckStopCondition [-]
[taskset-1]                 --> AdvanceMove [-]
[taskset-1]     [-] navigation [x]
[taskset-1]         --> HasMpcGoal [x]
[taskset-1] 
[taskset-1] [INFO] [1791036844.308351245] [behavior_executor_node]: BT snapshot -- root=FAILURE, lanes: emergency=FAILURE | mission=FAILURE | navigation=FAILURE
[taskset-1] [o] root [x]
[taskset-1]     [-] emergency [x]
[taskset-1]         [o] emergency_condition [x]
[taskset-1]             --> IsBatteryLow [x]
[taskset-1]             --> IsEmergencyStopTriggered [x]
[taskset-1]             --> IsProximityTooClose [x]
[taskset-1]             --> IsSystemOverheated [x]
[taskset-1]         --> Stop [-]
[taskset-1]     [-] mission [x]
[taskset-1]         --> MissionActive [x]
[taskset-1]         [o] mission_selector [-]
[taskset-1]             [-] mission_object_response [-]
[taskset-1]                 --> ObjectSeen [-]
[taskset-1]                 --> HandleObjectAction [-]
[taskset-1]             [-] mission_progress [-]
[taskset-1]                 --> PublishMoveGoal [-]
[taskset-1]                 --> GoToObject [-]
[taskset-1]                 --> CheckStopCondition [-]
[taskset-1]                 --> AdvanceMove [-]
[taskset-1]     [-] navigation [x]
[taskset-1]         --> HasMpcGoal [x]
[taskset-1] 
[taskset-1] [INFO] [1791036845.116386530] [behavior_executor_node]: [IsProximityTooClose] DIAG scan: total=1081 in_window=721 excluded_by_filter=0 min_in_window=0.611 front_min=1.457
[taskset-1] [INFO] [1791036845.406341725] [behavior_executor_node]: BT snapshot -- root=FAILURE, lanes: emergency=FAILURE | mission=FAILURE | navigation=FAILURE
[taskset-1] [o] root [x]
[taskset-1]     [-] emergency [x]
[taskset-1]         [o] emergency_condition [x]
[taskset-1]             --> IsBatteryLow [x]
[taskset-1]             --> IsEmergencyStopTriggered [x]
[taskset-1]             --> IsProximityTooClose [x]
[taskset-1]             --> IsSystemOverheated [x]
[taskset-1]         --> Stop [-]
[taskset-1]     [-] mission [x]
[taskset-1]         --> MissionActive [x]
[taskset-1]         [o] mission_selector [-]
[taskset-1]             [-] mission_object_response [-]
[taskset-1]                 --> ObjectSeen [-]
[taskset-1]                 --> HandleObjectAction [-]
[taskset-1]             [-] mission_progress [-]
[taskset-1]                 --> PublishMoveGoal [-]
[taskset-1]                 --> GoToObject [-]
[taskset-1]                 --> CheckStopCondition [-]
[taskset-1]                 --> AdvanceMove [-]
[taskset-1]     [-] navigation [x]
[taskset-1]         --> HasMpcGoal [x]
[taskset-1] 
[taskset-1] [INFO] [1791036846.506207286] [behavior_executor_node]: BT snapshot -- root=FAILURE, lanes: emergency=FAILURE | mission=FAILURE | navigation=FAILURE
[taskset-1] [o] root [x]
[taskset-1]     [-] emergency [x]
[taskset-1]         [o] emergency_condition [x]
[taskset-1]             --> IsBatteryLow [x]
[taskset-1]             --> IsEmergencyStopTriggered [x]
[taskset-1]             --> IsProximityTooClose [x]
[taskset-1]             --> IsSystemOverheated [x]
[taskset-1]         --> Stop [-]
[taskset-1]     [-] mission [x]
[taskset-1]         --> MissionActive [x]
[taskset-1]         [o] mission_selector [-]
[taskset-1]             [-] mission_object_response [-]
[taskset-1]                 --> ObjectSeen [-]
[taskset-1]                 --> HandleObjectAction [-]
[taskset-1]             [-] mission_progress [-]
[taskset-1]                 --> PublishMoveGoal [-]
[taskset-1]                 --> GoToObject [-]
[taskset-1]                 --> CheckStopCondition [-]
[taskset-1]                 --> AdvanceMove [-]
[taskset-1]     [-] navigation [x]
[taskset-1]         --> HasMpcGoal [x]
[taskset-1] 
[taskset-1] [INFO] [1791036847.126511307] [behavior_executor_node]: [IsProximityTooClose] DIAG scan: total=1081 in_window=721 excluded_by_filter=0 min_in_window=1.035 front_min=1.065
[taskset-1] [INFO] [1791036847.606149981] [behavior_executor_node]: BT snapshot -- root=FAILURE, lanes: emergency=FAILURE | mission=FAILURE | navigation=FAILURE
[taskset-1] [o] root [x]
[taskset-1]     [-] emergency [x]
[taskset-1]         [o] emergency_condition [x]
[taskset-1]             --> IsBatteryLow [x]
[taskset-1]             --> IsEmergencyStopTriggered [x]
[taskset-1]             --> IsProximityTooClose [x]
[taskset-1]             --> IsSystemOverheated [x]
[taskset-1]         --> Stop [-]
[taskset-1]     [-] mission [x]
[taskset-1]         --> MissionActive [x]
[taskset-1]         [o] mission_selector [-]
[taskset-1]             [-] mission_object_response [-]
[taskset-1]                 --> ObjectSeen [-]
[taskset-1]                 --> HandleObjectAction [-]
[taskset-1]             [-] mission_progress [-]
[taskset-1]                 --> PublishMoveGoal [-]
[taskset-1]                 --> GoToObject [-]
[taskset-1]                 --> CheckStopCondition [-]
[taskset-1]                 --> AdvanceMove [-]
[taskset-1]     [-] navigation [x]
[taskset-1]         --> HasMpcGoal [x]
[taskset-1] 
[taskset-1] [INFO] [1791036848.706883196] [behavior_executor_node]: BT snapshot -- root=FAILURE, lanes: emergency=FAILURE | mission=FAILURE | navigation=FAILURE
[taskset-1] [o] root [x]
[taskset-1]     [-] emergency [x]
[taskset-1]         [o] emergency_condition [x]
[taskset-1]             --> IsBatteryLow [x]
[taskset-1]             --> IsEmergencyStopTriggered [x]
[taskset-1]             --> IsProximityTooClose [x]
[taskset-1]             --> IsSystemOverheated [x]
[taskset-1]         --> Stop [-]
[taskset-1]     [-] mission [x]
[taskset-1]         --> MissionActive [x]
[taskset-1]         [o] mission_selector [-]
[taskset-1]             [-] mission_object_response [-]
[taskset-1]                 --> ObjectSeen [-]
[taskset-1]                 --> HandleObjectAction [-]
[taskset-1]             [-] mission_progress [-]
[taskset-1]                 --> PublishMoveGoal [-]
[taskset-1]                 --> GoToObject [-]
[taskset-1]                 --> CheckStopCondition [-]
[taskset-1]                 --> AdvanceMove [-]
[taskset-1]     [-] navigation [x]
[taskset-1]         --> HasMpcGoal [x]
[taskset-1] 
[taskset-1] [INFO] [1791036849.145390748] [behavior_executor_node]: [IsProximityTooClose] DIAG scan: total=1081 in_window=721 excluded_by_filter=0 min_in_window=0.872 front_min=0.913
[taskset-1] [INFO] [1791036849.707372016] [behavior_executor_node]: BT snapshot -- root=FAILURE, lanes: emergency=FAILURE | mission=FAILURE | navigation=FAILURE
[taskset-1] [o] root [x]
[taskset-1]     [-] emergency [x]
[taskset-1]         [o] emergency_condition [x]
[taskset-1]             --> IsBatteryLow [x]
[taskset-1]             --> IsEmergencyStopTriggered [x]
[taskset-1]             --> IsProximityTooClose [x]
[taskset-1]             --> IsSystemOverheated [x]
[taskset-1]         --> Stop [-]
[taskset-1]     [-] mission [x]
[taskset-1]         --> MissionActive [x]
[taskset-1]         [o] mission_selector [-]
[taskset-1]             [-] mission_object_response [-]
[taskset-1]                 --> ObjectSeen [-]
[taskset-1]                 --> HandleObjectAction [-]
[taskset-1]             [-] mission_progress [-]
[taskset-1]                 --> PublishMoveGoal [-]
[taskset-1]                 --> GoToObject [-]
[taskset-1]                 --> CheckStopCondition [-]
[taskset-1]                 --> AdvanceMove [-]
[taskset-1]     [-] navigation [x]
[taskset-1]         --> HasMpcGoal [x]
[taskset-1] 
[taskset-1] [INFO] [1791036850.808546869] [behavior_executor_node]: BT snapshot -- root=FAILURE, lanes: emergency=FAILURE | mission=FAILURE | navigation=FAILURE
[taskset-1] [o] root [x]
[taskset-1]     [-] emergency [x]
[taskset-1]         [o] emergency_condition [x]
[taskset-1]             --> IsBatteryLow [x]
[taskset-1]             --> IsEmergencyStopTriggered [x]
[taskset-1]             --> IsProximityTooClose [x]
[taskset-1]             --> IsSystemOverheated [x]
[taskset-1]         --> Stop [-]
[taskset-1]     [-] mission [x]
[taskset-1]         --> MissionActive [x]
[taskset-1]         [o] mission_selector [-]
[taskset-1]             [-] mission_object_response [-]
[taskset-1]                 --> ObjectSeen [-]
[taskset-1]                 --> HandleObjectAction [-]
[taskset-1]             [-] mission_progress [-]
[taskset-1]                 --> PublishMoveGoal [-]
[taskset-1]                 --> GoToObject [-]
[taskset-1]                 --> CheckStopCondition [-]
[taskset-1]                 --> AdvanceMove [-]
[taskset-1]     [-] navigation [x]
[taskset-1]         --> HasMpcGoal [x]
[taskset-1] 
[taskset-1] [INFO] [1791036851.204283169] [behavior_executor_node]: [IsProximityTooClose] DIAG scan: total=1081 in_window=721 excluded_by_filter=0 min_in_window=0.770 front_min=1.811
[taskset-1] [INFO] [1791036851.906225270] [behavior_executor_node]: BT snapshot -- root=FAILURE, lanes: emergency=FAILURE | mission=FAILURE | navigation=FAILURE
[taskset-1] [o] root [x]
[taskset-1]     [-] emergency [x]
[taskset-1]         [o] emergency_condition [x]
[taskset-1]             --> IsBatteryLow [x]
[taskset-1]             --> IsEmergencyStopTriggered [x]
[taskset-1]             --> IsProximityTooClose [x]
[taskset-1]             --> IsSystemOverheated [x]
[taskset-1]         --> Stop [-]
[taskset-1]     [-] mission [x]
[taskset-1]         --> MissionActive [x]
[taskset-1]         [o] mission_selector [-]
[taskset-1]             [-] mission_object_response [-]
[taskset-1]                 --> ObjectSeen [-]
[taskset-1]                 --> HandleObjectAction [-]
[taskset-1]             [-] mission_progress [-]
[taskset-1]                 --> PublishMoveGoal [-]
[taskset-1]                 --> GoToObject [-]
[taskset-1]                 --> CheckStopCondition [-]
[taskset-1]                 --> AdvanceMove [-]
[taskset-1]     [-] navigation [x]
[taskset-1]         --> HasMpcGoal [x]
[taskset-1] 
[taskset-1] [INFO] [1791036852.906409578] [behavior_executor_node]: BT snapshot -- root=FAILURE, lanes: emergency=FAILURE | mission=FAILURE | navigation=FAILURE
[taskset-1] [o] root [x]
[taskset-1]     [-] emergency [x]
[taskset-1]         [o] emergency_condition [x]
[taskset-1]             --> IsBatteryLow [x]
[taskset-1]             --> IsEmergencyStopTriggered [x]
[taskset-1]             --> IsProximityTooClose [x]
[taskset-1]             --> IsSystemOverheated [x]
[taskset-1]         --> Stop [-]
[taskset-1]     [-] mission [x]
[taskset-1]         --> MissionActive [x]
[taskset-1]         [o] mission_selector [-]
[taskset-1]             [-] mission_object_response [-]
[taskset-1]                 --> ObjectSeen [-]
[taskset-1]                 --> HandleObjectAction [-]
[taskset-1]             [-] mission_progress [-]
[taskset-1]                 --> PublishMoveGoal [-]
[taskset-1]                 --> GoToObject [-]
[taskset-1]                 --> CheckStopCondition [-]
[taskset-1]                 --> AdvanceMove [-]
[taskset-1]     [-] navigation [x]
[taskset-1]         --> HasMpcGoal [x]
[taskset-1] 
[taskset-1] [INFO] [1791036853.206812171] [behavior_executor_node]: [IsProximityTooClose] DIAG scan: total=1081 in_window=721 excluded_by_filter=0 min_in_window=0.862 front_min=1.333
[taskset-1] [INFO] [1791036854.006808282] [behavior_executor_node]: BT snapshot -- root=FAILURE, lanes: emergency=FAILURE | mission=FAILURE | navigation=FAILURE
[taskset-1] [o] root [x]
[taskset-1]     [-] emergency [x]
[taskset-1]         [o] emergency_condition [x]
[taskset-1]             --> IsBatteryLow [x]
[taskset-1]             --> IsEmergencyStopTriggered [x]
[taskset-1]             --> IsProximityTooClose [x]
[taskset-1]             --> IsSystemOverheated [x]
[taskset-1]         --> Stop [-]
[taskset-1]     [-] mission [x]
[taskset-1]         --> MissionActive [x]
[taskset-1]         [o] mission_selector [-]
[taskset-1]             [-] mission_object_response [-]
[taskset-1]                 --> ObjectSeen [-]
[taskset-1]                 --> HandleObjectAction [-]
[taskset-1]             [-] mission_progress [-]
[taskset-1]                 --> PublishMoveGoal [-]
[taskset-1]                 --> GoToObject [-]
[taskset-1]                 --> CheckStopCondition [-]
[taskset-1]                 --> AdvanceMove [-]
[taskset-1]     [-] navigation [x]
[taskset-1]         --> HasMpcGoal [x]
[taskset-1] 
[taskset-1] [INFO] [1791036855.007345246] [behavior_executor_node]: BT snapshot -- root=FAILURE, lanes: emergency=FAILURE | mission=FAILURE | navigation=FAILURE
[taskset-1] [o] root [x]
[taskset-1]     [-] emergency [x]
[taskset-1]         [o] emergency_condition [x]
[taskset-1]             --> IsBatteryLow [x]
[taskset-1]             --> IsEmergencyStopTriggered [x]
[taskset-1]             --> IsProximityTooClose [x]
[taskset-1]             --> IsSystemOverheated [x]
[taskset-1]         --> Stop [-]
[taskset-1]     [-] mission [x]
[taskset-1]         --> MissionActive [x]
[taskset-1]         [o] mission_selector [-]
[taskset-1]             [-] mission_object_response [-]
[taskset-1]                 --> ObjectSeen [-]
[taskset-1]                 --> HandleObjectAction [-]
[taskset-1]             [-] mission_progress [-]
[taskset-1]                 --> PublishMoveGoal [-]
[taskset-1]                 --> GoToObject [-]
[taskset-1]                 --> CheckStopCondition [-]
[taskset-1]                 --> AdvanceMove [-]
[taskset-1]     [-] navigation [x]
[taskset-1]         --> HasMpcGoal [x]
[taskset-1] 
[taskset-1] [INFO] [1791036855.311438871] [behavior_executor_node]: [IsProximityTooClose] DIAG scan: total=1081 in_window=721 excluded_by_filter=0 min_in_window=0.850 front_min=1.276
[taskset-1] [INFO] [1791036856.107012483] [behavior_executor_node]: BT snapshot -- root=FAILURE, lanes: emergency=FAILURE | mission=FAILURE | navigation=FAILURE
[taskset-1] [o] root [x]
[taskset-1]     [-] emergency [x]
[taskset-1]         [o] emergency_condition [x]
[taskset-1]             --> IsBatteryLow [x]
[taskset-1]             --> IsEmergencyStopTriggered [x]
[taskset-1]             --> IsProximityTooClose [x]
[taskset-1]             --> IsSystemOverheated [x]
[taskset-1]         --> Stop [-]
[taskset-1]     [-] mission [x]
[taskset-1]         --> MissionActive [x]
[taskset-1]         [o] mission_selector [-]
[taskset-1]             [-] mission_object_response [-]
[taskset-1]                 --> ObjectSeen [-]
[taskset-1]                 --> HandleObjectAction [-]
[taskset-1]             [-] mission_progress [-]
[taskset-1]                 --> PublishMoveGoal [-]
[taskset-1]                 --> GoToObject [-]
[taskset-1]                 --> CheckStopCondition [-]
[taskset-1]                 --> AdvanceMove [-]
[taskset-1]     [-] navigation [x]
[taskset-1]         --> HasMpcGoal [x]
[taskset-1] 
[taskset-1] [INFO] [1791036857.207215019] [behavior_executor_node]: BT snapshot -- root=FAILURE, lanes: emergency=FAILURE | mission=FAILURE | navigation=FAILURE
[taskset-1] [o] root [x]
[taskset-1]     [-] emergency [x]
[taskset-1]         [o] emergency_condition [x]
[taskset-1]             --> IsBatteryLow [x]
[taskset-1]             --> IsEmergencyStopTriggered [x]
[taskset-1]             --> IsProximityTooClose [x]
[taskset-1]             --> IsSystemOverheated [x]
[taskset-1]         --> Stop [-]
[taskset-1]     [-] mission [x]
[taskset-1]         --> MissionActive [x]
[taskset-1]         [o] mission_selector [-]
[taskset-1]             [-] mission_object_response [-]
[taskset-1]                 --> ObjectSeen [-]
[taskset-1]                 --> HandleObjectAction [-]
[taskset-1]             [-] mission_progress [-]
[taskset-1]                 --> PublishMoveGoal [-]
[taskset-1]                 --> GoToObject [-]
[taskset-1]                 --> CheckStopCondition [-]
[taskset-1]                 --> AdvanceMove [-]
[taskset-1]     [-] navigation [x]
[taskset-1]         --> HasMpcGoal [x]
[taskset-1] 
[taskset-1] [INFO] [1791036857.337876162] [behavior_executor_node]: [IsProximityTooClose] DIAG scan: total=1081 in_window=721 excluded_by_filter=0 min_in_window=0.877 front_min=2.050
[taskset-1] [INFO] [1791036858.306704629] [behavior_executor_node]: BT snapshot -- root=FAILURE, lanes: emergency=FAILURE | mission=FAILURE | navigation=FAILURE
[taskset-1] [o] root [x]
[taskset-1]     [-] emergency [x]
[taskset-1]         [o] emergency_condition [x]
[taskset-1]             --> IsBatteryLow [x]
[taskset-1]             --> IsEmergencyStopTriggered [x]
[taskset-1]             --> IsProximityTooClose [x]
[taskset-1]             --> IsSystemOverheated [x]
[taskset-1]         --> Stop [-]
[taskset-1]     [-] mission [x]
[taskset-1]         --> MissionActive [x]
[taskset-1]         [o] mission_selector [-]
[taskset-1]             [-] mission_object_response [-]
[taskset-1]                 --> ObjectSeen [-]
[taskset-1]                 --> HandleObjectAction [-]
[taskset-1]             [-] mission_progress [-]
[taskset-1]                 --> PublishMoveGoal [-]
[taskset-1]                 --> GoToObject [-]
[taskset-1]                 --> CheckStopCondition [-]
[taskset-1]                 --> AdvanceMove [-]
[taskset-1]     [-] navigation [x]
[taskset-1]         --> HasMpcGoal [x]
[taskset-1] 
[taskset-1] [INFO] [1791036859.338165603] [behavior_executor_node]: [IsProximityTooClose] DIAG scan: total=1081 in_window=721 excluded_by_filter=0 min_in_window=0.886 front_min=2.378
[taskset-1] [INFO] [1791036859.406277076] [behavior_executor_node]: BT snapshot -- root=FAILURE, lanes: emergency=FAILURE | mission=FAILURE | navigation=FAILURE
[taskset-1] [o] root [x]
[taskset-1]     [-] emergency [x]
[taskset-1]         [o] emergency_condition [x]
[taskset-1]             --> IsBatteryLow [x]
[taskset-1]             --> IsEmergencyStopTriggered [x]
[taskset-1]             --> IsProximityTooClose [x]
[taskset-1]             --> IsSystemOverheated [x]
[taskset-1]         --> Stop [-]
[taskset-1]     [-] mission [x]
[taskset-1]         --> MissionActive [x]
[taskset-1]         [o] mission_selector [-]
[taskset-1]             [-] mission_object_response [-]
[taskset-1]                 --> ObjectSeen [-]
[taskset-1]                 --> HandleObjectAction [-]
[taskset-1]             [-] mission_progress [-]
[taskset-1]                 --> PublishMoveGoal [-]
[taskset-1]                 --> GoToObject [-]
[taskset-1]                 --> CheckStopCondition [-]
[taskset-1]                 --> AdvanceMove [-]
[taskset-1]     [-] navigation [x]
[taskset-1]         --> HasMpcGoal [x]
[taskset-1] 
[taskset-1] [INFO] [1791036860.408540378] [behavior_executor_node]: BT snapshot -- root=FAILURE, lanes: emergency=FAILURE | mission=FAILURE | navigation=FAILURE
[taskset-1] [o] root [x]
[taskset-1]     [-] emergency [x]
[taskset-1]         [o] emergency_condition [x]
[taskset-1]             --> IsBatteryLow [x]
[taskset-1]             --> IsEmergencyStopTriggered [x]
[taskset-1]             --> IsProximityTooClose [x]
[taskset-1]             --> IsSystemOverheated [x]
[taskset-1]         --> Stop [-]
[taskset-1]     [-] mission [x]
[taskset-1]         --> MissionActive [x]
[taskset-1]         [o] mission_selector [-]
[taskset-1]             [-] mission_object_response [-]
[taskset-1]                 --> ObjectSeen [-]
[taskset-1]                 --> HandleObjectAction [-]
[taskset-1]             [-] mission_progress [-]
[taskset-1]                 --> PublishMoveGoal [-]
[taskset-1]                 --> GoToObject [-]
[taskset-1]                 --> CheckStopCondition [-]
[taskset-1]                 --> AdvanceMove [-]
[taskset-1]     [-] navigation [x]
[taskset-1]         --> HasMpcGoal [x]
[taskset-1] 
[taskset-1] [INFO] [1791036861.404441538] [behavior_executor_node]: [IsProximityTooClose] DIAG scan: total=1081 in_window=721 excluded_by_filter=0 min_in_window=0.945 front_min=1.611
[taskset-1] [INFO] [1791036861.506241435] [behavior_executor_node]: BT snapshot -- root=FAILURE, lanes: emergency=FAILURE | mission=FAILURE | navigation=FAILURE
[taskset-1] [o] root [x]
[taskset-1]     [-] emergency [x]
[taskset-1]         [o] emergency_condition [x]
[taskset-1]             --> IsBatteryLow [x]
[taskset-1]             --> IsEmergencyStopTriggered [x]
[taskset-1]             --> IsProximityTooClose [x]
[taskset-1]             --> IsSystemOverheated [x]
[taskset-1]         --> Stop [-]
[taskset-1]     [-] mission [x]
[taskset-1]         --> MissionActive [x]
[taskset-1]         [o] mission_selector [-]
[taskset-1]             [-] mission_object_response [-]
[taskset-1]                 --> ObjectSeen [-]
[taskset-1]                 --> HandleObjectAction [-]
[taskset-1]             [-] mission_progress [-]
[taskset-1]                 --> PublishMoveGoal [-]
[taskset-1]                 --> GoToObject [-]
[taskset-1]                 --> CheckStopCondition [-]
[taskset-1]                 --> AdvanceMove [-]
[taskset-1]     [-] navigation [x]
[taskset-1]         --> HasMpcGoal [x]
[taskset-1] 
[taskset-1] [INFO] [1791036862.606173164] [behavior_executor_node]: BT snapshot -- root=FAILURE, lanes: emergency=FAILURE | mission=FAILURE | navigation=FAILURE
[taskset-1] [o] root [x]
[taskset-1]     [-] emergency [x]
[taskset-1]         [o] emergency_condition [x]
[taskset-1]             --> IsBatteryLow [x]
[taskset-1]             --> IsEmergencyStopTriggered [x]
[taskset-1]             --> IsProximityTooClose [x]
[taskset-1]             --> IsSystemOverheated [x]
[taskset-1]         --> Stop [-]
[taskset-1]     [-] mission [x]
[taskset-1]         --> MissionActive [x]
[taskset-1]         [o] mission_selector [-]
[taskset-1]             [-] mission_object_response [-]
[taskset-1]                 --> ObjectSeen [-]
[taskset-1]                 --> HandleObjectAction [-]
[taskset-1]             [-] mission_progress [-]
[taskset-1]                 --> PublishMoveGoal [-]
[taskset-1]                 --> GoToObject [-]
[taskset-1]                 --> CheckStopCondition [-]
[taskset-1]                 --> AdvanceMove [-]
[taskset-1]     [-] navigation [x]
[taskset-1]         --> HasMpcGoal [x]
[taskset-1] 
[taskset-1] [INFO] [1791036863.416189883] [behavior_executor_node]: [IsProximityTooClose] DIAG scan: total=1081 in_window=721 excluded_by_filter=0 min_in_window=0.969 front_min=1.880
[taskset-1] [INFO] [1791036863.606217703] [behavior_executor_node]: BT snapshot -- root=FAILURE, lanes: emergency=FAILURE | mission=FAILURE | navigation=FAILURE
[taskset-1] [o] root [x]
[taskset-1]     [-] emergency [x]
[taskset-1]         [o] emergency_condition [x]
[taskset-1]             --> IsBatteryLow [x]
[taskset-1]             --> IsEmergencyStopTriggered [x]
[taskset-1]             --> IsProximityTooClose [x]
[taskset-1]             --> IsSystemOverheated [x]
[taskset-1]         --> Stop [-]
[taskset-1]     [-] mission [x]
[taskset-1]         --> MissionActive [x]
[taskset-1]         [o] mission_selector [-]
[taskset-1]             [-] mission_object_response [-]
[taskset-1]                 --> ObjectSeen [-]
[taskset-1]                 --> HandleObjectAction [-]
[taskset-1]             [-] mission_progress [-]
[taskset-1]                 --> PublishMoveGoal [-]
[taskset-1]                 --> GoToObject [-]
[taskset-1]                 --> CheckStopCondition [-]
[taskset-1]                 --> AdvanceMove [-]
[taskset-1]     [-] navigation [x]
[taskset-1]         --> HasMpcGoal [x]
[taskset-1] 
[taskset-1] [INFO] [1791036864.616557941] [behavior_executor_node]: BT snapshot -- root=FAILURE, lanes: emergency=FAILURE | mission=FAILURE | navigation=FAILURE
[taskset-1] [o] root [x]
[taskset-1]     [-] emergency [x]
[taskset-1]         [o] emergency_condition [x]
[taskset-1]             --> IsBatteryLow [x]
[taskset-1]             --> IsEmergencyStopTriggered [x]
[taskset-1]             --> IsProximityTooClose [x]
[taskset-1]             --> IsSystemOverheated [x]
[taskset-1]         --> Stop [-]
[taskset-1]     [-] mission [x]
[taskset-1]         --> MissionActive [x]
[taskset-1]         [o] mission_selector [-]
[taskset-1]             [-] mission_object_response [-]
[taskset-1]                 --> ObjectSeen [-]
[taskset-1]                 --> HandleObjectAction [-]
[taskset-1]             [-] mission_progress [-]
[taskset-1]                 --> PublishMoveGoal [-]
[taskset-1]                 --> GoToObject [-]
[taskset-1]                 --> CheckStopCondition [-]
[taskset-1]                 --> AdvanceMove [-]
[taskset-1]     [-] navigation [x]
[taskset-1]         --> HasMpcGoal [x]
[taskset-1] 
[taskset-1] [INFO] [1791036865.501070307] [behavior_executor_node]: [IsProximityTooClose] DIAG scan: total=1081 in_window=721 excluded_by_filter=0 min_in_window=1.025 front_min=2.836
[taskset-1] [INFO] [1791036865.706567959] [behavior_executor_node]: BT snapshot -- root=FAILURE, lanes: emergency=FAILURE | mission=FAILURE | navigation=FAILURE
[taskset-1] [o] root [x]
[taskset-1]     [-] emergency [x]
[taskset-1]         [o] emergency_condition [x]
[taskset-1]             --> IsBatteryLow [x]
[taskset-1]             --> IsEmergencyStopTriggered [x]
[taskset-1]             --> IsProximityTooClose [x]
[taskset-1]             --> IsSystemOverheated [x]
[taskset-1]         --> Stop [-]
[taskset-1]     [-] mission [x]
[taskset-1]         --> MissionActive [x]
[taskset-1]         [o] mission_selector [-]
[taskset-1]             [-] mission_object_response [-]
[taskset-1]                 --> ObjectSeen [-]
[taskset-1]                 --> HandleObjectAction [-]
[taskset-1]             [-] mission_progress [-]
[taskset-1]                 --> PublishMoveGoal [-]
[taskset-1]                 --> GoToObject [-]
[taskset-1]                 --> CheckStopCondition [-]
[taskset-1]                 --> AdvanceMove [-]
[taskset-1]     [-] navigation [x]
[taskset-1]         --> HasMpcGoal [x]
[taskset-1] 
[taskset-1] [INFO] [1791036866.806706816] [behavior_executor_node]: BT snapshot -- root=FAILURE, lanes: emergency=FAILURE | mission=FAILURE | navigation=FAILURE
[taskset-1] [o] root [x]
[taskset-1]     [-] emergency [x]
[taskset-1]         [o] emergency_condition [x]
[taskset-1]             --> IsBatteryLow [x]
[taskset-1]             --> IsEmergencyStopTriggered [x]
[taskset-1]             --> IsProximityTooClose [x]
[taskset-1]             --> IsSystemOverheated [x]
[taskset-1]         --> Stop [-]
[taskset-1]     [-] mission [x]
[taskset-1]         --> MissionActive [x]
[taskset-1]         [o] mission_selector [-]
[taskset-1]             [-] mission_object_response [-]
[taskset-1]                 --> ObjectSeen [-]
[taskset-1]                 --> HandleObjectAction [-]
[taskset-1]             [-] mission_progress [-]
[taskset-1]                 --> PublishMoveGoal [-]
[taskset-1]                 --> GoToObject [-]
[taskset-1]                 --> CheckStopCondition [-]
[taskset-1]                 --> AdvanceMove [-]
[taskset-1]     [-] navigation [x]
[taskset-1]         --> HasMpcGoal [x]
[taskset-1] 
[taskset-1] [INFO] [1791036867.502176956] [behavior_executor_node]: [IsProximityTooClose] DIAG scan: total=1081 in_window=721 excluded_by_filter=0 min_in_window=1.084 front_min=1.676
[taskset-1] [INFO] [1791036867.908711013] [behavior_executor_node]: BT snapshot -- root=FAILURE, lanes: emergency=FAILURE | mission=FAILURE | navigation=FAILURE
[taskset-1] [o] root [x]
[taskset-1]     [-] emergency [x]
[taskset-1]         [o] emergency_condition [x]
[taskset-1]             --> IsBatteryLow [x]
[taskset-1]             --> IsEmergencyStopTriggered [x]
[taskset-1]             --> IsProximityTooClose [x]
[taskset-1]             --> IsSystemOverheated [x]
[taskset-1]         --> Stop [-]
[taskset-1]     [-] mission [x]
[taskset-1]         --> MissionActive [x]
[taskset-1]         [o] mission_selector [-]
[taskset-1]             [-] mission_object_response [-]
[taskset-1]                 --> ObjectSeen [-]
[taskset-1]                 --> HandleObjectAction [-]
[taskset-1]             [-] mission_progress [-]
[taskset-1]                 --> PublishMoveGoal [-]
[taskset-1]                 --> GoToObject [-]
[taskset-1]                 --> CheckStopCondition [-]
[taskset-1]                 --> AdvanceMove [-]
[taskset-1]     [-] navigation [x]
[taskset-1]         --> HasMpcGoal [x]
[taskset-1] 
[taskset-1] [INFO] [1791036869.013126556] [behavior_executor_node]: BT snapshot -- root=FAILURE, lanes: emergency=FAILURE | mission=FAILURE | navigation=FAILURE
[taskset-1] [o] root [x]
[taskset-1]     [-] emergency [x]
[taskset-1]         [o] emergency_condition [x]
[taskset-1]             --> IsBatteryLow [x]
[taskset-1]             --> IsEmergencyStopTriggered [x]
[taskset-1]             --> IsProximityTooClose [x]
[taskset-1]             --> IsSystemOverheated [x]
[taskset-1]         --> Stop [-]
[taskset-1]     [-] mission [x]
[taskset-1]         --> MissionActive [x]
[taskset-1]         [o] mission_selector [-]
[taskset-1]             [-] mission_object_response [-]
[taskset-1]                 --> ObjectSeen [-]
[taskset-1]                 --> HandleObjectAction [-]
[taskset-1]             [-] mission_progress [-]
[taskset-1]                 --> PublishMoveGoal [-]
[taskset-1]                 --> GoToObject [-]
[taskset-1]                 --> CheckStopCondition [-]
[taskset-1]                 --> AdvanceMove [-]
[taskset-1]     [-] navigation [x]
[taskset-1]         --> HasMpcGoal [x]
[taskset-1] 
[taskset-1] [INFO] [1791036869.521077785] [behavior_executor_node]: [IsProximityTooClose] DIAG scan: total=1081 in_window=721 excluded_by_filter=0 min_in_window=1.474 front_min=2.044
[taskset-1] [INFO] [1791036870.106227535] [behavior_executor_node]: BT snapshot -- root=FAILURE, lanes: emergency=FAILURE | mission=FAILURE | navigation=FAILURE
[taskset-1] [o] root [x]
[taskset-1]     [-] emergency [x]
[taskset-1]         [o] emergency_condition [x]
[taskset-1]             --> IsBatteryLow [x]
[taskset-1]             --> IsEmergencyStopTriggered [x]
[taskset-1]             --> IsProximityTooClose [x]
[taskset-1]             --> IsSystemOverheated [x]
[taskset-1]         --> Stop [-]
[taskset-1]     [-] mission [x]
[taskset-1]         --> MissionActive [x]
[taskset-1]         [o] mission_selector [-]
[taskset-1]             [-] mission_object_response [-]
[taskset-1]                 --> ObjectSeen [-]
[taskset-1]                 --> HandleObjectAction [-]
[taskset-1]             [-] mission_progress [-]
[taskset-1]                 --> PublishMoveGoal [-]
[taskset-1]                 --> GoToObject [-]
[taskset-1]                 --> CheckStopCondition [-]
[taskset-1]                 --> AdvanceMove [-]
[taskset-1]     [-] navigation [x]
[taskset-1]         --> HasMpcGoal [x]
[taskset-1] 
[taskset-1] [INFO] [1791036871.106344373] [behavior_executor_node]: BT snapshot -- root=FAILURE, lanes: emergency=FAILURE | mission=FAILURE | navigation=FAILURE
[taskset-1] [o] root [x]
[taskset-1]     [-] emergency [x]
[taskset-1]         [o] emergency_condition [x]
[taskset-1]             --> IsBatteryLow [x]
[taskset-1]             --> IsEmergencyStopTriggered [x]
[taskset-1]             --> IsProximityTooClose [x]
[taskset-1]             --> IsSystemOverheated [x]
[taskset-1]         --> Stop [-]
[taskset-1]     [-] mission [x]
[taskset-1]         --> MissionActive [x]
[taskset-1]         [o] mission_selector [-]
[taskset-1]             [-] mission_object_response [-]
[taskset-1]                 --> ObjectSeen [-]
[taskset-1]                 --> HandleObjectAction [-]
[taskset-1]             [-] mission_progress [-]
[taskset-1]                 --> PublishMoveGoal [-]
[taskset-1]                 --> GoToObject [-]
[taskset-1]                 --> CheckStopCondition [-]
[taskset-1]                 --> AdvanceMove [-]
[taskset-1]     [-] navigation [x]
[taskset-1]         --> HasMpcGoal [x]
[taskset-1] 
[taskset-1] [INFO] [1791036871.541920152] [behavior_executor_node]: [IsProximityTooClose] DIAG scan: total=1081 in_window=721 excluded_by_filter=0 min_in_window=1.168 front_min=1.968
[taskset-1] [INFO] [1791036872.206430719] [behavior_executor_node]: BT snapshot -- root=FAILURE, lanes: emergency=FAILURE | mission=FAILURE | navigation=FAILURE
[taskset-1] [o] root [x]
[taskset-1]     [-] emergency [x]
[taskset-1]         [o] emergency_condition [x]
[taskset-1]             --> IsBatteryLow [x]
[taskset-1]             --> IsEmergencyStopTriggered [x]
[taskset-1]             --> IsProximityTooClose [x]
[taskset-1]             --> IsSystemOverheated [x]
[taskset-1]         --> Stop [-]
[taskset-1]     [-] mission [x]
[taskset-1]         --> MissionActive [x]
[taskset-1]         [o] mission_selector [-]
[taskset-1]             [-] mission_object_response [-]
[taskset-1]                 --> ObjectSeen [-]
[taskset-1]                 --> HandleObjectAction [-]
[taskset-1]             [-] mission_progress [-]
[taskset-1]                 --> PublishMoveGoal [-]
[taskset-1]                 --> GoToObject [-]
[taskset-1]                 --> CheckStopCondition [-]
[taskset-1]                 --> AdvanceMove [-]
[taskset-1]     [-] navigation [x]
[taskset-1]         --> HasMpcGoal [x]
[taskset-1] 
[taskset-1] [INFO] [1791036873.206818722] [behavior_executor_node]: BT snapshot -- root=FAILURE, lanes: emergency=FAILURE | mission=FAILURE | navigation=FAILURE
[taskset-1] [o] root [x]
[taskset-1]     [-] emergency [x]
[taskset-1]         [o] emergency_condition [x]
[taskset-1]             --> IsBatteryLow [x]
[taskset-1]             --> IsEmergencyStopTriggered [x]
[taskset-1]             --> IsProximityTooClose [x]
[taskset-1]             --> IsSystemOverheated [x]
[taskset-1]         --> Stop [-]
[taskset-1]     [-] mission [x]
[taskset-1]         --> MissionActive [x]
[taskset-1]         [o] mission_selector [-]
[taskset-1]             [-] mission_object_response [-]
[taskset-1]                 --> ObjectSeen [-]
[taskset-1]                 --> HandleObjectAction [-]
[taskset-1]             [-] mission_progress [-]
[taskset-1]                 --> PublishMoveGoal [-]
[taskset-1]                 --> GoToObject [-]
[taskset-1]                 --> CheckStopCondition [-]
[taskset-1]                 --> AdvanceMove [-]
[taskset-1]     [-] navigation [x]
[taskset-1]         --> HasMpcGoal [x]
[taskset-1] 
[taskset-1] [INFO] [1791036873.547118285] [behavior_executor_node]: [IsProximityTooClose] DIAG scan: total=1081 in_window=721 excluded_by_filter=0 min_in_window=1.207 front_min=1.806
[taskset-1] [INFO] [1791036874.308314525] [behavior_executor_node]: BT snapshot -- root=FAILURE, lanes: emergency=FAILURE | mission=FAILURE | navigation=FAILURE
[taskset-1] [o] root [x]
[taskset-1]     [-] emergency [x]
[taskset-1]         [o] emergency_condition [x]
[taskset-1]             --> IsBatteryLow [x]
[taskset-1]             --> IsEmergencyStopTriggered [x]
[taskset-1]             --> IsProximityTooClose [x]
[taskset-1]             --> IsSystemOverheated [x]
[taskset-1]         --> Stop [-]
[taskset-1]     [-] mission [x]
[taskset-1]         --> MissionActive [x]
[taskset-1]         [o] mission_selector [-]
[taskset-1]             [-] mission_object_response [-]
[taskset-1]                 --> ObjectSeen [-]
[taskset-1]                 --> HandleObjectAction [-]
[taskset-1]             [-] mission_progress [-]
[taskset-1]                 --> PublishMoveGoal [-]
[taskset-1]                 --> GoToObject [-]
[taskset-1]                 --> CheckStopCondition [-]
[taskset-1]                 --> AdvanceMove [-]
[taskset-1]     [-] navigation [x]
[taskset-1]         --> HasMpcGoal [x]
[taskset-1] 
[taskset-1] [INFO] [1791036875.406572653] [behavior_executor_node]: BT snapshot -- root=FAILURE, lanes: emergency=FAILURE | mission=FAILURE | navigation=FAILURE
[taskset-1] [o] root [x]
[taskset-1]     [-] emergency [x]
[taskset-1]         [o] emergency_condition [x]
[taskset-1]             --> IsBatteryLow [x]
[taskset-1]             --> IsEmergencyStopTriggered [x]
[taskset-1]             --> IsProximityTooClose [x]
[taskset-1]             --> IsSystemOverheated [x]
[taskset-1]         --> Stop [-]
[taskset-1]     [-] mission [x]
[taskset-1]         --> MissionActive [x]
[taskset-1]         [o] mission_selector [-]
[taskset-1]             [-] mission_object_response [-]
[taskset-1]                 --> ObjectSeen [-]
[taskset-1]                 --> HandleObjectAction [-]
[taskset-1]             [-] mission_progress [-]
[taskset-1]                 --> PublishMoveGoal [-]
[taskset-1]                 --> GoToObject [-]
[taskset-1]                 --> CheckStopCondition [-]
[taskset-1]                 --> AdvanceMove [-]
[taskset-1]     [-] navigation [x]
[taskset-1]         --> HasMpcGoal [x]
[taskset-1] 
[taskset-1] [INFO] [1791036875.555786624] [behavior_executor_node]: [IsProximityTooClose] DIAG scan: total=1081 in_window=721 excluded_by_filter=0 min_in_window=1.301 front_min=1.611
[taskset-1] [INFO] [1791036876.506439463] [behavior_executor_node]: BT snapshot -- root=FAILURE, lanes: emergency=FAILURE | mission=FAILURE | navigation=FAILURE
[taskset-1] [o] root [x]
[taskset-1]     [-] emergency [x]
[taskset-1]         [o] emergency_condition [x]
[taskset-1]             --> IsBatteryLow [x]
[taskset-1]             --> IsEmergencyStopTriggered [x]
[taskset-1]             --> IsProximityTooClose [x]
[taskset-1]             --> IsSystemOverheated [x]
[taskset-1]         --> Stop [-]
[taskset-1]     [-] mission [x]
[taskset-1]         --> MissionActive [x]
[taskset-1]         [o] mission_selector [-]
[taskset-1]             [-] mission_object_response [-]
[taskset-1]                 --> ObjectSeen [-]
[taskset-1]                 --> HandleObjectAction [-]
[taskset-1]             [-] mission_progress [-]
[taskset-1]                 --> PublishMoveGoal [-]
[taskset-1]                 --> GoToObject [-]
[taskset-1]                 --> CheckStopCondition [-]
[taskset-1]                 --> AdvanceMove [-]
[taskset-1]     [-] navigation [x]
[taskset-1]         --> HasMpcGoal [x]
[taskset-1] 
[taskset-1] [INFO] [1791036877.598745311] [behavior_executor_node]: BT snapshot -- root=FAILURE, lanes: emergency=FAILURE | mission=FAILURE | navigation=FAILURE
[taskset-1] [o] root [x]
[taskset-1]     [-] emergency [x]
[taskset-1]         [o] emergency_condition [x]
[taskset-1]             --> IsBatteryLow [x]
[taskset-1]             --> IsEmergencyStopTriggered [x]
[taskset-1]             --> IsProximityTooClose [x]
[taskset-1]             --> IsSystemOverheated [x]
[taskset-1]         --> Stop [-]
[taskset-1]     [-] mission [x]
[taskset-1]         --> MissionActive [x]
[taskset-1]         [o] mission_selector [-]
[taskset-1]             [-] mission_object_response [-]
[taskset-1]                 --> ObjectSeen [-]
[taskset-1]                 --> HandleObjectAction [-]
[taskset-1]             [-] mission_progress [-]
[taskset-1]                 --> PublishMoveGoal [-]
[taskset-1]                 --> GoToObject [-]
[taskset-1]                 --> CheckStopCondition [-]
[taskset-1]                 --> AdvanceMove [-]
[taskset-1]     [-] navigation [x]
[taskset-1]         --> HasMpcGoal [x]
[taskset-1] 
[taskset-1] [INFO] [1791036877.600320045] [behavior_executor_node]: [IsProximityTooClose] DIAG scan: total=1081 in_window=721 excluded_by_filter=0 min_in_window=1.014 front_min=1.878
[taskset-1] [INFO] [1791036878.606339657] [behavior_executor_node]: BT snapshot -- root=FAILURE, lanes: emergency=FAILURE | mission=FAILURE | navigation=FAILURE
[taskset-1] [o] root [x]
[taskset-1]     [-] emergency [x]
[taskset-1]         [o] emergency_condition [x]
[taskset-1]             --> IsBatteryLow [x]
[taskset-1]             --> IsEmergencyStopTriggered [x]
[taskset-1]             --> IsProximityTooClose [x]
[taskset-1]             --> IsSystemOverheated [x]
[taskset-1]         --> Stop [-]
[taskset-1]     [-] mission [x]
[taskset-1]         --> MissionActive [x]
[taskset-1]         [o] mission_selector [-]
[taskset-1]             [-] mission_object_response [-]
[taskset-1]                 --> ObjectSeen [-]
[taskset-1]                 --> HandleObjectAction [-]
[taskset-1]             [-] mission_progress [-]
[taskset-1]                 --> PublishMoveGoal [-]
[taskset-1]                 --> GoToObject [-]
[taskset-1]                 --> CheckStopCondition [-]
[taskset-1]                 --> AdvanceMove [-]
[taskset-1]     [-] navigation [x]
[taskset-1]         --> HasMpcGoal [x]
[taskset-1] 
[taskset-1] [INFO] [1791036879.606450514] [behavior_executor_node]: BT snapshot -- root=FAILURE, lanes: emergency=FAILURE | mission=FAILURE | navigation=FAILURE
[taskset-1] [o] root [x]
[taskset-1]     [-] emergency [x]
[taskset-1]         [o] emergency_condition [x]
[taskset-1]             --> IsBatteryLow [x]
[taskset-1]             --> IsEmergencyStopTriggered [x]
[taskset-1]             --> IsProximityTooClose [x]
[taskset-1]             --> IsSystemOverheated [x]
[taskset-1]         --> Stop [-]
[taskset-1]     [-] mission [x]
[taskset-1]         --> MissionActive [x]
[taskset-1]         [o] mission_selector [-]
[taskset-1]             [-] mission_object_response [-]
[taskset-1]                 --> ObjectSeen [-]
[taskset-1]                 --> HandleObjectAction [-]
[taskset-1]             [-] mission_progress [-]
[taskset-1]                 --> PublishMoveGoal [-]
[taskset-1]                 --> GoToObject [-]
[taskset-1]                 --> CheckStopCondition [-]
[taskset-1]                 --> AdvanceMove [-]
[taskset-1]     [-] navigation [x]
[taskset-1]         --> HasMpcGoal [x]
[taskset-1] 
[taskset-1] [INFO] [1791036879.617086736] [behavior_executor_node]: [IsProximityTooClose] DIAG scan: total=1081 in_window=721 excluded_by_filter=0 min_in_window=0.875 front_min=1.572
[taskset-1] [INFO] [1791036880.706421765] [behavior_executor_node]: BT snapshot -- root=FAILURE, lanes: emergency=FAILURE | mission=FAILURE | navigation=FAILURE
[taskset-1] [o] root [x]
[taskset-1]     [-] emergency [x]
[taskset-1]         [o] emergency_condition [x]
[taskset-1]             --> IsBatteryLow [x]
[taskset-1]             --> IsEmergencyStopTriggered [x]
[taskset-1]             --> IsProximityTooClose [x]
[taskset-1]             --> IsSystemOverheated [x]
[taskset-1]         --> Stop [-]
[taskset-1]     [-] mission [x]
[taskset-1]         --> MissionActive [x]
[taskset-1]         [o] mission_selector [-]
[taskset-1]             [-] mission_object_response [-]
[taskset-1]                 --> ObjectSeen [-]
[taskset-1]                 --> HandleObjectAction [-]
[taskset-1]             [-] mission_progress [-]
[taskset-1]                 --> PublishMoveGoal [-]
[taskset-1]                 --> GoToObject [-]
[taskset-1]                 --> CheckStopCondition [-]
[taskset-1]                 --> AdvanceMove [-]
[taskset-1]     [-] navigation [x]
[taskset-1]         --> HasMpcGoal [x]
[taskset-1] 
[taskset-1] [INFO] [1791036881.636483367] [behavior_executor_node]: [IsProximityTooClose] DIAG scan: total=1081 in_window=721 excluded_by_filter=0 min_in_window=0.625 front_min=1.644
[taskset-1] [INFO] [1791036881.706658642] [behavior_executor_node]: BT snapshot -- root=FAILURE, lanes: emergency=FAILURE | mission=FAILURE | navigation=FAILURE
[taskset-1] [o] root [x]
[taskset-1]     [-] emergency [x]
[taskset-1]         [o] emergency_condition [x]
[taskset-1]             --> IsBatteryLow [x]
[taskset-1]             --> IsEmergencyStopTriggered [x]
[taskset-1]             --> IsProximityTooClose [x]
[taskset-1]             --> IsSystemOverheated [x]
[taskset-1]         --> Stop [-]
[taskset-1]     [-] mission [x]
[taskset-1]         --> MissionActive [x]
[taskset-1]         [o] mission_selector [-]
[taskset-1]             [-] mission_object_response [-]
[taskset-1]                 --> ObjectSeen [-]
[taskset-1]                 --> HandleObjectAction [-]
[taskset-1]             [-] mission_progress [-]
[taskset-1]                 --> PublishMoveGoal [-]
[taskset-1]                 --> GoToObject [-]
[taskset-1]                 --> CheckStopCondition [-]
[taskset-1]                 --> AdvanceMove [-]
[taskset-1]     [-] navigation [x]
[taskset-1]         --> HasMpcGoal [x]
[taskset-1] 
[taskset-1] [INFO] [1791036882.927713289] [behavior_executor_node]: BT snapshot -- root=FAILURE, lanes: emergency=FAILURE | mission=FAILURE | navigation=FAILURE
[taskset-1] [o] root [x]
[taskset-1]     [-] emergency [x]
[taskset-1]         [o] emergency_condition [x]
[taskset-1]             --> IsBatteryLow [x]
[taskset-1]             --> IsEmergencyStopTriggered [x]
[taskset-1]             --> IsProximityTooClose [x]
[taskset-1]             --> IsSystemOverheated [x]
[taskset-1]         --> Stop [-]
[taskset-1]     [-] mission [x]
[taskset-1]         --> MissionActive [x]
[taskset-1]         [o] mission_selector [-]
[taskset-1]             [-] mission_object_response [-]
[taskset-1]                 --> ObjectSeen [-]
[taskset-1]                 --> HandleObjectAction [-]
[taskset-1]             [-] mission_progress [-]
[taskset-1]                 --> PublishMoveGoal [-]
[taskset-1]                 --> GoToObject [-]
[taskset-1]                 --> CheckStopCondition [-]
[taskset-1]                 --> AdvanceMove [-]
[taskset-1]     [-] navigation [x]
[taskset-1]         --> HasMpcGoal [x]
[taskset-1] 
[taskset-1] [INFO] [1791036883.650712026] [behavior_executor_node]: [IsProximityTooClose] DIAG scan: total=1081 in_window=721 excluded_by_filter=0 min_in_window=0.536 front_min=1.643
[taskset-1] [INFO] [1791036884.006163978] [behavior_executor_node]: BT snapshot -- root=FAILURE, lanes: emergency=FAILURE | mission=FAILURE | navigation=FAILURE
[taskset-1] [o] root [x]
[taskset-1]     [-] emergency [x]
[taskset-1]         [o] emergency_condition [x]
[taskset-1]             --> IsBatteryLow [x]
[taskset-1]             --> IsEmergencyStopTriggered [x]
[taskset-1]             --> IsProximityTooClose [x]
[taskset-1]             --> IsSystemOverheated [x]
[taskset-1]         --> Stop [-]
[taskset-1]     [-] mission [x]
[taskset-1]         --> MissionActive [x]
[taskset-1]         [o] mission_selector [-]
[taskset-1]             [-] mission_object_response [-]
[taskset-1]                 --> ObjectSeen [-]
[taskset-1]                 --> HandleObjectAction [-]
[taskset-1]             [-] mission_progress [-]
[taskset-1]                 --> PublishMoveGoal [-]
[taskset-1]                 --> GoToObject [-]
[taskset-1]                 --> CheckStopCondition [-]
[taskset-1]                 --> AdvanceMove [-]
[taskset-1]     [-] navigation [x]
[taskset-1]         --> HasMpcGoal [x]
[taskset-1] 
[taskset-1] [INFO] [1791036885.006290283] [behavior_executor_node]: BT snapshot -- root=FAILURE, lanes: emergency=FAILURE | mission=FAILURE | navigation=FAILURE
[taskset-1] [o] root [x]
[taskset-1]     [-] emergency [x]
[taskset-1]         [o] emergency_condition [x]
[taskset-1]             --> IsBatteryLow [x]
[taskset-1]             --> IsEmergencyStopTriggered [x]
[taskset-1]             --> IsProximityTooClose [x]
[taskset-1]             --> IsSystemOverheated [x]
[taskset-1]         --> Stop [-]
[taskset-1]     [-] mission [x]
[taskset-1]         --> MissionActive [x]
[taskset-1]         [o] mission_selector [-]
[taskset-1]             [-] mission_object_response [-]
[taskset-1]                 --> ObjectSeen [-]
[taskset-1]                 --> HandleObjectAction [-]
[taskset-1]             [-] mission_progress [-]
[taskset-1]                 --> PublishMoveGoal [-]
[taskset-1]                 --> GoToObject [-]
[taskset-1]                 --> CheckStopCondition [-]
[taskset-1]                 --> AdvanceMove [-]
[taskset-1]     [-] navigation [x]
[taskset-1]         --> HasMpcGoal [x]
[taskset-1] 
[taskset-1] [INFO] [1791036885.678327623] [behavior_executor_node]: [IsProximityTooClose] DIAG scan: total=1081 in_window=721 excluded_by_filter=0 min_in_window=0.597 front_min=1.510
[taskset-1] [INFO] [1791036886.006413766] [behavior_executor_node]: BT snapshot -- root=FAILURE, lanes: emergency=FAILURE | mission=FAILURE | navigation=FAILURE
[taskset-1] [o] root [x]
[taskset-1]     [-] emergency [x]
[taskset-1]         [o] emergency_condition [x]
[taskset-1]             --> IsBatteryLow [x]
[taskset-1]             --> IsEmergencyStopTriggered [x]
[taskset-1]             --> IsProximityTooClose [x]
[taskset-1]             --> IsSystemOverheated [x]
[taskset-1]         --> Stop [-]
[taskset-1]     [-] mission [x]
[taskset-1]         --> MissionActive [x]
[taskset-1]         [o] mission_selector [-]
[taskset-1]             [-] mission_object_response [-]
[taskset-1]                 --> ObjectSeen [-]
[taskset-1]                 --> HandleObjectAction [-]
[taskset-1]             [-] mission_progress [-]
[taskset-1]                 --> PublishMoveGoal [-]
[taskset-1]                 --> GoToObject [-]
[taskset-1]                 --> CheckStopCondition [-]
[taskset-1]                 --> AdvanceMove [-]
[taskset-1]     [-] navigation [x]
[taskset-1]         --> HasMpcGoal [x]
[taskset-1] 
[taskset-1] [INFO] [1791036887.106229318] [behavior_executor_node]: BT snapshot -- root=FAILURE, lanes: emergency=FAILURE | mission=FAILURE | navigation=FAILURE
[taskset-1] [o] root [x]
[taskset-1]     [-] emergency [x]
[taskset-1]         [o] emergency_condition [x]
[taskset-1]             --> IsBatteryLow [x]
[taskset-1]             --> IsEmergencyStopTriggered [x]
[taskset-1]             --> IsProximityTooClose [x]
[taskset-1]             --> IsSystemOverheated [x]
[taskset-1]         --> Stop [-]
[taskset-1]     [-] mission [x]
[taskset-1]         --> MissionActive [x]
[taskset-1]         [o] mission_selector [-]
[taskset-1]             [-] mission_object_response [-]
[taskset-1]                 --> ObjectSeen [-]
[taskset-1]                 --> HandleObjectAction [-]
[taskset-1]             [-] mission_progress [-]
[taskset-1]                 --> PublishMoveGoal [-]
[taskset-1]                 --> GoToObject [-]
[taskset-1]                 --> CheckStopCondition [-]
[taskset-1]                 --> AdvanceMove [-]
[taskset-1]     [-] navigation [x]
[taskset-1]         --> HasMpcGoal [x]
[taskset-1] 
[taskset-1] [INFO] [1791036887.702750891] [behavior_executor_node]: [IsProximityTooClose] DIAG scan: total=1081 in_window=721 excluded_by_filter=0 min_in_window=0.611 front_min=1.457
[taskset-1] [INFO] [1791036888.109988349] [behavior_executor_node]: BT snapshot -- root=FAILURE, lanes: emergency=FAILURE | mission=FAILURE | navigation=FAILURE
[taskset-1] [o] root [x]
[taskset-1]     [-] emergency [x]
[taskset-1]         [o] emergency_condition [x]
[taskset-1]             --> IsBatteryLow [x]
[taskset-1]             --> IsEmergencyStopTriggered [x]
[taskset-1]             --> IsProximityTooClose [x]
[taskset-1]             --> IsSystemOverheated [x]
[taskset-1]         --> Stop [-]
[taskset-1]     [-] mission [x]
[taskset-1]         --> MissionActive [x]
[taskset-1]         [o] mission_selector [-]
[taskset-1]             [-] mission_object_response [-]
[taskset-1]                 --> ObjectSeen [-]
[taskset-1]                 --> HandleObjectAction [-]
[taskset-1]             [-] mission_progress [-]
[taskset-1]                 --> PublishMoveGoal [-]
[taskset-1]                 --> GoToObject [-]
[taskset-1]                 --> CheckStopCondition [-]
[taskset-1]                 --> AdvanceMove [-]
[taskset-1]     [-] navigation [x]
[taskset-1]         --> HasMpcGoal [x]
[taskset-1] 
[taskset-1] [INFO] [1791036889.206656517] [behavior_executor_node]: BT snapshot -- root=FAILURE, lanes: emergency=FAILURE | mission=FAILURE | navigation=FAILURE
[taskset-1] [o] root [x]
[taskset-1]     [-] emergency [x]
[taskset-1]         [o] emergency_condition [x]
[taskset-1]             --> IsBatteryLow [x]
[taskset-1]             --> IsEmergencyStopTriggered [x]
[taskset-1]             --> IsProximityTooClose [x]
[taskset-1]             --> IsSystemOverheated [x]
[taskset-1]         --> Stop [-]
[taskset-1]     [-] mission [x]
[taskset-1]         --> MissionActive [x]
[taskset-1]         [o] mission_selector [-]
[taskset-1]             [-] mission_object_response [-]
[taskset-1]                 --> ObjectSeen [-]
[taskset-1]                 --> HandleObjectAction [-]
[taskset-1]             [-] mission_progress [-]
[taskset-1]                 --> PublishMoveGoal [-]
[taskset-1]                 --> GoToObject [-]
[taskset-1]                 --> CheckStopCondition [-]
[taskset-1]                 --> AdvanceMove [-]
[taskset-1]     [-] navigation [x]
[taskset-1]         --> HasMpcGoal [x]
[taskset-1] 
[taskset-1] [INFO] [1791036889.720031280] [behavior_executor_node]: [IsProximityTooClose] DIAG scan: total=1081 in_window=721 excluded_by_filter=0 min_in_window=1.033 front_min=1.059
[taskset-1] [INFO] [1791036890.306736933] [behavior_executor_node]: BT snapshot -- root=FAILURE, lanes: emergency=FAILURE | mission=FAILURE | navigation=FAILURE
[taskset-1] [o] root [x]
[taskset-1]     [-] emergency [x]
[taskset-1]         [o] emergency_condition [x]
[taskset-1]             --> IsBatteryLow [x]
[taskset-1]             --> IsEmergencyStopTriggered [x]
[taskset-1]             --> IsProximityTooClose [x]
[taskset-1]             --> IsSystemOverheated [x]
[taskset-1]         --> Stop [-]
[taskset-1]     [-] mission [x]
[taskset-1]         --> MissionActive [x]
[taskset-1]         [o] mission_selector [-]
[taskset-1]             [-] mission_object_response [-]
[taskset-1]                 --> ObjectSeen [-]
[taskset-1]                 --> HandleObjectAction [-]
[taskset-1]             [-] mission_progress [-]
[taskset-1]                 --> PublishMoveGoal [-]
[taskset-1]                 --> GoToObject [-]
[taskset-1]                 --> CheckStopCondition [-]
[taskset-1]                 --> AdvanceMove [-]
[taskset-1]     [-] navigation [x]
[taskset-1]         --> HasMpcGoal [x]
[taskset-1] 
[taskset-1] [INFO] [1791036891.306814715] [behavior_executor_node]: BT snapshot -- root=FAILURE, lanes: emergency=FAILURE | mission=FAILURE | navigation=FAILURE
[taskset-1] [o] root [x]
[taskset-1]     [-] emergency [x]
[taskset-1]         [o] emergency_condition [x]
[taskset-1]             --> IsBatteryLow [x]
[taskset-1]             --> IsEmergencyStopTriggered [x]
[taskset-1]             --> IsProximityTooClose [x]
[taskset-1]             --> IsSystemOverheated [x]
[taskset-1]         --> Stop [-]
[taskset-1]     [-] mission [x]
[taskset-1]         --> MissionActive [x]
[taskset-1]         [o] mission_selector [-]
[taskset-1]             [-] mission_object_response [-]
[taskset-1]                 --> ObjectSeen [-]
[taskset-1]                 --> HandleObjectAction [-]
[taskset-1]             [-] mission_progress [-]
[taskset-1]                 --> PublishMoveGoal [-]
[taskset-1]                 --> GoToObject [-]
[taskset-1]                 --> CheckStopCondition [-]
[taskset-1]                 --> AdvanceMove [-]
[taskset-1]     [-] navigation [x]
[taskset-1]         --> HasMpcGoal [x]
[taskset-1] 
[taskset-1] [INFO] [1791036891.720617197] [behavior_executor_node]: [IsProximityTooClose] DIAG scan: total=1081 in_window=721 excluded_by_filter=0 min_in_window=0.858 front_min=1.224
[taskset-1] [INFO] [1791036892.323944400] [behavior_executor_node]: BT snapshot -- root=FAILURE, lanes: emergency=FAILURE | mission=FAILURE | navigation=FAILURE
[taskset-1] [o] root [x]
[taskset-1]     [-] emergency [x]
[taskset-1]         [o] emergency_condition [x]
[taskset-1]             --> IsBatteryLow [x]
[taskset-1]             --> IsEmergencyStopTriggered [x]
[taskset-1]             --> IsProximityTooClose [x]
[taskset-1]             --> IsSystemOverheated [x]
[taskset-1]         --> Stop [-]
[taskset-1]     [-] mission [x]
[taskset-1]         --> MissionActive [x]
[taskset-1]         [o] mission_selector [-]
[taskset-1]             [-] mission_object_response [-]
[taskset-1]                 --> ObjectSeen [-]
[taskset-1]                 --> HandleObjectAction [-]
[taskset-1]             [-] mission_progress [-]
[taskset-1]                 --> PublishMoveGoal [-]
[taskset-1]                 --> GoToObject [-]
[taskset-1]                 --> CheckStopCondition [-]
[taskset-1]                 --> AdvanceMove [-]
[taskset-1]     [-] navigation [x]
[taskset-1]         --> HasMpcGoal [x]
[taskset-1] 
[taskset-1] [INFO] [1791036893.406241249] [behavior_executor_node]: BT snapshot -- root=FAILURE, lanes: emergency=FAILURE | mission=FAILURE | navigation=FAILURE
[taskset-1] [o] root [x]
[taskset-1]     [-] emergency [x]
[taskset-1]         [o] emergency_condition [x]
[taskset-1]             --> IsBatteryLow [x]
[taskset-1]             --> IsEmergencyStopTriggered [x]
[taskset-1]             --> IsProximityTooClose [x]
[taskset-1]             --> IsSystemOverheated [x]
[taskset-1]         --> Stop [-]
[taskset-1]     [-] mission [x]
[taskset-1]         --> MissionActive [x]
[taskset-1]         [o] mission_selector [-]
[taskset-1]             [-] mission_object_response [-]
[taskset-1]                 --> ObjectSeen [-]
[taskset-1]                 --> HandleObjectAction [-]
[taskset-1]             [-] mission_progress [-]
[taskset-1]                 --> PublishMoveGoal [-]
[taskset-1]                 --> GoToObject [-]
[taskset-1]                 --> CheckStopCondition [-]
[taskset-1]                 --> AdvanceMove [-]
[taskset-1]     [-] navigation [x]
[taskset-1]         --> HasMpcGoal [x]
[taskset-1] 
[taskset-1] [INFO] [1791036893.914338733] [behavior_executor_node]: [IsProximityTooClose] DIAG scan: total=1081 in_window=721 excluded_by_filter=0 min_in_window=0.772 front_min=1.788
[taskset-1] [INFO] [1791036894.406354302] [behavior_executor_node]: BT snapshot -- root=FAILURE, lanes: emergency=FAILURE | mission=FAILURE | navigation=FAILURE
[taskset-1] [o] root [x]
[taskset-1]     [-] emergency [x]
[taskset-1]         [o] emergency_condition [x]
[taskset-1]             --> IsBatteryLow [x]
[taskset-1]             --> IsEmergencyStopTriggered [x]
[taskset-1]             --> IsProximityTooClose [x]
[taskset-1]             --> IsSystemOverheated [x]
[taskset-1]         --> Stop [-]
[taskset-1]     [-] mission [x]
[taskset-1]         --> MissionActive [x]
[taskset-1]         [o] mission_selector [-]
[taskset-1]             [-] mission_object_response [-]
[taskset-1]                 --> ObjectSeen [-]
[taskset-1]                 --> HandleObjectAction [-]
[taskset-1]             [-] mission_progress [-]
[taskset-1]                 --> PublishMoveGoal [-]
[taskset-1]                 --> GoToObject [-]
[taskset-1]                 --> CheckStopCondition [-]
[taskset-1]                 --> AdvanceMove [-]
[taskset-1]     [-] navigation [x]
[taskset-1]         --> HasMpcGoal [x]
[taskset-1] 
[taskset-1] [INFO] [1791036895.506170974] [behavior_executor_node]: BT snapshot -- root=FAILURE, lanes: emergency=FAILURE | mission=FAILURE | navigation=FAILURE
[taskset-1] [o] root [x]
[taskset-1]     [-] emergency [x]
[taskset-1]         [o] emergency_condition [x]
[taskset-1]             --> IsBatteryLow [x]
[taskset-1]             --> IsEmergencyStopTriggered [x]
[taskset-1]             --> IsProximityTooClose [x]
[taskset-1]             --> IsSystemOverheated [x]
[taskset-1]         --> Stop [-]
[taskset-1]     [-] mission [x]
[taskset-1]         --> MissionActive [x]
[taskset-1]         [o] mission_selector [-]
[taskset-1]             [-] mission_object_response [-]
[taskset-1]                 --> ObjectSeen [-]
[taskset-1]                 --> HandleObjectAction [-]
[taskset-1]             [-] mission_progress [-]
[taskset-1]                 --> PublishMoveGoal [-]
[taskset-1]                 --> GoToObject [-]
[taskset-1]                 --> CheckStopCondition [-]
[taskset-1]                 --> AdvanceMove [-]
[taskset-1]     [-] navigation [x]
[taskset-1]         --> HasMpcGoal [x]
[taskset-1] 
[taskset-1] [INFO] [1791036895.929720088] [behavior_executor_node]: [IsProximityTooClose] DIAG scan: total=1081 in_window=721 excluded_by_filter=0 min_in_window=0.859 front_min=1.257
[taskset-1] [INFO] [1791036896.506252505] [behavior_executor_node]: BT snapshot -- root=FAILURE, lanes: emergency=FAILURE | mission=FAILURE | navigation=FAILURE
[taskset-1] [o] root [x]
[taskset-1]     [-] emergency [x]
[taskset-1]         [o] emergency_condition [x]
[taskset-1]             --> IsBatteryLow [x]
[taskset-1]             --> IsEmergencyStopTriggered [x]
[taskset-1]             --> IsProximityTooClose [x]
[taskset-1]             --> IsSystemOverheated [x]
[taskset-1]         --> Stop [-]
[taskset-1]     [-] mission [x]
[taskset-1]         --> MissionActive [x]
[taskset-1]         [o] mission_selector [-]
[taskset-1]             [-] mission_object_response [-]
[taskset-1]                 --> ObjectSeen [-]
[taskset-1]                 --> HandleObjectAction [-]
[taskset-1]             [-] mission_progress [-]
[taskset-1]                 --> PublishMoveGoal [-]
[taskset-1]                 --> GoToObject [-]
[taskset-1]                 --> CheckStopCondition [-]
[taskset-1]                 --> AdvanceMove [-]
[taskset-1]     [-] navigation [x]
[taskset-1]         --> HasMpcGoal [x]
[taskset-1] 
[taskset-1] [INFO] [1791036897.606230230] [behavior_executor_node]: BT snapshot -- root=FAILURE, lanes: emergency=FAILURE | mission=FAILURE | navigation=FAILURE
[taskset-1] [o] root [x]
[taskset-1]     [-] emergency [x]
[taskset-1]         [o] emergency_condition [x]
[taskset-1]             --> IsBatteryLow [x]
[taskset-1]             --> IsEmergencyStopTriggered [x]
[taskset-1]             --> IsProximityTooClose [x]
[taskset-1]             --> IsSystemOverheated [x]
[taskset-1]         --> Stop [-]
[taskset-1]     [-] mission [x]
[taskset-1]         --> MissionActive [x]
[taskset-1]         [o] mission_selector [-]
[taskset-1]             [-] mission_object_response [-]
[taskset-1]                 --> ObjectSeen [-]
[taskset-1]                 --> HandleObjectAction [-]
[taskset-1]             [-] mission_progress [-]
[taskset-1]                 --> PublishMoveGoal [-]
[taskset-1]                 --> GoToObject [-]
[taskset-1]                 --> CheckStopCondition [-]
[taskset-1]                 --> AdvanceMove [-]
[taskset-1]     [-] navigation [x]
[taskset-1]         --> HasMpcGoal [x]
[taskset-1] 
[taskset-1] [INFO] [1791036897.948738589] [behavior_executor_node]: [IsProximityTooClose] DIAG scan: total=1081 in_window=721 excluded_by_filter=0 min_in_window=0.855 front_min=1.283
[taskset-1] [INFO] [1791036898.706427367] [behavior_executor_node]: BT snapshot -- root=FAILURE, lanes: emergency=FAILURE | mission=FAILURE | navigation=FAILURE
[taskset-1] [o] root [x]
[taskset-1]     [-] emergency [x]
[taskset-1]         [o] emergency_condition [x]
[taskset-1]             --> IsBatteryLow [x]
[taskset-1]             --> IsEmergencyStopTriggered [x]
[taskset-1]             --> IsProximityTooClose [x]
[taskset-1]             --> IsSystemOverheated [x]
[taskset-1]         --> Stop [-]
[taskset-1]     [-] mission [x]
[taskset-1]         --> MissionActive [x]
[taskset-1]         [o] mission_selector [-]
[taskset-1]             [-] mission_object_response [-]
[taskset-1]                 --> ObjectSeen [-]
[taskset-1]                 --> HandleObjectAction [-]
[taskset-1]             [-] mission_progress [-]
[taskset-1]                 --> PublishMoveGoal [-]
[taskset-1]                 --> GoToObject [-]
[taskset-1]                 --> CheckStopCondition [-]
[taskset-1]                 --> AdvanceMove [-]
[taskset-1]     [-] navigation [x]
[taskset-1]         --> HasMpcGoal [x]
[taskset-1] 
[taskset-1] [INFO] [1791036899.722594391] [behavior_executor_node]: BT snapshot -- root=FAILURE, lanes: emergency=FAILURE | mission=FAILURE | navigation=FAILURE
[taskset-1] [o] root [x]
[taskset-1]     [-] emergency [x]
[taskset-1]         [o] emergency_condition [x]
[taskset-1]             --> IsBatteryLow [x]
[taskset-1]             --> IsEmergencyStopTriggered [x]
[taskset-1]             --> IsProximityTooClose [x]
[taskset-1]             --> IsSystemOverheated [x]
[taskset-1]         --> Stop [-]
[taskset-1]     [-] mission [x]
[taskset-1]         --> MissionActive [x]
[taskset-1]         [o] mission_selector [-]
[taskset-1]             [-] mission_object_response [-]
[taskset-1]                 --> ObjectSeen [-]
[taskset-1]                 --> HandleObjectAction [-]
[taskset-1]             [-] mission_progress [-]
[taskset-1]                 --> PublishMoveGoal [-]
[taskset-1]                 --> GoToObject [-]
[taskset-1]                 --> CheckStopCondition [-]
[taskset-1]                 --> AdvanceMove [-]
[taskset-1]     [-] navigation [x]
[taskset-1]         --> HasMpcGoal [x]
[taskset-1] 
[taskset-1] [INFO] [1791036899.958480351] [behavior_executor_node]: [IsProximityTooClose] DIAG scan: total=1081 in_window=721 excluded_by_filter=0 min_in_window=0.868 front_min=2.000
[taskset-1] [INFO] [1791036900.806464970] [behavior_executor_node]: BT snapshot -- root=FAILURE, lanes: emergency=FAILURE | mission=FAILURE | navigation=FAILURE
[taskset-1] [o] root [x]
[taskset-1]     [-] emergency [x]
[taskset-1]         [o] emergency_condition [x]
[taskset-1]             --> IsBatteryLow [x]
[taskset-1]             --> IsEmergencyStopTriggered [x]
[taskset-1]             --> IsProximityTooClose [x]
[taskset-1]             --> IsSystemOverheated [x]
[taskset-1]         --> Stop [-]
[taskset-1]     [-] mission [x]
[taskset-1]         --> MissionActive [x]
[taskset-1]         [o] mission_selector [-]
[taskset-1]             [-] mission_object_response [-]
[taskset-1]                 --> ObjectSeen [-]
[taskset-1]                 --> HandleObjectAction [-]
[taskset-1]             [-] mission_progress [-]
[taskset-1]                 --> PublishMoveGoal [-]
[taskset-1]                 --> GoToObject [-]
[taskset-1]                 --> CheckStopCondition [-]
[taskset-1]                 --> AdvanceMove [-]
[taskset-1]     [-] navigation [x]
[taskset-1]         --> HasMpcGoal [x]
[taskset-1] 
[taskset-1] [INFO] [1791036901.807013947] [behavior_executor_node]: BT snapshot -- root=FAILURE, lanes: emergency=FAILURE | mission=FAILURE | navigation=FAILURE
[taskset-1] [o] root [x]
[taskset-1]     [-] emergency [x]
[taskset-1]         [o] emergency_condition [x]
[taskset-1]             --> IsBatteryLow [x]
[taskset-1]             --> IsEmergencyStopTriggered [x]
[taskset-1]             --> IsProximityTooClose [x]
[taskset-1]             --> IsSystemOverheated [x]
[taskset-1]         --> Stop [-]
[taskset-1]     [-] mission [x]
[taskset-1]         --> MissionActive [x]
[taskset-1]         [o] mission_selector [-]
[taskset-1]             [-] mission_object_response [-]
[taskset-1]                 --> ObjectSeen [-]
[taskset-1]                 --> HandleObjectAction [-]
[taskset-1]             [-] mission_progress [-]
[taskset-1]                 --> PublishMoveGoal [-]
[taskset-1]                 --> GoToObject [-]
[taskset-1]                 --> CheckStopCondition [-]
[taskset-1]                 --> AdvanceMove [-]
[taskset-1]     [-] navigation [x]
[taskset-1]         --> HasMpcGoal [x]
[taskset-1] 
[taskset-1] [INFO] [1791036901.959466931] [behavior_executor_node]: [IsProximityTooClose] DIAG scan: total=1081 in_window=721 excluded_by_filter=0 min_in_window=0.900 front_min=2.313
[taskset-1] [INFO] [1791036902.908190998] [behavior_executor_node]: BT snapshot -- root=FAILURE, lanes: emergency=FAILURE | mission=FAILURE | navigation=FAILURE
[taskset-1] [o] root [x]
[taskset-1]     [-] emergency [x]
[taskset-1]         [o] emergency_condition [x]
[taskset-1]             --> IsBatteryLow [x]
[taskset-1]             --> IsEmergencyStopTriggered [x]
[taskset-1]             --> IsProximityTooClose [x]
[taskset-1]             --> IsSystemOverheated [x]
[taskset-1]         --> Stop [-]
[taskset-1]     [-] mission [x]
[taskset-1]         --> MissionActive [x]
[taskset-1]         [o] mission_selector [-]
[taskset-1]             [-] mission_object_response [-]
[taskset-1]                 --> ObjectSeen [-]
[taskset-1]                 --> HandleObjectAction [-]
[taskset-1]             [-] mission_progress [-]
[taskset-1]                 --> PublishMoveGoal [-]
[taskset-1]                 --> GoToObject [-]
[taskset-1]                 --> CheckStopCondition [-]
[taskset-1]                 --> AdvanceMove [-]
[taskset-1]     [-] navigation [x]
[taskset-1]         --> HasMpcGoal [x]
[taskset-1] 
[taskset-1] [INFO] [1791036903.963505184] [behavior_executor_node]: [IsProximityTooClose] DIAG scan: total=1081 in_window=721 excluded_by_filter=0 min_in_window=0.917 front_min=1.523
[taskset-1] [INFO] [1791036904.006302167] [behavior_executor_node]: BT snapshot -- root=FAILURE, lanes: emergency=FAILURE | mission=FAILURE | navigation=FAILURE
[taskset-1] [o] root [x]
[taskset-1]     [-] emergency [x]
[taskset-1]         [o] emergency_condition [x]
[taskset-1]             --> IsBatteryLow [x]
[taskset-1]             --> IsEmergencyStopTriggered [x]
[taskset-1]             --> IsProximityTooClose [x]
[taskset-1]             --> IsSystemOverheated [x]
[taskset-1]         --> Stop [-]
[taskset-1]     [-] mission [x]
[taskset-1]         --> MissionActive [x]
[taskset-1]         [o] mission_selector [-]
[taskset-1]             [-] mission_object_response [-]
[taskset-1]                 --> ObjectSeen [-]
[taskset-1]                 --> HandleObjectAction [-]
[taskset-1]             [-] mission_progress [-]
[taskset-1]                 --> PublishMoveGoal [-]
[taskset-1]                 --> GoToObject [-]
[taskset-1]                 --> CheckStopCondition [-]
[taskset-1]                 --> AdvanceMove [-]
[taskset-1]     [-] navigation [x]
[taskset-1]         --> HasMpcGoal [x]
[taskset-1] 
[taskset-1] [INFO] [1791036905.106236213] [behavior_executor_node]: BT snapshot -- root=FAILURE, lanes: emergency=FAILURE | mission=FAILURE | navigation=FAILURE
[taskset-1] [o] root [x]
[taskset-1]     [-] emergency [x]
[taskset-1]         [o] emergency_condition [x]
[taskset-1]             --> IsBatteryLow [x]
[taskset-1]             --> IsEmergencyStopTriggered [x]
[taskset-1]             --> IsProximityTooClose [x]
[taskset-1]             --> IsSystemOverheated [x]
[taskset-1]         --> Stop [-]
[taskset-1]     [-] mission [x]
[taskset-1]         --> MissionActive [x]
[taskset-1]         [o] mission_selector [-]
[taskset-1]             [-] mission_object_response [-]
[taskset-1]                 --> ObjectSeen [-]
[taskset-1]                 --> HandleObjectAction [-]
[taskset-1]             [-] mission_progress [-]
[taskset-1]                 --> PublishMoveGoal [-]
[taskset-1]                 --> GoToObject [-]
[taskset-1]                 --> CheckStopCondition [-]
[taskset-1]                 --> AdvanceMove [-]
[taskset-1]     [-] navigation [x]
[taskset-1]         --> HasMpcGoal [x]
[taskset-1] 
[taskset-1] [INFO] [1791036905.980302954] [behavior_executor_node]: [IsProximityTooClose] DIAG scan: total=1081 in_window=721 excluded_by_filter=0 min_in_window=0.994 front_min=1.851
[taskset-1] [INFO] [1791036906.106216683] [behavior_executor_node]: BT snapshot -- root=FAILURE, lanes: emergency=FAILURE | mission=FAILURE | navigation=FAILURE
[taskset-1] [o] root [x]
[taskset-1]     [-] emergency [x]
[taskset-1]         [o] emergency_condition [x]
[taskset-1]             --> IsBatteryLow [x]
[taskset-1]             --> IsEmergencyStopTriggered [x]
[taskset-1]             --> IsProximityTooClose [x]
[taskset-1]             --> IsSystemOverheated [x]
[taskset-1]         --> Stop [-]
[taskset-1]     [-] mission [x]
[taskset-1]         --> MissionActive [x]
[taskset-1]         [o] mission_selector [-]
[taskset-1]             [-] mission_object_response [-]
[taskset-1]                 --> ObjectSeen [-]
[taskset-1]                 --> HandleObjectAction [-]
[taskset-1]             [-] mission_progress [-]
[taskset-1]                 --> PublishMoveGoal [-]
[taskset-1]                 --> GoToObject [-]
[taskset-1]                 --> CheckStopCondition [-]
[taskset-1]                 --> AdvanceMove [-]
[taskset-1]     [-] navigation [x]
[taskset-1]         --> HasMpcGoal [x]
[taskset-1] 
[taskset-1] [INFO] [1791036907.206385108] [behavior_executor_node]: BT snapshot -- root=FAILURE, lanes: emergency=FAILURE | mission=FAILURE | navigation=FAILURE
[taskset-1] [o] root [x]
[taskset-1]     [-] emergency [x]
[taskset-1]         [o] emergency_condition [x]
[taskset-1]             --> IsBatteryLow [x]
[taskset-1]             --> IsEmergencyStopTriggered [x]
[taskset-1]             --> IsProximityTooClose [x]
[taskset-1]             --> IsSystemOverheated [x]
[taskset-1]         --> Stop [-]
[taskset-1]     [-] mission [x]
[taskset-1]         --> MissionActive [x]
[taskset-1]         [o] mission_selector [-]
[taskset-1]             [-] mission_object_response [-]
[taskset-1]                 --> ObjectSeen [-]
[taskset-1]                 --> HandleObjectAction [-]
[taskset-1]             [-] mission_progress [-]
[taskset-1]                 --> PublishMoveGoal [-]
[taskset-1]                 --> GoToObject [-]
[taskset-1]                 --> CheckStopCondition [-]
[taskset-1]                 --> AdvanceMove [-]
[taskset-1]     [-] navigation [x]
[taskset-1]         --> HasMpcGoal [x]
[taskset-1] 
[taskset-1] [INFO] [1791036907.987854594] [behavior_executor_node]: [IsProximityTooClose] DIAG scan: total=1081 in_window=721 excluded_by_filter=0 min_in_window=1.055 front_min=2.845
[taskset-1] [INFO] [1791036908.206451289] [behavior_executor_node]: BT snapshot -- root=FAILURE, lanes: emergency=FAILURE | mission=FAILURE | navigation=FAILURE
[taskset-1] [o] root [x]
[taskset-1]     [-] emergency [x]
[taskset-1]         [o] emergency_condition [x]
[taskset-1]             --> IsBatteryLow [x]
[taskset-1]             --> IsEmergencyStopTriggered [x]
[taskset-1]             --> IsProximityTooClose [x]
[taskset-1]             --> IsSystemOverheated [x]
[taskset-1]         --> Stop [-]
[taskset-1]     [-] mission [x]
[taskset-1]         --> MissionActive [x]
[taskset-1]         [o] mission_selector [-]
[taskset-1]             [-] mission_object_response [-]
[taskset-1]                 --> ObjectSeen [-]
[taskset-1]                 --> HandleObjectAction [-]
[taskset-1]             [-] mission_progress [-]
[taskset-1]                 --> PublishMoveGoal [-]
[taskset-1]                 --> GoToObject [-]
[taskset-1]                 --> CheckStopCondition [-]
[taskset-1]                 --> AdvanceMove [-]
[taskset-1]     [-] navigation [x]
[taskset-1]         --> HasMpcGoal [x]
[taskset-1] 
[taskset-1] [INFO] [1791036909.206561576] [behavior_executor_node]: BT snapshot -- root=FAILURE, lanes: emergency=FAILURE | mission=FAILURE | navigation=FAILURE
[taskset-1] [o] root [x]
[taskset-1]     [-] emergency [x]
[taskset-1]         [o] emergency_condition [x]
[taskset-1]             --> IsBatteryLow [x]
[taskset-1]             --> IsEmergencyStopTriggered [x]
[taskset-1]             --> IsProximityTooClose [x]
[taskset-1]             --> IsSystemOverheated [x]
[taskset-1]         --> Stop [-]
[taskset-1]     [-] mission [x]
[taskset-1]         --> MissionActive [x]
[taskset-1]         [o] mission_selector [-]
[taskset-1]             [-] mission_object_response [-]
[taskset-1]                 --> ObjectSeen [-]
[taskset-1]                 --> HandleObjectAction [-]
[taskset-1]             [-] mission_progress [-]
[taskset-1]                 --> PublishMoveGoal [-]
[taskset-1]                 --> GoToObject [-]
[taskset-1]                 --> CheckStopCondition [-]
[taskset-1]                 --> AdvanceMove [-]
[taskset-1]     [-] navigation [x]
[taskset-1]         --> HasMpcGoal [x]
[taskset-1] 
[taskset-1] [INFO] [1791036909.994763661] [behavior_executor_node]: [IsProximityTooClose] DIAG scan: total=1081 in_window=721 excluded_by_filter=0 min_in_window=1.084 front_min=1.676
[taskset-1] [INFO] [1791036910.312032944] [behavior_executor_node]: BT snapshot -- root=FAILURE, lanes: emergency=FAILURE | mission=FAILURE | navigation=FAILURE
[taskset-1] [o] root [x]
[taskset-1]     [-] emergency [x]
[taskset-1]         [o] emergency_condition [x]
[taskset-1]             --> IsBatteryLow [x]
[taskset-1]             --> IsEmergencyStopTriggered [x]
[taskset-1]             --> IsProximityTooClose [x]
[taskset-1]             --> IsSystemOverheated [x]
[taskset-1]         --> Stop [-]
[taskset-1]     [-] mission [x]
[taskset-1]         --> MissionActive [x]
[taskset-1]         [o] mission_selector [-]
[taskset-1]             [-] mission_object_response [-]
[taskset-1]                 --> ObjectSeen [-]
[taskset-1]                 --> HandleObjectAction [-]
[taskset-1]             [-] mission_progress [-]
[taskset-1]                 --> PublishMoveGoal [-]
[taskset-1]                 --> GoToObject [-]
[taskset-1]                 --> CheckStopCondition [-]
[taskset-1]                 --> AdvanceMove [-]
[taskset-1]     [-] navigation [x]
[taskset-1]         --> HasMpcGoal [x]
[taskset-1] 
[taskset-1] [INFO] [1791036911.406524911] [behavior_executor_node]: BT snapshot -- root=FAILURE, lanes: emergency=FAILURE | mission=FAILURE | navigation=FAILURE
[taskset-1] [o] root [x]
[taskset-1]     [-] emergency [x]
[taskset-1]         [o] emergency_condition [x]
[taskset-1]             --> IsBatteryLow [x]
[taskset-1]             --> IsEmergencyStopTriggered [x]
[taskset-1]             --> IsProximityTooClose [x]
[taskset-1]             --> IsSystemOverheated [x]
[taskset-1]         --> Stop [-]
[taskset-1]     [-] mission [x]
[taskset-1]         --> MissionActive [x]
[taskset-1]         [o] mission_selector [-]
[taskset-1]             [-] mission_object_response [-]
[taskset-1]                 --> ObjectSeen [-]
[taskset-1]                 --> HandleObjectAction [-]
[taskset-1]             [-] mission_progress [-]
[taskset-1]                 --> PublishMoveGoal [-]
[taskset-1]                 --> GoToObject [-]
[taskset-1]                 --> CheckStopCondition [-]
[taskset-1]                 --> AdvanceMove [-]
[taskset-1]     [-] navigation [x]
[taskset-1]         --> HasMpcGoal [x]
[taskset-1] 
[taskset-1] [INFO] [1791036912.015084429] [behavior_executor_node]: [IsProximityTooClose] DIAG scan: total=1081 in_window=721 excluded_by_filter=0 min_in_window=1.474 front_min=2.044
[taskset-1] [INFO] [1791036912.506198091] [behavior_executor_node]: BT snapshot -- root=FAILURE, lanes: emergency=FAILURE | mission=FAILURE | navigation=FAILURE
[taskset-1] [o] root [x]
[taskset-1]     [-] emergency [x]
[taskset-1]         [o] emergency_condition [x]
[taskset-1]             --> IsBatteryLow [x]
[taskset-1]             --> IsEmergencyStopTriggered [x]
[taskset-1]             --> IsProximityTooClose [x]
[taskset-1]             --> IsSystemOverheated [x]
[taskset-1]         --> Stop [-]
[taskset-1]     [-] mission [x]
[taskset-1]         --> MissionActive [x]
[taskset-1]         [o] mission_selector [-]
[taskset-1]             [-] mission_object_response [-]
[taskset-1]                 --> ObjectSeen [-]
[taskset-1]                 --> HandleObjectAction [-]
[taskset-1]             [-] mission_progress [-]
[taskset-1]                 --> PublishMoveGoal [-]
[taskset-1]                 --> GoToObject [-]
[taskset-1]                 --> CheckStopCondition [-]
[taskset-1]                 --> AdvanceMove [-]
[taskset-1]     [-] navigation [x]
[taskset-1]         --> HasMpcGoal [x]
[taskset-1] 
[taskset-1] [INFO] [1791036913.506532051] [behavior_executor_node]: BT snapshot -- root=FAILURE, lanes: emergency=FAILURE | mission=FAILURE | navigation=FAILURE
[taskset-1] [o] root [x]
[taskset-1]     [-] emergency [x]
[taskset-1]         [o] emergency_condition [x]
[taskset-1]             --> IsBatteryLow [x]
[taskset-1]             --> IsEmergencyStopTriggered [x]
[taskset-1]             --> IsProximityTooClose [x]
[taskset-1]             --> IsSystemOverheated [x]
[taskset-1]         --> Stop [-]
[taskset-1]     [-] mission [x]
[taskset-1]         --> MissionActive [x]
[taskset-1]         [o] mission_selector [-]
[taskset-1]             [-] mission_object_response [-]
[taskset-1]                 --> ObjectSeen [-]
[taskset-1]                 --> HandleObjectAction [-]
[taskset-1]             [-] mission_progress [-]
[taskset-1]                 --> PublishMoveGoal [-]
[taskset-1]                 --> GoToObject [-]
[taskset-1]                 --> CheckStopCondition [-]
[taskset-1]                 --> AdvanceMove [-]
[taskset-1]     [-] navigation [x]
[taskset-1]         --> HasMpcGoal [x]
[taskset-1] 
[taskset-1] [INFO] [1791036914.035187237] [behavior_executor_node]: [IsProximityTooClose] DIAG scan: total=1081 in_window=721 excluded_by_filter=0 min_in_window=1.168 front_min=1.968
[taskset-1] [INFO] [1791036914.606324961] [behavior_executor_node]: BT snapshot -- root=FAILURE, lanes: emergency=FAILURE | mission=FAILURE | navigation=FAILURE
[taskset-1] [o] root [x]
[taskset-1]     [-] emergency [x]
[taskset-1]         [o] emergency_condition [x]
[taskset-1]             --> IsBatteryLow [x]
[taskset-1]             --> IsEmergencyStopTriggered [x]
[taskset-1]             --> IsProximityTooClose [x]
[taskset-1]             --> IsSystemOverheated [x]
[taskset-1]         --> Stop [-]
[taskset-1]     [-] mission [x]
[taskset-1]         --> MissionActive [x]
[taskset-1]         [o] mission_selector [-]
[taskset-1]             [-] mission_object_response [-]
[taskset-1]                 --> ObjectSeen [-]
[taskset-1]                 --> HandleObjectAction [-]
[taskset-1]             [-] mission_progress [-]
[taskset-1]                 --> PublishMoveGoal [-]
[taskset-1]                 --> GoToObject [-]
[taskset-1]                 --> CheckStopCondition [-]
[taskset-1]                 --> AdvanceMove [-]
[taskset-1]     [-] navigation [x]
[taskset-1]         --> HasMpcGoal [x]
[taskset-1] 
[taskset-1] [INFO] [1791036915.606406340] [behavior_executor_node]: BT snapshot -- root=FAILURE, lanes: emergency=FAILURE | mission=FAILURE | navigation=FAILURE
[taskset-1] [o] root [x]
[taskset-1]     [-] emergency [x]
[taskset-1]         [o] emergency_condition [x]
[taskset-1]             --> IsBatteryLow [x]
[taskset-1]             --> IsEmergencyStopTriggered [x]
[taskset-1]             --> IsProximityTooClose [x]
[taskset-1]             --> IsSystemOverheated [x]
[taskset-1]         --> Stop [-]
[taskset-1]     [-] mission [x]
[taskset-1]         --> MissionActive [x]
[taskset-1]         [o] mission_selector [-]
[taskset-1]             [-] mission_object_response [-]
[taskset-1]                 --> ObjectSeen [-]
[taskset-1]                 --> HandleObjectAction [-]
[taskset-1]             [-] mission_progress [-]
[taskset-1]                 --> PublishMoveGoal [-]
[taskset-1]                 --> GoToObject [-]
[taskset-1]                 --> CheckStopCondition [-]
[taskset-1]                 --> AdvanceMove [-]
[taskset-1]     [-] navigation [x]
[taskset-1]         --> HasMpcGoal [x]
[taskset-1] 
[taskset-1] [INFO] [1791036916.040323596] [behavior_executor_node]: [IsProximityTooClose] DIAG scan: total=1081 in_window=721 excluded_by_filter=0 min_in_window=1.207 front_min=1.806
[taskset-1] [INFO] [1791036916.706343852] [behavior_executor_node]: BT snapshot -- root=FAILURE, lanes: emergency=FAILURE | mission=FAILURE | navigation=FAILURE
[taskset-1] [o] root [x]
[taskset-1]     [-] emergency [x]
[taskset-1]         [o] emergency_condition [x]
[taskset-1]             --> IsBatteryLow [x]
[taskset-1]             --> IsEmergencyStopTriggered [x]
[taskset-1]             --> IsProximityTooClose [x]
[taskset-1]             --> IsSystemOverheated [x]
[taskset-1]         --> Stop [-]
[taskset-1]     [-] mission [x]
[taskset-1]         --> MissionActive [x]
[taskset-1]         [o] mission_selector [-]
[taskset-1]             [-] mission_object_response [-]
[taskset-1]                 --> ObjectSeen [-]
[taskset-1]                 --> HandleObjectAction [-]
[taskset-1]             [-] mission_progress [-]
[taskset-1]                 --> PublishMoveGoal [-]
[taskset-1]                 --> GoToObject [-]
[taskset-1]                 --> CheckStopCondition [-]
[taskset-1]                 --> AdvanceMove [-]
[taskset-1]     [-] navigation [x]
[taskset-1]         --> HasMpcGoal [x]
[taskset-1] 
[taskset-1] [INFO] [1791036917.806367814] [behavior_executor_node]: BT snapshot -- root=FAILURE, lanes: emergency=FAILURE | mission=FAILURE | navigation=FAILURE
[taskset-1] [o] root [x]
[taskset-1]     [-] emergency [x]
[taskset-1]         [o] emergency_condition [x]
[taskset-1]             --> IsBatteryLow [x]
[taskset-1]             --> IsEmergencyStopTriggered [x]
[taskset-1]             --> IsProximityTooClose [x]
[taskset-1]             --> IsSystemOverheated [x]
[taskset-1]         --> Stop [-]
[taskset-1]     [-] mission [x]
[taskset-1]         --> MissionActive [x]
[taskset-1]         [o] mission_selector [-]
[taskset-1]             [-] mission_object_response [-]
[taskset-1]                 --> ObjectSeen [-]
[taskset-1]                 --> HandleObjectAction [-]
[taskset-1]             [-] mission_progress [-]
[taskset-1]                 --> PublishMoveGoal [-]
[taskset-1]                 --> GoToObject [-]
[taskset-1]                 --> CheckStopCondition [-]
[taskset-1]                 --> AdvanceMove [-]
[taskset-1]     [-] navigation [x]
[taskset-1]         --> HasMpcGoal [x]
[taskset-1] 
[taskset-1] [INFO] [1791036918.047765805] [behavior_executor_node]: [IsProximityTooClose] DIAG scan: total=1081 in_window=721 excluded_by_filter=0 min_in_window=1.301 front_min=1.611
[taskset-1] [INFO] [1791036918.907169892] [behavior_executor_node]: BT snapshot -- root=FAILURE, lanes: emergency=FAILURE | mission=FAILURE | navigation=FAILURE
[taskset-1] [o] root [x]
[taskset-1]     [-] emergency [x]
[taskset-1]         [o] emergency_condition [x]
[taskset-1]             --> IsBatteryLow [x]
[taskset-1]             --> IsEmergencyStopTriggered [x]
[taskset-1]             --> IsProximityTooClose [x]
[taskset-1]             --> IsSystemOverheated [x]
[taskset-1]         --> Stop [-]
[taskset-1]     [-] mission [x]
[taskset-1]         --> MissionActive [x]
[taskset-1]         [o] mission_selector [-]
[taskset-1]             [-] mission_object_response [-]
[taskset-1]                 --> ObjectSeen [-]
[taskset-1]                 --> HandleObjectAction [-]
[taskset-1]             [-] mission_progress [-]
[taskset-1]                 --> PublishMoveGoal [-]
[taskset-1]                 --> GoToObject [-]
[taskset-1]                 --> CheckStopCondition [-]
[taskset-1]                 --> AdvanceMove [-]
[taskset-1]     [-] navigation [x]
[taskset-1]         --> HasMpcGoal [x]
[taskset-1] 
[taskset-1] [INFO] [1791036920.006207616] [behavior_executor_node]: BT snapshot -- root=FAILURE, lanes: emergency=FAILURE | mission=FAILURE | navigation=FAILURE
[taskset-1] [o] root [x]
[taskset-1]     [-] emergency [x]
[taskset-1]         [o] emergency_condition [x]
[taskset-1]             --> IsBatteryLow [x]
[taskset-1]             --> IsEmergencyStopTriggered [x]
[taskset-1]             --> IsProximityTooClose [x]
[taskset-1]             --> IsSystemOverheated [x]
[taskset-1]         --> Stop [-]
[taskset-1]     [-] mission [x]
[taskset-1]         --> MissionActive [x]
[taskset-1]         [o] mission_selector [-]
[taskset-1]             [-] mission_object_response [-]
[taskset-1]                 --> ObjectSeen [-]
[taskset-1]                 --> HandleObjectAction [-]
[taskset-1]             [-] mission_progress [-]
[taskset-1]                 --> PublishMoveGoal [-]
[taskset-1]                 --> GoToObject [-]
[taskset-1]                 --> CheckStopCondition [-]
[taskset-1]                 --> AdvanceMove [-]
[taskset-1]     [-] navigation [x]
[taskset-1]         --> HasMpcGoal [x]
[taskset-1] 
[taskset-1] [INFO] [1791036920.048521214] [behavior_executor_node]: [IsProximityTooClose] DIAG scan: total=1081 in_window=721 excluded_by_filter=0 min_in_window=0.975 front_min=1.877
[taskset-1] [INFO] [1791036921.006793625] [behavior_executor_node]: BT snapshot -- root=FAILURE, lanes: emergency=FAILURE | mission=FAILURE | navigation=FAILURE
[taskset-1] [o] root [x]
[taskset-1]     [-] emergency [x]
[taskset-1]         [o] emergency_condition [x]
[taskset-1]             --> IsBatteryLow [x]
[taskset-1]             --> IsEmergencyStopTriggered [x]
[taskset-1]             --> IsProximityTooClose [x]
[taskset-1]             --> IsSystemOverheated [x]
[taskset-1]         --> Stop [-]
[taskset-1]     [-] mission [x]
[taskset-1]         --> MissionActive [x]
[taskset-1]         [o] mission_selector [-]
[taskset-1]             [-] mission_object_response [-]
[taskset-1]                 --> ObjectSeen [-]
[taskset-1]                 --> HandleObjectAction [-]
[taskset-1]             [-] mission_progress [-]
[taskset-1]                 --> PublishMoveGoal [-]
[taskset-1]                 --> GoToObject [-]
[taskset-1]                 --> CheckStopCondition [-]
[taskset-1]                 --> AdvanceMove [-]
[taskset-1]     [-] navigation [x]
[taskset-1]         --> HasMpcGoal [x]
[taskset-1] 
[taskset-1] [INFO] [1791036922.077314357] [behavior_executor_node]: [IsProximityTooClose] DIAG scan: total=1081 in_window=721 excluded_by_filter=0 min_in_window=0.899 front_min=1.585
[taskset-1] [INFO] [1791036922.106380521] [behavior_executor_node]: BT snapshot -- root=FAILURE, lanes: emergency=FAILURE | mission=FAILURE | navigation=FAILURE
[taskset-1] [o] root [x]
[taskset-1]     [-] emergency [x]
[taskset-1]         [o] emergency_condition [x]
[taskset-1]             --> IsBatteryLow [x]
[taskset-1]             --> IsEmergencyStopTriggered [x]
[taskset-1]             --> IsProximityTooClose [x]
[taskset-1]             --> IsSystemOverheated [x]
[taskset-1]         --> Stop [-]
[taskset-1]     [-] mission [x]
[taskset-1]         --> MissionActive [x]
[taskset-1]         [o] mission_selector [-]
[taskset-1]             [-] mission_object_response [-]
[taskset-1]                 --> ObjectSeen [-]
[taskset-1]                 --> HandleObjectAction [-]
[taskset-1]             [-] mission_progress [-]
[taskset-1]                 --> PublishMoveGoal [-]
[taskset-1]                 --> GoToObject [-]
[taskset-1]                 --> CheckStopCondition [-]
[taskset-1]                 --> AdvanceMove [-]
[taskset-1]     [-] navigation [x]
[taskset-1]         --> HasMpcGoal [x]
[taskset-1] 
[taskset-1] [INFO] [1791036923.206242107] [behavior_executor_node]: BT snapshot -- root=FAILURE, lanes: emergency=FAILURE | mission=FAILURE | navigation=FAILURE
[taskset-1] [o] root [x]
[taskset-1]     [-] emergency [x]
[taskset-1]         [o] emergency_condition [x]
[taskset-1]             --> IsBatteryLow [x]
[taskset-1]             --> IsEmergencyStopTriggered [x]
[taskset-1]             --> IsProximityTooClose [x]
[taskset-1]             --> IsSystemOverheated [x]
[taskset-1]         --> Stop [-]
[taskset-1]     [-] mission [x]
[taskset-1]         --> MissionActive [x]
[taskset-1]         [o] mission_selector [-]
[taskset-1]             [-] mission_object_response [-]
[taskset-1]                 --> ObjectSeen [-]
[taskset-1]                 --> HandleObjectAction [-]
[taskset-1]             [-] mission_progress [-]
[taskset-1]                 --> PublishMoveGoal [-]
[taskset-1]                 --> GoToObject [-]
[taskset-1]                 --> CheckStopCondition [-]
[taskset-1]                 --> AdvanceMove [-]
[taskset-1]     [-] navigation [x]
[taskset-1]         --> HasMpcGoal [x]
[taskset-1] 
[taskset-1] [INFO] [1791036924.101203329] [behavior_executor_node]: [IsProximityTooClose] DIAG scan: total=1081 in_window=721 excluded_by_filter=0 min_in_window=0.620 front_min=1.642
[taskset-1] [INFO] [1791036924.206337857] [behavior_executor_node]: BT snapshot -- root=FAILURE, lanes: emergency=FAILURE | mission=FAILURE | navigation=FAILURE
[taskset-1] [o] root [x]
[taskset-1]     [-] emergency [x]
[taskset-1]         [o] emergency_condition [x]
[taskset-1]             --> IsBatteryLow [x]
[taskset-1]             --> IsEmergencyStopTriggered [x]
[taskset-1]             --> IsProximityTooClose [x]
[taskset-1]             --> IsSystemOverheated [x]
[taskset-1]         --> Stop [-]
[taskset-1]     [-] mission [x]
[taskset-1]         --> MissionActive [x]
[taskset-1]         [o] mission_selector [-]
[taskset-1]             [-] mission_object_response [-]
[taskset-1]                 --> ObjectSeen [-]
[taskset-1]                 --> HandleObjectAction [-]
[taskset-1]             [-] mission_progress [-]
[taskset-1]                 --> PublishMoveGoal [-]
[taskset-1]                 --> GoToObject [-]
[taskset-1]                 --> CheckStopCondition [-]
[taskset-1]                 --> AdvanceMove [-]
[taskset-1]     [-] navigation [x]
[taskset-1]         --> HasMpcGoal [x]
[taskset-1] 
[taskset-1] [INFO] [1791036925.306397738] [behavior_executor_node]: BT snapshot -- root=FAILURE, lanes: emergency=FAILURE | mission=FAILURE | navigation=FAILURE
[taskset-1] [o] root [x]
[taskset-1]     [-] emergency [x]
[taskset-1]         [o] emergency_condition [x]
[taskset-1]             --> IsBatteryLow [x]
[taskset-1]             --> IsEmergencyStopTriggered [x]
[taskset-1]             --> IsProximityTooClose [x]
[taskset-1]             --> IsSystemOverheated [x]
[taskset-1]         --> Stop [-]
[taskset-1]     [-] mission [x]
[taskset-1]         --> MissionActive [x]
[taskset-1]         [o] mission_selector [-]
[taskset-1]             [-] mission_object_response [-]
[taskset-1]                 --> ObjectSeen [-]
[taskset-1]                 --> HandleObjectAction [-]
[taskset-1]             [-] mission_progress [-]
[taskset-1]                 --> PublishMoveGoal [-]
[taskset-1]                 --> GoToObject [-]
[taskset-1]                 --> CheckStopCondition [-]
[taskset-1]                 --> AdvanceMove [-]
[taskset-1]     [-] navigation [x]
[taskset-1]         --> HasMpcGoal [x]
[taskset-1] 
[taskset-1] [INFO] [1791036926.124743612] [behavior_executor_node]: [IsProximityTooClose] DIAG scan: total=1081 in_window=721 excluded_by_filter=0 min_in_window=0.500 front_min=1.643
[taskset-1] [INFO] [1791036926.307016632] [behavior_executor_node]: BT snapshot -- root=FAILURE, lanes: emergency=FAILURE | mission=FAILURE | navigation=FAILURE
[taskset-1] [o] root [x]
[taskset-1]     [-] emergency [x]
[taskset-1]         [o] emergency_condition [x]
[taskset-1]             --> IsBatteryLow [x]
[taskset-1]             --> IsEmergencyStopTriggered [x]
[taskset-1]             --> IsProximityTooClose [x]
[taskset-1]             --> IsSystemOverheated [x]
[taskset-1]         --> Stop [-]
[taskset-1]     [-] mission [x]
[taskset-1]         --> MissionActive [x]
[taskset-1]         [o] mission_selector [-]
[taskset-1]             [-] mission_object_response [-]
[taskset-1]                 --> ObjectSeen [-]
[taskset-1]                 --> HandleObjectAction [-]
[taskset-1]             [-] mission_progress [-]
[taskset-1]                 --> PublishMoveGoal [-]
[taskset-1]                 --> GoToObject [-]
[taskset-1]                 --> CheckStopCondition [-]
[taskset-1]                 --> AdvanceMove [-]
[taskset-1]     [-] navigation [x]
[taskset-1]         --> HasMpcGoal [x]
[taskset-1] 
[taskset-1] [INFO] [1791036927.406441126] [behavior_executor_node]: BT snapshot -- root=FAILURE, lanes: emergency=FAILURE | mission=FAILURE | navigation=FAILURE
[taskset-1] [o] root [x]
[taskset-1]     [-] emergency [x]
[taskset-1]         [o] emergency_condition [x]
[taskset-1]             --> IsBatteryLow [x]
[taskset-1]             --> IsEmergencyStopTriggered [x]
[taskset-1]             --> IsProximityTooClose [x]
[taskset-1]             --> IsSystemOverheated [x]
[taskset-1]         --> Stop [-]
[taskset-1]     [-] mission [x]
[taskset-1]         --> MissionActive [x]
[taskset-1]         [o] mission_selector [-]
[taskset-1]             [-] mission_object_response [-]
[taskset-1]                 --> ObjectSeen [-]
[taskset-1]                 --> HandleObjectAction [-]
[taskset-1]             [-] mission_progress [-]
[taskset-1]                 --> PublishMoveGoal [-]
[taskset-1]                 --> GoToObject [-]
[taskset-1]                 --> CheckStopCondition [-]
[taskset-1]                 --> AdvanceMove [-]
[taskset-1]     [-] navigation [x]
[taskset-1]         --> HasMpcGoal [x]
[taskset-1] 
[taskset-1] [INFO] [1791036928.204157806] [behavior_executor_node]: [IsProximityTooClose] DIAG scan: total=1081 in_window=721 excluded_by_filter=0 min_in_window=0.599 front_min=1.508
[taskset-1] [INFO] [1791036928.506890480] [behavior_executor_node]: BT snapshot -- root=FAILURE, lanes: emergency=FAILURE | mission=FAILURE | navigation=FAILURE
[taskset-1] [o] root [x]
[taskset-1]     [-] emergency [x]
[taskset-1]         [o] emergency_condition [x]
[taskset-1]             --> IsBatteryLow [x]
[taskset-1]             --> IsEmergencyStopTriggered [x]
[taskset-1]             --> IsProximityTooClose [x]
[taskset-1]             --> IsSystemOverheated [x]
[taskset-1]         --> Stop [-]
[taskset-1]     [-] mission [x]
[taskset-1]         --> MissionActive [x]
[taskset-1]         [o] mission_selector [-]
[taskset-1]             [-] mission_object_response [-]
[taskset-1]                 --> ObjectSeen [-]
[taskset-1]                 --> HandleObjectAction [-]
[taskset-1]             [-] mission_progress [-]
[taskset-1]                 --> PublishMoveGoal [-]
[taskset-1]                 --> GoToObject [-]
[taskset-1]                 --> CheckStopCondition [-]
[taskset-1]                 --> AdvanceMove [-]
[taskset-1]     [-] navigation [x]
[taskset-1]         --> HasMpcGoal [x]
[taskset-1] 
[taskset-1] [INFO] [1791036929.607381635] [behavior_executor_node]: BT snapshot -- root=FAILURE, lanes: emergency=FAILURE | mission=FAILURE | navigation=FAILURE
[taskset-1] [o] root [x]
[taskset-1]     [-] emergency [x]
[taskset-1]         [o] emergency_condition [x]
[taskset-1]             --> IsBatteryLow [x]
[taskset-1]             --> IsEmergencyStopTriggered [x]
[taskset-1]             --> IsProximityTooClose [x]
[taskset-1]             --> IsSystemOverheated [x]
[taskset-1]         --> Stop [-]
[taskset-1]     [-] mission [x]
[taskset-1]         --> MissionActive [x]
[taskset-1]         [o] mission_selector [-]
[taskset-1]             [-] mission_object_response [-]
[taskset-1]                 --> ObjectSeen [-]
[taskset-1]                 --> HandleObjectAction [-]
[taskset-1]             [-] mission_progress [-]
[taskset-1]                 --> PublishMoveGoal [-]
[taskset-1]                 --> GoToObject [-]
[taskset-1]                 --> CheckStopCondition [-]
[taskset-1]                 --> AdvanceMove [-]
[taskset-1]     [-] navigation [x]
[taskset-1]         --> HasMpcGoal [x]
[taskset-1] 
[taskset-1] [INFO] [1791036930.235123136] [behavior_executor_node]: [IsProximityTooClose] DIAG scan: total=1081 in_window=721 excluded_by_filter=0 min_in_window=0.614 front_min=1.443
[taskset-1] [INFO] [1791036930.706529281] [behavior_executor_node]: BT snapshot -- root=FAILURE, lanes: emergency=FAILURE | mission=FAILURE | navigation=FAILURE
[taskset-1] [o] root [x]
[taskset-1]     [-] emergency [x]
[taskset-1]         [o] emergency_condition [x]
[taskset-1]             --> IsBatteryLow [x]
[taskset-1]             --> IsEmergencyStopTriggered [x]
[taskset-1]             --> IsProximityTooClose [x]
[taskset-1]             --> IsSystemOverheated [x]
[taskset-1]         --> Stop [-]
[taskset-1]     [-] mission [x]
[taskset-1]         --> MissionActive [x]
[taskset-1]         [o] mission_selector [-]
[taskset-1]             [-] mission_object_response [-]
[taskset-1]                 --> ObjectSeen [-]
[taskset-1]                 --> HandleObjectAction [-]
[taskset-1]             [-] mission_progress [-]
[taskset-1]                 --> PublishMoveGoal [-]
[taskset-1]                 --> GoToObject [-]
[taskset-1]                 --> CheckStopCondition [-]
[taskset-1]                 --> AdvanceMove [-]
[taskset-1]     [-] navigation [x]
[taskset-1]         --> HasMpcGoal [x]
[taskset-1] 
[taskset-1] [INFO] [1791036931.707186945] [behavior_executor_node]: BT snapshot -- root=FAILURE, lanes: emergency=FAILURE | mission=FAILURE | navigation=FAILURE
[taskset-1] [o] root [x]
[taskset-1]     [-] emergency [x]
[taskset-1]         [o] emergency_condition [x]
[taskset-1]             --> IsBatteryLow [x]
[taskset-1]             --> IsEmergencyStopTriggered [x]
[taskset-1]             --> IsProximityTooClose [x]
[taskset-1]             --> IsSystemOverheated [x]
[taskset-1]         --> Stop [-]
[taskset-1]     [-] mission [x]
[taskset-1]         --> MissionActive [x]
[taskset-1]         [o] mission_selector [-]
[taskset-1]             [-] mission_object_response [-]
[taskset-1]                 --> ObjectSeen [-]
[taskset-1]                 --> HandleObjectAction [-]
[taskset-1]             [-] mission_progress [-]
[taskset-1]                 --> PublishMoveGoal [-]
[taskset-1]                 --> GoToObject [-]
[taskset-1]                 --> CheckStopCondition [-]
[taskset-1]                 --> AdvanceMove [-]
[taskset-1]     [-] navigation [x]
[taskset-1]         --> HasMpcGoal [x]
[taskset-1] 
[taskset-1] [INFO] [1791036932.262923416] [behavior_executor_node]: [IsProximityTooClose] DIAG scan: total=1081 in_window=721 excluded_by_filter=0 min_in_window=1.021 front_min=1.059
[taskset-1] [INFO] [1791036932.709724070] [behavior_executor_node]: BT snapshot -- root=FAILURE, lanes: emergency=FAILURE | mission=FAILURE | navigation=FAILURE
[taskset-1] [o] root [x]
[taskset-1]     [-] emergency [x]
[taskset-1]         [o] emergency_condition [x]
[taskset-1]             --> IsBatteryLow [x]
[taskset-1]             --> IsEmergencyStopTriggered [x]
[taskset-1]             --> IsProximityTooClose [x]
[taskset-1]             --> IsSystemOverheated [x]
[taskset-1]         --> Stop [-]
[taskset-1]     [-] mission [x]
[taskset-1]         --> MissionActive [x]
[taskset-1]         [o] mission_selector [-]
[taskset-1]             [-] mission_object_response [-]
[taskset-1]                 --> ObjectSeen [-]
[taskset-1]                 --> HandleObjectAction [-]
[taskset-1]             [-] mission_progress [-]
[taskset-1]                 --> PublishMoveGoal [-]
[taskset-1]                 --> GoToObject [-]
[taskset-1]                 --> CheckStopCondition [-]
[taskset-1]                 --> AdvanceMove [-]
[taskset-1]     [-] navigation [x]
[taskset-1]         --> HasMpcGoal [x]
[taskset-1] 
[taskset-1] [INFO] [1791036933.806655738] [behavior_executor_node]: BT snapshot -- root=FAILURE, lanes: emergency=FAILURE | mission=FAILURE | navigation=FAILURE
[taskset-1] [o] root [x]
[taskset-1]     [-] emergency [x]
[taskset-1]         [o] emergency_condition [x]
[taskset-1]             --> IsBatteryLow [x]
[taskset-1]             --> IsEmergencyStopTriggered [x]
[taskset-1]             --> IsProximityTooClose [x]
[taskset-1]             --> IsSystemOverheated [x]
[taskset-1]         --> Stop [-]
[taskset-1]     [-] mission [x]
[taskset-1]         --> MissionActive [x]
[taskset-1]         [o] mission_selector [-]
[taskset-1]             [-] mission_object_response [-]
[taskset-1]                 --> ObjectSeen [-]
[taskset-1]                 --> HandleObjectAction [-]
[taskset-1]             [-] mission_progress [-]
[taskset-1]                 --> PublishMoveGoal [-]
[taskset-1]                 --> GoToObject [-]
[taskset-1]                 --> CheckStopCondition [-]
[taskset-1]                 --> AdvanceMove [-]
[taskset-1]     [-] navigation [x]
[taskset-1]         --> HasMpcGoal [x]
[taskset-1] 
[taskset-1] [INFO] [1791036934.333294463] [behavior_executor_node]: [IsProximityTooClose] DIAG scan: total=1081 in_window=721 excluded_by_filter=0 min_in_window=0.815 front_min=0.919
[taskset-1] [INFO] [1791036934.906276742] [behavior_executor_node]: BT snapshot -- root=FAILURE, lanes: emergency=FAILURE | mission=FAILURE | navigation=FAILURE
[taskset-1] [o] root [x]
[taskset-1]     [-] emergency [x]
[taskset-1]         [o] emergency_condition [x]
[taskset-1]             --> IsBatteryLow [x]
[taskset-1]             --> IsEmergencyStopTriggered [x]
[taskset-1]             --> IsProximityTooClose [x]
[taskset-1]             --> IsSystemOverheated [x]
[taskset-1]         --> Stop [-]
[taskset-1]     [-] mission [x]
[taskset-1]         --> MissionActive [x]
[taskset-1]         [o] mission_selector [-]
[taskset-1]             [-] mission_object_response [-]
[taskset-1]                 --> ObjectSeen [-]
[taskset-1]                 --> HandleObjectAction [-]
[taskset-1]             [-] mission_progress [-]
[taskset-1]                 --> PublishMoveGoal [-]
[taskset-1]                 --> GoToObject [-]
[taskset-1]                 --> CheckStopCondition [-]
[taskset-1]                 --> AdvanceMove [-]
[taskset-1]     [-] navigation [x]
[taskset-1]         --> HasMpcGoal [x]
[taskset-1] 
[taskset-1] [INFO] [1791036936.006651552] [behavior_executor_node]: BT snapshot -- root=FAILURE, lanes: emergency=FAILURE | mission=FAILURE | navigation=FAILURE
[taskset-1] [o] root [x]
[taskset-1]     [-] emergency [x]
[taskset-1]         [o] emergency_condition [x]
[taskset-1]             --> IsBatteryLow [x]
[taskset-1]             --> IsEmergencyStopTriggered [x]
[taskset-1]             --> IsProximityTooClose [x]
[taskset-1]             --> IsSystemOverheated [x]
[taskset-1]         --> Stop [-]
[taskset-1]     [-] mission [x]
[taskset-1]         --> MissionActive [x]
[taskset-1]         [o] mission_selector [-]
[taskset-1]             [-] mission_object_response [-]
[taskset-1]                 --> ObjectSeen [-]
[taskset-1]                 --> HandleObjectAction [-]
[taskset-1]             [-] mission_progress [-]
[taskset-1]                 --> PublishMoveGoal [-]
[taskset-1]                 --> GoToObject [-]
[taskset-1]                 --> CheckStopCondition [-]
[taskset-1]                 --> AdvanceMove [-]
[taskset-1]     [-] navigation [x]
[taskset-1]         --> HasMpcGoal [x]
[taskset-1] 
[taskset-1] [INFO] [1791036936.344843753] [behavior_executor_node]: [IsProximityTooClose] DIAG scan: total=1081 in_window=721 excluded_by_filter=0 min_in_window=0.775 front_min=1.773
[taskset-1] [INFO] [1791036937.098036924] [behavior_executor_node]: BT snapshot -- root=FAILURE, lanes: emergency=FAILURE | mission=FAILURE | navigation=FAILURE
[taskset-1] [o] root [x]
[taskset-1]     [-] emergency [x]
[taskset-1]         [o] emergency_condition [x]
[taskset-1]             --> IsBatteryLow [x]
[taskset-1]             --> IsEmergencyStopTriggered [x]
[taskset-1]             --> IsProximityTooClose [x]
[taskset-1]             --> IsSystemOverheated [x]
[taskset-1]         --> Stop [-]
[taskset-1]     [-] mission [x]
[taskset-1]         --> MissionActive [x]
[taskset-1]         [o] mission_selector [-]
[taskset-1]             [-] mission_object_response [-]
[taskset-1]                 --> ObjectSeen [-]
[taskset-1]                 --> HandleObjectAction [-]
[taskset-1]             [-] mission_progress [-]
[taskset-1]                 --> PublishMoveGoal [-]
[taskset-1]                 --> GoToObject [-]
[taskset-1]                 --> CheckStopCondition [-]
[taskset-1]                 --> AdvanceMove [-]
[taskset-1]     [-] navigation [x]
[taskset-1]         --> HasMpcGoal [x]
[taskset-1] 
[taskset-1] [INFO] [1791036938.106391819] [behavior_executor_node]: BT snapshot -- root=FAILURE, lanes: emergency=FAILURE | mission=FAILURE | navigation=FAILURE
[taskset-1] [o] root [x]
[taskset-1]     [-] emergency [x]
[taskset-1]         [o] emergency_condition [x]
[taskset-1]             --> IsBatteryLow [x]
[taskset-1]             --> IsEmergencyStopTriggered [x]
[taskset-1]             --> IsProximityTooClose [x]
[taskset-1]             --> IsSystemOverheated [x]
[taskset-1]         --> Stop [-]
[taskset-1]     [-] mission [x]
[taskset-1]         --> MissionActive [x]
[taskset-1]         [o] mission_selector [-]
[taskset-1]             [-] mission_object_response [-]
[taskset-1]                 --> ObjectSeen [-]
[taskset-1]                 --> HandleObjectAction [-]
[taskset-1]             [-] mission_progress [-]
[taskset-1]                 --> PublishMoveGoal [-]
[taskset-1]                 --> GoToObject [-]
[taskset-1]                 --> CheckStopCondition [-]
[taskset-1]                 --> AdvanceMove [-]
[taskset-1]     [-] navigation [x]
[taskset-1]         --> HasMpcGoal [x]
[taskset-1] 
[taskset-1] [INFO] [1791036938.346886383] [behavior_executor_node]: [IsProximityTooClose] DIAG scan: total=1081 in_window=721 excluded_by_filter=0 min_in_window=0.857 front_min=1.283
[taskset-1] [INFO] [1791036939.106509297] [behavior_executor_node]: BT snapshot -- root=FAILURE, lanes: emergency=FAILURE | mission=FAILURE | navigation=FAILURE
[taskset-1] [o] root [x]
[taskset-1]     [-] emergency [x]
[taskset-1]         [o] emergency_condition [x]
[taskset-1]             --> IsBatteryLow [x]
[taskset-1]             --> IsEmergencyStopTriggered [x]
[taskset-1]             --> IsProximityTooClose [x]
[taskset-1]             --> IsSystemOverheated [x]
[taskset-1]         --> Stop [-]
[taskset-1]     [-] mission [x]
[taskset-1]         --> MissionActive [x]
[taskset-1]         [o] mission_selector [-]
[taskset-1]             [-] mission_object_response [-]
[taskset-1]                 --> ObjectSeen [-]
[taskset-1]                 --> HandleObjectAction [-]
[taskset-1]             [-] mission_progress [-]
[taskset-1]                 --> PublishMoveGoal [-]
[taskset-1]                 --> GoToObject [-]
[taskset-1]                 --> CheckStopCondition [-]
[taskset-1]                 --> AdvanceMove [-]
[taskset-1]     [-] navigation [x]
[taskset-1]         --> HasMpcGoal [x]
[taskset-1] 
[taskset-1] [INFO] [1791036940.206846681] [behavior_executor_node]: BT snapshot -- root=FAILURE, lanes: emergency=FAILURE | mission=FAILURE | navigation=FAILURE
[taskset-1] [o] root [x]
[taskset-1]     [-] emergency [x]
[taskset-1]         [o] emergency_condition [x]
[taskset-1]             --> IsBatteryLow [x]
[taskset-1]             --> IsEmergencyStopTriggered [x]
[taskset-1]             --> IsProximityTooClose [x]
[taskset-1]             --> IsSystemOverheated [x]
[taskset-1]         --> Stop [-]
[taskset-1]     [-] mission [x]
[taskset-1]         --> MissionActive [x]
[taskset-1]         [o] mission_selector [-]
[taskset-1]             [-] mission_object_response [-]
[taskset-1]                 --> ObjectSeen [-]
[taskset-1]                 --> HandleObjectAction [-]
[taskset-1]             [-] mission_progress [-]
[taskset-1]                 --> PublishMoveGoal [-]
[taskset-1]                 --> GoToObject [-]
[taskset-1]                 --> CheckStopCondition [-]
[taskset-1]                 --> AdvanceMove [-]
[taskset-1]     [-] navigation [x]
[taskset-1]         --> HasMpcGoal [x]
[taskset-1] 
[taskset-1] [INFO] [1791036940.350100046] [behavior_executor_node]: [IsProximityTooClose] DIAG scan: total=1081 in_window=721 excluded_by_filter=0 min_in_window=0.845 front_min=1.279
[taskset-1] [INFO] [1791036941.306601858] [behavior_executor_node]: BT snapshot -- root=FAILURE, lanes: emergency=FAILURE | mission=FAILURE | navigation=FAILURE
[taskset-1] [o] root [x]
[taskset-1]     [-] emergency [x]
[taskset-1]         [o] emergency_condition [x]
[taskset-1]             --> IsBatteryLow [x]
[taskset-1]             --> IsEmergencyStopTriggered [x]
[taskset-1]             --> IsProximityTooClose [x]
[taskset-1]             --> IsSystemOverheated [x]
[taskset-1]         --> Stop [-]
[taskset-1]     [-] mission [x]
[taskset-1]         --> MissionActive [x]
[taskset-1]         [o] mission_selector [-]
[taskset-1]             [-] mission_object_response [-]
[taskset-1]                 --> ObjectSeen [-]
[taskset-1]                 --> HandleObjectAction [-]
[taskset-1]             [-] mission_progress [-]
[taskset-1]                 --> PublishMoveGoal [-]
[taskset-1]                 --> GoToObject [-]
[taskset-1]                 --> CheckStopCondition [-]
[taskset-1]                 --> AdvanceMove [-]
[taskset-1]     [-] navigation [x]
[taskset-1]         --> HasMpcGoal [x]
[taskset-1] 
[taskset-1] [INFO] [1791036942.306906553] [behavior_executor_node]: BT snapshot -- root=FAILURE, lanes: emergency=FAILURE | mission=FAILURE | navigation=FAILURE
[taskset-1] [o] root [x]
[taskset-1]     [-] emergency [x]
[taskset-1]         [o] emergency_condition [x]
[taskset-1]             --> IsBatteryLow [x]
[taskset-1]             --> IsEmergencyStopTriggered [x]
[taskset-1]             --> IsProximityTooClose [x]
[taskset-1]             --> IsSystemOverheated [x]
[taskset-1]         --> Stop [-]
[taskset-1]     [-] mission [x]
[taskset-1]         --> MissionActive [x]
[taskset-1]         [o] mission_selector [-]
[taskset-1]             [-] mission_object_response [-]
[taskset-1]                 --> ObjectSeen [-]
[taskset-1]                 --> HandleObjectAction [-]
[taskset-1]             [-] mission_progress [-]
[taskset-1]                 --> PublishMoveGoal [-]
[taskset-1]                 --> GoToObject [-]
[taskset-1]                 --> CheckStopCondition [-]
[taskset-1]                 --> AdvanceMove [-]
[taskset-1]     [-] navigation [x]
[taskset-1]         --> HasMpcGoal [x]
[taskset-1] 
[taskset-1] [INFO] [1791036942.375255946] [behavior_executor_node]: [IsProximityTooClose] DIAG scan: total=1081 in_window=721 excluded_by_filter=0 min_in_window=0.879 front_min=2.026
[taskset-1] [INFO] [1791036943.406188787] [behavior_executor_node]: BT snapshot -- root=FAILURE, lanes: emergency=FAILURE | mission=FAILURE | navigation=FAILURE
[taskset-1] [o] root [x]
[taskset-1]     [-] emergency [x]
[taskset-1]         [o] emergency_condition [x]
[taskset-1]             --> IsBatteryLow [x]
[taskset-1]             --> IsEmergencyStopTriggered [x]
[taskset-1]             --> IsProximityTooClose [x]
[taskset-1]             --> IsSystemOverheated [x]
[taskset-1]         --> Stop [-]
[taskset-1]     [-] mission [x]
[taskset-1]         --> MissionActive [x]
[taskset-1]         [o] mission_selector [-]
[taskset-1]             [-] mission_object_response [-]
[taskset-1]                 --> ObjectSeen [-]
[taskset-1]                 --> HandleObjectAction [-]
[taskset-1]             [-] mission_progress [-]
[taskset-1]                 --> PublishMoveGoal [-]
[taskset-1]                 --> GoToObject [-]
[taskset-1]                 --> CheckStopCondition [-]
[taskset-1]                 --> AdvanceMove [-]
[taskset-1]     [-] navigation [x]
[taskset-1]         --> HasMpcGoal [x]
[taskset-1] 
[taskset-1] [INFO] [1791036944.402680209] [behavior_executor_node]: [IsProximityTooClose] DIAG scan: total=1081 in_window=721 excluded_by_filter=0 min_in_window=0.892 front_min=2.333
[taskset-1] [INFO] [1791036944.406217204] [behavior_executor_node]: BT snapshot -- root=FAILURE, lanes: emergency=FAILURE | mission=FAILURE | navigation=FAILURE
[taskset-1] [o] root [x]
[taskset-1]     [-] emergency [x]
[taskset-1]         [o] emergency_condition [x]
[taskset-1]             --> IsBatteryLow [x]
[taskset-1]             --> IsEmergencyStopTriggered [x]
[taskset-1]             --> IsProximityTooClose [x]
[taskset-1]             --> IsSystemOverheated [x]
[taskset-1]         --> Stop [-]
[taskset-1]     [-] mission [x]
[taskset-1]         --> MissionActive [x]
[taskset-1]         [o] mission_selector [-]
[taskset-1]             [-] mission_object_response [-]
[taskset-1]                 --> ObjectSeen [-]
[taskset-1]                 --> HandleObjectAction [-]
[taskset-1]             [-] mission_progress [-]
[taskset-1]                 --> PublishMoveGoal [-]
[taskset-1]                 --> GoToObject [-]
[taskset-1]                 --> CheckStopCondition [-]
[taskset-1]                 --> AdvanceMove [-]
[taskset-1]     [-] navigation [x]
[taskset-1]         --> HasMpcGoal [x]
[taskset-1] 
[taskset-1] [INFO] [1791036945.406446810] [behavior_executor_node]: BT snapshot -- root=FAILURE, lanes: emergency=FAILURE | mission=FAILURE | navigation=FAILURE
[taskset-1] [o] root [x]
[taskset-1]     [-] emergency [x]
[taskset-1]         [o] emergency_condition [x]
[taskset-1]             --> IsBatteryLow [x]
[taskset-1]             --> IsEmergencyStopTriggered [x]
[taskset-1]             --> IsProximityTooClose [x]
[taskset-1]             --> IsSystemOverheated [x]
[taskset-1]         --> Stop [-]
[taskset-1]     [-] mission [x]
[taskset-1]         --> MissionActive [x]
[taskset-1]         [o] mission_selector [-]
[taskset-1]             [-] mission_object_response [-]
[taskset-1]                 --> ObjectSeen [-]
[taskset-1]                 --> HandleObjectAction [-]
[taskset-1]             [-] mission_progress [-]
[taskset-1]                 --> PublishMoveGoal [-]
[taskset-1]                 --> GoToObject [-]
[taskset-1]                 --> CheckStopCondition [-]
[taskset-1]                 --> AdvanceMove [-]
[taskset-1]     [-] navigation [x]
[taskset-1]         --> HasMpcGoal [x]
[taskset-1] 
[taskset-1] [INFO] [1791036946.501959117] [behavior_executor_node]: [IsProximityTooClose] DIAG scan: total=1081 in_window=721 excluded_by_filter=0 min_in_window=0.947 front_min=1.572
[taskset-1] [INFO] [1791036946.506184877] [behavior_executor_node]: BT snapshot -- root=FAILURE, lanes: emergency=FAILURE | mission=FAILURE | navigation=FAILURE
[taskset-1] [o] root [x]
[taskset-1]     [-] emergency [x]
[taskset-1]         [o] emergency_condition [x]
[taskset-1]             --> IsBatteryLow [x]
[taskset-1]             --> IsEmergencyStopTriggered [x]
[taskset-1]             --> IsProximityTooClose [x]
[taskset-1]             --> IsSystemOverheated [x]
[taskset-1]         --> Stop [-]
[taskset-1]     [-] mission [x]
[taskset-1]         --> MissionActive [x]
[taskset-1]         [o] mission_selector [-]
[taskset-1]             [-] mission_object_response [-]
[taskset-1]                 --> ObjectSeen [-]
[taskset-1]                 --> HandleObjectAction [-]
[taskset-1]             [-] mission_progress [-]
[taskset-1]                 --> PublishMoveGoal [-]
[taskset-1]                 --> GoToObject [-]
[taskset-1]                 --> CheckStopCondition [-]
[taskset-1]                 --> AdvanceMove [-]
[taskset-1]     [-] navigation [x]
[taskset-1]         --> HasMpcGoal [x]
[taskset-1] 
[taskset-1] [INFO] [1791036947.606068995] [behavior_executor_node]: BT snapshot -- root=FAILURE, lanes: emergency=FAILURE | mission=FAILURE | navigation=FAILURE
[taskset-1] [o] root [x]
[taskset-1]     [-] emergency [x]
[taskset-1]         [o] emergency_condition [x]
[taskset-1]             --> IsBatteryLow [x]
[taskset-1]             --> IsEmergencyStopTriggered [x]
[taskset-1]             --> IsProximityTooClose [x]
[taskset-1]             --> IsSystemOverheated [x]
[taskset-1]         --> Stop [-]
[taskset-1]     [-] mission [x]
[taskset-1]         --> MissionActive [x]
[taskset-1]         [o] mission_selector [-]
[taskset-1]             [-] mission_object_response [-]
[taskset-1]                 --> ObjectSeen [-]
[taskset-1]                 --> HandleObjectAction [-]
[taskset-1]             [-] mission_progress [-]
[taskset-1]                 --> PublishMoveGoal [-]
[taskset-1]                 --> GoToObject [-]
[taskset-1]                 --> CheckStopCondition [-]
[taskset-1]                 --> AdvanceMove [-]
[taskset-1]     [-] navigation [x]
[taskset-1]         --> HasMpcGoal [x]
[taskset-1] 
[taskset-1] [INFO] [1791036948.503118982] [behavior_executor_node]: [IsProximityTooClose] DIAG scan: total=1081 in_window=721 excluded_by_filter=0 min_in_window=0.969 front_min=1.850
[taskset-1] [INFO] [1791036948.606133871] [behavior_executor_node]: BT snapshot -- root=FAILURE, lanes: emergency=FAILURE | mission=FAILURE | navigation=FAILURE
[taskset-1] [o] root [x]
[taskset-1]     [-] emergency [x]
[taskset-1]         [o] emergency_condition [x]
[taskset-1]             --> IsBatteryLow [x]
[taskset-1]             --> IsEmergencyStopTriggered [x]
[taskset-1]             --> IsProximityTooClose [x]
[taskset-1]             --> IsSystemOverheated [x]
[taskset-1]         --> Stop [-]
[taskset-1]     [-] mission [x]
[taskset-1]         --> MissionActive [x]
[taskset-1]         [o] mission_selector [-]
[taskset-1]             [-] mission_object_response [-]
[taskset-1]                 --> ObjectSeen [-]
[taskset-1]                 --> HandleObjectAction [-]
[taskset-1]             [-] mission_progress [-]
[taskset-1]                 --> PublishMoveGoal [-]
[taskset-1]                 --> GoToObject [-]
[taskset-1]                 --> CheckStopCondition [-]
[taskset-1]                 --> AdvanceMove [-]
[taskset-1]     [-] navigation [x]
[taskset-1]         --> HasMpcGoal [x]
[taskset-1] 
[taskset-1] [INFO] [1791036949.606163826] [behavior_executor_node]: BT snapshot -- root=FAILURE, lanes: emergency=FAILURE | mission=FAILURE | navigation=FAILURE
[taskset-1] [o] root [x]
[taskset-1]     [-] emergency [x]
[taskset-1]         [o] emergency_condition [x]
[taskset-1]             --> IsBatteryLow [x]
[taskset-1]             --> IsEmergencyStopTriggered [x]
[taskset-1]             --> IsProximityTooClose [x]
[taskset-1]             --> IsSystemOverheated [x]
[taskset-1]         --> Stop [-]
[taskset-1]     [-] mission [x]
[taskset-1]         --> MissionActive [x]
[taskset-1]         [o] mission_selector [-]
[taskset-1]             [-] mission_object_response [-]
[taskset-1]                 --> ObjectSeen [-]
[taskset-1]                 --> HandleObjectAction [-]
[taskset-1]             [-] mission_progress [-]
[taskset-1]                 --> PublishMoveGoal [-]
[taskset-1]                 --> GoToObject [-]
[taskset-1]                 --> CheckStopCondition [-]
[taskset-1]                 --> AdvanceMove [-]
[taskset-1]     [-] navigation [x]
[taskset-1]         --> HasMpcGoal [x]
[taskset-1] 
[taskset-1] [INFO] [1791036950.532018359] [behavior_executor_node]: [IsProximityTooClose] DIAG scan: total=1081 in_window=721 excluded_by_filter=0 min_in_window=1.018 front_min=2.845
[taskset-1] [INFO] [1791036950.706515195] [behavior_executor_node]: BT snapshot -- root=FAILURE, lanes: emergency=FAILURE | mission=FAILURE | navigation=FAILURE
[taskset-1] [o] root [x]
[taskset-1]     [-] emergency [x]
[taskset-1]         [o] emergency_condition [x]
[taskset-1]             --> IsBatteryLow [x]
[taskset-1]             --> IsEmergencyStopTriggered [x]
[taskset-1]             --> IsProximityTooClose [x]
[taskset-1]             --> IsSystemOverheated [x]
[taskset-1]         --> Stop [-]
[taskset-1]     [-] mission [x]
[taskset-1]         --> MissionActive [x]
[taskset-1]         [o] mission_selector [-]
[taskset-1]             [-] mission_object_response [-]
[taskset-1]                 --> ObjectSeen [-]
[taskset-1]                 --> HandleObjectAction [-]
[taskset-1]             [-] mission_progress [-]
[taskset-1]                 --> PublishMoveGoal [-]
[taskset-1]                 --> GoToObject [-]
[taskset-1]                 --> CheckStopCondition [-]
[taskset-1]                 --> AdvanceMove [-]
[taskset-1]     [-] navigation [x]
[taskset-1]         --> HasMpcGoal [x]
[taskset-1] 
[taskset-1] [INFO] [1791036951.806290247] [behavior_executor_node]: BT snapshot -- root=FAILURE, lanes: emergency=FAILURE | mission=FAILURE | navigation=FAILURE
[taskset-1] [o] root [x]
[taskset-1]     [-] emergency [x]
[taskset-1]         [o] emergency_condition [x]
[taskset-1]             --> IsBatteryLow [x]
[taskset-1]             --> IsEmergencyStopTriggered [x]
[taskset-1]             --> IsProximityTooClose [x]
[taskset-1]             --> IsSystemOverheated [x]
[taskset-1]         --> Stop [-]
[taskset-1]     [-] mission [x]
[taskset-1]         --> MissionActive [x]
[taskset-1]         [o] mission_selector [-]
[taskset-1]             [-] mission_object_response [-]
[taskset-1]                 --> ObjectSeen [-]
[taskset-1]                 --> HandleObjectAction [-]
[taskset-1]             [-] mission_progress [-]
[taskset-1]                 --> PublishMoveGoal [-]
[taskset-1]                 --> GoToObject [-]
[taskset-1]                 --> CheckStopCondition [-]
[taskset-1]                 --> AdvanceMove [-]
[taskset-1]     [-] navigation [x]
[taskset-1]         --> HasMpcGoal [x]
[taskset-1] 
[taskset-1] [INFO] [1791036952.546115649] [behavior_executor_node]: [IsProximityTooClose] DIAG scan: total=1081 in_window=721 excluded_by_filter=0 min_in_window=1.082 front_min=2.769
[taskset-1] [INFO] [1791036952.806948552] [behavior_executor_node]: BT snapshot -- root=FAILURE, lanes: emergency=FAILURE | mission=FAILURE | navigation=FAILURE
[taskset-1] [o] root [x]
[taskset-1]     [-] emergency [x]
[taskset-1]         [o] emergency_condition [x]
[taskset-1]             --> IsBatteryLow [x]
[taskset-1]             --> IsEmergencyStopTriggered [x]
[taskset-1]             --> IsProximityTooClose [x]
[taskset-1]             --> IsSystemOverheated [x]
[taskset-1]         --> Stop [-]
[taskset-1]     [-] mission [x]
[taskset-1]         --> MissionActive [x]
[taskset-1]         [o] mission_selector [-]
[taskset-1]             [-] mission_object_response [-]
[taskset-1]                 --> ObjectSeen [-]
[taskset-1]                 --> HandleObjectAction [-]
[taskset-1]             [-] mission_progress [-]
[taskset-1]                 --> PublishMoveGoal [-]
[taskset-1]                 --> GoToObject [-]
[taskset-1]                 --> CheckStopCondition [-]
[taskset-1]                 --> AdvanceMove [-]
[taskset-1]     [-] navigation [x]
[taskset-1]         --> HasMpcGoal [x]
[taskset-1] 
[taskset-1] [INFO] [1791036954.014448058] [behavior_executor_node]: BT snapshot -- root=FAILURE, lanes: emergency=FAILURE | mission=FAILURE | navigation=FAILURE
[taskset-1] [o] root [x]
[taskset-1]     [-] emergency [x]
[taskset-1]         [o] emergency_condition [x]
[taskset-1]             --> IsBatteryLow [x]
[taskset-1]             --> IsEmergencyStopTriggered [x]
[taskset-1]             --> IsProximityTooClose [x]
[taskset-1]             --> IsSystemOverheated [x]
[taskset-1]         --> Stop [-]
[taskset-1]     [-] mission [x]
[taskset-1]         --> MissionActive [x]
[taskset-1]         [o] mission_selector [-]
[taskset-1]             [-] mission_object_response [-]
[taskset-1]                 --> ObjectSeen [-]
[taskset-1]                 --> HandleObjectAction [-]
[taskset-1]             [-] mission_progress [-]
[taskset-1]                 --> PublishMoveGoal [-]
[taskset-1]                 --> GoToObject [-]
[taskset-1]                 --> CheckStopCondition [-]
[taskset-1]                 --> AdvanceMove [-]
[taskset-1]     [-] navigation [x]
[taskset-1]         --> HasMpcGoal [x]
[taskset-1] 
[taskset-1] [INFO] [1791036954.554167851] [behavior_executor_node]: [IsProximityTooClose] DIAG scan: total=1081 in_window=721 excluded_by_filter=0 min_in_window=1.484 front_min=2.028
[taskset-1] [INFO] [1791036955.106222627] [behavior_executor_node]: BT snapshot -- root=FAILURE, lanes: emergency=FAILURE | mission=FAILURE | navigation=FAILURE
[taskset-1] [o] root [x]
[taskset-1]     [-] emergency [x]
[taskset-1]         [o] emergency_condition [x]
[taskset-1]             --> IsBatteryLow [x]
[taskset-1]             --> IsEmergencyStopTriggered [x]
[taskset-1]             --> IsProximityTooClose [x]
[taskset-1]             --> IsSystemOverheated [x]
[taskset-1]         --> Stop [-]
[taskset-1]     [-] mission [x]
[taskset-1]         --> MissionActive [x]
[taskset-1]         [o] mission_selector [-]
[taskset-1]             [-] mission_object_response [-]
[taskset-1]                 --> ObjectSeen [-]
[taskset-1]                 --> HandleObjectAction [-]
[taskset-1]             [-] mission_progress [-]
[taskset-1]                 --> PublishMoveGoal [-]
[taskset-1]                 --> GoToObject [-]
[taskset-1]                 --> CheckStopCondition [-]
[taskset-1]                 --> AdvanceMove [-]
[taskset-1]     [-] navigation [x]
[taskset-1]         --> HasMpcGoal [x]
[taskset-1] 
[taskset-1] [INFO] [1791036956.106302595] [behavior_executor_node]: BT snapshot -- root=FAILURE, lanes: emergency=FAILURE | mission=FAILURE | navigation=FAILURE
[taskset-1] [o] root [x]
[taskset-1]     [-] emergency [x]
[taskset-1]         [o] emergency_condition [x]
[taskset-1]             --> IsBatteryLow [x]
[taskset-1]             --> IsEmergencyStopTriggered [x]
[taskset-1]             --> IsProximityTooClose [x]
[taskset-1]             --> IsSystemOverheated [x]
[taskset-1]         --> Stop [-]
[taskset-1]     [-] mission [x]
[taskset-1]         --> MissionActive [x]
[taskset-1]         [o] mission_selector [-]
[taskset-1]             [-] mission_object_response [-]
[taskset-1]                 --> ObjectSeen [-]
[taskset-1]                 --> HandleObjectAction [-]
[taskset-1]             [-] mission_progress [-]
[taskset-1]                 --> PublishMoveGoal [-]
[taskset-1]                 --> GoToObject [-]
[taskset-1]                 --> CheckStopCondition [-]
[taskset-1]                 --> AdvanceMove [-]
[taskset-1]     [-] navigation [x]
[taskset-1]         --> HasMpcGoal [x]
[taskset-1] 
[taskset-1] [INFO] [1791036956.562260995] [behavior_executor_node]: [IsProximityTooClose] DIAG scan: total=1081 in_window=721 excluded_by_filter=0 min_in_window=1.189 front_min=1.977
[taskset-1] [INFO] [1791036957.106589272] [behavior_executor_node]: BT snapshot -- root=FAILURE, lanes: emergency=FAILURE | mission=FAILURE | navigation=FAILURE
[taskset-1] [o] root [x]
[taskset-1]     [-] emergency [x]
[taskset-1]         [o] emergency_condition [x]
[taskset-1]             --> IsBatteryLow [x]
[taskset-1]             --> IsEmergencyStopTriggered [x]
[taskset-1]             --> IsProximityTooClose [x]
[taskset-1]             --> IsSystemOverheated [x]
[taskset-1]         --> Stop [-]
[taskset-1]     [-] mission [x]
[taskset-1]         --> MissionActive [x]
[taskset-1]         [o] mission_selector [-]
[taskset-1]             [-] mission_object_response [-]
[taskset-1]                 --> ObjectSeen [-]
[taskset-1]                 --> HandleObjectAction [-]
[taskset-1]             [-] mission_progress [-]
[taskset-1]                 --> PublishMoveGoal [-]
[taskset-1]                 --> GoToObject [-]
[taskset-1]                 --> CheckStopCondition [-]
[taskset-1]                 --> AdvanceMove [-]
[taskset-1]     [-] navigation [x]
[taskset-1]         --> HasMpcGoal [x]
[taskset-1] 
[taskset-1] [INFO] [1791036958.206275091] [behavior_executor_node]: BT snapshot -- root=FAILURE, lanes: emergency=FAILURE | mission=FAILURE | navigation=FAILURE
[taskset-1] [o] root [x]
[taskset-1]     [-] emergency [x]
[taskset-1]         [o] emergency_condition [x]
[taskset-1]             --> IsBatteryLow [x]
[taskset-1]             --> IsEmergencyStopTriggered [x]
[taskset-1]             --> IsProximityTooClose [x]
[taskset-1]             --> IsSystemOverheated [x]
[taskset-1]         --> Stop [-]
[taskset-1]     [-] mission [x]
[taskset-1]         --> MissionActive [x]
[taskset-1]         [o] mission_selector [-]
[taskset-1]             [-] mission_object_response [-]
[taskset-1]                 --> ObjectSeen [-]
[taskset-1]                 --> HandleObjectAction [-]
[taskset-1]             [-] mission_progress [-]
[taskset-1]                 --> PublishMoveGoal [-]
[taskset-1]                 --> GoToObject [-]
[taskset-1]                 --> CheckStopCondition [-]
[taskset-1]                 --> AdvanceMove [-]
[taskset-1]     [-] navigation [x]
[taskset-1]         --> HasMpcGoal [x]
[taskset-1] 
[taskset-1] [INFO] [1791036958.565713561] [behavior_executor_node]: [IsProximityTooClose] DIAG scan: total=1081 in_window=721 excluded_by_filter=0 min_in_window=1.207 front_min=1.807
[taskset-1] [INFO] [1791036959.206339811] [behavior_executor_node]: BT snapshot -- root=FAILURE, lanes: emergency=FAILURE | mission=FAILURE | navigation=FAILURE
[taskset-1] [o] root [x]
[taskset-1]     [-] emergency [x]
[taskset-1]         [o] emergency_condition [x]
[taskset-1]             --> IsBatteryLow [x]
[taskset-1]             --> IsEmergencyStopTriggered [x]
[taskset-1]             --> IsProximityTooClose [x]
[taskset-1]             --> IsSystemOverheated [x]
[taskset-1]         --> Stop [-]
[taskset-1]     [-] mission [x]
[taskset-1]         --> MissionActive [x]
[taskset-1]         [o] mission_selector [-]
[taskset-1]             [-] mission_object_response [-]
[taskset-1]                 --> ObjectSeen [-]
[taskset-1]                 --> HandleObjectAction [-]
[taskset-1]             [-] mission_progress [-]
[taskset-1]                 --> PublishMoveGoal [-]
[taskset-1]                 --> GoToObject [-]
[taskset-1]                 --> CheckStopCondition [-]
[taskset-1]                 --> AdvanceMove [-]
[taskset-1]     [-] navigation [x]
[taskset-1]         --> HasMpcGoal [x]
[taskset-1] 
[taskset-1] [INFO] [1791036960.207382133] [behavior_executor_node]: BT snapshot -- root=FAILURE, lanes: emergency=FAILURE | mission=FAILURE | navigation=FAILURE
[taskset-1] [o] root [x]
[taskset-1]     [-] emergency [x]
[taskset-1]         [o] emergency_condition [x]
[taskset-1]             --> IsBatteryLow [x]
[taskset-1]             --> IsEmergencyStopTriggered [x]
[taskset-1]             --> IsProximityTooClose [x]
[taskset-1]             --> IsSystemOverheated [x]
[taskset-1]         --> Stop [-]
[taskset-1]     [-] mission [x]
[taskset-1]         --> MissionActive [x]
[taskset-1]         [o] mission_selector [-]
[taskset-1]             [-] mission_object_response [-]
[taskset-1]                 --> ObjectSeen [-]
[taskset-1]                 --> HandleObjectAction [-]
[taskset-1]             [-] mission_progress [-]
[taskset-1]                 --> PublishMoveGoal [-]
[taskset-1]                 --> GoToObject [-]
[taskset-1]                 --> CheckStopCondition [-]
[taskset-1]                 --> AdvanceMove [-]
[taskset-1]     [-] navigation [x]
[taskset-1]         --> HasMpcGoal [x]
[taskset-1] 
[taskset-1] [INFO] [1791036960.602162960] [behavior_executor_node]: [IsProximityTooClose] DIAG scan: total=1081 in_window=721 excluded_by_filter=0 min_in_window=1.300 front_min=1.614
[taskset-1] [INFO] [1791036961.306413565] [behavior_executor_node]: BT snapshot -- root=FAILURE, lanes: emergency=FAILURE | mission=FAILURE | navigation=FAILURE
[taskset-1] [o] root [x]
[taskset-1]     [-] emergency [x]
[taskset-1]         [o] emergency_condition [x]
[taskset-1]             --> IsBatteryLow [x]
[taskset-1]             --> IsEmergencyStopTriggered [x]
[taskset-1]             --> IsProximityTooClose [x]
[taskset-1]             --> IsSystemOverheated [x]
[taskset-1]         --> Stop [-]
[taskset-1]     [-] mission [x]
[taskset-1]         --> MissionActive [x]
[taskset-1]         [o] mission_selector [-]
[taskset-1]             [-] mission_object_response [-]
[taskset-1]                 --> ObjectSeen [-]
[taskset-1]                 --> HandleObjectAction [-]
[taskset-1]             [-] mission_progress [-]
[taskset-1]                 --> PublishMoveGoal [-]
[taskset-1]                 --> GoToObject [-]
[taskset-1]                 --> CheckStopCondition [-]
[taskset-1]                 --> AdvanceMove [-]
[taskset-1]     [-] navigation [x]
[taskset-1]         --> HasMpcGoal [x]
[taskset-1] 
[taskset-1] [INFO] [1791036962.306594453] [behavior_executor_node]: BT snapshot -- root=FAILURE, lanes: emergency=FAILURE | mission=FAILURE | navigation=FAILURE
[taskset-1] [o] root [x]
[taskset-1]     [-] emergency [x]
[taskset-1]         [o] emergency_condition [x]
[taskset-1]             --> IsBatteryLow [x]
[taskset-1]             --> IsEmergencyStopTriggered [x]
[taskset-1]             --> IsProximityTooClose [x]
[taskset-1]             --> IsSystemOverheated [x]
[taskset-1]         --> Stop [-]
[taskset-1]     [-] mission [x]
[taskset-1]         --> MissionActive [x]
[taskset-1]         [o] mission_selector [-]
[taskset-1]             [-] mission_object_response [-]
[taskset-1]                 --> ObjectSeen [-]
[taskset-1]                 --> HandleObjectAction [-]
[taskset-1]             [-] mission_progress [-]
[taskset-1]                 --> PublishMoveGoal [-]
[taskset-1]                 --> GoToObject [-]
[taskset-1]                 --> CheckStopCondition [-]
[taskset-1]                 --> AdvanceMove [-]
[taskset-1]     [-] navigation [x]
[taskset-1]         --> HasMpcGoal [x]
[taskset-1] 
[taskset-1] [INFO] [1791036962.621246902] [behavior_executor_node]: [IsProximityTooClose] DIAG scan: total=1081 in_window=721 excluded_by_filter=0 min_in_window=0.958 front_min=1.874
[taskset-1] [INFO] [1791036963.406552567] [behavior_executor_node]: BT snapshot -- root=FAILURE, lanes: emergency=FAILURE | mission=FAILURE | navigation=FAILURE
[taskset-1] [o] root [x]
[taskset-1]     [-] emergency [x]
[taskset-1]         [o] emergency_condition [x]
[taskset-1]             --> IsBatteryLow [x]
[taskset-1]             --> IsEmergencyStopTriggered [x]
[taskset-1]             --> IsProximityTooClose [x]
[taskset-1]             --> IsSystemOverheated [x]
[taskset-1]         --> Stop [-]
[taskset-1]     [-] mission [x]
[taskset-1]         --> MissionActive [x]
[taskset-1]         [o] mission_selector [-]
[taskset-1]             [-] mission_object_response [-]
[taskset-1]                 --> ObjectSeen [-]
[taskset-1]                 --> HandleObjectAction [-]
[taskset-1]             [-] mission_progress [-]
[taskset-1]                 --> PublishMoveGoal [-]
[taskset-1]                 --> GoToObject [-]
[taskset-1]                 --> CheckStopCondition [-]
[taskset-1]                 --> AdvanceMove [-]
[taskset-1]     [-] navigation [x]
[taskset-1]         --> HasMpcGoal [x]
[taskset-1] 
[taskset-1] [INFO] [1791036964.506344797] [behavior_executor_node]: BT snapshot -- root=FAILURE, lanes: emergency=FAILURE | mission=FAILURE | navigation=FAILURE
[taskset-1] [o] root [x]
[taskset-1]     [-] emergency [x]
[taskset-1]         [o] emergency_condition [x]
[taskset-1]             --> IsBatteryLow [x]
[taskset-1]             --> IsEmergencyStopTriggered [x]
[taskset-1]             --> IsProximityTooClose [x]
[taskset-1]             --> IsSystemOverheated [x]
[taskset-1]         --> Stop [-]
[taskset-1]     [-] mission [x]
[taskset-1]         --> MissionActive [x]
[taskset-1]         [o] mission_selector [-]
[taskset-1]             [-] mission_object_response [-]
[taskset-1]                 --> ObjectSeen [-]
[taskset-1]                 --> HandleObjectAction [-]
[taskset-1]             [-] mission_progress [-]
[taskset-1]                 --> PublishMoveGoal [-]
[taskset-1]                 --> GoToObject [-]
[taskset-1]                 --> CheckStopCondition [-]
[taskset-1]                 --> AdvanceMove [-]
[taskset-1]     [-] navigation [x]
[taskset-1]         --> HasMpcGoal [x]
[taskset-1] 
[taskset-1] [INFO] [1791036965.115741478] [behavior_executor_node]: [IsProximityTooClose] DIAG scan: total=1081 in_window=721 excluded_by_filter=0 min_in_window=0.552 front_min=1.673
[taskset-1] [INFO] [1791036965.606921602] [behavior_executor_node]: BT snapshot -- root=FAILURE, lanes: emergency=FAILURE | mission=FAILURE | navigation=FAILURE
[taskset-1] [o] root [x]
[taskset-1]     [-] emergency [x]
[taskset-1]         [o] emergency_condition [x]
[taskset-1]             --> IsBatteryLow [x]
[taskset-1]             --> IsEmergencyStopTriggered [x]
[taskset-1]             --> IsProximityTooClose [x]
[taskset-1]             --> IsSystemOverheated [x]
[taskset-1]         --> Stop [-]
[taskset-1]     [-] mission [x]
[taskset-1]         --> MissionActive [x]
[taskset-1]         [o] mission_selector [-]
[taskset-1]             [-] mission_object_response [-]
[taskset-1]                 --> ObjectSeen [-]
[taskset-1]                 --> HandleObjectAction [-]
[taskset-1]             [-] mission_progress [-]
[taskset-1]                 --> PublishMoveGoal [-]
[taskset-1]                 --> GoToObject [-]
[taskset-1]                 --> CheckStopCondition [-]
[taskset-1]                 --> AdvanceMove [-]
[taskset-1]     [-] navigation [x]
[taskset-1]         --> HasMpcGoal [x]
[taskset-1] 
[taskset-1] [INFO] [1791036966.706150017] [behavior_executor_node]: BT snapshot -- root=FAILURE, lanes: emergency=FAILURE | mission=FAILURE | navigation=FAILURE
[taskset-1] [o] root [x]
[taskset-1]     [-] emergency [x]
[taskset-1]         [o] emergency_condition [x]
[taskset-1]             --> IsBatteryLow [x]
[taskset-1]             --> IsEmergencyStopTriggered [x]
[taskset-1]             --> IsProximityTooClose [x]
[taskset-1]             --> IsSystemOverheated [x]
[taskset-1]         --> Stop [-]
[taskset-1]     [-] mission [x]
[taskset-1]         --> MissionActive [x]
[taskset-1]         [o] mission_selector [-]
[taskset-1]             [-] mission_object_response [-]
[taskset-1]                 --> ObjectSeen [-]
[taskset-1]                 --> HandleObjectAction [-]
[taskset-1]             [-] mission_progress [-]
[taskset-1]                 --> PublishMoveGoal [-]
[taskset-1]                 --> GoToObject [-]
[taskset-1]                 --> CheckStopCondition [-]
[taskset-1]                 --> AdvanceMove [-]
[taskset-1]     [-] navigation [x]
[taskset-1]         --> HasMpcGoal [x]
[taskset-1] 
[taskset-1] [INFO] [1791036967.116022112] [behavior_executor_node]: [IsProximityTooClose] DIAG scan: total=1081 in_window=721 excluded_by_filter=0 min_in_window=0.637 front_min=1.644
[taskset-1] [INFO] [1791036967.706220469] [behavior_executor_node]: BT snapshot -- root=FAILURE, lanes: emergency=FAILURE | mission=FAILURE | navigation=FAILURE
[taskset-1] [o] root [x]
[taskset-1]     [-] emergency [x]
[taskset-1]         [o] emergency_condition [x]
[taskset-1]             --> IsBatteryLow [x]
[taskset-1]             --> IsEmergencyStopTriggered [x]
[taskset-1]             --> IsProximityTooClose [x]
[taskset-1]             --> IsSystemOverheated [x]
[taskset-1]         --> Stop [-]
[taskset-1]     [-] mission [x]
[taskset-1]         --> MissionActive [x]
[taskset-1]         [o] mission_selector [-]
[taskset-1]             [-] mission_object_response [-]
[taskset-1]                 --> ObjectSeen [-]
[taskset-1]                 --> HandleObjectAction [-]
[taskset-1]             [-] mission_progress [-]
[taskset-1]                 --> PublishMoveGoal [-]
[taskset-1]                 --> GoToObject [-]
[taskset-1]                 --> CheckStopCondition [-]
[taskset-1]                 --> AdvanceMove [-]
[taskset-1]     [-] navigation [x]
[taskset-1]         --> HasMpcGoal [x]
[taskset-1] 
[taskset-1] [INFO] [1791036968.806164734] [behavior_executor_node]: BT snapshot -- root=FAILURE, lanes: emergency=FAILURE | mission=FAILURE | navigation=FAILURE
[taskset-1] [o] root [x]
[taskset-1]     [-] emergency [x]
[taskset-1]         [o] emergency_condition [x]
[taskset-1]             --> IsBatteryLow [x]
[taskset-1]             --> IsEmergencyStopTriggered [x]
[taskset-1]             --> IsProximityTooClose [x]
[taskset-1]             --> IsSystemOverheated [x]
[taskset-1]         --> Stop [-]
[taskset-1]     [-] mission [x]
[taskset-1]         --> MissionActive [x]
[taskset-1]         [o] mission_selector [-]
[taskset-1]             [-] mission_object_response [-]
[taskset-1]                 --> ObjectSeen [-]
[taskset-1]                 --> HandleObjectAction [-]
[taskset-1]             [-] mission_progress [-]
[taskset-1]                 --> PublishMoveGoal [-]
[taskset-1]                 --> GoToObject [-]
[taskset-1]                 --> CheckStopCondition [-]
[taskset-1]                 --> AdvanceMove [-]
[taskset-1]     [-] navigation [x]
[taskset-1]         --> HasMpcGoal [x]
[taskset-1] 
[taskset-1] [INFO] [1791036969.121384835] [behavior_executor_node]: [IsProximityTooClose] DIAG scan: total=1081 in_window=721 excluded_by_filter=0 min_in_window=0.555 front_min=1.553
[taskset-1] [INFO] [1791036969.930570819] [behavior_executor_node]: BT snapshot -- root=FAILURE, lanes: emergency=FAILURE | mission=FAILURE | navigation=FAILURE
[taskset-1] [o] root [x]
[taskset-1]     [-] emergency [x]
[taskset-1]         [o] emergency_condition [x]
[taskset-1]             --> IsBatteryLow [x]
[taskset-1]             --> IsEmergencyStopTriggered [x]
[taskset-1]             --> IsProximityTooClose [x]
[taskset-1]             --> IsSystemOverheated [x]
[taskset-1]         --> Stop [-]
[taskset-1]     [-] mission [x]
[taskset-1]         --> MissionActive [x]
[taskset-1]         [o] mission_selector [-]
[taskset-1]             [-] mission_object_response [-]
[taskset-1]                 --> ObjectSeen [-]
[taskset-1]                 --> HandleObjectAction [-]
[taskset-1]             [-] mission_progress [-]
[taskset-1]                 --> PublishMoveGoal [-]
[taskset-1]                 --> GoToObject [-]
[taskset-1]                 --> CheckStopCondition [-]
[taskset-1]                 --> AdvanceMove [-]
[taskset-1]     [-] navigation [x]
[taskset-1]         --> HasMpcGoal [x]
[taskset-1] 
[taskset-1] [INFO] [1791036971.006771687] [behavior_executor_node]: BT snapshot -- root=FAILURE, lanes: emergency=FAILURE | mission=FAILURE | navigation=FAILURE
[taskset-1] [o] root [x]
[taskset-1]     [-] emergency [x]
[taskset-1]         [o] emergency_condition [x]
[taskset-1]             --> IsBatteryLow [x]
[taskset-1]             --> IsEmergencyStopTriggered [x]
[taskset-1]             --> IsProximityTooClose [x]
[taskset-1]             --> IsSystemOverheated [x]
[taskset-1]         --> Stop [-]
[taskset-1]     [-] mission [x]
[taskset-1]         --> MissionActive [x]
[taskset-1]         [o] mission_selector [-]
[taskset-1]             [-] mission_object_response [-]
[taskset-1]                 --> ObjectSeen [-]
[taskset-1]                 --> HandleObjectAction [-]
[taskset-1]             [-] mission_progress [-]
[taskset-1]                 --> PublishMoveGoal [-]
[taskset-1]                 --> GoToObject [-]
[taskset-1]                 --> CheckStopCondition [-]
[taskset-1]                 --> AdvanceMove [-]
[taskset-1]     [-] navigation [x]
[taskset-1]         --> HasMpcGoal [x]
[taskset-1] 
[taskset-1] [INFO] [1791036971.123925853] [behavior_executor_node]: [IsProximityTooClose] DIAG scan: total=1081 in_window=721 excluded_by_filter=0 min_in_window=0.594 front_min=1.509
[taskset-1] [INFO] [1791036972.156995825] [behavior_executor_node]: BT snapshot -- root=FAILURE, lanes: emergency=FAILURE | mission=FAILURE | navigation=FAILURE
[taskset-1] [o] root [x]
[taskset-1]     [-] emergency [x]
[taskset-1]         [o] emergency_condition [x]
[taskset-1]             --> IsBatteryLow [x]
[taskset-1]             --> IsEmergencyStopTriggered [x]
[taskset-1]             --> IsProximityTooClose [x]
[taskset-1]             --> IsSystemOverheated [x]
[taskset-1]         --> Stop [-]
[taskset-1]     [-] mission [x]
[taskset-1]         --> MissionActive [x]
[taskset-1]         [o] mission_selector [-]
[taskset-1]             [-] mission_object_response [-]
[taskset-1]                 --> ObjectSeen [-]
[taskset-1]                 --> HandleObjectAction [-]
[taskset-1]             [-] mission_progress [-]
[taskset-1]                 --> PublishMoveGoal [-]
[taskset-1]                 --> GoToObject [-]
[taskset-1]                 --> CheckStopCondition [-]
[taskset-1]                 --> AdvanceMove [-]
[taskset-1]     [-] navigation [x]
[taskset-1]         --> HasMpcGoal [x]
[taskset-1] 
[taskset-1] [INFO] [1791036973.128734809] [behavior_executor_node]: [IsProximityTooClose] DIAG scan: total=1081 in_window=721 excluded_by_filter=0 min_in_window=0.589 front_min=1.378
[taskset-1] [INFO] [1791036973.206522902] [behavior_executor_node]: BT snapshot -- root=FAILURE, lanes: emergency=FAILURE | mission=FAILURE | navigation=FAILURE
[taskset-1] [o] root [x]
[taskset-1]     [-] emergency [x]
[taskset-1]         [o] emergency_condition [x]
[taskset-1]             --> IsBatteryLow [x]
[taskset-1]             --> IsEmergencyStopTriggered [x]
[taskset-1]             --> IsProximityTooClose [x]
[taskset-1]             --> IsSystemOverheated [x]
[taskset-1]         --> Stop [-]
[taskset-1]     [-] mission [x]
[taskset-1]         --> MissionActive [x]
[taskset-1]         [o] mission_selector [-]
[taskset-1]             [-] mission_object_response [-]
[taskset-1]                 --> ObjectSeen [-]
[taskset-1]                 --> HandleObjectAction [-]
[taskset-1]             [-] mission_progress [-]
[taskset-1]                 --> PublishMoveGoal [-]
[taskset-1]                 --> GoToObject [-]
[taskset-1]                 --> CheckStopCondition [-]
[taskset-1]                 --> AdvanceMove [-]
[taskset-1]     [-] navigation [x]
[taskset-1]         --> HasMpcGoal [x]
[taskset-1] 
[taskset-1] [INFO] [1791036974.218734374] [behavior_executor_node]: BT snapshot -- root=FAILURE, lanes: emergency=FAILURE | mission=FAILURE | navigation=FAILURE
[taskset-1] [o] root [x]
[taskset-1]     [-] emergency [x]
[taskset-1]         [o] emergency_condition [x]
[taskset-1]             --> IsBatteryLow [x]
[taskset-1]             --> IsEmergencyStopTriggered [x]
[taskset-1]             --> IsProximityTooClose [x]
[taskset-1]             --> IsSystemOverheated [x]
[taskset-1]         --> Stop [-]
[taskset-1]     [-] mission [x]
[taskset-1]         --> MissionActive [x]
[taskset-1]         [o] mission_selector [-]
[taskset-1]             [-] mission_object_response [-]
[taskset-1]                 --> ObjectSeen [-]
[taskset-1]                 --> HandleObjectAction [-]
[taskset-1]             [-] mission_progress [-]
[taskset-1]                 --> PublishMoveGoal [-]
[taskset-1]                 --> GoToObject [-]
[taskset-1]                 --> CheckStopCondition [-]
[taskset-1]                 --> AdvanceMove [-]
[taskset-1]     [-] navigation [x]
[taskset-1]         --> HasMpcGoal [x]
[taskset-1] 
[taskset-1] [INFO] [1791036975.216177502] [behavior_executor_node]: [IsProximityTooClose] DIAG scan: total=1081 in_window=721 excluded_by_filter=0 min_in_window=0.994 front_min=1.357
[taskset-1] [INFO] [1791036975.306395100] [behavior_executor_node]: BT snapshot -- root=FAILURE, lanes: emergency=FAILURE | mission=FAILURE | navigation=FAILURE
[taskset-1] [o] root [x]
[taskset-1]     [-] emergency [x]
[taskset-1]         [o] emergency_condition [x]
[taskset-1]             --> IsBatteryLow [x]
[taskset-1]             --> IsEmergencyStopTriggered [x]
[taskset-1]             --> IsProximityTooClose [x]
[taskset-1]             --> IsSystemOverheated [x]
[taskset-1]         --> Stop [-]
[taskset-1]     [-] mission [x]
[taskset-1]         --> MissionActive [x]
[taskset-1]         [o] mission_selector [-]
[taskset-1]             [-] mission_object_response [-]
[taskset-1]                 --> ObjectSeen [-]
[taskset-1]                 --> HandleObjectAction [-]
[taskset-1]             [-] mission_progress [-]
[taskset-1]                 --> PublishMoveGoal [-]
[taskset-1]                 --> GoToObject [-]
[taskset-1]                 --> CheckStopCondition [-]
[taskset-1]                 --> AdvanceMove [-]
[taskset-1]     [-] navigation [x]
[taskset-1]         --> HasMpcGoal [x]
[taskset-1] 
[taskset-1] [INFO] [1791036976.406499355] [behavior_executor_node]: BT snapshot -- root=FAILURE, lanes: emergency=FAILURE | mission=FAILURE | navigation=FAILURE
[taskset-1] [o] root [x]
[taskset-1]     [-] emergency [x]
[taskset-1]         [o] emergency_condition [x]
[taskset-1]             --> IsBatteryLow [x]
[taskset-1]             --> IsEmergencyStopTriggered [x]
[taskset-1]             --> IsProximityTooClose [x]
[taskset-1]             --> IsSystemOverheated [x]
[taskset-1]         --> Stop [-]
[taskset-1]     [-] mission [x]
[taskset-1]         --> MissionActive [x]
[taskset-1]         [o] mission_selector [-]
[taskset-1]             [-] mission_object_response [-]
[taskset-1]                 --> ObjectSeen [-]
[taskset-1]                 --> HandleObjectAction [-]
[taskset-1]             [-] mission_progress [-]
[taskset-1]                 --> PublishMoveGoal [-]
[taskset-1]                 --> GoToObject [-]
[taskset-1]                 --> CheckStopCondition [-]
[taskset-1]                 --> AdvanceMove [-]
[taskset-1]     [-] navigation [x]
[taskset-1]         --> HasMpcGoal [x]
[taskset-1] 
[taskset-1] [INFO] [1791036977.229891814] [behavior_executor_node]: [IsProximityTooClose] DIAG scan: total=1081 in_window=721 excluded_by_filter=0 min_in_window=0.823 front_min=1.125
[taskset-1] [INFO] [1791036977.406585970] [behavior_executor_node]: BT snapshot -- root=FAILURE, lanes: emergency=FAILURE | mission=FAILURE | navigation=FAILURE
[taskset-1] [o] root [x]
[taskset-1]     [-] emergency [x]
[taskset-1]         [o] emergency_condition [x]
[taskset-1]             --> IsBatteryLow [x]
[taskset-1]             --> IsEmergencyStopTriggered [x]
[taskset-1]             --> IsProximityTooClose [x]
[taskset-1]             --> IsSystemOverheated [x]
[taskset-1]         --> Stop [-]
[taskset-1]     [-] mission [x]
[taskset-1]         --> MissionActive [x]
[taskset-1]         [o] mission_selector [-]
[taskset-1]             [-] mission_object_response [-]
[taskset-1]                 --> ObjectSeen [-]
[taskset-1]                 --> HandleObjectAction [-]
[taskset-1]             [-] mission_progress [-]
[taskset-1]                 --> PublishMoveGoal [-]
[taskset-1]                 --> GoToObject [-]
[taskset-1]                 --> CheckStopCondition [-]
[taskset-1]                 --> AdvanceMove [-]
[taskset-1]     [-] navigation [x]
[taskset-1]         --> HasMpcGoal [x]
[taskset-1] 
[taskset-1] [INFO] [1791036978.406574469] [behavior_executor_node]: BT snapshot -- root=FAILURE, lanes: emergency=FAILURE | mission=FAILURE | navigation=FAILURE
[taskset-1] [o] root [x]
[taskset-1]     [-] emergency [x]
[taskset-1]         [o] emergency_condition [x]
[taskset-1]             --> IsBatteryLow [x]
[taskset-1]             --> IsEmergencyStopTriggered [x]
[taskset-1]             --> IsProximityTooClose [x]
[taskset-1]             --> IsSystemOverheated [x]
[taskset-1]         --> Stop [-]
[taskset-1]     [-] mission [x]
[taskset-1]         --> MissionActive [x]
[taskset-1]         [o] mission_selector [-]
[taskset-1]             [-] mission_object_response [-]
[taskset-1]                 --> ObjectSeen [-]
[taskset-1]                 --> HandleObjectAction [-]
[taskset-1]             [-] mission_progress [-]
[taskset-1]                 --> PublishMoveGoal [-]
[taskset-1]                 --> GoToObject [-]
[taskset-1]                 --> CheckStopCondition [-]
[taskset-1]                 --> AdvanceMove [-]
[taskset-1]     [-] navigation [x]
[taskset-1]         --> HasMpcGoal [x]
[taskset-1] 
[taskset-1] [INFO] [1791036979.269418960] [behavior_executor_node]: [IsProximityTooClose] DIAG scan: total=1081 in_window=721 excluded_by_filter=0 min_in_window=0.713 front_min=1.685
[taskset-1] [INFO] [1791036979.521719159] [behavior_executor_node]: BT snapshot -- root=FAILURE, lanes: emergency=FAILURE | mission=FAILURE | navigation=FAILURE
[taskset-1] [o] root [x]
[taskset-1]     [-] emergency [x]
[taskset-1]         [o] emergency_condition [x]
[taskset-1]             --> IsBatteryLow [x]
[taskset-1]             --> IsEmergencyStopTriggered [x]
[taskset-1]             --> IsProximityTooClose [x]
[taskset-1]             --> IsSystemOverheated [x]
[taskset-1]         --> Stop [-]
[taskset-1]     [-] mission [x]
[taskset-1]         --> MissionActive [x]
[taskset-1]         [o] mission_selector [-]
[taskset-1]             [-] mission_object_response [-]
[taskset-1]                 --> ObjectSeen [-]
[taskset-1]                 --> HandleObjectAction [-]
[taskset-1]             [-] mission_progress [-]
[taskset-1]                 --> PublishMoveGoal [-]
[taskset-1]                 --> GoToObject [-]
[taskset-1]                 --> CheckStopCondition [-]
[taskset-1]                 --> AdvanceMove [-]
[taskset-1]     [-] navigation [x]
[taskset-1]         --> HasMpcGoal [x]
[taskset-1] 
[taskset-1] [INFO] [1791036980.667187469] [behavior_executor_node]: BT snapshot -- root=FAILURE, lanes: emergency=FAILURE | mission=FAILURE | navigation=FAILURE
[taskset-1] [o] root [x]
[taskset-1]     [-] emergency [x]
[taskset-1]         [o] emergency_condition [x]
[taskset-1]             --> IsBatteryLow [x]
[taskset-1]             --> IsEmergencyStopTriggered [x]
[taskset-1]             --> IsProximityTooClose [x]
[taskset-1]             --> IsSystemOverheated [x]
[taskset-1]         --> Stop [-]
[taskset-1]     [-] mission [x]
[taskset-1]         --> MissionActive [x]
[taskset-1]         [o] mission_selector [-]
[taskset-1]             [-] mission_object_response [-]
[taskset-1]                 --> ObjectSeen [-]
[taskset-1]                 --> HandleObjectAction [-]
[taskset-1]             [-] mission_progress [-]
[taskset-1]                 --> PublishMoveGoal [-]
[taskset-1]                 --> GoToObject [-]
[taskset-1]                 --> CheckStopCondition [-]
[taskset-1]                 --> AdvanceMove [-]
[taskset-1]     [-] navigation [x]
[taskset-1]         --> HasMpcGoal [x]
[taskset-1] 
[taskset-1] [INFO] [1791036981.312715827] [behavior_executor_node]: [IsProximityTooClose] DIAG scan: total=1081 in_window=721 excluded_by_filter=0 min_in_window=0.978 front_min=1.275
[taskset-1] [INFO] [1791036981.706476561] [behavior_executor_node]: BT snapshot -- root=FAILURE, lanes: emergency=FAILURE | mission=FAILURE | navigation=FAILURE
[taskset-1] [o] root [x]
[taskset-1]     [-] emergency [x]
[taskset-1]         [o] emergency_condition [x]
[taskset-1]             --> IsBatteryLow [x]
[taskset-1]             --> IsEmergencyStopTriggered [x]
[taskset-1]             --> IsProximityTooClose [x]
[taskset-1]             --> IsSystemOverheated [x]
[taskset-1]         --> Stop [-]
[taskset-1]     [-] mission [x]
[taskset-1]         --> MissionActive [x]
[taskset-1]         [o] mission_selector [-]
[taskset-1]             [-] mission_object_response [-]
[taskset-1]                 --> ObjectSeen [-]
[taskset-1]                 --> HandleObjectAction [-]
[taskset-1]             [-] mission_progress [-]
[taskset-1]                 --> PublishMoveGoal [-]
[taskset-1]                 --> GoToObject [-]
[taskset-1]                 --> CheckStopCondition [-]
[taskset-1]                 --> AdvanceMove [-]
[taskset-1]     [-] navigation [x]
[taskset-1]         --> HasMpcGoal [x]
[taskset-1] 
[taskset-1] [INFO] [1791036982.706530166] [behavior_executor_node]: BT snapshot -- root=FAILURE, lanes: emergency=FAILURE | mission=FAILURE | navigation=FAILURE
[taskset-1] [o] root [x]
[taskset-1]     [-] emergency [x]
[taskset-1]         [o] emergency_condition [x]
[taskset-1]             --> IsBatteryLow [x]
[taskset-1]             --> IsEmergencyStopTriggered [x]
[taskset-1]             --> IsProximityTooClose [x]
[taskset-1]             --> IsSystemOverheated [x]
[taskset-1]         --> Stop [-]
[taskset-1]     [-] mission [x]
[taskset-1]         --> MissionActive [x]
[taskset-1]         [o] mission_selector [-]
[taskset-1]             [-] mission_object_response [-]
[taskset-1]                 --> ObjectSeen [-]
[taskset-1]                 --> HandleObjectAction [-]
[taskset-1]             [-] mission_progress [-]
[taskset-1]                 --> PublishMoveGoal [-]
[taskset-1]                 --> GoToObject [-]
[taskset-1]                 --> CheckStopCondition [-]
[taskset-1]                 --> AdvanceMove [-]
[taskset-1]     [-] navigation [x]
[taskset-1]         --> HasMpcGoal [x]
[taskset-1] 
[taskset-1] [INFO] [1791036983.424669959] [behavior_executor_node]: [IsProximityTooClose] DIAG scan: total=1081 in_window=721 excluded_by_filter=0 min_in_window=0.855 front_min=1.292
[taskset-1] [INFO] [1791036983.717635063] [behavior_executor_node]: BT snapshot -- root=FAILURE, lanes: emergency=FAILURE | mission=FAILURE | navigation=FAILURE
[taskset-1] [o] root [x]
[taskset-1]     [-] emergency [x]
[taskset-1]         [o] emergency_condition [x]
[taskset-1]             --> IsBatteryLow [x]
[taskset-1]             --> IsEmergencyStopTriggered [x]
[taskset-1]             --> IsProximityTooClose [x]
[taskset-1]             --> IsSystemOverheated [x]
[taskset-1]         --> Stop [-]
[taskset-1]     [-] mission [x]
[taskset-1]         --> MissionActive [x]
[taskset-1]         [o] mission_selector [-]
[taskset-1]             [-] mission_object_response [-]
[taskset-1]                 --> ObjectSeen [-]
[taskset-1]                 --> HandleObjectAction [-]
[taskset-1]             [-] mission_progress [-]
[taskset-1]                 --> PublishMoveGoal [-]
[taskset-1]                 --> GoToObject [-]
[taskset-1]                 --> CheckStopCondition [-]
[taskset-1]                 --> AdvanceMove [-]
[taskset-1]     [-] navigation [x]
[taskset-1]         --> HasMpcGoal [x]
[taskset-1] 
[taskset-1] [INFO] [1791036984.806428256] [behavior_executor_node]: BT snapshot -- root=FAILURE, lanes: emergency=FAILURE | mission=FAILURE | navigation=FAILURE
[taskset-1] [o] root [x]
[taskset-1]     [-] emergency [x]
[taskset-1]         [o] emergency_condition [x]
[taskset-1]             --> IsBatteryLow [x]
[taskset-1]             --> IsEmergencyStopTriggered [x]
[taskset-1]             --> IsProximityTooClose [x]
[taskset-1]             --> IsSystemOverheated [x]
[taskset-1]         --> Stop [-]
[taskset-1]     [-] mission [x]
[taskset-1]         --> MissionActive [x]
[taskset-1]         [o] mission_selector [-]
[taskset-1]             [-] mission_object_response [-]
[taskset-1]                 --> ObjectSeen [-]
[taskset-1]                 --> HandleObjectAction [-]
[taskset-1]             [-] mission_progress [-]
[taskset-1]                 --> PublishMoveGoal [-]
[taskset-1]                 --> GoToObject [-]
[taskset-1]                 --> CheckStopCondition [-]
[taskset-1]                 --> AdvanceMove [-]
[taskset-1]     [-] navigation [x]
[taskset-1]         --> HasMpcGoal [x]
[taskset-1] 
[taskset-1] [INFO] [1791036985.436283360] [behavior_executor_node]: [IsProximityTooClose] DIAG scan: total=1081 in_window=721 excluded_by_filter=0 min_in_window=0.887 front_min=1.835
[taskset-1] [INFO] [1791036985.806409204] [behavior_executor_node]: BT snapshot -- root=FAILURE, lanes: emergency=FAILURE | mission=FAILURE | navigation=FAILURE
[taskset-1] [o] root [x]
[taskset-1]     [-] emergency [x]
[taskset-1]         [o] emergency_condition [x]
[taskset-1]             --> IsBatteryLow [x]
[taskset-1]             --> IsEmergencyStopTriggered [x]
[taskset-1]             --> IsProximityTooClose [x]
[taskset-1]             --> IsSystemOverheated [x]
[taskset-1]         --> Stop [-]
[taskset-1]     [-] mission [x]
[taskset-1]         --> MissionActive [x]
[taskset-1]         [o] mission_selector [-]
[taskset-1]             [-] mission_object_response [-]
[taskset-1]                 --> ObjectSeen [-]
[taskset-1]                 --> HandleObjectAction [-]
[taskset-1]             [-] mission_progress [-]
[taskset-1]                 --> PublishMoveGoal [-]
[taskset-1]                 --> GoToObject [-]
[taskset-1]                 --> CheckStopCondition [-]
[taskset-1]                 --> AdvanceMove [-]
[taskset-1]     [-] navigation [x]
[taskset-1]         --> HasMpcGoal [x]
[taskset-1] 
[taskset-1] [INFO] [1791036986.806393499] [behavior_executor_node]: BT snapshot -- root=FAILURE, lanes: emergency=FAILURE | mission=FAILURE | navigation=FAILURE
[taskset-1] [o] root [x]
[taskset-1]     [-] emergency [x]
[taskset-1]         [o] emergency_condition [x]
[taskset-1]             --> IsBatteryLow [x]
[taskset-1]             --> IsEmergencyStopTriggered [x]
[taskset-1]             --> IsProximityTooClose [x]
[taskset-1]             --> IsSystemOverheated [x]
[taskset-1]         --> Stop [-]
[taskset-1]     [-] mission [x]
[taskset-1]         --> MissionActive [x]
[taskset-1]         [o] mission_selector [-]
[taskset-1]             [-] mission_object_response [-]
[taskset-1]                 --> ObjectSeen [-]
[taskset-1]                 --> HandleObjectAction [-]
[taskset-1]             [-] mission_progress [-]
[taskset-1]                 --> PublishMoveGoal [-]
[taskset-1]                 --> GoToObject [-]
[taskset-1]                 --> CheckStopCondition [-]
[taskset-1]                 --> AdvanceMove [-]
[taskset-1]     [-] navigation [x]
[taskset-1]         --> HasMpcGoal [x]
[taskset-1] 
[taskset-1] [INFO] [1791036987.457656462] [behavior_executor_node]: [IsProximityTooClose] DIAG scan: total=1081 in_window=721 excluded_by_filter=0 min_in_window=0.915 front_min=2.130
[taskset-1] [INFO] [1791036987.806424991] [behavior_executor_node]: BT snapshot -- root=FAILURE, lanes: emergency=FAILURE | mission=FAILURE | navigation=FAILURE
[taskset-1] [o] root [x]
[taskset-1]     [-] emergency [x]
[taskset-1]         [o] emergency_condition [x]
[taskset-1]             --> IsBatteryLow [x]
[taskset-1]             --> IsEmergencyStopTriggered [x]
[taskset-1]             --> IsProximityTooClose [x]
[taskset-1]             --> IsSystemOverheated [x]
[taskset-1]         --> Stop [-]
[taskset-1]     [-] mission [x]
[taskset-1]         --> MissionActive [x]
[taskset-1]         [o] mission_selector [-]
[taskset-1]             [-] mission_object_response [-]
[taskset-1]                 --> ObjectSeen [-]
[taskset-1]                 --> HandleObjectAction [-]
[taskset-1]             [-] mission_progress [-]
[taskset-1]                 --> PublishMoveGoal [-]
[taskset-1]                 --> GoToObject [-]
[taskset-1]                 --> CheckStopCondition [-]
[taskset-1]                 --> AdvanceMove [-]
[taskset-1]     [-] navigation [x]
[taskset-1]         --> HasMpcGoal [x]
[taskset-1] 
[taskset-1] [INFO] [1791036988.906376615] [behavior_executor_node]: BT snapshot -- root=FAILURE, lanes: emergency=FAILURE | mission=FAILURE | navigation=FAILURE
[taskset-1] [o] root [x]
[taskset-1]     [-] emergency [x]
[taskset-1]         [o] emergency_condition [x]
[taskset-1]             --> IsBatteryLow [x]
[taskset-1]             --> IsEmergencyStopTriggered [x]
[taskset-1]             --> IsProximityTooClose [x]
[taskset-1]             --> IsSystemOverheated [x]
[taskset-1]         --> Stop [-]
[taskset-1]     [-] mission [x]
[taskset-1]         --> MissionActive [x]
[taskset-1]         [o] mission_selector [-]
[taskset-1]             [-] mission_object_response [-]
[taskset-1]                 --> ObjectSeen [-]
[taskset-1]                 --> HandleObjectAction [-]
[taskset-1]             [-] mission_progress [-]
[taskset-1]                 --> PublishMoveGoal [-]
[taskset-1]                 --> GoToObject [-]
[taskset-1]                 --> CheckStopCondition [-]
[taskset-1]                 --> AdvanceMove [-]
[taskset-1]     [-] navigation [x]
[taskset-1]         --> HasMpcGoal [x]
[taskset-1] 
[taskset-1] [INFO] [1791036989.513027632] [behavior_executor_node]: [IsProximityTooClose] DIAG scan: total=1081 in_window=721 excluded_by_filter=0 min_in_window=0.891 front_min=1.466
[taskset-1] [INFO] [1791036989.909525270] [behavior_executor_node]: BT snapshot -- root=FAILURE, lanes: emergency=FAILURE | mission=FAILURE | navigation=FAILURE
[taskset-1] [o] root [x]
[taskset-1]     [-] emergency [x]
[taskset-1]         [o] emergency_condition [x]
[taskset-1]             --> IsBatteryLow [x]
[taskset-1]             --> IsEmergencyStopTriggered [x]
[taskset-1]             --> IsProximityTooClose [x]
[taskset-1]             --> IsSystemOverheated [x]
[taskset-1]         --> Stop [-]
[taskset-1]     [-] mission [x]
[taskset-1]         --> MissionActive [x]
[taskset-1]         [o] mission_selector [-]
[taskset-1]             [-] mission_object_response [-]
[taskset-1]                 --> ObjectSeen [-]
[taskset-1]                 --> HandleObjectAction [-]
[taskset-1]             [-] mission_progress [-]
[taskset-1]                 --> PublishMoveGoal [-]
[taskset-1]                 --> GoToObject [-]
[taskset-1]                 --> CheckStopCondition [-]
[taskset-1]                 --> AdvanceMove [-]
[taskset-1]     [-] navigation [x]
[taskset-1]         --> HasMpcGoal [x]
[taskset-1] 
[taskset-1] [INFO] [1791036991.006906821] [behavior_executor_node]: BT snapshot -- root=FAILURE, lanes: emergency=FAILURE | mission=FAILURE | navigation=FAILURE
[taskset-1] [o] root [x]
[taskset-1]     [-] emergency [x]
[taskset-1]         [o] emergency_condition [x]
[taskset-1]             --> IsBatteryLow [x]
[taskset-1]             --> IsEmergencyStopTriggered [x]
[taskset-1]             --> IsProximityTooClose [x]
[taskset-1]             --> IsSystemOverheated [x]
[taskset-1]         --> Stop [-]
[taskset-1]     [-] mission [x]
[taskset-1]         --> MissionActive [x]
[taskset-1]         [o] mission_selector [-]
[taskset-1]             [-] mission_object_response [-]
[taskset-1]                 --> ObjectSeen [-]
[taskset-1]                 --> HandleObjectAction [-]
[taskset-1]             [-] mission_progress [-]
[taskset-1]                 --> PublishMoveGoal [-]
[taskset-1]                 --> GoToObject [-]
[taskset-1]                 --> CheckStopCondition [-]
[taskset-1]                 --> AdvanceMove [-]
[taskset-1]     [-] navigation [x]
[taskset-1]         --> HasMpcGoal [x]
[taskset-1] 
[taskset-1] [INFO] [1791036991.751655966] [behavior_executor_node]: [IsProximityTooClose] DIAG scan: total=1081 in_window=721 excluded_by_filter=0 min_in_window=0.964 front_min=1.655
[taskset-1] [INFO] [1791036992.122797346] [behavior_executor_node]: BT snapshot -- root=FAILURE, lanes: emergency=FAILURE | mission=FAILURE | navigation=FAILURE
[taskset-1] [o] root [x]
[taskset-1]     [-] emergency [x]
[taskset-1]         [o] emergency_condition [x]
[taskset-1]             --> IsBatteryLow [x]
[taskset-1]             --> IsEmergencyStopTriggered [x]
[taskset-1]             --> IsProximityTooClose [x]
[taskset-1]             --> IsSystemOverheated [x]
[taskset-1]         --> Stop [-]
[taskset-1]     [-] mission [x]
[taskset-1]         --> MissionActive [x]
[taskset-1]         [o] mission_selector [-]
[taskset-1]             [-] mission_object_response [-]
[taskset-1]                 --> ObjectSeen [-]
[taskset-1]                 --> HandleObjectAction [-]
[taskset-1]             [-] mission_progress [-]
[taskset-1]                 --> PublishMoveGoal [-]
[taskset-1]                 --> GoToObject [-]
[taskset-1]                 --> CheckStopCondition [-]
[taskset-1]                 --> AdvanceMove [-]
[taskset-1]     [-] navigation [x]
[taskset-1]         --> HasMpcGoal [x]
[taskset-1] 
[taskset-1] [INFO] [1791036993.123719660] [behavior_executor_node]: BT snapshot -- root=FAILURE, lanes: emergency=FAILURE | mission=FAILURE | navigation=FAILURE
[taskset-1] [o] root [x]
[taskset-1]     [-] emergency [x]
[taskset-1]         [o] emergency_condition [x]
[taskset-1]             --> IsBatteryLow [x]
[taskset-1]             --> IsEmergencyStopTriggered [x]
[taskset-1]             --> IsProximityTooClose [x]
[taskset-1]             --> IsSystemOverheated [x]
[taskset-1]         --> Stop [-]
[taskset-1]     [-] mission [x]
[taskset-1]         --> MissionActive [x]
[taskset-1]         [o] mission_selector [-]
[taskset-1]             [-] mission_object_response [-]
[taskset-1]                 --> ObjectSeen [-]
[taskset-1]                 --> HandleObjectAction [-]
[taskset-1]             [-] mission_progress [-]
[taskset-1]                 --> PublishMoveGoal [-]
[taskset-1]                 --> GoToObject [-]
[taskset-1]                 --> CheckStopCondition [-]
[taskset-1]                 --> AdvanceMove [-]
[taskset-1]     [-] navigation [x]
[taskset-1]         --> HasMpcGoal [x]
[taskset-1] 
[taskset-1] [INFO] [1791036993.777617921] [behavior_executor_node]: [IsProximityTooClose] DIAG scan: total=1081 in_window=721 excluded_by_filter=0 min_in_window=1.074 front_min=2.125
[taskset-1] [INFO] [1791036994.206645827] [behavior_executor_node]: BT snapshot -- root=FAILURE, lanes: emergency=FAILURE | mission=FAILURE | navigation=FAILURE
[taskset-1] [o] root [x]
[taskset-1]     [-] emergency [x]
[taskset-1]         [o] emergency_condition [x]
[taskset-1]             --> IsBatteryLow [x]
[taskset-1]             --> IsEmergencyStopTriggered [x]
[taskset-1]             --> IsProximityTooClose [x]
[taskset-1]             --> IsSystemOverheated [x]
[taskset-1]         --> Stop [-]
[taskset-1]     [-] mission [x]
[taskset-1]         --> MissionActive [x]
[taskset-1]         [o] mission_selector [-]
[taskset-1]             [-] mission_object_response [-]
[taskset-1]                 --> ObjectSeen [-]
[taskset-1]                 --> HandleObjectAction [-]
[taskset-1]             [-] mission_progress [-]
[taskset-1]                 --> PublishMoveGoal [-]
[taskset-1]                 --> GoToObject [-]
[taskset-1]                 --> CheckStopCondition [-]
[taskset-1]                 --> AdvanceMove [-]
[taskset-1]     [-] navigation [x]
[taskset-1]         --> HasMpcGoal [x]
[taskset-1] 
[taskset-1] [INFO] [1791036995.206784511] [behavior_executor_node]: BT snapshot -- root=FAILURE, lanes: emergency=FAILURE | mission=FAILURE | navigation=FAILURE
[taskset-1] [o] root [x]
[taskset-1]     [-] emergency [x]
[taskset-1]         [o] emergency_condition [x]
[taskset-1]             --> IsBatteryLow [x]
[taskset-1]             --> IsEmergencyStopTriggered [x]
[taskset-1]             --> IsProximityTooClose [x]
[taskset-1]             --> IsSystemOverheated [x]
[taskset-1]         --> Stop [-]
[taskset-1]     [-] mission [x]
[taskset-1]         --> MissionActive [x]
[taskset-1]         [o] mission_selector [-]
[taskset-1]             [-] mission_object_response [-]
[taskset-1]                 --> ObjectSeen [-]
[taskset-1]                 --> HandleObjectAction [-]
[taskset-1]             [-] mission_progress [-]
[taskset-1]                 --> PublishMoveGoal [-]
[taskset-1]                 --> GoToObject [-]
[taskset-1]                 --> CheckStopCondition [-]
[taskset-1]                 --> AdvanceMove [-]
[taskset-1]     [-] navigation [x]
[taskset-1]         --> HasMpcGoal [x]
[taskset-1] 
[taskset-1] [INFO] [1791036995.796360075] [behavior_executor_node]: [IsProximityTooClose] DIAG scan: total=1081 in_window=721 excluded_by_filter=0 min_in_window=1.103 front_min=2.493
[taskset-1] [INFO] [1791036996.306462812] [behavior_executor_node]: BT snapshot -- root=FAILURE, lanes: emergency=FAILURE | mission=FAILURE | navigation=FAILURE
[taskset-1] [o] root [x]
[taskset-1]     [-] emergency [x]
[taskset-1]         [o] emergency_condition [x]
[taskset-1]             --> IsBatteryLow [x]
[taskset-1]             --> IsEmergencyStopTriggered [x]
[taskset-1]             --> IsProximityTooClose [x]
[taskset-1]             --> IsSystemOverheated [x]
[taskset-1]         --> Stop [-]
[taskset-1]     [-] mission [x]
[taskset-1]         --> MissionActive [x]
[taskset-1]         [o] mission_selector [-]
[taskset-1]             [-] mission_object_response [-]
[taskset-1]                 --> ObjectSeen [-]
[taskset-1]                 --> HandleObjectAction [-]
[taskset-1]             [-] mission_progress [-]
[taskset-1]                 --> PublishMoveGoal [-]
[taskset-1]                 --> GoToObject [-]
[taskset-1]                 --> CheckStopCondition [-]
[taskset-1]                 --> AdvanceMove [-]
[taskset-1]     [-] navigation [x]
[taskset-1]         --> HasMpcGoal [x]
[taskset-1] 
[taskset-1] [INFO] [1791036997.407665248] [behavior_executor_node]: BT snapshot -- root=FAILURE, lanes: emergency=FAILURE | mission=FAILURE | navigation=FAILURE
[taskset-1] [o] root [x]
[taskset-1]     [-] emergency [x]
[taskset-1]         [o] emergency_condition [x]
[taskset-1]             --> IsBatteryLow [x]
[taskset-1]             --> IsEmergencyStopTriggered [x]
[taskset-1]             --> IsProximityTooClose [x]
[taskset-1]             --> IsSystemOverheated [x]
[taskset-1]         --> Stop [-]
[taskset-1]     [-] mission [x]
[taskset-1]         --> MissionActive [x]
[taskset-1]         [o] mission_selector [-]
[taskset-1]             [-] mission_object_response [-]
[taskset-1]                 --> ObjectSeen [-]
[taskset-1]                 --> HandleObjectAction [-]
[taskset-1]             [-] mission_progress [-]
[taskset-1]                 --> PublishMoveGoal [-]
[taskset-1]                 --> GoToObject [-]
[taskset-1]                 --> CheckStopCondition [-]
[taskset-1]                 --> AdvanceMove [-]
[taskset-1]     [-] navigation [x]
[taskset-1]         --> HasMpcGoal [x]
[taskset-1] 
[taskset-1] [INFO] [1791036997.806921255] [behavior_executor_node]: [IsProximityTooClose] DIAG scan: total=1081 in_window=721 excluded_by_filter=0 min_in_window=1.496 front_min=1.769
[taskset-1] [INFO] [1791036998.407641007] [behavior_executor_node]: BT snapshot -- root=FAILURE, lanes: emergency=FAILURE | mission=FAILURE | navigation=FAILURE
[taskset-1] [o] root [x]
[taskset-1]     [-] emergency [x]
[taskset-1]         [o] emergency_condition [x]
[taskset-1]             --> IsBatteryLow [x]
[taskset-1]             --> IsEmergencyStopTriggered [x]
[taskset-1]             --> IsProximityTooClose [x]
[taskset-1]             --> IsSystemOverheated [x]
[taskset-1]         --> Stop [-]
[taskset-1]     [-] mission [x]
[taskset-1]         --> MissionActive [x]
[taskset-1]         [o] mission_selector [-]
[taskset-1]             [-] mission_object_response [-]
[taskset-1]                 --> ObjectSeen [-]
[taskset-1]                 --> HandleObjectAction [-]
[taskset-1]             [-] mission_progress [-]
[taskset-1]                 --> PublishMoveGoal [-]
[taskset-1]                 --> GoToObject [-]
[taskset-1]                 --> CheckStopCondition [-]
[taskset-1]                 --> AdvanceMove [-]
[taskset-1]     [-] navigation [x]
[taskset-1]         --> HasMpcGoal [x]
[taskset-1] 
[taskset-1] [INFO] [1791036999.413672346] [behavior_executor_node]: BT snapshot -- root=FAILURE, lanes: emergency=FAILURE | mission=FAILURE | navigation=FAILURE
[taskset-1] [o] root [x]
[taskset-1]     [-] emergency [x]
[taskset-1]         [o] emergency_condition [x]
[taskset-1]             --> IsBatteryLow [x]
[taskset-1]             --> IsEmergencyStopTriggered [x]
[taskset-1]             --> IsProximityTooClose [x]
[taskset-1]             --> IsSystemOverheated [x]
[taskset-1]         --> Stop [-]
[taskset-1]     [-] mission [x]
[taskset-1]         --> MissionActive [x]
[taskset-1]         [o] mission_selector [-]
[taskset-1]             [-] mission_object_response [-]
[taskset-1]                 --> ObjectSeen [-]
[taskset-1]                 --> HandleObjectAction [-]
[taskset-1]             [-] mission_progress [-]
[taskset-1]                 --> PublishMoveGoal [-]
[taskset-1]                 --> GoToObject [-]
[taskset-1]                 --> CheckStopCondition [-]
[taskset-1]                 --> AdvanceMove [-]
[taskset-1]     [-] navigation [x]
[taskset-1]         --> HasMpcGoal [x]
[taskset-1] 
[taskset-1] [INFO] [1791036999.822333888] [behavior_executor_node]: [IsProximityTooClose] DIAG scan: total=1081 in_window=721 excluded_by_filter=0 min_in_window=1.186 front_min=1.978
[taskset-1] [INFO] [1791037000.438333366] [behavior_executor_node]: BT snapshot -- root=FAILURE, lanes: emergency=FAILURE | mission=FAILURE | navigation=FAILURE
[taskset-1] [o] root [x]
[taskset-1]     [-] emergency [x]
[taskset-1]         [o] emergency_condition [x]
[taskset-1]             --> IsBatteryLow [x]
[taskset-1]             --> IsEmergencyStopTriggered [x]
[taskset-1]             --> IsProximityTooClose [x]
[taskset-1]             --> IsSystemOverheated [x]
[taskset-1]         --> Stop [-]
[taskset-1]     [-] mission [x]
[taskset-1]         --> MissionActive [x]
[taskset-1]         [o] mission_selector [-]
[taskset-1]             [-] mission_object_response [-]
[taskset-1]                 --> ObjectSeen [-]
[taskset-1]                 --> HandleObjectAction [-]
[taskset-1]             [-] mission_progress [-]
[taskset-1]                 --> PublishMoveGoal [-]
[taskset-1]                 --> GoToObject [-]
[taskset-1]                 --> CheckStopCondition [-]
[taskset-1]                 --> AdvanceMove [-]
[taskset-1]     [-] navigation [x]
[taskset-1]         --> HasMpcGoal [x]
[taskset-1] 
[taskset-1] [INFO] [1791037001.507573852] [behavior_executor_node]: BT snapshot -- root=FAILURE, lanes: emergency=FAILURE | mission=FAILURE | navigation=FAILURE
[taskset-1] [o] root [x]
[taskset-1]     [-] emergency [x]
[taskset-1]         [o] emergency_condition [x]
[taskset-1]             --> IsBatteryLow [x]
[taskset-1]             --> IsEmergencyStopTriggered [x]
[taskset-1]             --> IsProximityTooClose [x]
[taskset-1]             --> IsSystemOverheated [x]
[taskset-1]         --> Stop [-]
[taskset-1]     [-] mission [x]
[taskset-1]         --> MissionActive [x]
[taskset-1]         [o] mission_selector [-]
[taskset-1]             [-] mission_object_response [-]
[taskset-1]                 --> ObjectSeen [-]
[taskset-1]                 --> HandleObjectAction [-]
[taskset-1]             [-] mission_progress [-]
[taskset-1]                 --> PublishMoveGoal [-]
[taskset-1]                 --> GoToObject [-]
[taskset-1]                 --> CheckStopCondition [-]
[taskset-1]                 --> AdvanceMove [-]
[taskset-1]     [-] navigation [x]
[taskset-1]         --> HasMpcGoal [x]
[taskset-1] 
[WARNING] [launch]: user interrupted with ctrl-c (SIGINT)
[INFO] [twist_to_ackermann_node-2]: sending signal 'SIGINT' to process[twist_to_ackermann_node-2]
[INFO] [taskset-1]: sending signal 'SIGINT' to process[taskset-1]
[twist_to_ackermann_node-2] Traceback (most recent call last):
[twist_to_ackermann_node-2]   File "/home/andre/dev_ws/f1tenth_more/install/f1tenth_behavior/lib/f1tenth_behavior/twist_to_ackermann_node", line 33, in <module>
[twist_to_ackermann_node-2]     sys.exit(load_entry_point('f1tenth-behavior', 'console_scripts', 'twist_to_ackermann_node')())
[twist_to_ackermann_node-2]              ^^^^^^^^^^^^^^^^^^^^^^^^^^^^^^^^^^^^^^^^^^^^^^^^^^^^^^^^^^^^^^^^^^^^^^^^^^^^^^^^^^^^
[twist_to_ackermann_node-2]   File "/home/andre/dev_ws/f1tenth_more/build/f1tenth_behavior/f1tenth_behavior/twist_to_ackermann_node.py", line 62, in main
[twist_to_ackermann_node-2]     node.destroy_node()
[twist_to_ackermann_node-2]   File "/opt/ros/jazzy/lib/python3.12/site-packages/rclpy/node.py", line 1962, in destroy_node
[twist_to_ackermann_node-2]     self.destroy_service(self._services[0])
[twist_to_ackermann_node-2]   File "/opt/ros/jazzy/lib/python3.12/site-packages/rclpy/node.py", line 1886, in destroy_service
[twist_to_ackermann_node-2]     service.destroy()
[twist_to_ackermann_node-2]   File "/opt/ros/jazzy/lib/python3.12/site-packages/rclpy/service.py", line 123, in destroy
[twist_to_ackermann_node-2]     self.__service.destroy_when_not_in_use()
[twist_to_ackermann_node-2] KeyboardInterrupt
[taskset-1] Traceback (most recent call last):
[taskset-1]   File "/home/andre/dev_ws/f1tenth_more/install/f1tenth_behavior/lib/f1tenth_behavior/behavior_executor_node", line 33, in <module>
[taskset-1]     sys.exit(load_entry_point('f1tenth-behavior', 'console_scripts', 'behavior_executor_node')())
[taskset-1]              ^^^^^^^^^^^^^^^^^^^^^^^^^^^^^^^^^^^^^^^^^^^^^^^^^^^^^^^^^^^^^^^^^^^^^^^^^^^^^^^^^^^
[taskset-1]   File "/home/andre/dev_ws/f1tenth_more/build/f1tenth_behavior/f1tenth_behavior/behavior_executor_node.py", line 765, in main
[taskset-1]     tree.shutdown()
[taskset-1]   File "/opt/ros/jazzy/lib/python3.12/site-packages/py_trees_ros/trees.py", line 596, in shutdown
[taskset-1]     self.node.destroy_node()
[taskset-1]   File "/opt/ros/jazzy/lib/python3.12/site-packages/rclpy/node.py", line 1956, in destroy_node
[taskset-1]     self.destroy_publisher(self._publishers[0])
[taskset-1]   File "/opt/ros/jazzy/lib/python3.12/site-packages/rclpy/node.py", line 1836, in destroy_publisher
[taskset-1]     publisher.destroy()
[taskset-1]   File "/opt/ros/jazzy/lib/python3.12/site-packages/rclpy/publisher.py", line 105, in destroy
[taskset-1]     self.__publisher.destroy_when_not_in_use()
[taskset-1] KeyboardInterrupt
[ERROR] [twist_to_ackermann_node-2]: process has died [pid 445451, exit code -2, cmd '/home/andre/dev_ws/f1tenth_more/install/f1tenth_behavior/lib/f1tenth_behavior/twist_to_ackermann_node --ros-args -r __node:=twist_to_ackermann_node --params-file /home/andre/dev_ws/f1tenth_more/install/f1tenth_behavior/share/f1tenth_behavior/config/twist_to_ackermann.yaml'].
[ERROR] [taskset-1]: process has died [pid 445450, exit code -2, cmd 'taskset -c 4 /home/andre/dev_ws/f1tenth_more/install/f1tenth_behavior/lib/f1tenth_behavior/behavior_executor_node --ros-args -r __node:=behavior_executor_node --params-file /tmp/launch_params_vsw8h0bz'].
