[INFO] [launch]: All log files can be found below /home/andre/dev_ws/f1tenth_more/output/fix_batch_4/estop_hold/ros_log/2026-10-03-16-09-18-447982-thor-442907
[INFO] [launch]: Default logging verbosity is set to INFO
[INFO] [taskset-1]: process started with pid [443046]
[taskset-1] [INFO] [1791036562.415313160] [wall_distance_node]: wall_distance_node up: scan /scan, odom /odometry/filtered, phase from /mpc/wall_track (3 silent ticks -> exit) -> /perception/d_wall at 10.0 Hz. d_ref=0.60 m, k=0.333 rad/m (convergence 3.0 m), |dpsi|<=0.200 rad. coast caps 0.50 m / 0.35 rad. PHASE=UNKNOWN until /mpc/wall_track speaks.
[taskset-1] [INFO] [1791036562.481523101] [wall_distance_node]: DWALL | phase=UNKNOWN track=0 valid=False d_wall=+nan heading_rel=+nan rms=nan n=0 age=nan prov=NONE coast=0.00m/0.00rad dpsi=+0.0000
[taskset-1] [INFO] [1791036563.483382410] [wall_distance_node]: DWALL | phase=UNKNOWN track=0 valid=False d_wall=+nan heading_rel=+nan rms=nan n=0 age=nan prov=NONE coast=0.00m/0.00rad dpsi=+0.0000
[taskset-1] [INFO] [1791036564.581668936] [wall_distance_node]: DWALL | phase=UNKNOWN track=0 valid=False d_wall=+nan heading_rel=+nan rms=nan n=0 age=nan prov=NONE coast=0.00m/0.00rad dpsi=+0.0000
[taskset-1] [INFO] [1791036565.582921911] [wall_distance_node]: DWALL | phase=UNKNOWN track=0 valid=False d_wall=+nan heading_rel=+nan rms=nan n=0 age=nan prov=NONE coast=0.00m/0.00rad dpsi=+0.0000
[taskset-1] [INFO] [1791036566.583986987] [wall_distance_node]: DWALL | phase=UNKNOWN track=0 valid=False d_wall=+nan heading_rel=+nan rms=nan n=0 age=nan prov=NONE coast=0.00m/0.00rad dpsi=+0.0000
[taskset-1] [INFO] [1791036567.683992982] [wall_distance_node]: DWALL | phase=UNKNOWN track=0 valid=False d_wall=+nan heading_rel=+nan rms=nan n=0 age=nan prov=NONE coast=0.00m/0.00rad dpsi=+0.0000
[taskset-1] [INFO] [1791036568.782930279] [wall_distance_node]: DWALL | phase=UNKNOWN track=0 valid=False d_wall=+nan heading_rel=+nan rms=nan n=0 age=nan prov=NONE coast=0.00m/0.00rad dpsi=+0.0000
[taskset-1] [INFO] [1791036569.882339619] [wall_distance_node]: DWALL | phase=UNKNOWN track=0 valid=False d_wall=+nan heading_rel=+nan rms=nan n=0 age=nan prov=NONE coast=0.00m/0.00rad dpsi=+0.0000
[taskset-1] [INFO] [1791036570.982363955] [wall_distance_node]: DWALL | phase=UNKNOWN track=0 valid=False d_wall=+nan heading_rel=+nan rms=nan n=0 age=nan prov=NONE coast=0.00m/0.00rad dpsi=+0.0000
[taskset-1] [INFO] [1791036572.082259396] [wall_distance_node]: DWALL | phase=UNKNOWN track=0 valid=False d_wall=+nan heading_rel=+nan rms=nan n=0 age=nan prov=NONE coast=0.00m/0.00rad dpsi=+0.0000
[taskset-1] [INFO] [1791036573.181873039] [wall_distance_node]: DWALL | phase=UNKNOWN track=0 valid=False d_wall=+nan heading_rel=+nan rms=nan n=0 age=nan prov=NONE coast=0.00m/0.00rad dpsi=+0.0000
[taskset-1] [INFO] [1791036574.181922993] [wall_distance_node]: DWALL | phase=UNKNOWN track=0 valid=False d_wall=+nan heading_rel=+nan rms=nan n=0 age=nan prov=NONE coast=0.00m/0.00rad dpsi=+0.0000
[taskset-1] [INFO] [1791036575.182426026] [wall_distance_node]: DWALL | phase=UNKNOWN track=0 valid=False d_wall=+nan heading_rel=+nan rms=nan n=0 age=nan prov=NONE coast=0.00m/0.00rad dpsi=+0.0000
[taskset-1] [INFO] [1791036576.281870845] [wall_distance_node]: DWALL | phase=UNKNOWN track=0 valid=False d_wall=+nan heading_rel=+nan rms=nan n=0 age=nan prov=NONE coast=0.00m/0.00rad dpsi=+0.0000
[taskset-1] [INFO] [1791036577.382329907] [wall_distance_node]: DWALL | phase=UNKNOWN track=0 valid=False d_wall=+nan heading_rel=+nan rms=nan n=0 age=nan prov=NONE coast=0.00m/0.00rad dpsi=+0.0000
[taskset-1] [INFO] [1791036578.382374957] [wall_distance_node]: DWALL | phase=UNKNOWN track=0 valid=False d_wall=+nan heading_rel=+nan rms=nan n=0 age=nan prov=NONE coast=0.00m/0.00rad dpsi=+0.0000
[taskset-1] [INFO] [1791036579.484848079] [wall_distance_node]: DWALL | phase=UNKNOWN track=0 valid=False d_wall=+nan heading_rel=+nan rms=nan n=0 age=nan prov=NONE coast=0.00m/0.00rad dpsi=+0.0000
[taskset-1] [INFO] [1791036580.581720484] [wall_distance_node]: DWALL | phase=UNKNOWN track=0 valid=False d_wall=+nan heading_rel=+nan rms=nan n=0 age=nan prov=NONE coast=0.00m/0.00rad dpsi=+0.0000
[taskset-1] [INFO] [1791036581.581844201] [wall_distance_node]: DWALL | phase=UNKNOWN track=0 valid=False d_wall=+nan heading_rel=+nan rms=nan n=0 age=nan prov=NONE coast=0.00m/0.00rad dpsi=+0.0000
[taskset-1] [INFO] [1791036582.581304793] [wall_distance_node]: base_link <- laser: (0.120, 0.000) m, yaw +0.000 rad. NOTE description.launch.py calls these ruler-measured placeholders, not a calibration.
[taskset-1] [INFO] [1791036582.604119674] [wall_distance_node]: DWALL | phase=UNKNOWN track=0 valid=False d_wall=+nan heading_rel=+nan rms=nan n=0 age=nan prov=NONE coast=0.00m/0.00rad dpsi=+0.0000
[taskset-1] [INFO] [1791036583.605558086] [wall_distance_node]: DWALL | phase=UNKNOWN track=1 valid=True d_wall=+1.496 heading_rel=+0.281 rms=0.0161 n=131 age=0.00 prov=GEOMETRIC coast=0.00m/0.00rad dpsi=+0.0000
[taskset-1] [INFO] [1791036584.605755745] [wall_distance_node]: DWALL | phase=UNKNOWN track=1 valid=True d_wall=+1.492 heading_rel=+0.284 rms=0.0146 n=127 age=0.00 prov=GEOMETRIC coast=0.00m/0.00rad dpsi=+0.0000
[taskset-1] [INFO] [1791036585.614079666] [wall_distance_node]: DWALL | phase=UNKNOWN track=1 valid=True d_wall=+1.492 heading_rel=+0.285 rms=0.0157 n=128 age=0.00 prov=GEOMETRIC coast=0.00m/0.00rad dpsi=+0.0000
[taskset-1] [INFO] [1791036586.708649765] [wall_distance_node]: DWALL | phase=UNKNOWN track=1 valid=True d_wall=+1.516 heading_rel=+0.313 rms=0.0104 n=46 age=0.07 prov=PREDICTED coast=0.00m/0.00rad dpsi=+0.0000
[taskset-1] [INFO] [1791036587.714928668] [wall_distance_node]: DWALL | phase=UNKNOWN track=1 valid=True d_wall=+1.514 heading_rel=+0.317 rms=0.0104 n=46 age=1.07 prov=PREDICTED coast=0.01m/0.00rad dpsi=+0.0000
[taskset-1] [INFO] [1791036588.715026070] [wall_distance_node]: DWALL | phase=UNKNOWN track=1 valid=True d_wall=+1.498 heading_rel=+0.370 rms=0.0104 n=46 age=2.07 prov=PREDICTED coast=0.05m/0.06rad dpsi=+0.0000
[taskset-1] [INFO] [1791036589.719779904] [wall_distance_node]: DWALL | phase=UNKNOWN track=1 valid=True d_wall=+1.464 heading_rel=+0.435 rms=0.0098 n=42 age=0.26 prov=PREDICTED coast=0.03m/0.04rad dpsi=+0.0000
[taskset-1] [INFO] [1791036590.835004300] [wall_distance_node]: DWALL | phase=UNKNOWN track=1 valid=True d_wall=+1.383 heading_rel=+0.566 rms=0.0098 n=42 age=1.36 prov=PREDICTED coast=0.20m/0.17rad dpsi=+0.0000
[taskset-1] [INFO] [1791036591.943495717] [wall_distance_node]: DWALL | phase=UNKNOWN track=1 valid=True d_wall=+1.229 heading_rel=+0.647 rms=0.0098 n=42 age=2.46 prov=PREDICTED coast=0.46m/0.26rad dpsi=+0.0000
[taskset-1] [INFO] [1791036593.000668208] [wall_distance_node]: DWALL | phase=UNKNOWN track=1 valid=True d_wall=+1.033 heading_rel=+0.457 rms=0.0150 n=151 age=0.28 prov=PREDICTED coast=0.10m/0.04rad dpsi=+0.0000
[taskset-1] [INFO] [1791036594.004980828] [wall_distance_node]: DWALL | phase=UNKNOWN track=1 valid=True d_wall=+0.891 heading_rel=+0.320 rms=0.0150 n=151 age=1.28 prov=PREDICTED coast=0.48m/0.18rad dpsi=+0.0000
[taskset-1] [WARN] [1791036594.106832378] [wall_distance_node]: COAST/cap | track 1 coasted 0.52 m / 0.19 rad past the cap (0.50 m / 0.35 rad): d_wall is no longer trusted. The caps are set by the measured odometry bias (distance 17-20% short, gyro yaw gain 0.93-1.09), not by caution -- raise them only after that calibration lands.
[taskset-1] [WARN] [1791036594.204529299] [wall_distance_node]: COAST/cap | track 9 coasted 1.35 m / 0.72 rad past the cap (0.50 m / 0.35 rad): d_wall is no longer trusted. The caps are set by the measured odometry bias (distance 17-20% short, gyro yaw gain 0.93-1.09), not by caution -- raise them only after that calibration lands.
[taskset-1] [INFO] [1791036595.106292749] [wall_distance_node]: DWALL | phase=UNKNOWN track=9 valid=False d_wall=+nan heading_rel=+nan rms=0.0087 n=46 age=6.57 prov=NONE coast=1.62m/0.82rad dpsi=+0.0000
[taskset-1] [INFO] [1791036596.106421298] [wall_distance_node]: DWALL | phase=UNKNOWN track=9 valid=False d_wall=+nan heading_rel=+nan rms=0.0087 n=46 age=7.57 prov=NONE coast=1.84m/0.92rad dpsi=+0.0000
[taskset-1] [INFO] [1791036597.109398206] [wall_distance_node]: DWALL | phase=UNKNOWN track=9 valid=False d_wall=+nan heading_rel=+nan rms=0.0087 n=46 age=8.57 prov=NONE coast=2.07m/0.97rad dpsi=+0.0000
[taskset-1] [INFO] [1791036598.116524178] [wall_distance_node]: DWALL | phase=UNKNOWN track=9 valid=False d_wall=+nan heading_rel=+nan rms=0.0087 n=46 age=9.57 prov=NONE coast=2.38m/1.00rad dpsi=+0.0000
[taskset-1] [INFO] [1791036599.116955392] [wall_distance_node]: DWALL | phase=UNKNOWN track=9 valid=False d_wall=+nan heading_rel=+nan rms=0.0087 n=46 age=10.57 prov=NONE coast=2.77m/1.02rad dpsi=+0.0000
[taskset-1] [INFO] [1791036600.135584432] [wall_distance_node]: DWALL | phase=UNKNOWN track=9 valid=False d_wall=+nan heading_rel=+nan rms=0.0087 n=46 age=11.57 prov=NONE coast=3.15m/1.05rad dpsi=+0.0000
[taskset-1] [INFO] [1791036601.213595519] [wall_distance_node]: DWALL | phase=UNKNOWN track=9 valid=False d_wall=+nan heading_rel=+nan rms=0.0087 n=46 age=12.67 prov=NONE coast=3.62m/1.07rad dpsi=+0.0000
[taskset-1] [WARN] [1791036602.112206807] [wall_distance_node]: COAST/cap | track 15 coasted 3.51 m / 0.82 rad past the cap (0.50 m / 0.35 rad): d_wall is no longer trusted. The caps are set by the measured odometry bias (distance 17-20% short, gyro yaw gain 0.93-1.09), not by caution -- raise them only after that calibration lands.
[taskset-1] [INFO] [1791036602.214099096] [wall_distance_node]: DWALL | phase=UNKNOWN track=15 valid=False d_wall=+nan heading_rel=+nan rms=0.0128 n=153 age=10.37 prov=NONE coast=3.56m/0.82rad dpsi=+0.0000
[taskset-1] [INFO] [1791036603.312500375] [wall_distance_node]: DWALL | phase=UNKNOWN track=15 valid=False d_wall=+nan heading_rel=+nan rms=0.0128 n=153 age=11.47 prov=NONE coast=4.03m/0.82rad dpsi=+0.0000
[taskset-1] [INFO] [1791036604.410288805] [wall_distance_node]: DWALL | phase=UNKNOWN track=15 valid=False d_wall=+nan heading_rel=+nan rms=0.0128 n=153 age=12.57 prov=NONE coast=4.52m/0.83rad dpsi=+0.0000
[taskset-1] [WARN] [1791036605.001985083] [wall_distance_node]: COAST/cap | track 39 coasted 0.65 m / 0.01 rad past the cap (0.50 m / 0.35 rad): d_wall is no longer trusted. The caps are set by the measured odometry bias (distance 17-20% short, gyro yaw gain 0.93-1.09), not by caution -- raise them only after that calibration lands.
[taskset-1] [INFO] [1791036605.410892821] [wall_distance_node]: DWALL | phase=UNKNOWN track=39 valid=False d_wall=+nan heading_rel=+nan rms=0.0090 n=215 age=1.88 prov=NONE coast=0.83m/0.01rad dpsi=+0.0000
[taskset-1] [INFO] [1791036606.504276589] [wall_distance_node]: DWALL | phase=UNKNOWN track=39 valid=False d_wall=+nan heading_rel=+nan rms=0.0090 n=215 age=2.98 prov=NONE coast=1.31m/0.03rad dpsi=+0.0000
[taskset-1] [INFO] [1791036607.602976519] [wall_distance_node]: DWALL | phase=UNKNOWN track=39 valid=False d_wall=+nan heading_rel=+nan rms=0.0090 n=215 age=4.08 prov=NONE coast=1.79m/0.06rad dpsi=+0.0000
[taskset-1] [INFO] [1791036608.612268099] [wall_distance_node]: DWALL | phase=UNKNOWN track=39 valid=False d_wall=+nan heading_rel=+nan rms=0.0090 n=215 age=5.08 prov=NONE coast=2.23m/0.07rad dpsi=+0.0000
[taskset-1] [INFO] [1791036609.699436139] [wall_distance_node]: DWALL | phase=UNKNOWN track=39 valid=False d_wall=+nan heading_rel=+nan rms=0.0090 n=215 age=6.18 prov=NONE coast=2.72m/0.08rad dpsi=+0.0000
[taskset-1] [INFO] [1791036610.717147070] [wall_distance_node]: DWALL | phase=UNKNOWN track=39 valid=False d_wall=+nan heading_rel=+nan rms=0.0090 n=215 age=7.18 prov=NONE coast=3.16m/0.10rad dpsi=+0.0000
[taskset-1] [INFO] [1791036611.724441194] [wall_distance_node]: DWALL | phase=UNKNOWN track=39 valid=False d_wall=+nan heading_rel=+nan rms=0.0090 n=215 age=8.18 prov=NONE coast=3.61m/0.10rad dpsi=+0.0000
[taskset-1] [INFO] [1791036612.806865933] [wall_distance_node]: DWALL | phase=UNKNOWN track=39 valid=False d_wall=+nan heading_rel=+nan rms=0.0090 n=215 age=9.28 prov=NONE coast=4.09m/0.11rad dpsi=+0.0000
[taskset-1] [INFO] [1791036613.807848987] [wall_distance_node]: DWALL | phase=UNKNOWN track=39 valid=False d_wall=+nan heading_rel=+nan rms=0.0090 n=215 age=10.28 prov=NONE coast=4.52m/0.11rad dpsi=+0.0000
[taskset-1] [INFO] [1791036614.822139461] [wall_distance_node]: DWALL | phase=UNKNOWN track=39 valid=False d_wall=+nan heading_rel=+nan rms=0.0090 n=215 age=11.28 prov=NONE coast=4.96m/0.12rad dpsi=+0.0000
[taskset-1] [INFO] [1791036615.825101341] [wall_distance_node]: DWALL | phase=UNKNOWN track=39 valid=False d_wall=+nan heading_rel=+nan rms=0.0090 n=215 age=12.28 prov=NONE coast=5.41m/0.12rad dpsi=+0.0000
[taskset-1] [INFO] [1791036616.914105887] [wall_distance_node]: DWALL | phase=UNKNOWN track=39 valid=False d_wall=+nan heading_rel=+nan rms=0.0090 n=215 age=13.38 prov=NONE coast=5.89m/0.12rad dpsi=+0.0000
[taskset-1] [INFO] [1791036617.923527161] [wall_distance_node]: DWALL | phase=UNKNOWN track=61 valid=True d_wall=+0.382 heading_rel=+1.531 rms=0.0065 n=94 age=1.06 prov=PREDICTED coast=0.49m/0.00rad dpsi=+0.0000
[taskset-1] [WARN] [1791036618.015842692] [wall_distance_node]: COAST/cap | track 61 coasted 0.54 m / 0.00 rad past the cap (0.50 m / 0.35 rad): d_wall is no longer trusted. The caps are set by the measured odometry bias (distance 17-20% short, gyro yaw gain 0.93-1.09), not by caution -- raise them only after that calibration lands.
[taskset-1] [INFO] [1791036618.938234625] [wall_distance_node]: DWALL | phase=UNKNOWN track=61 valid=False d_wall=+nan heading_rel=+nan rms=0.0065 n=94 age=2.06 prov=NONE coast=0.93m/0.01rad dpsi=+0.0000
[taskset-1] [INFO] [1791036620.026244347] [wall_distance_node]: DWALL | phase=UNKNOWN track=39 valid=False d_wall=+nan heading_rel=+nan rms=0.0090 n=215 age=16.48 prov=NONE coast=7.27m/0.13rad dpsi=+0.0000
[taskset-1] [INFO] [1791036621.026934545] [wall_distance_node]: DWALL | phase=UNKNOWN track=39 valid=False d_wall=+nan heading_rel=+nan rms=0.0090 n=215 age=17.48 prov=NONE coast=7.71m/0.14rad dpsi=+0.0000
[taskset-1] [INFO] [1791036622.112871397] [wall_distance_node]: DWALL | phase=UNKNOWN track=39 valid=False d_wall=+nan heading_rel=+nan rms=0.0090 n=215 age=18.58 prov=NONE coast=8.20m/0.15rad dpsi=+0.0000
[taskset-1] [INFO] [1791036623.113394511] [wall_distance_node]: DWALL | phase=UNKNOWN track=39 valid=False d_wall=+nan heading_rel=+nan rms=0.0090 n=215 age=19.58 prov=NONE coast=8.64m/0.16rad dpsi=+0.0000
[taskset-1] [INFO] [1791036624.116346143] [wall_distance_node]: DWALL | phase=UNKNOWN track=39 valid=False d_wall=+nan heading_rel=+nan rms=0.0090 n=215 age=20.58 prov=NONE coast=9.08m/0.16rad dpsi=+0.0000
[taskset-1] [WARN] [1791036624.709809153] [wall_distance_node]: COAST/cap | track 69 coasted 38.37 m / 3.27 rad past the cap (0.50 m / 0.35 rad): d_wall is no longer trusted. The caps are set by the measured odometry bias (distance 17-20% short, gyro yaw gain 0.93-1.09), not by caution -- raise them only after that calibration lands.
[taskset-1] [INFO] [1791036625.211379901] [wall_distance_node]: DWALL | phase=UNKNOWN track=69 valid=False d_wall=+nan heading_rel=+nan rms=0.0048 n=255 age=0.57 prov=NONE coast=62.60m/9.12rad dpsi=+0.0000
[taskset-1] [INFO] [1791036626.437322734] [wall_distance_node]: DWALL | phase=UNKNOWN track=69 valid=False d_wall=+nan heading_rel=+nan rms=0.0048 n=255 age=1.57 prov=NONE coast=62.86m/9.16rad dpsi=+0.0000
[taskset-1] [WARN] [1791036626.502682851] [wall_distance_node]: COAST/cap | track 76 coasted 1.16 m / 0.02 rad past the cap (0.50 m / 0.35 rad): d_wall is no longer trusted. The caps are set by the measured odometry bias (distance 17-20% short, gyro yaw gain 0.93-1.09), not by caution -- raise them only after that calibration lands.
[taskset-1] [INFO] [1791036627.502377699] [wall_distance_node]: DWALL | phase=UNKNOWN track=76 valid=False d_wall=+nan heading_rel=+nan rms=0.0153 n=129 age=1.78 prov=NONE coast=1.28m/0.02rad dpsi=+0.0000
[taskset-1] [INFO] [1791036628.504303642] [wall_distance_node]: DWALL | phase=UNKNOWN track=76 valid=False d_wall=+nan heading_rel=+nan rms=0.0153 n=129 age=2.78 prov=NONE coast=1.36m/0.02rad dpsi=+0.0000
[taskset-1] [INFO] [1791036629.606498763] [wall_distance_node]: DWALL | phase=UNKNOWN track=76 valid=False d_wall=+nan heading_rel=+nan rms=0.0153 n=129 age=3.88 prov=NONE coast=1.39m/0.02rad dpsi=+0.0000
[taskset-1] [INFO] [1791036630.697407769] [wall_distance_node]: DWALL | phase=UNKNOWN track=76 valid=False d_wall=+nan heading_rel=+nan rms=0.0153 n=129 age=4.98 prov=NONE coast=1.42m/0.02rad dpsi=+0.0000
[taskset-1] [INFO] [1791036631.706629849] [wall_distance_node]: DWALL | phase=UNKNOWN track=69 valid=False d_wall=+nan heading_rel=+nan rms=0.0048 n=255 age=7.07 prov=NONE coast=64.25m/9.26rad dpsi=+0.0000
[taskset-1] [INFO] [1791036632.710842966] [wall_distance_node]: DWALL | phase=UNKNOWN track=69 valid=False d_wall=+nan heading_rel=+nan rms=0.0048 n=255 age=8.07 prov=NONE coast=64.36m/9.40rad dpsi=+0.0000
[taskset-1] [INFO] [1791036633.798898067] [wall_distance_node]: DWALL | phase=UNKNOWN track=69 valid=False d_wall=+nan heading_rel=+nan rms=0.0048 n=255 age=9.17 prov=NONE coast=64.57m/9.52rad dpsi=+0.0000
[taskset-1] [INFO] [1791036634.799089275] [wall_distance_node]: DWALL | phase=UNKNOWN track=69 valid=False d_wall=+nan heading_rel=+nan rms=0.0048 n=255 age=10.17 prov=NONE coast=64.84m/9.63rad dpsi=+0.0000
[taskset-1] [INFO] [1791036635.801744744] [wall_distance_node]: DWALL | phase=UNKNOWN track=69 valid=False d_wall=+nan heading_rel=+nan rms=0.0048 n=255 age=11.17 prov=NONE coast=65.19m/9.79rad dpsi=+0.0000
[taskset-1] [INFO] [1791036636.897990812] [wall_distance_node]: DWALL | phase=UNKNOWN track=69 valid=False d_wall=+nan heading_rel=+nan rms=0.0048 n=255 age=12.27 prov=NONE coast=65.60m/9.94rad dpsi=+0.0000
[taskset-1] [INFO] [1791036637.900006225] [wall_distance_node]: DWALL | phase=UNKNOWN track=76 valid=False d_wall=+nan heading_rel=+nan rms=0.0153 n=129 age=12.18 prov=NONE coast=3.13m/0.89rad dpsi=+0.0000
[taskset-1] [INFO] [1791036638.900207131] [wall_distance_node]: DWALL | phase=UNKNOWN track=76 valid=False d_wall=+nan heading_rel=+nan rms=0.0153 n=129 age=13.18 prov=NONE coast=3.34m/0.99rad dpsi=+0.0000
[taskset-1] [INFO] [1791036639.901446468] [wall_distance_node]: DWALL | phase=UNKNOWN track=76 valid=False d_wall=+nan heading_rel=+nan rms=0.0153 n=129 age=14.18 prov=NONE coast=3.60m/1.03rad dpsi=+0.0000
[taskset-1] [INFO] [1791036640.903293012] [wall_distance_node]: DWALL | phase=UNKNOWN track=76 valid=False d_wall=+nan heading_rel=+nan rms=0.0153 n=129 age=15.18 prov=NONE coast=3.93m/1.05rad dpsi=+0.0000
[taskset-1] [INFO] [1791036641.904436215] [wall_distance_node]: DWALL | phase=UNKNOWN track=76 valid=False d_wall=+nan heading_rel=+nan rms=0.0153 n=129 age=16.18 prov=NONE coast=4.32m/1.07rad dpsi=+0.0000
[taskset-1] [INFO] [1791036642.908223289] [wall_distance_node]: DWALL | phase=UNKNOWN track=76 valid=False d_wall=+nan heading_rel=+nan rms=0.0153 n=129 age=17.18 prov=NONE coast=4.72m/1.10rad dpsi=+0.0000
[taskset-1] [INFO] [1791036644.004424980] [wall_distance_node]: DWALL | phase=UNKNOWN track=76 valid=False d_wall=+nan heading_rel=+nan rms=0.0153 n=129 age=18.28 prov=NONE coast=5.20m/1.12rad dpsi=+0.0000
[taskset-1] [INFO] [1791036645.105309525] [wall_distance_node]: DWALL | phase=UNKNOWN track=76 valid=False d_wall=+nan heading_rel=+nan rms=0.0153 n=129 age=19.38 prov=NONE coast=5.68m/1.13rad dpsi=+0.0000
[taskset-1] [INFO] [1791036646.202310497] [wall_distance_node]: DWALL | phase=UNKNOWN track=61 valid=False d_wall=+nan heading_rel=+nan rms=0.0065 n=94 age=29.36 prov=NONE coast=72.36m/10.32rad dpsi=+0.0000
[taskset-1] [INFO] [1791036647.205309169] [wall_distance_node]: DWALL | phase=UNKNOWN track=61 valid=False d_wall=+nan heading_rel=+nan rms=0.0065 n=94 age=30.36 prov=NONE coast=72.79m/10.33rad dpsi=+0.0000
[taskset-1] [INFO] [1791036648.205400464] [wall_distance_node]: DWALL | phase=UNKNOWN track=76 valid=False d_wall=+nan heading_rel=+nan rms=0.0153 n=129 age=22.48 prov=NONE coast=7.03m/1.15rad dpsi=+0.0000
[taskset-1] [INFO] [1791036649.211821833] [wall_distance_node]: DWALL | phase=UNKNOWN track=76 valid=False d_wall=+nan heading_rel=+nan rms=0.0153 n=129 age=23.48 prov=NONE coast=7.47m/1.17rad dpsi=+0.0000
[taskset-1] [INFO] [1791036650.292996578] [wall_distance_node]: DWALL | phase=UNKNOWN track=76 valid=False d_wall=+nan heading_rel=+nan rms=0.0153 n=129 age=24.58 prov=NONE coast=7.96m/1.19rad dpsi=+0.0000
[taskset-1] [INFO] [1791036651.295378529] [wall_distance_node]: DWALL | phase=UNKNOWN track=76 valid=False d_wall=+nan heading_rel=+nan rms=0.0153 n=129 age=25.58 prov=NONE coast=8.40m/1.21rad dpsi=+0.0000
[taskset-1] [INFO] [1791036652.298834661] [wall_distance_node]: DWALL | phase=UNKNOWN track=76 valid=False d_wall=+nan heading_rel=+nan rms=0.0153 n=129 age=26.58 prov=NONE coast=8.84m/1.22rad dpsi=+0.0000
[taskset-1] [INFO] [1791036653.299899558] [wall_distance_node]: DWALL | phase=UNKNOWN track=76 valid=False d_wall=+nan heading_rel=+nan rms=0.0153 n=129 age=27.58 prov=NONE coast=9.28m/1.23rad dpsi=+0.0000
[taskset-1] [INFO] [1791036654.311643424] [wall_distance_node]: DWALL | phase=UNKNOWN track=76 valid=False d_wall=+nan heading_rel=+nan rms=0.0153 n=129 age=28.58 prov=NONE coast=9.72m/1.24rad dpsi=+0.0000
[taskset-1] [INFO] [1791036655.413422387] [wall_distance_node]: DWALL | phase=UNKNOWN track=76 valid=False d_wall=+nan heading_rel=+nan rms=0.0153 n=129 age=29.68 prov=NONE coast=10.20m/1.24rad dpsi=+0.0000
[taskset-1] [INFO] [1791036656.510142112] [wall_distance_node]: DWALL | phase=UNKNOWN track=76 valid=False d_wall=+nan heading_rel=+nan rms=0.0153 n=129 age=30.78 prov=NONE coast=10.69m/1.25rad dpsi=+0.0000
[taskset-1] [INFO] [1791036657.511090274] [wall_distance_node]: DWALL | phase=UNKNOWN track=76 valid=False d_wall=+nan heading_rel=+nan rms=0.0153 n=129 age=31.78 prov=NONE coast=11.13m/1.25rad dpsi=+0.0000
[taskset-1] [INFO] [1791036658.603067548] [wall_distance_node]: DWALL | phase=UNKNOWN track=76 valid=False d_wall=+nan heading_rel=+nan rms=0.0153 n=129 age=32.88 prov=NONE coast=11.62m/1.25rad dpsi=+0.0000
[taskset-1] [INFO] [1791036659.713202323] [wall_distance_node]: DWALL | phase=UNKNOWN track=76 valid=False d_wall=+nan heading_rel=+nan rms=0.0153 n=129 age=33.98 prov=NONE coast=12.10m/1.26rad dpsi=+0.0000
[taskset-1] [WARN] [1791036660.622239945] [wall_distance_node]: COAST/cap | track 136 coasted 0.53 m / 0.00 rad past the cap (0.50 m / 0.35 rad): d_wall is no longer trusted. The caps are set by the measured odometry bias (distance 17-20% short, gyro yaw gain 0.93-1.09), not by caution -- raise them only after that calibration lands.
[taskset-1] [INFO] [1791036660.727972262] [wall_distance_node]: DWALL | phase=UNKNOWN track=136 valid=False d_wall=+nan heading_rel=+nan rms=0.0061 n=88 age=1.28 prov=NONE coast=0.58m/0.00rad dpsi=+0.0000
[taskset-1] [INFO] [1791036661.818314350] [wall_distance_node]: DWALL | phase=UNKNOWN track=136 valid=False d_wall=+nan heading_rel=+nan rms=0.0061 n=88 age=2.38 prov=NONE coast=1.06m/0.01rad dpsi=+0.0000
[taskset-1] [WARN] [1791036662.114311086] [wall_distance_node]: COAST/cap | track 88 coasted 7.10 m / 0.13 rad past the cap (0.50 m / 0.35 rad): d_wall is no longer trusted. The caps are set by the measured odometry bias (distance 17-20% short, gyro yaw gain 0.93-1.09), not by caution -- raise them only after that calibration lands.
[taskset-1] [INFO] [1791036662.822267445] [wall_distance_node]: DWALL | phase=UNKNOWN track=88 valid=False d_wall=+nan heading_rel=+nan rms=0.0090 n=215 age=16.79 prov=NONE coast=7.41m/0.13rad dpsi=+0.0000
[taskset-1] [INFO] [1791036663.909312896] [wall_distance_node]: DWALL | phase=UNKNOWN track=88 valid=False d_wall=+nan heading_rel=+nan rms=0.0090 n=215 age=17.89 prov=NONE coast=7.89m/0.14rad dpsi=+0.0000
[taskset-1] [INFO] [1791036665.009406116] [wall_distance_node]: DWALL | phase=UNKNOWN track=88 valid=False d_wall=+nan heading_rel=+nan rms=0.0090 n=215 age=18.99 prov=NONE coast=8.38m/0.16rad dpsi=+0.0000
[taskset-1] [INFO] [1791036666.118639121] [wall_distance_node]: DWALL | phase=UNKNOWN track=88 valid=False d_wall=+nan heading_rel=+nan rms=0.0090 n=215 age=20.09 prov=NONE coast=8.87m/0.16rad dpsi=+0.0000
[taskset-1] [INFO] [1791036667.207752939] [wall_distance_node]: DWALL | phase=UNKNOWN track=69 valid=False d_wall=+nan heading_rel=+nan rms=0.0048 n=255 age=42.57 prov=NONE coast=197.84m/14.33rad dpsi=+0.0000
[taskset-1] [WARN] [1791036667.613523438] [wall_distance_node]: COAST/cap | track 80 coasted 259.57 m / 18.20 rad past the cap (0.50 m / 0.35 rad): d_wall is no longer trusted. The caps are set by the measured odometry bias (distance 17-20% short, gyro yaw gain 0.93-1.09), not by caution -- raise them only after that calibration lands.
[taskset-1] [INFO] [1791036668.303194090] [wall_distance_node]: DWALL | phase=UNKNOWN track=151 valid=True d_wall=+1.498 heading_rel=+0.278 rms=0.0149 n=129 age=0.00 prov=GEOMETRIC coast=0.00m/0.00rad dpsi=+0.0000
[taskset-1] [INFO] [1791036669.404380125] [wall_distance_node]: DWALL | phase=UNKNOWN track=151 valid=True d_wall=+1.393 heading_rel=+0.290 rms=0.0150 n=126 age=0.98 prov=PREDICTED coast=0.44m/0.01rad dpsi=+0.0000
[taskset-1] [WARN] [1791036669.705918715] [wall_distance_node]: COAST/cap | track 151 coasted 0.51 m / 0.01 rad past the cap (0.50 m / 0.35 rad): d_wall is no longer trusted. The caps are set by the measured odometry bias (distance 17-20% short, gyro yaw gain 0.93-1.09), not by caution -- raise them only after that calibration lands.
[taskset-1] [INFO] [1791036670.502357103] [wall_distance_node]: DWALL | phase=UNKNOWN track=151 valid=False d_wall=+nan heading_rel=+nan rms=0.0150 n=126 age=2.08 prov=NONE coast=0.70m/0.01rad dpsi=+0.0000
[taskset-1] [INFO] [1791036671.601930681] [wall_distance_node]: DWALL | phase=UNKNOWN track=151 valid=False d_wall=+nan heading_rel=+nan rms=0.0150 n=126 age=3.18 prov=NONE coast=0.86m/0.01rad dpsi=+0.0000
[taskset-1] [INFO] [1791036672.602585156] [wall_distance_node]: DWALL | phase=UNKNOWN track=151 valid=True d_wall=+1.480 heading_rel=+0.377 rms=0.0090 n=47 age=0.00 prov=GEOMETRIC coast=0.00m/0.00rad dpsi=+0.0000
[taskset-1] [INFO] [1791036673.605513140] [wall_distance_node]: DWALL | phase=UNKNOWN track=151 valid=True d_wall=+1.479 heading_rel=+0.389 rms=0.0087 n=46 age=0.08 prov=PREDICTED coast=0.01m/0.01rad dpsi=+0.0000
[taskset-1] [INFO] [1791036674.707341290] [wall_distance_node]: DWALL | phase=UNKNOWN track=151 valid=True d_wall=+1.434 heading_rel=+0.521 rms=0.0087 n=46 age=1.18 prov=PREDICTED coast=0.12m/0.14rad dpsi=+0.0000
[taskset-1] [INFO] [1791036675.805861215] [wall_distance_node]: DWALL | phase=UNKNOWN track=151 valid=True d_wall=+1.343 heading_rel=+0.648 rms=0.0087 n=46 age=2.28 prov=PREDICTED coast=0.29m/0.27rad dpsi=+0.0000
[taskset-1] [WARN] [1791036676.700944866] [wall_distance_node]: COAST/cap | track 151 coasted 0.50 m / 0.36 rad past the cap (0.50 m / 0.35 rad): d_wall is no longer trusted. The caps are set by the measured odometry bias (distance 17-20% short, gyro yaw gain 0.93-1.09), not by caution -- raise them only after that calibration lands.
[taskset-1] [INFO] [1791036676.896772447] [wall_distance_node]: DWALL | phase=UNKNOWN track=151 valid=False d_wall=+nan heading_rel=+nan rms=0.0087 n=46 age=3.38 prov=NONE coast=0.56m/0.36rad dpsi=+0.0000
[taskset-1] [INFO] [1791036677.992459125] [wall_distance_node]: DWALL | phase=UNKNOWN track=151 valid=False d_wall=+nan heading_rel=+nan rms=0.0087 n=46 age=4.48 prov=NONE coast=0.92m/0.55rad dpsi=+0.0000
[taskset-1] [INFO] [1791036678.995758446] [wall_distance_node]: DWALL | phase=UNKNOWN track=151 valid=False d_wall=+nan heading_rel=+nan rms=0.0087 n=46 age=5.48 prov=NONE coast=1.29m/0.68rad dpsi=+0.0000
[taskset-1] [INFO] [1791036679.996294658] [wall_distance_node]: DWALL | phase=UNKNOWN track=151 valid=False d_wall=+nan heading_rel=+nan rms=0.0087 n=46 age=6.48 prov=NONE coast=1.61m/0.81rad dpsi=+0.0000
[taskset-1] [INFO] [1791036681.103855625] [wall_distance_node]: DWALL | phase=UNKNOWN track=151 valid=False d_wall=+nan heading_rel=+nan rms=0.0087 n=46 age=7.59 prov=NONE coast=1.85m/0.91rad dpsi=+0.0000
[taskset-1] [INFO] [1791036682.104972282] [wall_distance_node]: DWALL | phase=UNKNOWN track=151 valid=False d_wall=+nan heading_rel=+nan rms=0.0087 n=46 age=8.59 prov=NONE coast=2.09m/0.96rad dpsi=+0.0000
[taskset-1] [INFO] [1791036683.121784277] [wall_distance_node]: DWALL | phase=UNKNOWN track=151 valid=False d_wall=+nan heading_rel=+nan rms=0.0087 n=46 age=9.59 prov=NONE coast=2.40m/0.99rad dpsi=+0.0000
[taskset-1] [INFO] [1791036684.207382402] [wall_distance_node]: DWALL | phase=UNKNOWN track=151 valid=False d_wall=+nan heading_rel=+nan rms=0.0087 n=46 age=10.68 prov=NONE coast=2.82m/1.01rad dpsi=+0.0000
[taskset-1] [INFO] [1791036685.304295296] [wall_distance_node]: DWALL | phase=UNKNOWN track=151 valid=False d_wall=+nan heading_rel=+nan rms=0.0087 n=46 age=11.78 prov=NONE coast=3.26m/1.05rad dpsi=+0.0000
[taskset-1] [INFO] [1791036686.305029805] [wall_distance_node]: DWALL | phase=UNKNOWN track=151 valid=False d_wall=+nan heading_rel=+nan rms=0.0087 n=46 age=12.78 prov=NONE coast=3.69m/1.07rad dpsi=+0.0000
[taskset-1] [WARN] [1791036686.504505360] [wall_distance_node]: COAST/cap | track 157 coasted 3.27 m / 0.71 rad past the cap (0.50 m / 0.35 rad): d_wall is no longer trusted. The caps are set by the measured odometry bias (distance 17-20% short, gyro yaw gain 0.93-1.09), not by caution -- raise them only after that calibration lands.
[taskset-1] [INFO] [1791036687.402769143] [wall_distance_node]: DWALL | phase=UNKNOWN track=157 valid=False d_wall=+nan heading_rel=+nan rms=0.0134 n=161 age=10.68 prov=NONE coast=3.66m/0.72rad dpsi=+0.0000
[taskset-1] [INFO] [1791036688.502866532] [wall_distance_node]: DWALL | phase=UNKNOWN track=157 valid=False d_wall=+nan heading_rel=+nan rms=0.0134 n=161 age=11.78 prov=NONE coast=4.14m/0.72rad dpsi=+0.0000
[taskset-1] [INFO] [1791036689.507380070] [wall_distance_node]: DWALL | phase=UNKNOWN track=157 valid=False d_wall=+nan heading_rel=+nan rms=0.0134 n=161 age=12.78 prov=NONE coast=4.58m/0.73rad dpsi=+0.0000
[taskset-1] [INFO] [1791036690.602796499] [wall_distance_node]: DWALL | phase=UNKNOWN track=157 valid=False d_wall=+nan heading_rel=+nan rms=0.0134 n=161 age=13.88 prov=NONE coast=5.06m/0.74rad dpsi=+0.0000
[taskset-1] [INFO] [1791036691.709461222] [wall_distance_node]: DWALL | phase=UNKNOWN track=157 valid=False d_wall=+nan heading_rel=+nan rms=0.0134 n=161 age=14.98 prov=NONE coast=5.55m/0.76rad dpsi=+0.0000
[taskset-1] [INFO] [1791036692.799849927] [wall_distance_node]: DWALL | phase=UNKNOWN track=157 valid=False d_wall=+nan heading_rel=+nan rms=0.0134 n=161 age=16.08 prov=NONE coast=6.03m/0.78rad dpsi=+0.0000
[taskset-1] [INFO] [1791036693.801731241] [wall_distance_node]: DWALL | phase=UNKNOWN track=157 valid=False d_wall=+nan heading_rel=+nan rms=0.0134 n=161 age=17.08 prov=NONE coast=6.47m/0.80rad dpsi=+0.0000
[taskset-1] [INFO] [1791036694.802876964] [wall_distance_node]: DWALL | phase=UNKNOWN track=157 valid=False d_wall=+nan heading_rel=+nan rms=0.0134 n=161 age=18.08 prov=NONE coast=6.91m/0.81rad dpsi=+0.0000
[taskset-1] [INFO] [1791036695.804659493] [wall_distance_node]: DWALL | phase=UNKNOWN track=157 valid=False d_wall=+nan heading_rel=+nan rms=0.0134 n=161 age=19.08 prov=NONE coast=7.35m/0.82rad dpsi=+0.0000
[taskset-1] [INFO] [1791036696.806876551] [wall_distance_node]: DWALL | phase=UNKNOWN track=157 valid=False d_wall=+nan heading_rel=+nan rms=0.0134 n=161 age=20.08 prov=NONE coast=7.79m/0.83rad dpsi=+0.0000
[taskset-1] [INFO] [1791036697.907806979] [wall_distance_node]: DWALL | phase=UNKNOWN track=157 valid=False d_wall=+nan heading_rel=+nan rms=0.0134 n=161 age=21.18 prov=NONE coast=8.28m/0.83rad dpsi=+0.0000
[taskset-1] [WARN] [1791036698.007725234] [wall_distance_node]: COAST/cap | track 187 coasted 4.18 m / 0.11 rad past the cap (0.50 m / 0.35 rad): d_wall is no longer trusted. The caps are set by the measured odometry bias (distance 17-20% short, gyro yaw gain 0.93-1.09), not by caution -- raise them only after that calibration lands.
[taskset-1] [INFO] [1791036698.910290711] [wall_distance_node]: DWALL | phase=UNKNOWN track=187 valid=False d_wall=+nan heading_rel=+nan rms=0.0090 n=215 age=10.38 prov=NONE coast=4.58m/0.11rad dpsi=+0.0000
[taskset-1] [INFO] [1791036700.012006292] [wall_distance_node]: DWALL | phase=UNKNOWN track=187 valid=False d_wall=+nan heading_rel=+nan rms=0.0090 n=215 age=11.48 prov=NONE coast=5.06m/0.12rad dpsi=+0.0000
[taskset-1] [INFO] [1791036701.108418445] [wall_distance_node]: DWALL | phase=UNKNOWN track=187 valid=False d_wall=+nan heading_rel=+nan rms=0.0090 n=215 age=12.58 prov=NONE coast=5.55m/0.12rad dpsi=+0.0000
[taskset-1] [INFO] [1791036702.110251349] [wall_distance_node]: DWALL | phase=UNKNOWN track=187 valid=False d_wall=+nan heading_rel=+nan rms=0.0090 n=215 age=13.58 prov=NONE coast=5.99m/0.12rad dpsi=+0.0000
[taskset-1] [WARN] [1791036703.130340431] [wall_distance_node]: COAST/cap | track 208 coasted 0.53 m / 0.00 rad past the cap (0.50 m / 0.35 rad): d_wall is no longer trusted. The caps are set by the measured odometry bias (distance 17-20% short, gyro yaw gain 0.93-1.09), not by caution -- raise them only after that calibration lands.
[taskset-1] [INFO] [1791036703.131805970] [wall_distance_node]: DWALL | phase=UNKNOWN track=208 valid=False d_wall=+nan heading_rel=+nan rms=0.0061 n=88 age=1.18 prov=NONE coast=0.53m/0.00rad dpsi=+0.0000
[taskset-1] [INFO] [1791036704.224566446] [wall_distance_node]: DWALL | phase=UNKNOWN track=208 valid=False d_wall=+nan heading_rel=+nan rms=0.0061 n=88 age=2.28 prov=NONE coast=1.02m/0.01rad dpsi=+0.0000
[taskset-1] [INFO] [1791036705.235140922] [wall_distance_node]: DWALL | phase=UNKNOWN track=187 valid=False d_wall=+nan heading_rel=+nan rms=0.0090 n=215 age=16.69 prov=NONE coast=7.36m/0.13rad dpsi=+0.0000
[taskset-1] [INFO] [1791036706.323251293] [wall_distance_node]: DWALL | phase=UNKNOWN track=187 valid=False d_wall=+nan heading_rel=+nan rms=0.0090 n=215 age=17.78 prov=NONE coast=7.85m/0.14rad dpsi=+0.0000
[taskset-1] [INFO] [1791036707.407374442] [wall_distance_node]: DWALL | phase=UNKNOWN track=187 valid=False d_wall=+nan heading_rel=+nan rms=0.0090 n=215 age=18.88 prov=NONE coast=8.34m/0.15rad dpsi=+0.0000
[taskset-1] [INFO] [1791036708.418034351] [wall_distance_node]: DWALL | phase=UNKNOWN track=187 valid=False d_wall=+nan heading_rel=+nan rms=0.0090 n=215 age=19.88 prov=NONE coast=8.78m/0.16rad dpsi=+0.0000
[taskset-1] [INFO] [1791036709.425312246] [wall_distance_node]: DWALL | phase=UNKNOWN track=187 valid=False d_wall=+nan heading_rel=+nan rms=0.0090 n=215 age=20.88 prov=NONE coast=9.23m/0.17rad dpsi=+0.0000
[taskset-1] [WARN] [1791036709.709988051] [wall_distance_node]: COAST/cap | track 214 coasted 124.12 m / 4.47 rad past the cap (0.50 m / 0.35 rad): d_wall is no longer trusted. The caps are set by the measured odometry bias (distance 17-20% short, gyro yaw gain 0.93-1.09), not by caution -- raise them only after that calibration lands.
[taskset-1] [WARN] [1791036710.114874818] [wall_distance_node]: COAST/cap | track 203 coasted 261.14 m / 17.64 rad past the cap (0.50 m / 0.35 rad): d_wall is no longer trusted. The caps are set by the measured odometry bias (distance 17-20% short, gyro yaw gain 0.93-1.09), not by caution -- raise them only after that calibration lands.
[taskset-1] [INFO] [1791036710.511339015] [wall_distance_node]: DWALL | phase=UNKNOWN track=223 valid=True d_wall=+1.496 heading_rel=+0.279 rms=0.0153 n=132 age=0.00 prov=GEOMETRIC coast=0.00m/0.00rad dpsi=+0.0000
[taskset-1] [INFO] [1791036711.596302630] [wall_distance_node]: DWALL | phase=UNKNOWN track=223 valid=True d_wall=+1.495 heading_rel=+0.283 rms=0.0159 n=134 age=0.00 prov=GEOMETRIC coast=0.00m/0.00rad dpsi=+0.0000
[taskset-1] [INFO] [1791036712.596302377] [wall_distance_node]: DWALL | phase=UNKNOWN track=223 valid=True d_wall=+1.493 heading_rel=+0.285 rms=0.0155 n=133 age=0.00 prov=GEOMETRIC coast=0.00m/0.00rad dpsi=+0.0000
[taskset-1] [INFO] [1791036713.597216338] [wall_distance_node]: DWALL | phase=UNKNOWN track=223 valid=True d_wall=+1.494 heading_rel=+0.285 rms=0.0157 n=132 age=0.00 prov=GEOMETRIC coast=0.00m/0.00rad dpsi=+0.0000
[taskset-1] [INFO] [1791036714.602572827] [wall_distance_node]: DWALL | phase=UNKNOWN track=223 valid=True d_wall=+1.503 heading_rel=+0.323 rms=0.0101 n=40 age=0.49 prov=PREDICTED coast=0.04m/0.00rad dpsi=+0.0000
[taskset-1] [INFO] [1791036715.705335050] [wall_distance_node]: DWALL | phase=UNKNOWN track=223 valid=True d_wall=+1.499 heading_rel=+0.325 rms=0.0101 n=40 age=1.59 prov=PREDICTED coast=0.12m/0.01rad dpsi=+0.0000
[taskset-1] [INFO] [1791036716.708359722] [wall_distance_node]: DWALL | phase=UNKNOWN track=223 valid=True d_wall=+1.464 heading_rel=+0.399 rms=0.0076 n=42 age=0.08 prov=PREDICTED coast=0.01m/0.01rad dpsi=+0.0000
[taskset-1] [INFO] [1791036717.709618649] [wall_distance_node]: DWALL | phase=UNKNOWN track=223 valid=True d_wall=+1.426 heading_rel=+0.487 rms=0.0084 n=46 age=0.78 prov=PREDICTED coast=0.10m/0.09rad dpsi=+0.0000
[taskset-1] [INFO] [1791036718.709668962] [wall_distance_node]: DWALL | phase=UNKNOWN track=223 valid=True d_wall=+1.327 heading_rel=+0.603 rms=0.0084 n=46 age=1.78 prov=PREDICTED coast=0.29m/0.21rad dpsi=+0.0000
[taskset-1] [INFO] [1791036719.806696333] [wall_distance_node]: DWALL | phase=UNKNOWN track=223 valid=True d_wall=+1.120 heading_rel=+0.584 rms=0.0142 n=162 age=0.00 prov=GEOMETRIC coast=0.00m/0.00rad dpsi=+0.0000
[taskset-1] [INFO] [1791036720.806898829] [wall_distance_node]: DWALL | phase=UNKNOWN track=223 valid=True d_wall=+0.988 heading_rel=+0.390 rms=0.0142 n=152 age=0.39 prov=PREDICTED coast=0.15m/0.06rad dpsi=+0.0000
[taskset-1] [INFO] [1791036721.899604957] [wall_distance_node]: DWALL | phase=UNKNOWN track=223 valid=True d_wall=+0.886 heading_rel=+0.229 rms=0.0141 n=165 age=0.59 prov=PREDICTED coast=0.22m/0.09rad dpsi=+0.0000
[taskset-1] [INFO] [1791036722.900307462] [wall_distance_node]: DWALL | phase=UNKNOWN track=223 valid=True d_wall=+0.839 heading_rel=+0.133 rms=0.0141 n=165 age=1.59 prov=PREDICTED coast=0.48m/0.18rad dpsi=+0.0000
[taskset-1] [WARN] [1791036723.004861601] [wall_distance_node]: COAST/cap | track 223 coasted 0.50 m / 0.19 rad past the cap (0.50 m / 0.35 rad): d_wall is no longer trusted. The caps are set by the measured odometry bias (distance 17-20% short, gyro yaw gain 0.93-1.09), not by caution -- raise them only after that calibration lands.
[taskset-1] [WARN] [1791036723.106204211] [wall_distance_node]: COAST/cap | track 230 coasted 1.74 m / 0.86 rad past the cap (0.50 m / 0.35 rad): d_wall is no longer trusted. The caps are set by the measured odometry bias (distance 17-20% short, gyro yaw gain 0.93-1.09), not by caution -- raise them only after that calibration lands.
[taskset-1] [INFO] [1791036723.901871348] [wall_distance_node]: DWALL | phase=UNKNOWN track=230 valid=False d_wall=+nan heading_rel=+nan rms=0.0087 n=46 age=7.88 prov=NONE coast=1.91m/0.94rad dpsi=+0.0000
[taskset-1] [INFO] [1791036724.903377739] [wall_distance_node]: DWALL | phase=UNKNOWN track=230 valid=False d_wall=+nan heading_rel=+nan rms=0.0087 n=46 age=8.88 prov=NONE coast=2.17m/0.98rad dpsi=+0.0000
[taskset-1] [INFO] [1791036725.912803503] [wall_distance_node]: DWALL | phase=UNKNOWN track=230 valid=False d_wall=+nan heading_rel=+nan rms=0.0087 n=46 age=9.88 prov=NONE coast=2.51m/1.00rad dpsi=+0.0000
[taskset-1] [INFO] [1791036727.004709360] [wall_distance_node]: DWALL | phase=UNKNOWN track=230 valid=False d_wall=+nan heading_rel=+nan rms=0.0087 n=46 age=10.98 prov=NONE coast=2.93m/1.02rad dpsi=+0.0000
[taskset-1] [INFO] [1791036728.110320626] [wall_distance_node]: DWALL | phase=UNKNOWN track=230 valid=False d_wall=+nan heading_rel=+nan rms=0.0087 n=46 age=12.08 prov=NONE coast=3.38m/1.05rad dpsi=+0.0000
[taskset-1] [INFO] [1791036729.200867244] [wall_distance_node]: DWALL | phase=UNKNOWN track=230 valid=False d_wall=+nan heading_rel=+nan rms=0.0087 n=46 age=13.18 prov=NONE coast=3.86m/1.07rad dpsi=+0.0000
[taskset-1] [WARN] [1791036729.400690226] [wall_distance_node]: COAST/cap | track 227 coasted 3.44 m / 0.72 rad past the cap (0.50 m / 0.35 rad): d_wall is no longer trusted. The caps are set by the measured odometry bias (distance 17-20% short, gyro yaw gain 0.93-1.09), not by caution -- raise them only after that calibration lands.
[taskset-1] [INFO] [1791036730.202071490] [wall_distance_node]: DWALL | phase=UNKNOWN track=227 valid=False d_wall=+nan heading_rel=+nan rms=0.0134 n=161 age=10.98 prov=NONE coast=3.79m/0.72rad dpsi=+0.0000
[taskset-1] [INFO] [1791036731.308991843] [wall_distance_node]: DWALL | phase=UNKNOWN track=227 valid=False d_wall=+nan heading_rel=+nan rms=0.0134 n=161 age=12.08 prov=NONE coast=4.27m/0.72rad dpsi=+0.0000
[taskset-1] [INFO] [1791036732.400542397] [wall_distance_node]: DWALL | phase=UNKNOWN track=227 valid=False d_wall=+nan heading_rel=+nan rms=0.0134 n=161 age=13.18 prov=NONE coast=4.75m/0.74rad dpsi=+0.0000
[taskset-1] [INFO] [1791036733.402157112] [wall_distance_node]: DWALL | phase=UNKNOWN track=227 valid=False d_wall=+nan heading_rel=+nan rms=0.0134 n=161 age=14.18 prov=NONE coast=5.19m/0.75rad dpsi=+0.0000
[taskset-1] [INFO] [1791036734.500243845] [wall_distance_node]: DWALL | phase=UNKNOWN track=227 valid=False d_wall=+nan heading_rel=+nan rms=0.0134 n=161 age=15.28 prov=NONE coast=5.68m/0.77rad dpsi=+0.0000
[taskset-1] [INFO] [1791036735.510503923] [wall_distance_node]: DWALL | phase=UNKNOWN track=227 valid=False d_wall=+nan heading_rel=+nan rms=0.0134 n=161 age=16.28 prov=NONE coast=6.12m/0.79rad dpsi=+0.0000
[taskset-1] [INFO] [1791036736.606923103] [wall_distance_node]: DWALL | phase=UNKNOWN track=227 valid=False d_wall=+nan heading_rel=+nan rms=0.0134 n=161 age=17.38 prov=NONE coast=6.60m/0.80rad dpsi=+0.0000
[taskset-1] [INFO] [1791036737.611992754] [wall_distance_node]: DWALL | phase=UNKNOWN track=227 valid=False d_wall=+nan heading_rel=+nan rms=0.0134 n=161 age=18.38 prov=NONE coast=7.05m/0.81rad dpsi=+0.0000
[taskset-1] [INFO] [1791036738.707667821] [wall_distance_node]: DWALL | phase=UNKNOWN track=227 valid=False d_wall=+nan heading_rel=+nan rms=0.0134 n=161 age=19.48 prov=NONE coast=7.53m/0.83rad dpsi=+0.0000
[taskset-1] [WARN] [1791036739.706614978] [wall_distance_node]: COAST/cap | track 223 coasted 3.87 m / 0.11 rad past the cap (0.50 m / 0.35 rad): d_wall is no longer trusted. The caps are set by the measured odometry bias (distance 17-20% short, gyro yaw gain 0.93-1.09), not by caution -- raise them only after that calibration lands.
[taskset-1] [INFO] [1791036739.707982499] [wall_distance_node]: DWALL | phase=UNKNOWN track=223 valid=False d_wall=+nan heading_rel=+nan rms=0.0096 n=224 age=8.79 prov=NONE coast=3.87m/0.11rad dpsi=+0.0000
[taskset-1] [INFO] [1791036740.717908710] [wall_distance_node]: DWALL | phase=UNKNOWN track=223 valid=False d_wall=+nan heading_rel=+nan rms=0.0096 n=224 age=9.79 prov=NONE coast=4.31m/0.11rad dpsi=+0.0000
[taskset-1] [INFO] [1791036741.809972629] [wall_distance_node]: DWALL | phase=UNKNOWN track=223 valid=False d_wall=+nan heading_rel=+nan rms=0.0096 n=224 age=10.89 prov=NONE coast=4.79m/0.12rad dpsi=+0.0000
[taskset-1] [INFO] [1791036742.816763568] [wall_distance_node]: DWALL | phase=UNKNOWN track=223 valid=False d_wall=+nan heading_rel=+nan rms=0.0096 n=224 age=11.89 prov=NONE coast=5.24m/0.12rad dpsi=+0.0000
[taskset-1] [INFO] [1791036743.911077046] [wall_distance_node]: DWALL | phase=UNKNOWN track=223 valid=False d_wall=+nan heading_rel=+nan rms=0.0096 n=224 age=12.99 prov=NONE coast=5.72m/0.13rad dpsi=+0.0000
[taskset-1] [INFO] [1791036744.912503400] [wall_distance_node]: DWALL | phase=UNKNOWN track=223 valid=False d_wall=+nan heading_rel=+nan rms=0.0096 n=224 age=13.99 prov=NONE coast=6.16m/0.13rad dpsi=+0.0000
[taskset-1] [WARN] [1791036745.632011619] [wall_distance_node]: COAST/cap | track 281 coasted 0.53 m / 0.00 rad past the cap (0.50 m / 0.35 rad): d_wall is no longer trusted. The caps are set by the measured odometry bias (distance 17-20% short, gyro yaw gain 0.93-1.09), not by caution -- raise them only after that calibration lands.
[taskset-1] [INFO] [1791036745.933454978] [wall_distance_node]: DWALL | phase=UNKNOWN track=281 valid=False d_wall=+nan heading_rel=+nan rms=0.0061 n=88 age=1.48 prov=NONE coast=0.67m/0.00rad dpsi=+0.0000
[taskset-1] [INFO] [1791036747.033052763] [wall_distance_node]: DWALL | phase=UNKNOWN track=281 valid=False d_wall=+nan heading_rel=+nan rms=0.0061 n=88 age=2.58 prov=NONE coast=1.15m/0.01rad dpsi=+0.0000
[taskset-1] [INFO] [1791036748.116022451] [wall_distance_node]: DWALL | phase=UNKNOWN track=223 valid=False d_wall=+nan heading_rel=+nan rms=0.0096 n=224 age=17.19 prov=NONE coast=7.58m/0.14rad dpsi=+0.0000
[taskset-1] [INFO] [1791036749.118712139] [wall_distance_node]: DWALL | phase=UNKNOWN track=223 valid=False d_wall=+nan heading_rel=+nan rms=0.0096 n=224 age=18.19 prov=NONE coast=8.02m/0.15rad dpsi=+0.0000
[taskset-1] [INFO] [1791036750.119385327] [wall_distance_node]: DWALL | phase=UNKNOWN track=223 valid=False d_wall=+nan heading_rel=+nan rms=0.0096 n=224 age=19.19 prov=NONE coast=8.47m/0.16rad dpsi=+0.0000
[taskset-1] [INFO] [1791036751.124426147] [wall_distance_node]: DWALL | phase=UNKNOWN track=223 valid=False d_wall=+nan heading_rel=+nan rms=0.0096 n=224 age=20.19 prov=NONE coast=8.91m/0.16rad dpsi=+0.0000
[taskset-1] [WARN] [1791036752.209802008] [wall_distance_node]: COAST/cap | track 154 coasted 405.11 m / 24.75 rad past the cap (0.50 m / 0.35 rad): d_wall is no longer trusted. The caps are set by the measured odometry bias (distance 17-20% short, gyro yaw gain 0.93-1.09), not by caution -- raise them only after that calibration lands.
[taskset-1] [INFO] [1791036752.211308084] [wall_distance_node]: DWALL | phase=UNKNOWN track=154 valid=False d_wall=+nan heading_rel=+nan rms=0.0173 n=88 age=81.38 prov=NONE coast=405.11m/24.75rad dpsi=+0.0000
[taskset-1] [INFO] [1791036753.304539902] [wall_distance_node]: DWALL | phase=UNKNOWN track=296 valid=True d_wall=+1.528 heading_rel=+0.283 rms=0.0075 n=43 age=0.00 prov=GEOMETRIC coast=0.00m/0.00rad dpsi=+0.0000
[taskset-1] [INFO] [1791036754.403981039] [wall_distance_node]: DWALL | phase=UNKNOWN track=296 valid=True d_wall=+1.494 heading_rel=+0.284 rms=0.0153 n=133 age=0.00 prov=GEOMETRIC coast=0.00m/0.00rad dpsi=+0.0000
[taskset-1] [INFO] [1791036755.409854645] [wall_distance_node]: DWALL | phase=UNKNOWN track=296 valid=True d_wall=+1.483 heading_rel=+0.281 rms=0.0135 n=107 age=0.00 prov=GEOMETRIC coast=0.00m/0.00rad dpsi=+0.0000
[taskset-1] [INFO] [1791036756.506017800] [wall_distance_node]: DWALL | phase=UNKNOWN track=296 valid=True d_wall=+1.520 heading_rel=+0.299 rms=0.0094 n=51 age=0.00 prov=GEOMETRIC coast=0.00m/0.00rad dpsi=+0.0000
[taskset-1] [INFO] [1791036757.607019764] [wall_distance_node]: DWALL | phase=UNKNOWN track=296 valid=True d_wall=+1.503 heading_rel=+0.323 rms=0.0101 n=40 age=0.99 prov=PREDICTED coast=0.05m/0.00rad dpsi=+0.0000
[taskset-1] [INFO] [1791036758.705497921] [wall_distance_node]: DWALL | phase=UNKNOWN track=296 valid=True d_wall=+1.483 heading_rel=+0.379 rms=0.0101 n=40 age=2.09 prov=PREDICTED coast=0.14m/0.06rad dpsi=+0.0000
[taskset-1] [INFO] [1791036759.711002958] [wall_distance_node]: DWALL | phase=UNKNOWN track=296 valid=True d_wall=+1.455 heading_rel=+0.431 rms=0.0082 n=42 age=0.29 prov=PREDICTED coast=0.03m/0.04rad dpsi=+0.0000
[taskset-1] [INFO] [1791036760.717570738] [wall_distance_node]: DWALL | phase=UNKNOWN track=296 valid=True d_wall=+1.385 heading_rel=+0.546 rms=0.0082 n=42 age=1.28 prov=PREDICTED coast=0.18m/0.15rad dpsi=+0.0000
[taskset-1] [INFO] [1791036761.807886795] [wall_distance_node]: DWALL | phase=UNKNOWN track=296 valid=True d_wall=+1.238 heading_rel=+0.641 rms=0.0082 n=42 age=2.38 prov=PREDICTED coast=0.44m/0.25rad dpsi=+0.0000
[taskset-1] [INFO] [1791036762.899546610] [wall_distance_node]: DWALL | phase=UNKNOWN track=296 valid=True d_wall=+1.048 heading_rel=+0.449 rms=0.0142 n=152 age=0.00 prov=GEOMETRIC coast=0.00m/0.00rad dpsi=+0.0000
[taskset-1] [INFO] [1791036763.902173332] [wall_distance_node]: DWALL | phase=UNKNOWN track=296 valid=True d_wall=+0.933 heading_rel=+0.301 rms=0.0141 n=165 age=0.08 prov=PREDICTED coast=0.04m/0.01rad dpsi=+0.0000
[taskset-1] [INFO] [1791036765.003695277] [wall_distance_node]: DWALL | phase=UNKNOWN track=296 valid=True d_wall=+0.882 heading_rel=+0.159 rms=0.0116 n=130 age=0.08 prov=PREDICTED coast=0.03m/0.01rad dpsi=+0.0000
[taskset-1] [INFO] [1791036766.004177560] [wall_distance_node]: DWALL | phase=UNKNOWN track=296 valid=True d_wall=+0.871 heading_rel=+0.061 rms=0.0087 n=87 age=0.00 prov=GEOMETRIC coast=0.00m/0.00rad dpsi=+0.0000
[taskset-1] [INFO] [1791036767.104047175] [wall_distance_node]: DWALL | phase=UNKNOWN track=296 valid=True d_wall=+0.886 heading_rel=-0.024 rms=0.0107 n=86 age=0.00 prov=GEOMETRIC coast=0.00m/0.00rad dpsi=+0.0000
[taskset-1] [INFO] [1791036768.107604388] [wall_distance_node]: DWALL | phase=UNKNOWN track=296 valid=True d_wall=+0.880 heading_rel=-0.011 rms=0.0105 n=86 age=0.88 prov=PREDICTED coast=0.28m/0.03rad dpsi=+0.0000
[taskset-1] [WARN] [1791036768.707778976] [wall_distance_node]: COAST/cap | track 296 coasted 0.51 m / 0.04 rad past the cap (0.50 m / 0.35 rad): d_wall is no longer trusted. The caps are set by the measured odometry bias (distance 17-20% short, gyro yaw gain 0.93-1.09), not by caution -- raise them only after that calibration lands.
[taskset-1] [WARN] [1791036768.804885528] [wall_distance_node]: COAST/cap | track 303 coasted 2.66 m / 1.01 rad past the cap (0.50 m / 0.35 rad): d_wall is no longer trusted. The caps are set by the measured odometry bias (distance 17-20% short, gyro yaw gain 0.93-1.09), not by caution -- raise them only after that calibration lands.
[taskset-1] [INFO] [1791036769.210284500] [wall_distance_node]: DWALL | phase=UNKNOWN track=303 valid=False d_wall=+nan heading_rel=+nan rms=0.0082 n=41 age=10.78 prov=NONE coast=2.82m/1.02rad dpsi=+0.0000
[taskset-1] [INFO] [1791036770.214240517] [wall_distance_node]: DWALL | phase=UNKNOWN track=303 valid=False d_wall=+nan heading_rel=+nan rms=0.0082 n=41 age=11.78 prov=NONE coast=3.22m/1.05rad dpsi=+0.0000
[taskset-1] [INFO] [1791036771.308398386] [wall_distance_node]: DWALL | phase=UNKNOWN track=303 valid=False d_wall=+nan heading_rel=+nan rms=0.0082 n=41 age=12.88 prov=NONE coast=3.69m/1.07rad dpsi=+0.0000
[taskset-1] [INFO] [1791036772.309519963] [wall_distance_node]: DWALL | phase=UNKNOWN track=154 valid=False d_wall=+nan heading_rel=+nan rms=0.0173 n=88 age=101.48 prov=NONE coast=473.71m/35.48rad dpsi=+0.0000
[taskset-1] [INFO] [1791036773.310987784] [wall_distance_node]: DWALL | phase=UNKNOWN track=154 valid=False d_wall=+nan heading_rel=+nan rms=0.0173 n=88 age=102.49 prov=NONE coast=474.14m/35.48rad dpsi=+0.0000
[taskset-1] [INFO] [1791036774.408982086] [wall_distance_node]: DWALL | phase=UNKNOWN track=154 valid=False d_wall=+nan heading_rel=+nan rms=0.0173 n=88 age=103.58 prov=NONE coast=474.63m/35.48rad dpsi=+0.0000
[taskset-1] [INFO] [1791036775.509544428] [wall_distance_node]: DWALL | phase=UNKNOWN track=154 valid=False d_wall=+nan heading_rel=+nan rms=0.0173 n=88 age=104.68 prov=NONE coast=475.11m/35.49rad dpsi=+0.0000
[taskset-1] [INFO] [1791036776.609814898] [wall_distance_node]: DWALL | phase=UNKNOWN track=154 valid=False d_wall=+nan heading_rel=+nan rms=0.0173 n=88 age=105.78 prov=NONE coast=475.57m/35.51rad dpsi=+0.0000
[taskset-1] [INFO] [1791036777.707750495] [wall_distance_node]: DWALL | phase=UNKNOWN track=154 valid=False d_wall=+nan heading_rel=+nan rms=0.0173 n=88 age=106.88 prov=NONE coast=476.07m/35.54rad dpsi=+0.0000
[taskset-1] [WARN] [1791036778.404099113] [wall_distance_node]: COAST/cap | track 300 coasted 6.29 m / 0.79 rad past the cap (0.50 m / 0.35 rad): d_wall is no longer trusted. The caps are set by the measured odometry bias (distance 17-20% short, gyro yaw gain 0.93-1.09), not by caution -- raise them only after that calibration lands.
[taskset-1] [INFO] [1791036778.723134073] [wall_distance_node]: DWALL | phase=UNKNOWN track=300 valid=False d_wall=+nan heading_rel=+nan rms=0.0134 n=161 age=16.98 prov=NONE coast=6.43m/0.79rad dpsi=+0.0000
[taskset-1] [INFO] [1791036779.813546867] [wall_distance_node]: DWALL | phase=UNKNOWN track=300 valid=False d_wall=+nan heading_rel=+nan rms=0.0134 n=161 age=18.08 prov=NONE coast=6.91m/0.81rad dpsi=+0.0000
[taskset-1] [INFO] [1791036780.903869333] [wall_distance_node]: DWALL | phase=UNKNOWN track=300 valid=False d_wall=+nan heading_rel=+nan rms=0.0134 n=161 age=19.18 prov=NONE coast=7.40m/0.82rad dpsi=+0.0000
[taskset-1] [INFO] [1791036781.914784696] [wall_distance_node]: DWALL | phase=UNKNOWN track=300 valid=False d_wall=+nan heading_rel=+nan rms=0.0134 n=161 age=20.18 prov=NONE coast=7.83m/0.82rad dpsi=+0.0000
[taskset-1] [INFO] [1791036783.004673771] [wall_distance_node]: DWALL | phase=UNKNOWN track=300 valid=False d_wall=+nan heading_rel=+nan rms=0.0134 n=161 age=21.28 prov=NONE coast=8.33m/0.83rad dpsi=+0.0000
[taskset-1] [INFO] [1791036784.116078889] [wall_distance_node]: DWALL | phase=UNKNOWN track=300 valid=False d_wall=+nan heading_rel=+nan rms=0.0134 n=161 age=22.38 prov=NONE coast=8.81m/0.83rad dpsi=+0.0000
[taskset-1] [INFO] [1791036785.221794305] [wall_distance_node]: DWALL | phase=UNKNOWN track=300 valid=False d_wall=+nan heading_rel=+nan rms=0.0134 n=161 age=23.48 prov=NONE coast=9.29m/0.84rad dpsi=+0.0000
[taskset-1] [INFO] [1791036786.224810500] [wall_distance_node]: DWALL | phase=UNKNOWN track=300 valid=False d_wall=+nan heading_rel=+nan rms=0.0134 n=161 age=24.48 prov=NONE coast=9.73m/0.84rad dpsi=+0.0000
[taskset-1] [INFO] [1791036787.319427203] [wall_distance_node]: DWALL | phase=UNKNOWN track=300 valid=False d_wall=+nan heading_rel=+nan rms=0.0134 n=161 age=25.58 prov=NONE coast=10.21m/0.85rad dpsi=+0.0000
[taskset-1] [WARN] [1791036788.131200962] [wall_distance_node]: COAST/cap | track 352 coasted 0.54 m / 0.00 rad past the cap (0.50 m / 0.35 rad): d_wall is no longer trusted. The caps are set by the measured odometry bias (distance 17-20% short, gyro yaw gain 0.93-1.09), not by caution -- raise them only after that calibration lands.
[taskset-1] [INFO] [1791036788.331140180] [wall_distance_node]: DWALL | phase=UNKNOWN track=352 valid=False d_wall=+nan heading_rel=+nan rms=0.0061 n=88 age=1.38 prov=NONE coast=0.63m/0.00rad dpsi=+0.0000
[taskset-1] [INFO] [1791036789.423437266] [wall_distance_node]: DWALL | phase=UNKNOWN track=352 valid=False d_wall=+nan heading_rel=+nan rms=0.0061 n=88 age=2.48 prov=NONE coast=1.11m/0.01rad dpsi=+0.0000
[taskset-1] [INFO] [1791036790.430916523] [wall_distance_node]: DWALL | phase=UNKNOWN track=300 valid=False d_wall=+nan heading_rel=+nan rms=0.0134 n=161 age=28.68 prov=NONE coast=11.59m/0.86rad dpsi=+0.0000
[taskset-1] [INFO] [1791036791.515496528] [wall_distance_node]: DWALL | phase=UNKNOWN track=300 valid=False d_wall=+nan heading_rel=+nan rms=0.0134 n=161 age=29.78 prov=NONE coast=12.08m/0.86rad dpsi=+0.0000
[taskset-1] [INFO] [1791036792.515656478] [wall_distance_node]: DWALL | phase=UNKNOWN track=281 valid=False d_wall=+nan heading_rel=+nan rms=0.0061 n=88 age=48.08 prov=NONE coast=198.18m/15.43rad dpsi=+0.0000
[taskset-1] [INFO] [1791036793.624038806] [wall_distance_node]: DWALL | phase=UNKNOWN track=281 valid=False d_wall=+nan heading_rel=+nan rms=0.0061 n=88 age=49.18 prov=NONE coast=198.66m/15.43rad dpsi=+0.0000
[taskset-1] [INFO] [1791036794.624985634] [wall_distance_node]: DWALL | phase=UNKNOWN track=300 valid=False d_wall=+nan heading_rel=+nan rms=0.0134 n=161 age=32.88 prov=NONE coast=13.46m/0.89rad dpsi=+0.0000
[taskset-1] [INFO] [1791036795.711065051] [wall_distance_node]: DWALL | phase=UNKNOWN track=367 valid=True d_wall=+1.497 heading_rel=+0.278 rms=0.0150 n=137 age=0.00 prov=GEOMETRIC coast=0.00m/0.00rad dpsi=+0.0000
[taskset-1] [INFO] [1791036796.805594722] [wall_distance_node]: DWALL | phase=UNKNOWN track=367 valid=True d_wall=+1.471 heading_rel=+0.284 rms=0.0160 n=131 age=0.28 prov=PREDICTED coast=0.10m/0.00rad dpsi=+0.0000
[taskset-1] [INFO] [1791036797.909319575] [wall_distance_node]: DWALL | phase=UNKNOWN track=367 valid=True d_wall=+1.438 heading_rel=+0.284 rms=0.0160 n=131 age=1.38 prov=PREDICTED coast=0.29m/0.00rad dpsi=+0.0000
[taskset-1] [INFO] [1791036799.006677447] [wall_distance_node]: DWALL | phase=UNKNOWN track=367 valid=True d_wall=+1.429 heading_rel=+0.284 rms=0.0160 n=131 age=2.48 prov=PREDICTED coast=0.41m/0.00rad dpsi=+0.0000
[taskset-1] [INFO] [1791036800.106786062] [wall_distance_node]: DWALL | phase=UNKNOWN track=367 valid=True d_wall=+1.480 heading_rel=+0.378 rms=0.0122 n=50 age=0.00 prov=GEOMETRIC coast=0.00m/0.00rad dpsi=+0.0000
[taskset-1] [INFO] [1791036801.106871664] [wall_distance_node]: DWALL | phase=UNKNOWN track=367 valid=True d_wall=+1.486 heading_rel=+0.397 rms=0.0082 n=41 age=0.18 prov=PREDICTED coast=0.02m/0.02rad dpsi=+0.0000
[taskset-1] [INFO] [1791036802.214267792] [wall_distance_node]: DWALL | phase=UNKNOWN track=367 valid=True d_wall=+1.441 heading_rel=+0.529 rms=0.0082 n=41 age=1.28 prov=PREDICTED coast=0.13m/0.15rad dpsi=+0.0000
[taskset-1] [INFO] [1791036803.219873361] [wall_distance_node]: DWALL | phase=UNKNOWN track=367 valid=True d_wall=+1.359 heading_rel=+0.644 rms=0.0082 n=41 age=2.28 prov=PREDICTED coast=0.28m/0.27rad dpsi=+0.0000
[taskset-1] [WARN] [1791036804.015226718] [wall_distance_node]: COAST/cap | track 367 coasted 0.46 m / 0.35 rad past the cap (0.50 m / 0.35 rad): d_wall is no longer trusted. The caps are set by the measured odometry bias (distance 17-20% short, gyro yaw gain 0.93-1.09), not by caution -- raise them only after that calibration lands.
[taskset-1] [INFO] [1791036804.222078665] [wall_distance_node]: DWALL | phase=UNKNOWN track=367 valid=False d_wall=+nan heading_rel=+nan rms=0.0082 n=41 age=3.28 prov=NONE coast=0.51m/0.36rad dpsi=+0.0000
[taskset-1] [INFO] [1791036805.297898840] [wall_distance_node]: DWALL | phase=UNKNOWN track=367 valid=False d_wall=+nan heading_rel=+nan rms=0.0082 n=41 age=4.38 prov=NONE coast=0.85m/0.53rad dpsi=+0.0000
[taskset-1] [INFO] [1791036806.310651472] [wall_distance_node]: DWALL | phase=UNKNOWN track=367 valid=False d_wall=+nan heading_rel=+nan rms=0.0082 n=41 age=5.38 prov=NONE coast=1.23m/0.67rad dpsi=+0.0000
[taskset-1] [INFO] [1791036807.311184732] [wall_distance_node]: DWALL | phase=UNKNOWN track=367 valid=False d_wall=+nan heading_rel=+nan rms=0.0082 n=41 age=6.38 prov=NONE coast=1.56m/0.80rad dpsi=+0.0000
[taskset-1] [INFO] [1791036808.402591625] [wall_distance_node]: DWALL | phase=UNKNOWN track=367 valid=False d_wall=+nan heading_rel=+nan rms=0.0082 n=41 age=7.48 prov=NONE coast=1.81m/0.91rad dpsi=+0.0000
[taskset-1] [INFO] [1791036809.406236639] [wall_distance_node]: DWALL | phase=UNKNOWN track=367 valid=False d_wall=+nan heading_rel=+nan rms=0.0082 n=41 age=8.48 prov=NONE coast=2.04m/0.98rad dpsi=+0.0000
[taskset-1] [INFO] [1791036810.505551301] [wall_distance_node]: DWALL | phase=UNKNOWN track=367 valid=False d_wall=+nan heading_rel=+nan rms=0.0082 n=41 age=9.58 prov=NONE coast=2.37m/1.01rad dpsi=+0.0000
[taskset-1] [INFO] [1791036811.509015262] [wall_distance_node]: DWALL | phase=UNKNOWN track=367 valid=False d_wall=+nan heading_rel=+nan rms=0.0082 n=41 age=10.58 prov=NONE coast=2.75m/1.03rad dpsi=+0.0000
[taskset-1] [INFO] [1791036812.510082293] [wall_distance_node]: DWALL | phase=UNKNOWN track=367 valid=False d_wall=+nan heading_rel=+nan rms=0.0082 n=41 age=11.58 prov=NONE coast=3.14m/1.06rad dpsi=+0.0000
[taskset-1] [INFO] [1791036813.513400040] [wall_distance_node]: DWALL | phase=UNKNOWN track=367 valid=False d_wall=+nan heading_rel=+nan rms=0.0082 n=41 age=12.58 prov=NONE coast=3.56m/1.08rad dpsi=+0.0000
[taskset-1] [WARN] [1791036813.906034367] [wall_distance_node]: COAST/cap | track 372 coasted 3.22 m / 0.72 rad past the cap (0.50 m / 0.35 rad): d_wall is no longer trusted. The caps are set by the measured odometry bias (distance 17-20% short, gyro yaw gain 0.93-1.09), not by caution -- raise them only after that calibration lands.
[taskset-1] [INFO] [1791036814.608707196] [wall_distance_node]: DWALL | phase=UNKNOWN track=372 valid=False d_wall=+nan heading_rel=+nan rms=0.0134 n=161 age=10.37 prov=NONE coast=3.53m/0.73rad dpsi=+0.0000
[taskset-1] [INFO] [1791036815.710453725] [wall_distance_node]: DWALL | phase=UNKNOWN track=372 valid=False d_wall=+nan heading_rel=+nan rms=0.0134 n=161 age=11.47 prov=NONE coast=4.01m/0.73rad dpsi=+0.0000
[taskset-1] [INFO] [1791036816.807156709] [wall_distance_node]: DWALL | phase=UNKNOWN track=372 valid=False d_wall=+nan heading_rel=+nan rms=0.0134 n=161 age=12.57 prov=NONE coast=4.50m/0.73rad dpsi=+0.0000
[taskset-1] [INFO] [1791036817.809791642] [wall_distance_node]: DWALL | phase=UNKNOWN track=372 valid=False d_wall=+nan heading_rel=+nan rms=0.0134 n=161 age=13.57 prov=NONE coast=4.93m/0.74rad dpsi=+0.0000
[taskset-1] [INFO] [1791036818.903741530] [wall_distance_node]: DWALL | phase=UNKNOWN track=372 valid=False d_wall=+nan heading_rel=+nan rms=0.0134 n=161 age=14.67 prov=NONE coast=5.42m/0.76rad dpsi=+0.0000
[taskset-1] [INFO] [1791036819.993940061] [wall_distance_node]: DWALL | phase=UNKNOWN track=372 valid=False d_wall=+nan heading_rel=+nan rms=0.0134 n=161 age=15.77 prov=NONE coast=5.90m/0.79rad dpsi=+0.0000
[taskset-1] [WARN] [1791036820.499244091] [wall_distance_node]: COAST/cap | track 381 coasted 5.62 m / 0.56 rad past the cap (0.50 m / 0.35 rad): d_wall is no longer trusted. The caps are set by the measured odometry bias (distance 17-20% short, gyro yaw gain 0.93-1.09), not by caution -- raise them only after that calibration lands.
[taskset-1] [INFO] [1791036821.004273672] [wall_distance_node]: DWALL | phase=UNKNOWN track=381 valid=False d_wall=+nan heading_rel=+nan rms=0.0133 n=153 age=15.27 prov=NONE coast=5.85m/0.57rad dpsi=+0.0000
[taskset-1] [INFO] [1791036822.106578371] [wall_distance_node]: DWALL | phase=UNKNOWN track=381 valid=False d_wall=+nan heading_rel=+nan rms=0.0133 n=153 age=16.37 prov=NONE coast=6.33m/0.58rad dpsi=+0.0000
[taskset-1] [INFO] [1791036823.108271984] [wall_distance_node]: DWALL | phase=UNKNOWN track=381 valid=False d_wall=+nan heading_rel=+nan rms=0.0133 n=153 age=17.37 prov=NONE coast=6.77m/0.59rad dpsi=+0.0000
[taskset-1] [INFO] [1791036824.111690188] [wall_distance_node]: DWALL | phase=UNKNOWN track=381 valid=False d_wall=+nan heading_rel=+nan rms=0.0133 n=153 age=18.37 prov=NONE coast=7.22m/0.60rad dpsi=+0.0000
[taskset-1] [INFO] [1791036825.211516043] [wall_distance_node]: DWALL | phase=UNKNOWN track=381 valid=False d_wall=+nan heading_rel=+nan rms=0.0133 n=153 age=19.47 prov=NONE coast=7.68m/0.61rad dpsi=+0.0000
[taskset-1] [INFO] [1791036826.237849501] [wall_distance_node]: DWALL | phase=UNKNOWN track=381 valid=False d_wall=+nan heading_rel=+nan rms=0.0133 n=153 age=20.47 prov=NONE coast=8.14m/0.61rad dpsi=+0.0000
[taskset-1] [INFO] [1791036827.244748175] [wall_distance_node]: DWALL | phase=UNKNOWN track=381 valid=False d_wall=+nan heading_rel=+nan rms=0.0133 n=153 age=21.47 prov=NONE coast=8.58m/0.62rad dpsi=+0.0000
[taskset-1] [INFO] [1791036828.321231829] [wall_distance_node]: DWALL | phase=UNKNOWN track=381 valid=False d_wall=+nan heading_rel=+nan rms=0.0133 n=153 age=22.57 prov=NONE coast=9.06m/0.62rad dpsi=+0.0000
[taskset-1] [INFO] [1791036829.421072640] [wall_distance_node]: DWALL | phase=UNKNOWN track=381 valid=False d_wall=+nan heading_rel=+nan rms=0.0133 n=153 age=23.67 prov=NONE coast=9.55m/0.62rad dpsi=+0.0000
[taskset-1] [INFO] [1791036830.438729843] [wall_distance_node]: DWALL | phase=UNKNOWN track=421 valid=True d_wall=+0.375 heading_rel=+1.531 rms=0.0061 n=88 age=0.97 prov=PREDICTED coast=0.44m/0.00rad dpsi=+0.0000
[taskset-1] [WARN] [1791036830.639514633] [wall_distance_node]: COAST/cap | track 421 coasted 0.53 m / 0.00 rad past the cap (0.50 m / 0.35 rad): d_wall is no longer trusted. The caps are set by the measured odometry bias (distance 17-20% short, gyro yaw gain 0.93-1.09), not by caution -- raise them only after that calibration lands.
[taskset-1] [INFO] [1791036831.525426576] [wall_distance_node]: DWALL | phase=UNKNOWN track=421 valid=False d_wall=+nan heading_rel=+nan rms=0.0061 n=88 age=2.07 prov=NONE coast=0.93m/0.01rad dpsi=+0.0000
[taskset-1] [INFO] [1791036832.526257950] [wall_distance_node]: DWALL | phase=UNKNOWN track=381 valid=False d_wall=+nan heading_rel=+nan rms=0.0133 n=153 age=26.77 prov=NONE coast=10.92m/0.63rad dpsi=+0.0000
[taskset-1] [INFO] [1791036833.628241022] [wall_distance_node]: DWALL | phase=UNKNOWN track=381 valid=False d_wall=+nan heading_rel=+nan rms=0.0133 n=153 age=27.87 prov=NONE coast=11.41m/0.64rad dpsi=+0.0000
[taskset-1] [INFO] [1791036834.724802040] [wall_distance_node]: DWALL | phase=UNKNOWN track=381 valid=False d_wall=+nan heading_rel=+nan rms=0.0133 n=153 age=28.97 prov=NONE coast=11.90m/0.65rad dpsi=+0.0000
[taskset-1] [INFO] [1791036835.740990592] [wall_distance_node]: DWALL | phase=UNKNOWN track=381 valid=False d_wall=+nan heading_rel=+nan rms=0.0133 n=153 age=29.97 prov=NONE coast=12.34m/0.66rad dpsi=+0.0000
[taskset-1] [INFO] [1791036836.753966208] [wall_distance_node]: DWALL | phase=UNKNOWN track=381 valid=False d_wall=+nan heading_rel=+nan rms=0.0133 n=153 age=30.98 prov=NONE coast=12.78m/0.66rad dpsi=+0.0000
[taskset-1] [WARN] [1791036837.604173450] [wall_distance_node]: COAST/cap | track 363 coasted 386.32 m / 32.98 rad past the cap (0.50 m / 0.35 rad): d_wall is no longer trusted. The caps are set by the measured odometry bias (distance 17-20% short, gyro yaw gain 0.93-1.09), not by caution -- raise them only after that calibration lands.
[taskset-1] [INFO] [1791036837.804499480] [wall_distance_node]: DWALL | phase=UNKNOWN track=363 valid=False d_wall=+nan heading_rel=+nan rms=0.0056 n=201 age=43.17 prov=NONE coast=386.40m/33.00rad dpsi=+0.0000
[taskset-1] [INFO] [1791036838.901305008] [wall_distance_node]: DWALL | phase=UNKNOWN track=363 valid=False d_wall=+nan heading_rel=+nan rms=0.0056 n=201 age=44.27 prov=NONE coast=387.03m/33.05rad dpsi=+0.0000
[taskset-1] [INFO] [1791036840.005910913] [wall_distance_node]: DWALL | phase=UNKNOWN track=363 valid=False d_wall=+nan heading_rel=+nan rms=0.0056 n=201 age=45.37 prov=NONE coast=387.37m/33.05rad dpsi=+0.0000
[taskset-1] [INFO] [1791036841.024038348] [wall_distance_node]: DWALL | phase=UNKNOWN track=363 valid=False d_wall=+nan heading_rel=+nan rms=0.0056 n=201 age=46.37 prov=NONE coast=387.58m/33.05rad dpsi=+0.0000
[taskset-1] [INFO] [1791036842.107525036] [wall_distance_node]: DWALL | phase=UNKNOWN track=363 valid=False d_wall=+nan heading_rel=+nan rms=0.0056 n=201 age=47.47 prov=NONE coast=387.66m/33.05rad dpsi=+0.0000
[taskset-1] [INFO] [1791036843.230942992] [wall_distance_node]: DWALL | phase=UNKNOWN track=363 valid=False d_wall=+nan heading_rel=+nan rms=0.0056 n=201 age=48.57 prov=NONE coast=387.73m/33.06rad dpsi=+0.0000
[taskset-1] [INFO] [1791036844.239847491] [wall_distance_node]: DWALL | phase=UNKNOWN track=363 valid=False d_wall=+nan heading_rel=+nan rms=0.0056 n=201 age=49.57 prov=NONE coast=387.84m/33.15rad dpsi=+0.0000
[taskset-1] [INFO] [1791036845.320983371] [wall_distance_node]: DWALL | phase=UNKNOWN track=363 valid=False d_wall=+nan heading_rel=+nan rms=0.0056 n=201 age=50.67 prov=NONE coast=387.96m/33.29rad dpsi=+0.0000
[taskset-1] [INFO] [1791036846.328565692] [wall_distance_node]: DWALL | phase=UNKNOWN track=363 valid=False d_wall=+nan heading_rel=+nan rms=0.0056 n=201 age=51.67 prov=NONE coast=388.17m/33.41rad dpsi=+0.0000
[taskset-1] [WARN] [1791036847.237728962] [wall_distance_node]: COAST/cap | track 362 coasted 388.55 m / 33.50 rad past the cap (0.50 m / 0.35 rad): d_wall is no longer trusted. The caps are set by the measured odometry bias (distance 17-20% short, gyro yaw gain 0.93-1.09), not by caution -- raise them only after that calibration lands.
[taskset-1] [INFO] [1791036847.409526157] [wall_distance_node]: DWALL | phase=UNKNOWN track=362 valid=False d_wall=+nan heading_rel=+nan rms=0.0063 n=222 age=53.07 prov=NONE coast=388.61m/33.54rad dpsi=+0.0000
[taskset-1] [INFO] [1791036848.413302587] [wall_distance_node]: DWALL | phase=UNKNOWN track=362 valid=False d_wall=+nan heading_rel=+nan rms=0.0063 n=222 age=54.07 prov=NONE coast=388.97m/33.70rad dpsi=+0.0000
[taskset-1] [INFO] [1791036849.414916133] [wall_distance_node]: DWALL | phase=UNKNOWN track=363 valid=False d_wall=+nan heading_rel=+nan rms=0.0056 n=201 age=54.77 prov=NONE coast=389.20m/33.83rad dpsi=+0.0000
[taskset-1] [INFO] [1791036850.422098194] [wall_distance_node]: DWALL | phase=UNKNOWN track=363 valid=False d_wall=+nan heading_rel=+nan rms=0.0056 n=201 age=55.77 prov=NONE coast=389.47m/33.92rad dpsi=+0.0000
[taskset-1] [INFO] [1791036851.506646977] [wall_distance_node]: DWALL | phase=UNKNOWN track=363 valid=False d_wall=+nan heading_rel=+nan rms=0.0056 n=201 age=56.87 prov=NONE coast=389.70m/34.03rad dpsi=+0.0000
[taskset-1] [INFO] [1791036852.515688504] [wall_distance_node]: DWALL | phase=UNKNOWN track=363 valid=False d_wall=+nan heading_rel=+nan rms=0.0056 n=201 age=57.87 prov=NONE coast=389.97m/34.07rad dpsi=+0.0000
[taskset-1] [WARN] [1791036853.519132952] [wall_distance_node]: COAST/cap | track 361 coasted 390.72 m / 34.09 rad past the cap (0.50 m / 0.35 rad): d_wall is no longer trusted. The caps are set by the measured odometry bias (distance 17-20% short, gyro yaw gain 0.93-1.09), not by caution -- raise them only after that calibration lands.
[taskset-1] [INFO] [1791036853.522396660] [wall_distance_node]: DWALL | phase=UNKNOWN track=361 valid=False d_wall=+nan heading_rel=+nan rms=0.0066 n=284 age=59.77 prov=NONE coast=390.72m/34.09rad dpsi=+0.0000
[taskset-1] [INFO] [1791036854.614842347] [wall_distance_node]: DWALL | phase=UNKNOWN track=361 valid=False d_wall=+nan heading_rel=+nan rms=0.0066 n=284 age=60.87 prov=NONE coast=391.15m/34.12rad dpsi=+0.0000
[taskset-1] [INFO] [1791036855.617999022] [wall_distance_node]: DWALL | phase=UNKNOWN track=361 valid=False d_wall=+nan heading_rel=+nan rms=0.0066 n=284 age=61.87 prov=NONE coast=391.56m/34.15rad dpsi=+0.0000
[taskset-1] [WARN] [1791036856.123921712] [wall_distance_node]: COAST/cap | track 349 coasted 391.99 m / 34.16 rad past the cap (0.50 m / 0.35 rad): d_wall is no longer trusted. The caps are set by the measured odometry bias (distance 17-20% short, gyro yaw gain 0.93-1.09), not by caution -- raise them only after that calibration lands.
[taskset-1] [INFO] [1791036856.620362910] [wall_distance_node]: DWALL | phase=UNKNOWN track=349 valid=False d_wall=+nan heading_rel=+nan rms=0.0067 n=301 age=63.37 prov=NONE coast=392.21m/34.17rad dpsi=+0.0000
[taskset-1] [INFO] [1791036857.734800320] [wall_distance_node]: DWALL | phase=UNKNOWN track=349 valid=False d_wall=+nan heading_rel=+nan rms=0.0067 n=301 age=64.47 prov=NONE coast=392.68m/34.17rad dpsi=+0.0000
[taskset-1] [INFO] [1791036858.843291473] [wall_distance_node]: DWALL | phase=UNKNOWN track=349 valid=False d_wall=+nan heading_rel=+nan rms=0.0067 n=301 age=65.57 prov=NONE coast=393.17m/34.17rad dpsi=+0.0000
[taskset-1] [INFO] [1791036859.912981898] [wall_distance_node]: DWALL | phase=UNKNOWN track=349 valid=False d_wall=+nan heading_rel=+nan rms=0.0067 n=301 age=66.67 prov=NONE coast=393.65m/34.18rad dpsi=+0.0000
[taskset-1] [WARN] [1791036860.611023666] [wall_distance_node]: COAST/cap | track 448 coasted 5.06 m / 0.74 rad past the cap (0.50 m / 0.35 rad): d_wall is no longer trusted. The caps are set by the measured odometry bias (distance 17-20% short, gyro yaw gain 0.93-1.09), not by caution -- raise them only after that calibration lands.
[taskset-1] [WARN] [1791036860.824855218] [wall_distance_node]: COAST/cap | track 333 coasted 400.06 m / 34.27 rad past the cap (0.50 m / 0.35 rad): d_wall is no longer trusted. The caps are set by the measured odometry bias (distance 17-20% short, gyro yaw gain 0.93-1.09), not by caution -- raise them only after that calibration lands.
[taskset-1] [INFO] [1791036861.027413405] [wall_distance_node]: DWALL | phase=UNKNOWN track=333 valid=False d_wall=+nan heading_rel=+nan rms=0.0133 n=46 age=81.38 prov=NONE coast=400.15m/34.27rad dpsi=+0.0000
[taskset-1] [INFO] [1791036862.102322678] [wall_distance_node]: DWALL | phase=UNKNOWN track=333 valid=False d_wall=+nan heading_rel=+nan rms=0.0133 n=46 age=82.48 prov=NONE coast=400.64m/34.30rad dpsi=+0.0000
[taskset-1] [INFO] [1791036863.105164314] [wall_distance_node]: DWALL | phase=UNKNOWN track=333 valid=False d_wall=+nan heading_rel=+nan rms=0.0133 n=46 age=83.48 prov=NONE coast=401.07m/34.31rad dpsi=+0.0000
[taskset-1] [INFO] [1791036864.107812408] [wall_distance_node]: DWALL | phase=UNKNOWN track=333 valid=False d_wall=+nan heading_rel=+nan rms=0.0133 n=46 age=84.48 prov=NONE coast=401.52m/34.33rad dpsi=+0.0000
[taskset-1] [INFO] [1791036865.110328831] [wall_distance_node]: DWALL | phase=UNKNOWN track=333 valid=False d_wall=+nan heading_rel=+nan rms=0.0133 n=46 age=85.48 prov=NONE coast=401.96m/34.34rad dpsi=+0.0000
[taskset-1] [INFO] [1791036866.111718277] [wall_distance_node]: DWALL | phase=UNKNOWN track=333 valid=False d_wall=+nan heading_rel=+nan rms=0.0133 n=46 age=86.48 prov=NONE coast=402.40m/34.35rad dpsi=+0.0000
[taskset-1] [INFO] [1791036867.112473348] [wall_distance_node]: DWALL | phase=UNKNOWN track=333 valid=False d_wall=+nan heading_rel=+nan rms=0.0133 n=46 age=87.48 prov=NONE coast=402.84m/34.35rad dpsi=+0.0000
[taskset-1] [WARN] [1791036867.714462681] [wall_distance_node]: COAST/cap | track 348 coasted 401.87 m / 34.33 rad past the cap (0.50 m / 0.35 rad): d_wall is no longer trusted. The caps are set by the measured odometry bias (distance 17-20% short, gyro yaw gain 0.93-1.09), not by caution -- raise them only after that calibration lands.
[taskset-1] [INFO] [1791036868.120552138] [wall_distance_node]: DWALL | phase=UNKNOWN track=348 valid=False d_wall=+nan heading_rel=+nan rms=0.0129 n=75 age=85.68 prov=NONE coast=402.04m/34.33rad dpsi=+0.0000
[taskset-1] [INFO] [1791036869.254934079] [wall_distance_node]: DWALL | phase=UNKNOWN track=348 valid=False d_wall=+nan heading_rel=+nan rms=0.0129 n=75 age=86.79 prov=NONE coast=402.52m/34.34rad dpsi=+0.0000
[taskset-1] [INFO] [1791036870.256361195] [wall_distance_node]: DWALL | phase=UNKNOWN track=348 valid=False d_wall=+nan heading_rel=+nan rms=0.0129 n=75 age=87.79 prov=NONE coast=402.95m/34.34rad dpsi=+0.0000
[taskset-1] [INFO] [1791036871.256490765] [wall_distance_node]: DWALL | phase=UNKNOWN track=348 valid=False d_wall=+nan heading_rel=+nan rms=0.0129 n=75 age=88.78 prov=NONE coast=403.39m/34.35rad dpsi=+0.0000
[taskset-1] [INFO] [1791036872.266437519] [wall_distance_node]: DWALL | phase=UNKNOWN track=348 valid=False d_wall=+nan heading_rel=+nan rms=0.0129 n=75 age=89.79 prov=NONE coast=403.85m/34.35rad dpsi=+0.0000
[taskset-1] [WARN] [1791036872.942036808] [wall_distance_node]: COAST/cap | track 353 coasted 398.75 m / 34.29 rad past the cap (0.50 m / 0.35 rad): d_wall is no longer trusted. The caps are set by the measured odometry bias (distance 17-20% short, gyro yaw gain 0.93-1.09), not by caution -- raise them only after that calibration lands.
[taskset-1] [WARN] [1791036873.056608764] [wall_distance_node]: COAST/cap | track 491 coasted 0.53 m / 0.00 rad past the cap (0.50 m / 0.35 rad): d_wall is no longer trusted. The caps are set by the measured odometry bias (distance 17-20% short, gyro yaw gain 0.93-1.09), not by caution -- raise them only after that calibration lands.
[taskset-1] [INFO] [1791036873.291431506] [wall_distance_node]: DWALL | phase=UNKNOWN track=491 valid=False d_wall=+nan heading_rel=+nan rms=0.0056 n=91 age=1.36 prov=NONE coast=0.61m/0.00rad dpsi=+0.0000
[taskset-1] [INFO] [1791036874.352314368] [wall_distance_node]: DWALL | phase=UNKNOWN track=353 valid=False d_wall=+nan heading_rel=+nan rms=0.0053 n=235 age=79.67 prov=NONE coast=399.37m/34.30rad dpsi=+0.0000
[taskset-1] [WARN] [1791036875.429926263] [wall_distance_node]: COAST/cap | track 345 coasted 403.16 m / 34.34 rad past the cap (0.50 m / 0.35 rad): d_wall is no longer trusted. The caps are set by the measured odometry bias (distance 17-20% short, gyro yaw gain 0.93-1.09), not by caution -- raise them only after that calibration lands.
[taskset-1] [INFO] [1791036875.433845819] [wall_distance_node]: DWALL | phase=UNKNOWN track=345 valid=False d_wall=+nan heading_rel=+nan rms=0.0085 n=99 age=88.17 prov=NONE coast=403.16m/34.34rad dpsi=+0.0000
[taskset-1] [INFO] [1791036876.436065217] [wall_distance_node]: DWALL | phase=UNKNOWN track=345 valid=False d_wall=+nan heading_rel=+nan rms=0.0085 n=99 age=89.17 prov=NONE coast=403.60m/34.35rad dpsi=+0.0000
[taskset-1] [INFO] [1791036877.547322870] [wall_distance_node]: DWALL | phase=UNKNOWN track=345 valid=False d_wall=+nan heading_rel=+nan rms=0.0085 n=99 age=90.27 prov=NONE coast=404.09m/34.36rad dpsi=+0.0000
[taskset-1] [INFO] [1791036878.621566469] [wall_distance_node]: DWALL | phase=UNKNOWN track=448 valid=False d_wall=+nan heading_rel=+nan rms=0.0134 n=161 age=31.86 prov=NONE coast=13.02m/0.88rad dpsi=+0.0000
[taskset-1] [INFO] [1791036879.631727059] [wall_distance_node]: DWALL | phase=UNKNOWN track=448 valid=False d_wall=+nan heading_rel=+nan rms=0.0134 n=161 age=32.86 prov=NONE coast=13.46m/0.89rad dpsi=+0.0000
[taskset-1] [WARN] [1791036880.716849952] [wall_distance_node]: COAST/cap | track 301 coasted 661.98 m / 49.55 rad past the cap (0.50 m / 0.35 rad): d_wall is no longer trusted. The caps are set by the measured odometry bias (distance 17-20% short, gyro yaw gain 0.93-1.09), not by caution -- raise them only after that calibration lands.
[taskset-1] [INFO] [1791036880.726718001] [wall_distance_node]: DWALL | phase=UNKNOWN track=301 valid=False d_wall=+nan heading_rel=+nan rms=0.0112 n=124 age=116.38 prov=NONE coast=661.98m/49.55rad dpsi=+0.0000
[taskset-1] [INFO] [1791036881.841440325] [wall_distance_node]: DWALL | phase=UNKNOWN track=300 valid=False d_wall=+nan heading_rel=+nan rms=0.0134 n=161 age=120.07 prov=NONE coast=663.40m/49.95rad dpsi=+0.0000
[taskset-1] [INFO] [1791036882.920946087] [wall_distance_node]: DWALL | phase=UNKNOWN track=300 valid=False d_wall=+nan heading_rel=+nan rms=0.0134 n=161 age=121.18 prov=NONE coast=663.61m/49.95rad dpsi=+0.0000
[taskset-1] [INFO] [1791036884.012781976] [wall_distance_node]: DWALL | phase=UNKNOWN track=300 valid=False d_wall=+nan heading_rel=+nan rms=0.0134 n=161 age=122.28 prov=NONE coast=663.77m/49.95rad dpsi=+0.0000
[taskset-1] [INFO] [1791036885.105904208] [wall_distance_node]: DWALL | phase=UNKNOWN track=300 valid=False d_wall=+nan heading_rel=+nan rms=0.0134 n=161 age=123.38 prov=NONE coast=663.84m/49.95rad dpsi=+0.0000
[taskset-1] [INFO] [1791036886.107857639] [wall_distance_node]: DWALL | phase=UNKNOWN track=300 valid=False d_wall=+nan heading_rel=+nan rms=0.0134 n=161 age=124.38 prov=NONE coast=663.93m/49.99rad dpsi=+0.0000
[taskset-1] [INFO] [1791036887.120971514] [wall_distance_node]: DWALL | phase=UNKNOWN track=69 valid=False d_wall=+nan heading_rel=+nan rms=0.0048 n=255 age=262.47 prov=NONE coast=1459.29m/112.33rad dpsi=+0.0000
[taskset-1] [INFO] [1791036888.132805360] [wall_distance_node]: DWALL | phase=UNKNOWN track=69 valid=False d_wall=+nan heading_rel=+nan rms=0.0048 n=255 age=263.47 prov=NONE coast=1459.43m/112.44rad dpsi=+0.0000
[taskset-1] [INFO] [1791036889.233559020] [wall_distance_node]: DWALL | phase=UNKNOWN track=69 valid=False d_wall=+nan heading_rel=+nan rms=0.0048 n=255 age=264.57 prov=NONE coast=1459.68m/112.55rad dpsi=+0.0000
[taskset-1] [WARN] [1791036889.608122954] [wall_distance_node]: COAST/cap | track 332 coasted 660.40 m / 49.65 rad past the cap (0.50 m / 0.35 rad): d_wall is no longer trusted. The caps are set by the measured odometry bias (distance 17-20% short, gyro yaw gain 0.93-1.09), not by caution -- raise them only after that calibration lands.
[taskset-1] [INFO] [1791036890.314421243] [wall_distance_node]: DWALL | phase=UNKNOWN track=332 valid=False d_wall=+nan heading_rel=+nan rms=0.0114 n=225 age=116.77 prov=NONE coast=660.63m/49.79rad dpsi=+0.0000
[taskset-1] [WARN] [1791036890.722832133] [wall_distance_node]: COAST/cap | track 304 coasted 660.89 m / 49.84 rad past the cap (0.50 m / 0.35 rad): d_wall is no longer trusted. The caps are set by the measured odometry bias (distance 17-20% short, gyro yaw gain 0.93-1.09), not by caution -- raise them only after that calibration lands.
[taskset-1] [INFO] [1791036891.332288799] [wall_distance_node]: DWALL | phase=UNKNOWN track=304 valid=False d_wall=+nan heading_rel=+nan rms=0.0107 n=259 age=118.08 prov=NONE coast=661.13m/49.92rad dpsi=+0.0000
[taskset-1] [INFO] [1791036892.332638612] [wall_distance_node]: DWALL | phase=UNKNOWN track=304 valid=False d_wall=+nan heading_rel=+nan rms=0.0107 n=259 age=119.08 prov=NONE coast=661.46m/50.05rad dpsi=+0.0000
[taskset-1] [WARN] [1791036892.825845325] [wall_distance_node]: COAST/cap | track 261 coasted 854.47 m / 65.40 rad past the cap (0.50 m / 0.35 rad): d_wall is no longer trusted. The caps are set by the measured odometry bias (distance 17-20% short, gyro yaw gain 0.93-1.09), not by caution -- raise them only after that calibration lands.
[taskset-1] [INFO] [1791036893.409863697] [wall_distance_node]: DWALL | phase=UNKNOWN track=261 valid=False d_wall=+nan heading_rel=+nan rms=0.0120 n=43 age=156.28 prov=NONE coast=854.60m/65.47rad dpsi=+0.0000
[taskset-1] [INFO] [1791036894.412940978] [wall_distance_node]: DWALL | phase=UNKNOWN track=261 valid=False d_wall=+nan heading_rel=+nan rms=0.0120 n=43 age=157.28 prov=NONE coast=854.83m/65.53rad dpsi=+0.0000
[taskset-1] [INFO] [1791036895.513919821] [wall_distance_node]: DWALL | phase=UNKNOWN track=261 valid=False d_wall=+nan heading_rel=+nan rms=0.0120 n=43 age=158.39 prov=NONE coast=855.16m/65.56rad dpsi=+0.0000
[taskset-1] [INFO] [1791036896.521319170] [wall_distance_node]: DWALL | phase=UNKNOWN track=261 valid=False d_wall=+nan heading_rel=+nan rms=0.0120 n=43 age=159.38 prov=NONE coast=855.54m/65.58rad dpsi=+0.0000
[taskset-1] [INFO] [1791036897.610796627] [wall_distance_node]: DWALL | phase=UNKNOWN track=69 valid=False d_wall=+nan heading_rel=+nan rms=0.0048 n=255 age=272.97 prov=NONE coast=1462.36m/113.24rad dpsi=+0.0000
[taskset-1] [INFO] [1791036898.615876212] [wall_distance_node]: DWALL | phase=UNKNOWN track=69 valid=False d_wall=+nan heading_rel=+nan rms=0.0048 n=255 age=273.97 prov=NONE coast=1462.79m/113.26rad dpsi=+0.0000
[taskset-1] [INFO] [1791036899.623609882] [wall_distance_node]: DWALL | phase=UNKNOWN track=69 valid=False d_wall=+nan heading_rel=+nan rms=0.0048 n=255 age=274.97 prov=NONE coast=1463.21m/113.27rad dpsi=+0.0000
[taskset-1] [INFO] [1791036900.739724701] [wall_distance_node]: DWALL | phase=UNKNOWN track=69 valid=False d_wall=+nan heading_rel=+nan rms=0.0048 n=255 age=276.07 prov=NONE coast=1463.70m/113.27rad dpsi=+0.0000
[taskset-1] [INFO] [1791036901.742788141] [wall_distance_node]: DWALL | phase=UNKNOWN track=69 valid=False d_wall=+nan heading_rel=+nan rms=0.0048 n=255 age=277.07 prov=NONE coast=1464.13m/113.27rad dpsi=+0.0000
[taskset-1] [WARN] [1791036902.234085440] [wall_distance_node]: COAST/cap | track 278 coasted 851.95 m / 65.58 rad past the cap (0.50 m / 0.35 rad): d_wall is no longer trusted. The caps are set by the measured odometry bias (distance 17-20% short, gyro yaw gain 0.93-1.09), not by caution -- raise them only after that calibration lands.
[taskset-1] [INFO] [1791036902.846333532] [wall_distance_node]: DWALL | phase=UNKNOWN track=278 valid=False d_wall=+nan heading_rel=+nan rms=0.0067 n=301 age=152.08 prov=NONE coast=852.22m/65.59rad dpsi=+0.0000
[taskset-1] [INFO] [1791036903.903610164] [wall_distance_node]: DWALL | phase=UNKNOWN track=278 valid=False d_wall=+nan heading_rel=+nan rms=0.0067 n=301 age=153.18 prov=NONE coast=852.70m/65.60rad dpsi=+0.0000
[taskset-1] [WARN] [1791036904.107750870] [wall_distance_node]: COAST/cap | track 290 coasted 852.57 m / 65.60 rad past the cap (0.50 m / 0.35 rad): d_wall is no longer trusted. The caps are set by the measured odometry bias (distance 17-20% short, gyro yaw gain 0.93-1.09), not by caution -- raise them only after that calibration lands.
[taskset-1] [INFO] [1791036905.006149485] [wall_distance_node]: DWALL | phase=UNKNOWN track=290 valid=False d_wall=+nan heading_rel=+nan rms=0.0066 n=284 age=153.78 prov=NONE coast=852.96m/65.63rad dpsi=+0.0000
[taskset-1] [INFO] [1791036906.020129015] [wall_distance_node]: DWALL | phase=UNKNOWN track=290 valid=False d_wall=+nan heading_rel=+nan rms=0.0066 n=284 age=154.78 prov=NONE coast=853.41m/65.64rad dpsi=+0.0000
[taskset-1] [WARN] [1791036906.306890140] [wall_distance_node]: COAST/cap | track 292 coasted 853.14 m / 65.64 rad past the cap (0.50 m / 0.35 rad): d_wall is no longer trusted. The caps are set by the measured odometry bias (distance 17-20% short, gyro yaw gain 0.93-1.09), not by caution -- raise them only after that calibration lands.
[taskset-1] [INFO] [1791036907.106165296] [wall_distance_node]: DWALL | phase=UNKNOWN track=292 valid=False d_wall=+nan heading_rel=+nan rms=0.0056 n=201 age=154.98 prov=NONE coast=853.49m/65.65rad dpsi=+0.0000
[taskset-1] [INFO] [1791036908.117498605] [wall_distance_node]: DWALL | phase=UNKNOWN track=292 valid=False d_wall=+nan heading_rel=+nan rms=0.0056 n=201 age=155.97 prov=NONE coast=853.94m/65.66rad dpsi=+0.0000
[taskset-1] [WARN] [1791036908.224892747] [wall_distance_node]: COAST/cap | track 291 coasted 854.11 m / 65.66 rad past the cap (0.50 m / 0.35 rad): d_wall is no longer trusted. The caps are set by the measured odometry bias (distance 17-20% short, gyro yaw gain 0.93-1.09), not by caution -- raise them only after that calibration lands.
[taskset-1] [INFO] [1791036909.122836896] [wall_distance_node]: DWALL | phase=UNKNOWN track=291 valid=False d_wall=+nan heading_rel=+nan rms=0.0063 n=222 age=157.27 prov=NONE coast=854.51m/65.67rad dpsi=+0.0000
[taskset-1] [WARN] [1791036909.224903525] [wall_distance_node]: COAST/cap | track 263 coasted 862.20 m / 65.79 rad past the cap (0.50 m / 0.35 rad): d_wall is no longer trusted. The caps are set by the measured odometry bias (distance 17-20% short, gyro yaw gain 0.93-1.09), not by caution -- raise them only after that calibration lands.
[taskset-1] [INFO] [1791036910.210347378] [wall_distance_node]: DWALL | phase=UNKNOWN track=263 valid=False d_wall=+nan heading_rel=+nan rms=0.0081 n=96 age=175.69 prov=NONE coast=862.64m/65.80rad dpsi=+0.0000
[taskset-1] [INFO] [1791036911.236033220] [wall_distance_node]: DWALL | phase=UNKNOWN track=263 valid=False d_wall=+nan heading_rel=+nan rms=0.0081 n=96 age=176.69 prov=NONE coast=863.08m/65.80rad dpsi=+0.0000
[taskset-1] [INFO] [1791036912.316684065] [wall_distance_node]: DWALL | phase=UNKNOWN track=263 valid=False d_wall=+nan heading_rel=+nan rms=0.0081 n=96 age=177.79 prov=NONE coast=863.57m/65.81rad dpsi=+0.0000
[taskset-1] [WARN] [1791036912.615294793] [wall_distance_node]: COAST/cap | track 258 coasted 864.13 m / 65.83 rad past the cap (0.50 m / 0.35 rad): d_wall is no longer trusted. The caps are set by the measured odometry bias (distance 17-20% short, gyro yaw gain 0.93-1.09), not by caution -- raise them only after that calibration lands.
[taskset-1] [INFO] [1791036913.412995190] [wall_distance_node]: DWALL | phase=UNKNOWN track=258 valid=False d_wall=+nan heading_rel=+nan rms=0.0168 n=81 age=179.88 prov=NONE coast=864.49m/65.83rad dpsi=+0.0000
[taskset-1] [INFO] [1791036914.413241686] [wall_distance_node]: DWALL | phase=UNKNOWN track=258 valid=False d_wall=+nan heading_rel=+nan rms=0.0168 n=81 age=180.88 prov=NONE coast=864.92m/65.84rad dpsi=+0.0000
[taskset-1] [INFO] [1791036915.432533664] [wall_distance_node]: DWALL | phase=UNKNOWN track=258 valid=False d_wall=+nan heading_rel=+nan rms=0.0168 n=81 age=181.88 prov=NONE coast=865.36m/65.84rad dpsi=+0.0000
[taskset-1] [WARN] [1791036915.927715528] [wall_distance_node]: COAST/cap | track 559 coasted 0.71 m / 0.00 rad past the cap (0.50 m / 0.35 rad): d_wall is no longer trusted. The caps are set by the measured odometry bias (distance 17-20% short, gyro yaw gain 0.93-1.09), not by caution -- raise them only after that calibration lands.
[taskset-1] [INFO] [1791036916.532300889] [wall_distance_node]: DWALL | phase=UNKNOWN track=559 valid=False d_wall=+nan heading_rel=+nan rms=0.0056 n=91 age=2.17 prov=NONE coast=0.98m/0.01rad dpsi=+0.0000
[taskset-1] [WARN] [1791036916.733638218] [wall_distance_node]: COAST/cap | track 246 coasted 870.01 m / 66.12 rad past the cap (0.50 m / 0.35 rad): d_wall is no longer trusted. The caps are set by the measured odometry bias (distance 17-20% short, gyro yaw gain 0.93-1.09), not by caution -- raise them only after that calibration lands.
[taskset-1] [INFO] [1791036917.628076487] [wall_distance_node]: DWALL | phase=UNKNOWN track=246 valid=False d_wall=+nan heading_rel=+nan rms=0.0126 n=103 age=194.79 prov=NONE coast=870.41m/66.12rad dpsi=+0.0000
[taskset-1] [WARN] [1791036918.432095723] [wall_distance_node]: COAST/cap | track 234 coasted 866.45 m / 65.84 rad past the cap (0.50 m / 0.35 rad): d_wall is no longer trusted. The caps are set by the measured odometry bias (distance 17-20% short, gyro yaw gain 0.93-1.09), not by caution -- raise them only after that calibration lands.
[taskset-1] [INFO] [1791036918.738895914] [wall_distance_node]: DWALL | phase=UNKNOWN track=234 valid=False d_wall=+nan heading_rel=+nan rms=0.0066 n=103 age=184.59 prov=NONE coast=866.58m/65.84rad dpsi=+0.0000
[taskset-1] [INFO] [1791036919.823977011] [wall_distance_node]: DWALL | phase=UNKNOWN track=234 valid=False d_wall=+nan heading_rel=+nan rms=0.0066 n=103 age=185.69 prov=NONE coast=867.07m/65.86rad dpsi=+0.0000
[taskset-1] [WARN] [1791036920.424378115] [wall_distance_node]: COAST/cap | track 253 coasted 867.41 m / 65.86 rad past the cap (0.50 m / 0.35 rad): d_wall is no longer trusted. The caps are set by the measured odometry bias (distance 17-20% short, gyro yaw gain 0.93-1.09), not by caution -- raise them only after that calibration lands.
[taskset-1] [INFO] [1791036920.841507721] [wall_distance_node]: DWALL | phase=UNKNOWN track=253 valid=False d_wall=+nan heading_rel=+nan rms=0.0087 n=110 age=186.88 prov=NONE coast=867.59m/65.87rad dpsi=+0.0000
[taskset-1] [INFO] [1791036921.852939583] [wall_distance_node]: DWALL | phase=UNKNOWN track=253 valid=False d_wall=+nan heading_rel=+nan rms=0.0087 n=110 age=187.88 prov=NONE coast=868.03m/65.87rad dpsi=+0.0000
[taskset-1] [WARN] [1791036922.605311105] [wall_distance_node]: COAST/cap | track 243 coasted 1286.18 m / 81.61 rad past the cap (0.50 m / 0.35 rad): d_wall is no longer trusted. The caps are set by the measured odometry bias (distance 17-20% short, gyro yaw gain 0.93-1.09), not by caution -- raise them only after that calibration lands.
[taskset-1] [INFO] [1791036922.909260489] [wall_distance_node]: DWALL | phase=UNKNOWN track=243 valid=False d_wall=+nan heading_rel=+nan rms=0.0123 n=130 age=200.69 prov=NONE coast=1286.51m/81.66rad dpsi=+0.0000
[taskset-1] [INFO] [1791036924.006305580] [wall_distance_node]: DWALL | phase=UNKNOWN track=243 valid=False d_wall=+nan heading_rel=+nan rms=0.0123 n=130 age=201.79 prov=NONE coast=1287.56m/81.69rad dpsi=+0.0000
[taskset-1] [INFO] [1791036925.008381093] [wall_distance_node]: DWALL | phase=UNKNOWN track=243 valid=False d_wall=+nan heading_rel=+nan rms=0.0123 n=130 age=202.79 prov=NONE coast=1287.96m/81.69rad dpsi=+0.0000
[taskset-1] [INFO] [1791036926.020952659] [wall_distance_node]: DWALL | phase=UNKNOWN track=243 valid=False d_wall=+nan heading_rel=+nan rms=0.0123 n=130 age=203.79 prov=NONE coast=1288.29m/81.69rad dpsi=+0.0000
[taskset-1] [INFO] [1791036927.119888496] [wall_distance_node]: DWALL | phase=UNKNOWN track=243 valid=False d_wall=+nan heading_rel=+nan rms=0.0123 n=130 age=204.89 prov=NONE coast=1288.42m/81.69rad dpsi=+0.0000
[taskset-1] [INFO] [1791036928.239897128] [wall_distance_node]: DWALL | phase=UNKNOWN track=243 valid=False d_wall=+nan heading_rel=+nan rms=0.0123 n=130 age=205.99 prov=NONE coast=1288.52m/81.70rad dpsi=+0.0000
[taskset-1] [INFO] [1791036929.244144056] [wall_distance_node]: DWALL | phase=UNKNOWN track=243 valid=False d_wall=+nan heading_rel=+nan rms=0.0123 n=130 age=206.99 prov=NONE coast=1288.64m/81.79rad dpsi=+0.0000
[taskset-1] [INFO] [1791036930.245689804] [wall_distance_node]: DWALL | phase=UNKNOWN track=243 valid=False d_wall=+nan heading_rel=+nan rms=0.0123 n=130 age=207.99 prov=NONE coast=1288.75m/81.93rad dpsi=+0.0000
[taskset-1] [INFO] [1791036931.326295550] [wall_distance_node]: DWALL | phase=UNKNOWN track=243 valid=False d_wall=+nan heading_rel=+nan rms=0.0123 n=130 age=209.09 prov=NONE coast=1288.97m/82.06rad dpsi=+0.0000
[taskset-1] [INFO] [1791036932.406181488] [wall_distance_node]: DWALL | phase=UNKNOWN track=243 valid=False d_wall=+nan heading_rel=+nan rms=0.0123 n=130 age=210.19 prov=NONE coast=1289.28m/82.19rad dpsi=+0.0000
[taskset-1] [INFO] [1791036933.408398287] [wall_distance_node]: DWALL | phase=UNKNOWN track=243 valid=False d_wall=+nan heading_rel=+nan rms=0.0123 n=130 age=211.19 prov=NONE coast=1289.64m/82.35rad dpsi=+0.0000
[taskset-1] [WARN] [1791036933.505601840] [wall_distance_node]: COAST/cap | track 228 coasted 1289.80 m / 82.41 rad past the cap (0.50 m / 0.35 rad): d_wall is no longer trusted. The caps are set by the measured odometry bias (distance 17-20% short, gyro yaw gain 0.93-1.09), not by caution -- raise them only after that calibration lands.
[taskset-1] [INFO] [1791036934.408745093] [wall_distance_node]: DWALL | phase=UNKNOWN track=228 valid=False d_wall=+nan heading_rel=+nan rms=0.0112 n=124 age=212.59 prov=NONE coast=1290.13m/82.53rad dpsi=+0.0000
[taskset-1] [INFO] [1791036935.411743623] [wall_distance_node]: DWALL | phase=UNKNOWN track=228 valid=False d_wall=+nan heading_rel=+nan rms=0.0112 n=124 age=213.59 prov=NONE coast=1290.39m/82.62rad dpsi=+0.0000
[taskset-1] [INFO] [1791036936.507368770] [wall_distance_node]: DWALL | phase=UNKNOWN track=228 valid=False d_wall=+nan heading_rel=+nan rms=0.0112 n=124 age=214.69 prov=NONE coast=1290.63m/82.73rad dpsi=+0.0000
[taskset-1] [WARN] [1791036937.027484857] [wall_distance_node]: COAST/cap | track 237 coasted 1291.16 m / 82.90 rad past the cap (0.50 m / 0.35 rad): d_wall is no longer trusted. The caps are set by the measured odometry bias (distance 17-20% short, gyro yaw gain 0.93-1.09), not by caution -- raise them only after that calibration lands.
[taskset-1] [INFO] [1791036937.509892736] [wall_distance_node]: DWALL | phase=UNKNOWN track=237 valid=False d_wall=+nan heading_rel=+nan rms=0.0133 n=153 age=216.78 prov=NONE coast=1291.31m/82.92rad dpsi=+0.0000
[taskset-1] [WARN] [1791036937.614319308] [wall_distance_node]: COAST/cap | track 201 coasted 1555.31 m / 101.26 rad past the cap (0.50 m / 0.35 rad): d_wall is no longer trusted. The caps are set by the measured odometry bias (distance 17-20% short, gyro yaw gain 0.93-1.09), not by caution -- raise them only after that calibration lands.
[taskset-1] [INFO] [1791036938.520695355] [wall_distance_node]: DWALL | phase=UNKNOWN track=201 valid=False d_wall=+nan heading_rel=+nan rms=0.0085 n=99 age=236.27 prov=NONE coast=1555.63m/101.28rad dpsi=+0.0000
[taskset-1] [INFO] [1791036939.527361069] [wall_distance_node]: DWALL | phase=UNKNOWN track=227 valid=False d_wall=+nan heading_rel=+nan rms=0.0134 n=161 age=220.28 prov=NONE coast=1292.52m/83.18rad dpsi=+0.0000
[taskset-1] [WARN] [1791036940.618379012] [wall_distance_node]: COAST/cap | track 583 coasted 3.38 m / 1.05 rad past the cap (0.50 m / 0.35 rad): d_wall is no longer trusted. The caps are set by the measured odometry bias (distance 17-20% short, gyro yaw gain 0.93-1.09), not by caution -- raise them only after that calibration lands.
[taskset-1] [INFO] [1791036940.626868754] [wall_distance_node]: DWALL | phase=UNKNOWN track=583 valid=False d_wall=+nan heading_rel=+nan rms=0.0103 n=46 age=11.98 prov=NONE coast=3.38m/1.05rad dpsi=+0.0000
[taskset-1] [WARN] [1791036941.613893642] [wall_distance_node]: COAST/cap | track 574 coasted 5.10 m / 1.12 rad past the cap (0.50 m / 0.35 rad): d_wall is no longer trusted. The caps are set by the measured odometry bias (distance 17-20% short, gyro yaw gain 0.93-1.09), not by caution -- raise them only after that calibration lands.
[taskset-1] [INFO] [1791036941.740191617] [wall_distance_node]: DWALL | phase=UNKNOWN track=574 valid=False d_wall=+nan heading_rel=+nan rms=0.0142 n=127 age=18.08 prov=NONE coast=5.15m/1.12rad dpsi=+0.0000
[taskset-1] [WARN] [1791036942.011521038] [wall_distance_node]: COAST/cap | track 587 coasted 3.50 m / 0.72 rad past the cap (0.50 m / 0.35 rad): d_wall is no longer trusted. The caps are set by the measured odometry bias (distance 17-20% short, gyro yaw gain 0.93-1.09), not by caution -- raise them only after that calibration lands.
[taskset-1] [INFO] [1791036942.740611239] [wall_distance_node]: DWALL | phase=UNKNOWN track=587 valid=False d_wall=+nan heading_rel=+nan rms=0.0130 n=161 age=10.97 prov=NONE coast=3.79m/0.73rad dpsi=+0.0000
[taskset-1] [INFO] [1791036943.809577841] [wall_distance_node]: DWALL | phase=UNKNOWN track=587 valid=False d_wall=+nan heading_rel=+nan rms=0.0130 n=161 age=12.07 prov=NONE coast=4.29m/0.73rad dpsi=+0.0000
[taskset-1] [INFO] [1791036944.810731029] [wall_distance_node]: DWALL | phase=UNKNOWN track=587 valid=False d_wall=+nan heading_rel=+nan rms=0.0130 n=161 age=13.07 prov=NONE coast=4.72m/0.74rad dpsi=+0.0000
[taskset-1] [INFO] [1791036945.912730048] [wall_distance_node]: DWALL | phase=UNKNOWN track=587 valid=False d_wall=+nan heading_rel=+nan rms=0.0130 n=161 age=14.17 prov=NONE coast=5.21m/0.75rad dpsi=+0.0000
[taskset-1] [WARN] [1791036946.597185640] [wall_distance_node]: COAST/cap | track 188 coasted 1562.44 m / 101.43 rad past the cap (0.50 m / 0.35 rad): d_wall is no longer trusted. The caps are set by the measured odometry bias (distance 17-20% short, gyro yaw gain 0.93-1.09), not by caution -- raise them only after that calibration lands.
[taskset-1] [INFO] [1791036946.996484370] [wall_distance_node]: DWALL | phase=UNKNOWN track=188 valid=False d_wall=+nan heading_rel=+nan rms=0.0120 n=43 age=252.38 prov=NONE coast=1562.61m/101.44rad dpsi=+0.0000
[taskset-1] [INFO] [1791036947.996957363] [wall_distance_node]: DWALL | phase=UNKNOWN track=188 valid=False d_wall=+nan heading_rel=+nan rms=0.0120 n=43 age=253.38 prov=NONE coast=1563.05m/101.46rad dpsi=+0.0000
[taskset-1] [WARN] [1791036948.801012763] [wall_distance_node]: COAST/cap | track 209 coasted 1556.77 m / 101.39 rad past the cap (0.50 m / 0.35 rad): d_wall is no longer trusted. The caps are set by the measured odometry bias (distance 17-20% short, gyro yaw gain 0.93-1.09), not by caution -- raise them only after that calibration lands.
[taskset-1] [INFO] [1791036949.013559663] [wall_distance_node]: DWALL | phase=UNKNOWN track=209 valid=False d_wall=+nan heading_rel=+nan rms=0.0053 n=235 age=239.37 prov=NONE coast=1556.86m/101.39rad dpsi=+0.0000
[taskset-1] [INFO] [1791036950.102568049] [wall_distance_node]: DWALL | phase=UNKNOWN track=209 valid=False d_wall=+nan heading_rel=+nan rms=0.0053 n=235 age=240.48 prov=NONE coast=1557.35m/101.40rad dpsi=+0.0000
[taskset-1] [WARN] [1791036950.315865068] [wall_distance_node]: COAST/cap | track 247 coasted 1294.96 m / 82.67 rad past the cap (0.50 m / 0.35 rad): d_wall is no longer trusted. The caps are set by the measured odometry bias (distance 17-20% short, gyro yaw gain 0.93-1.09), not by caution -- raise them only after that calibration lands.
[taskset-1] [INFO] [1791036951.114704014] [wall_distance_node]: DWALL | phase=UNKNOWN track=247 valid=False d_wall=+nan heading_rel=+nan rms=0.0147 n=30 age=224.48 prov=NONE coast=1295.31m/82.68rad dpsi=+0.0000
[taskset-1] [INFO] [1791036952.216385384] [wall_distance_node]: DWALL | phase=UNKNOWN track=247 valid=False d_wall=+nan heading_rel=+nan rms=0.0147 n=30 age=225.58 prov=NONE coast=1295.80m/82.68rad dpsi=+0.0000
[taskset-1] [WARN] [1791036953.223990940] [wall_distance_node]: COAST/cap | track 607 coasted 4.27 m / 0.11 rad past the cap (0.50 m / 0.35 rad): d_wall is no longer trusted. The caps are set by the measured odometry bias (distance 17-20% short, gyro yaw gain 0.93-1.09), not by caution -- raise them only after that calibration lands.
[taskset-1] [INFO] [1791036953.225486915] [wall_distance_node]: DWALL | phase=UNKNOWN track=607 valid=False d_wall=+nan heading_rel=+nan rms=0.0090 n=209 age=9.69 prov=NONE coast=4.27m/0.11rad dpsi=+0.0000
[taskset-1] [INFO] [1791036954.329192238] [wall_distance_node]: DWALL | phase=UNKNOWN track=607 valid=False d_wall=+nan heading_rel=+nan rms=0.0090 n=209 age=10.79 prov=NONE coast=4.75m/0.11rad dpsi=+0.0000
[taskset-1] [INFO] [1791036955.329722673] [wall_distance_node]: DWALL | phase=UNKNOWN track=223 valid=False d_wall=+nan heading_rel=+nan rms=0.0096 n=224 age=224.39 prov=NONE coast=1295.34m/82.63rad dpsi=+0.0000
[taskset-1] [INFO] [1791036956.331971911] [wall_distance_node]: DWALL | phase=UNKNOWN track=223 valid=False d_wall=+nan heading_rel=+nan rms=0.0096 n=224 age=225.39 prov=NONE coast=1295.78m/82.63rad dpsi=+0.0000
[taskset-1] [WARN] [1791036956.911704508] [wall_distance_node]: COAST/cap | track 205 coasted 1560.96 m / 101.45 rad past the cap (0.50 m / 0.35 rad): d_wall is no longer trusted. The caps are set by the measured odometry bias (distance 17-20% short, gyro yaw gain 0.93-1.09), not by caution -- raise them only after that calibration lands.
[taskset-1] [INFO] [1791036957.340467090] [wall_distance_node]: DWALL | phase=UNKNOWN track=205 valid=False d_wall=+nan heading_rel=+nan rms=0.0067 n=301 age=249.07 prov=NONE coast=1561.14m/101.45rad dpsi=+0.0000
[taskset-1] [WARN] [1791036958.042471373] [wall_distance_node]: COAST/cap | track 629 coasted 0.53 m / 0.00 rad past the cap (0.50 m / 0.35 rad): d_wall is no longer trusted. The caps are set by the measured odometry bias (distance 17-20% short, gyro yaw gain 0.93-1.09), not by caution -- raise them only after that calibration lands.
[taskset-1] [INFO] [1791036958.352042555] [wall_distance_node]: DWALL | phase=UNKNOWN track=629 valid=False d_wall=+nan heading_rel=+nan rms=0.0056 n=91 age=1.47 prov=NONE coast=0.67m/0.00rad dpsi=+0.0000
[taskset-1] [WARN] [1791036958.845519037] [wall_distance_node]: COAST/cap | track 217 coasted 1561.54 m / 101.45 rad past the cap (0.50 m / 0.35 rad): d_wall is no longer trusted. The caps are set by the measured odometry bias (distance 17-20% short, gyro yaw gain 0.93-1.09), not by caution -- raise them only after that calibration lands.
[taskset-1] [INFO] [1791036959.352157259] [wall_distance_node]: DWALL | phase=UNKNOWN track=217 valid=False d_wall=+nan heading_rel=+nan rms=0.0066 n=284 age=250.48 prov=NONE coast=1561.76m/101.45rad dpsi=+0.0000
[taskset-1] [INFO] [1791036960.431021700] [wall_distance_node]: DWALL | phase=UNKNOWN track=607 valid=False d_wall=+nan heading_rel=+nan rms=0.0090 n=209 age=16.89 prov=NONE coast=7.45m/0.14rad dpsi=+0.0000
[taskset-1] [WARN] [1791036960.846241916] [wall_distance_node]: COAST/cap | track 219 coasted 1562.06 m / 101.45 rad past the cap (0.50 m / 0.35 rad): d_wall is no longer trusted. The caps are set by the measured odometry bias (distance 17-20% short, gyro yaw gain 0.93-1.09), not by caution -- raise them only after that calibration lands.
[taskset-1] [INFO] [1791036961.527078823] [wall_distance_node]: DWALL | phase=UNKNOWN track=219 valid=False d_wall=+nan heading_rel=+nan rms=0.0056 n=201 age=251.87 prov=NONE coast=1562.38m/101.46rad dpsi=+0.0000
[taskset-1] [WARN] [1791036961.833615243] [wall_distance_node]: COAST/cap | track 218 coasted 1562.64 m / 101.46 rad past the cap (0.50 m / 0.35 rad): d_wall is no longer trusted. The caps are set by the measured odometry bias (distance 17-20% short, gyro yaw gain 0.93-1.09), not by caution -- raise them only after that calibration lands.
[taskset-1] [WARN] [1791036962.115304029] [wall_distance_node]: COAST/cap | track 232 coasted 1299.22 m / 82.67 rad past the cap (0.50 m / 0.35 rad): d_wall is no longer trusted. The caps are set by the measured odometry bias (distance 17-20% short, gyro yaw gain 0.93-1.09), not by caution -- raise them only after that calibration lands.
[taskset-1] [WARN] [1791036962.329683785] [wall_distance_node]: COAST/cap | track 190 coasted 1570.51 m / 101.59 rad past the cap (0.50 m / 0.35 rad): d_wall is no longer trusted. The caps are set by the measured odometry bias (distance 17-20% short, gyro yaw gain 0.93-1.09), not by caution -- raise them only after that calibration lands.
[taskset-1] [INFO] [1791036962.534843142] [wall_distance_node]: DWALL | phase=UNKNOWN track=190 valid=False d_wall=+nan heading_rel=+nan rms=0.0081 n=96 age=270.49 prov=NONE coast=1570.59m/101.59rad dpsi=+0.0000
[taskset-1] [INFO] [1791036963.615679993] [wall_distance_node]: DWALL | phase=UNKNOWN track=607 valid=False d_wall=+nan heading_rel=+nan rms=0.0090 n=209 age=20.09 prov=NONE coast=8.86m/0.16rad dpsi=+0.0000
[taskset-1] [INFO] [1791036964.626293651] [wall_distance_node]: DWALL | phase=UNKNOWN track=607 valid=False d_wall=+nan heading_rel=+nan rms=0.0090 n=209 age=21.09 prov=NONE coast=9.32m/0.17rad dpsi=+0.0000
[taskset-1] [WARN] [1791036965.105370243] [wall_distance_node]: COAST/cap | track 498 coasted 931.00 m / 49.67 rad past the cap (0.50 m / 0.35 rad): d_wall is no longer trusted. The caps are set by the measured odometry bias (distance 17-20% short, gyro yaw gain 0.93-1.09), not by caution -- raise them only after that calibration lands.
[taskset-1] [INFO] [1791036965.710239820] [wall_distance_node]: DWALL | phase=UNKNOWN track=644 valid=True d_wall=+1.467 heading_rel=+0.286 rms=0.0151 n=126 age=0.28 prov=PREDICTED coast=0.29m/0.01rad dpsi=+0.0000
[taskset-1] [WARN] [1791036966.021740590] [wall_distance_node]: COAST/cap | track 644 coasted 0.53 m / 0.02 rad past the cap (0.50 m / 0.35 rad): d_wall is no longer trusted. The caps are set by the measured odometry bias (distance 17-20% short, gyro yaw gain 0.93-1.09), not by caution -- raise them only after that calibration lands.
[taskset-1] [INFO] [1791036966.811087258] [wall_distance_node]: DWALL | phase=UNKNOWN track=644 valid=False d_wall=+nan heading_rel=+nan rms=0.0151 n=126 age=1.38 prov=NONE coast=0.89m/0.03rad dpsi=+0.0000
[taskset-1] [INFO] [1791036967.919406604] [wall_distance_node]: DWALL | phase=UNKNOWN track=644 valid=False d_wall=+nan heading_rel=+nan rms=0.0151 n=126 age=2.48 prov=NONE coast=1.20m/0.03rad dpsi=+0.0000
[taskset-1] [INFO] [1791036968.927578408] [wall_distance_node]: DWALL | phase=UNKNOWN track=644 valid=False d_wall=+nan heading_rel=+nan rms=0.0151 n=126 age=3.48 prov=NONE coast=1.35m/0.03rad dpsi=+0.0000
[taskset-1] [INFO] [1791036970.012941291] [wall_distance_node]: DWALL | phase=UNKNOWN track=644 valid=False d_wall=+nan heading_rel=+nan rms=0.0151 n=126 age=4.58 prov=NONE coast=1.43m/0.04rad dpsi=+0.0000
[taskset-1] [INFO] [1791036971.111994262] [wall_distance_node]: DWALL | phase=UNKNOWN track=644 valid=False d_wall=+nan heading_rel=+nan rms=0.0151 n=126 age=5.68 prov=NONE coast=1.54m/0.08rad dpsi=+0.0000
[taskset-1] [INFO] [1791036972.125452110] [wall_distance_node]: DWALL | phase=UNKNOWN track=644 valid=False d_wall=+nan heading_rel=+nan rms=0.0151 n=126 age=6.68 prov=NONE coast=1.64m/0.21rad dpsi=+0.0000
[taskset-1] [INFO] [1791036973.211972519] [wall_distance_node]: DWALL | phase=UNKNOWN track=644 valid=False d_wall=+nan heading_rel=+nan rms=0.0151 n=126 age=7.78 prov=NONE coast=1.80m/0.33rad dpsi=+0.0000
[taskset-1] [INFO] [1791036974.212720444] [wall_distance_node]: DWALL | phase=UNKNOWN track=644 valid=False d_wall=+nan heading_rel=+nan rms=0.0151 n=126 age=8.78 prov=NONE coast=2.03m/0.43rad dpsi=+0.0000
[taskset-1] [INFO] [1791036975.298756483] [wall_distance_node]: DWALL | phase=UNKNOWN track=644 valid=False d_wall=+nan heading_rel=+nan rms=0.0151 n=126 age=9.88 prov=NONE coast=2.38m/0.60rad dpsi=+0.0000
[taskset-1] [INFO] [1791036976.305314587] [wall_distance_node]: DWALL | phase=UNKNOWN track=644 valid=False d_wall=+nan heading_rel=+nan rms=0.0151 n=126 age=10.88 prov=NONE coast=2.75m/0.73rad dpsi=+0.0000
[taskset-1] [INFO] [1791036977.412955861] [wall_distance_node]: DWALL | phase=UNKNOWN track=644 valid=False d_wall=+nan heading_rel=+nan rms=0.0151 n=126 age=11.98 prov=NONE coast=3.11m/0.87rad dpsi=+0.0000
[taskset-1] [INFO] [1791036978.413574283] [wall_distance_node]: DWALL | phase=UNKNOWN track=644 valid=False d_wall=+nan heading_rel=+nan rms=0.0151 n=126 age=12.98 prov=NONE coast=3.34m/0.97rad dpsi=+0.0000
[taskset-1] [INFO] [1791036979.512756445] [wall_distance_node]: DWALL | phase=UNKNOWN track=644 valid=False d_wall=+nan heading_rel=+nan rms=0.0151 n=126 age=14.08 prov=NONE coast=3.59m/1.04rad dpsi=+0.0000
[taskset-1] [INFO] [1791036980.616632848] [wall_distance_node]: DWALL | phase=UNKNOWN track=644 valid=False d_wall=+nan heading_rel=+nan rms=0.0151 n=126 age=15.18 prov=NONE coast=3.93m/1.07rad dpsi=+0.0000
[taskset-1] [INFO] [1791036981.619904770] [wall_distance_node]: DWALL | phase=UNKNOWN track=644 valid=False d_wall=+nan heading_rel=+nan rms=0.0151 n=126 age=16.18 prov=NONE coast=4.31m/1.08rad dpsi=+0.0000
[taskset-1] [INFO] [1791036982.711101500] [wall_distance_node]: DWALL | phase=UNKNOWN track=644 valid=False d_wall=+nan heading_rel=+nan rms=0.0151 n=126 age=17.28 prov=NONE coast=4.74m/1.12rad dpsi=+0.0000
[taskset-1] [INFO] [1791036983.811400141] [wall_distance_node]: DWALL | phase=UNKNOWN track=644 valid=False d_wall=+nan heading_rel=+nan rms=0.0151 n=126 age=18.38 prov=NONE coast=5.22m/1.14rad dpsi=+0.0000
[taskset-1] [INFO] [1791036984.909987730] [wall_distance_node]: DWALL | phase=UNKNOWN track=644 valid=False d_wall=+nan heading_rel=+nan rms=0.0151 n=126 age=19.48 prov=NONE coast=5.70m/1.15rad dpsi=+0.0000
[taskset-1] [INFO] [1791036986.033016844] [wall_distance_node]: DWALL | phase=UNKNOWN track=644 valid=False d_wall=+nan heading_rel=+nan rms=0.0151 n=126 age=20.58 prov=NONE coast=6.18m/1.15rad dpsi=+0.0000
[taskset-1] [INFO] [1791036987.127622150] [wall_distance_node]: DWALL | phase=UNKNOWN track=644 valid=False d_wall=+nan heading_rel=+nan rms=0.0151 n=126 age=21.68 prov=NONE coast=6.65m/1.16rad dpsi=+0.0000
[taskset-1] [INFO] [1791036988.211729179] [wall_distance_node]: DWALL | phase=UNKNOWN track=644 valid=False d_wall=+nan heading_rel=+nan rms=0.0151 n=126 age=22.78 prov=NONE coast=7.14m/1.17rad dpsi=+0.0000
[taskset-1] [INFO] [1791036989.301482856] [wall_distance_node]: DWALL | phase=UNKNOWN track=644 valid=False d_wall=+nan heading_rel=+nan rms=0.0151 n=126 age=23.88 prov=NONE coast=7.63m/1.19rad dpsi=+0.0000
[taskset-1] [INFO] [1791036990.304640732] [wall_distance_node]: DWALL | phase=UNKNOWN track=644 valid=False d_wall=+nan heading_rel=+nan rms=0.0151 n=126 age=24.88 prov=NONE coast=8.07m/1.21rad dpsi=+0.0000
[taskset-1] [INFO] [1791036991.306865496] [wall_distance_node]: DWALL | phase=UNKNOWN track=644 valid=False d_wall=+nan heading_rel=+nan rms=0.0151 n=126 age=25.88 prov=NONE coast=8.51m/1.22rad dpsi=+0.0000
[taskset-1] [INFO] [1791036992.308360163] [wall_distance_node]: DWALL | phase=UNKNOWN track=644 valid=False d_wall=+nan heading_rel=+nan rms=0.0151 n=126 age=26.88 prov=NONE coast=8.95m/1.24rad dpsi=+0.0000
[taskset-1] [INFO] [1791036993.313252136] [wall_distance_node]: DWALL | phase=UNKNOWN track=644 valid=False d_wall=+nan heading_rel=+nan rms=0.0151 n=126 age=27.88 prov=NONE coast=9.39m/1.25rad dpsi=+0.0000
[taskset-1] [INFO] [1791036994.411763111] [wall_distance_node]: DWALL | phase=UNKNOWN track=644 valid=False d_wall=+nan heading_rel=+nan rms=0.0151 n=126 age=28.98 prov=NONE coast=9.87m/1.25rad dpsi=+0.0000
[taskset-1] [INFO] [1791036995.420942702] [wall_distance_node]: DWALL | phase=UNKNOWN track=644 valid=False d_wall=+nan heading_rel=+nan rms=0.0151 n=126 age=29.98 prov=NONE coast=10.31m/1.26rad dpsi=+0.0000
[taskset-1] [INFO] [1791036996.422308695] [wall_distance_node]: DWALL | phase=UNKNOWN track=644 valid=False d_wall=+nan heading_rel=+nan rms=0.0151 n=126 age=30.98 prov=NONE coast=10.75m/1.26rad dpsi=+0.0000
[taskset-1] [INFO] [1791036997.529997514] [wall_distance_node]: DWALL | phase=UNKNOWN track=644 valid=False d_wall=+nan heading_rel=+nan rms=0.0151 n=126 age=32.08 prov=NONE coast=11.24m/1.27rad dpsi=+0.0000
[taskset-1] [INFO] [1791036998.621945761] [wall_distance_node]: DWALL | phase=UNKNOWN track=644 valid=False d_wall=+nan heading_rel=+nan rms=0.0151 n=126 age=33.18 prov=NONE coast=11.72m/1.27rad dpsi=+0.0000
[taskset-1] [WARN] [1791036999.010588579] [wall_distance_node]: COAST/cap | track 677 coasted 5.72 m / 0.12 rad past the cap (0.50 m / 0.35 rad): d_wall is no longer trusted. The caps are set by the measured odometry bias (distance 17-20% short, gyro yaw gain 0.93-1.09), not by caution -- raise them only after that calibration lands.
[taskset-1] [INFO] [1791036999.722945855] [wall_distance_node]: DWALL | phase=UNKNOWN track=154 valid=False d_wall=+nan heading_rel=+nan rms=0.0173 n=88 age=328.88 prov=NONE coast=1828.72m/120.96rad dpsi=+0.0000
[taskset-1] [INFO] [1791037000.782963106] [wall_distance_node]: DWALL | phase=UNKNOWN track=154 valid=False d_wall=+nan heading_rel=+nan rms=0.0173 n=88 age=329.98 prov=NONE coast=1829.19m/120.96rad dpsi=+0.0000
[taskset-1] [INFO] [1791037001.783106588] [wall_distance_node]: DWALL | phase=UNKNOWN track=154 valid=False d_wall=+nan heading_rel=+nan rms=0.0173 n=88 age=330.98 prov=NONE coast=1829.63m/120.96rad dpsi=+0.0000
[WARNING] [launch]: user interrupted with ctrl-c (SIGINT)
[INFO] [taskset-1]: sending signal 'SIGINT' to process[taskset-1]
[INFO] [taskset-1]: process has finished cleanly [pid 443046]
