[INFO] [1791035909.163562142] [behavior_executor_node]: [mission] mission_file_name parameter not set -- waiting for a path on /mission/load_path, or a call to /mission/load_mission (mission.state stays IDLE until then).
[INFO] [1791035909.165176829] [behavior_executor_node]: No goal pose received yet -- waiting on /goal_pose (see HasGoalPose).
[INFO] [1791035909.167308508] [behavior_executor_node]: BT safety config: camera_obstacle_stop=False lidar_safety_stop=True (front=0.15m side=0.15m) sys_obs_load_trip=False (needs 3 consecutive samples); camera obstacles reach the MPC via /perception/obstacles_2d regardless.
[INFO] [1791035909.271241612] [behavior_executor_node]: BT snapshot -- root=FAILURE, lanes: emergency=FAILURE | mission=FAILURE | navigation=FAILURE
[o] root [x]
    [-] emergency [x]
        [o] emergency_condition [x]
            --> IsBatteryLow [x]
            --> IsEmergencyStopTriggered [x]
            --> IsProximityTooClose [x]
            --> IsSystemOverheated [x]
        --> Stop [-]
    [-] mission [x]
        --> MissionActive [x]
        [o] mission_selector [-]
            [-] mission_object_response [-]
                --> ObjectSeen [-]
                --> HandleObjectAction [-]
            [-] mission_progress [-]
                --> PublishMoveGoal [-]
                --> GoToObject [-]
                --> CheckStopCondition [-]
                --> AdvanceMove [-]
    [-] navigation [x]
        --> HasMpcGoal [x]

[INFO] [1791035910.370200262] [behavior_executor_node]: BT snapshot -- root=FAILURE, lanes: emergency=FAILURE | mission=FAILURE | navigation=FAILURE
[o] root [x]
    [-] emergency [x]
        [o] emergency_condition [x]
            --> IsBatteryLow [x]
            --> IsEmergencyStopTriggered [x]
            --> IsProximityTooClose [x]
            --> IsSystemOverheated [x]
        --> Stop [-]
    [-] mission [x]
        --> MissionActive [x]
        [o] mission_selector [-]
            [-] mission_object_response [-]
                --> ObjectSeen [-]
                --> HandleObjectAction [-]
            [-] mission_progress [-]
                --> PublishMoveGoal [-]
                --> GoToObject [-]
                --> CheckStopCondition [-]
                --> AdvanceMove [-]
    [-] navigation [x]
        --> HasMpcGoal [x]

[INFO] [1791035911.379584296] [behavior_executor_node]: BT snapshot -- root=FAILURE, lanes: emergency=FAILURE | mission=FAILURE | navigation=FAILURE
[o] root [x]
    [-] emergency [x]
        [o] emergency_condition [x]
            --> IsBatteryLow [x]
            --> IsEmergencyStopTriggered [x]
            --> IsProximityTooClose [x]
            --> IsSystemOverheated [x]
        --> Stop [-]
    [-] mission [x]
        --> MissionActive [x]
        [o] mission_selector [-]
            [-] mission_object_response [-]
                --> ObjectSeen [-]
                --> HandleObjectAction [-]
            [-] mission_progress [-]
                --> PublishMoveGoal [-]
                --> GoToObject [-]
                --> CheckStopCondition [-]
                --> AdvanceMove [-]
    [-] navigation [x]
        --> HasMpcGoal [x]

[INFO] [1791035912.470708308] [behavior_executor_node]: BT snapshot -- root=FAILURE, lanes: emergency=FAILURE | mission=FAILURE | navigation=FAILURE
[o] root [x]
    [-] emergency [x]
        [o] emergency_condition [x]
            --> IsBatteryLow [x]
            --> IsEmergencyStopTriggered [x]
            --> IsProximityTooClose [x]
            --> IsSystemOverheated [x]
        --> Stop [-]
    [-] mission [x]
        --> MissionActive [x]
        [o] mission_selector [-]
            [-] mission_object_response [-]
                --> ObjectSeen [-]
                --> HandleObjectAction [-]
            [-] mission_progress [-]
                --> PublishMoveGoal [-]
                --> GoToObject [-]
                --> CheckStopCondition [-]
                --> AdvanceMove [-]
    [-] navigation [x]
        --> HasMpcGoal [x]

[INFO] [1791035913.573038387] [behavior_executor_node]: BT snapshot -- root=FAILURE, lanes: emergency=FAILURE | mission=FAILURE | navigation=FAILURE
[o] root [x]
    [-] emergency [x]
        [o] emergency_condition [x]
            --> IsBatteryLow [x]
            --> IsEmergencyStopTriggered [x]
            --> IsProximityTooClose [x]
            --> IsSystemOverheated [x]
        --> Stop [-]
    [-] mission [x]
        --> MissionActive [x]
        [o] mission_selector [-]
            [-] mission_object_response [-]
                --> ObjectSeen [-]
                --> HandleObjectAction [-]
            [-] mission_progress [-]
                --> PublishMoveGoal [-]
                --> GoToObject [-]
                --> CheckStopCondition [-]
                --> AdvanceMove [-]
    [-] navigation [x]
        --> HasMpcGoal [x]

[INFO] [1791035914.670608222] [behavior_executor_node]: BT snapshot -- root=FAILURE, lanes: emergency=FAILURE | mission=FAILURE | navigation=FAILURE
[o] root [x]
    [-] emergency [x]
        [o] emergency_condition [x]
            --> IsBatteryLow [x]
            --> IsEmergencyStopTriggered [x]
            --> IsProximityTooClose [x]
            --> IsSystemOverheated [x]
        --> Stop [-]
    [-] mission [x]
        --> MissionActive [x]
        [o] mission_selector [-]
            [-] mission_object_response [-]
                --> ObjectSeen [-]
                --> HandleObjectAction [-]
            [-] mission_progress [-]
                --> PublishMoveGoal [-]
                --> GoToObject [-]
                --> CheckStopCondition [-]
                --> AdvanceMove [-]
    [-] navigation [x]
        --> HasMpcGoal [x]

[INFO] [1791035915.770600104] [behavior_executor_node]: BT snapshot -- root=FAILURE, lanes: emergency=FAILURE | mission=FAILURE | navigation=FAILURE
[o] root [x]
    [-] emergency [x]
        [o] emergency_condition [x]
            --> IsBatteryLow [x]
            --> IsEmergencyStopTriggered [x]
            --> IsProximityTooClose [x]
            --> IsSystemOverheated [x]
        --> Stop [-]
    [-] mission [x]
        --> MissionActive [x]
        [o] mission_selector [-]
            [-] mission_object_response [-]
                --> ObjectSeen [-]
                --> HandleObjectAction [-]
            [-] mission_progress [-]
                --> PublishMoveGoal [-]
                --> GoToObject [-]
                --> CheckStopCondition [-]
                --> AdvanceMove [-]
    [-] navigation [x]
        --> HasMpcGoal [x]

[INFO] [1791035916.776772102] [behavior_executor_node]: BT snapshot -- root=FAILURE, lanes: emergency=FAILURE | mission=FAILURE | navigation=FAILURE
[o] root [x]
    [-] emergency [x]
        [o] emergency_condition [x]
            --> IsBatteryLow [x]
            --> IsEmergencyStopTriggered [x]
            --> IsProximityTooClose [x]
            --> IsSystemOverheated [x]
        --> Stop [-]
    [-] mission [x]
        --> MissionActive [x]
        [o] mission_selector [-]
            [-] mission_object_response [-]
                --> ObjectSeen [-]
                --> HandleObjectAction [-]
            [-] mission_progress [-]
                --> PublishMoveGoal [-]
                --> GoToObject [-]
                --> CheckStopCondition [-]
                --> AdvanceMove [-]
    [-] navigation [x]
        --> HasMpcGoal [x]

[INFO] [1791035917.870712569] [behavior_executor_node]: BT snapshot -- root=FAILURE, lanes: emergency=FAILURE | mission=FAILURE | navigation=FAILURE
[o] root [x]
    [-] emergency [x]
        [o] emergency_condition [x]
            --> IsBatteryLow [x]
            --> IsEmergencyStopTriggered [x]
            --> IsProximityTooClose [x]
            --> IsSystemOverheated [x]
        --> Stop [-]
    [-] mission [x]
        --> MissionActive [x]
        [o] mission_selector [-]
            [-] mission_object_response [-]
                --> ObjectSeen [-]
                --> HandleObjectAction [-]
            [-] mission_progress [-]
                --> PublishMoveGoal [-]
                --> GoToObject [-]
                --> CheckStopCondition [-]
                --> AdvanceMove [-]
    [-] navigation [x]
        --> HasMpcGoal [x]

[INFO] [1791035918.875169131] [behavior_executor_node]: BT snapshot -- root=FAILURE, lanes: emergency=FAILURE | mission=FAILURE | navigation=FAILURE
[o] root [x]
    [-] emergency [x]
        [o] emergency_condition [x]
            --> IsBatteryLow [x]
            --> IsEmergencyStopTriggered [x]
            --> IsProximityTooClose [x]
            --> IsSystemOverheated [x]
        --> Stop [-]
    [-] mission [x]
        --> MissionActive [x]
        [o] mission_selector [-]
            [-] mission_object_response [-]
                --> ObjectSeen [-]
                --> HandleObjectAction [-]
            [-] mission_progress [-]
                --> PublishMoveGoal [-]
                --> GoToObject [-]
                --> CheckStopCondition [-]
                --> AdvanceMove [-]
    [-] navigation [x]
        --> HasMpcGoal [x]

[INFO] [1791035919.878667409] [behavior_executor_node]: BT snapshot -- root=FAILURE, lanes: emergency=FAILURE | mission=FAILURE | navigation=FAILURE
[o] root [x]
    [-] emergency [x]
        [o] emergency_condition [x]
            --> IsBatteryLow [x]
            --> IsEmergencyStopTriggered [x]
            --> IsProximityTooClose [x]
            --> IsSystemOverheated [x]
        --> Stop [-]
    [-] mission [x]
        --> MissionActive [x]
        [o] mission_selector [-]
            [-] mission_object_response [-]
                --> ObjectSeen [-]
                --> HandleObjectAction [-]
            [-] mission_progress [-]
                --> PublishMoveGoal [-]
                --> GoToObject [-]
                --> CheckStopCondition [-]
                --> AdvanceMove [-]
    [-] navigation [x]
        --> HasMpcGoal [x]

[INFO] [1791035920.970607175] [behavior_executor_node]: BT snapshot -- root=FAILURE, lanes: emergency=FAILURE | mission=FAILURE | navigation=FAILURE
[o] root [x]
    [-] emergency [x]
        [o] emergency_condition [x]
            --> IsBatteryLow [x]
            --> IsEmergencyStopTriggered [x]
            --> IsProximityTooClose [x]
            --> IsSystemOverheated [x]
        --> Stop [-]
    [-] mission [x]
        --> MissionActive [x]
        [o] mission_selector [-]
            [-] mission_object_response [-]
                --> ObjectSeen [-]
                --> HandleObjectAction [-]
            [-] mission_progress [-]
                --> PublishMoveGoal [-]
                --> GoToObject [-]
                --> CheckStopCondition [-]
                --> AdvanceMove [-]
    [-] navigation [x]
        --> HasMpcGoal [x]

[INFO] [1791035922.070545235] [behavior_executor_node]: BT snapshot -- root=FAILURE, lanes: emergency=FAILURE | mission=FAILURE | navigation=FAILURE
[o] root [x]
    [-] emergency [x]
        [o] emergency_condition [x]
            --> IsBatteryLow [x]
            --> IsEmergencyStopTriggered [x]
            --> IsProximityTooClose [x]
            --> IsSystemOverheated [x]
        --> Stop [-]
    [-] mission [x]
        --> MissionActive [x]
        [o] mission_selector [-]
            [-] mission_object_response [-]
                --> ObjectSeen [-]
                --> HandleObjectAction [-]
            [-] mission_progress [-]
                --> PublishMoveGoal [-]
                --> GoToObject [-]
                --> CheckStopCondition [-]
                --> AdvanceMove [-]
    [-] navigation [x]
        --> HasMpcGoal [x]

[INFO] [1791035923.073798954] [behavior_executor_node]: BT snapshot -- root=FAILURE, lanes: emergency=FAILURE | mission=FAILURE | navigation=FAILURE
[o] root [x]
    [-] emergency [x]
        [o] emergency_condition [x]
            --> IsBatteryLow [x]
            --> IsEmergencyStopTriggered [x]
            --> IsProximityTooClose [x]
            --> IsSystemOverheated [x]
        --> Stop [-]
    [-] mission [x]
        --> MissionActive [x]
        [o] mission_selector [-]
            [-] mission_object_response [-]
                --> ObjectSeen [-]
                --> HandleObjectAction [-]
            [-] mission_progress [-]
                --> PublishMoveGoal [-]
                --> GoToObject [-]
                --> CheckStopCondition [-]
                --> AdvanceMove [-]
    [-] navigation [x]
        --> HasMpcGoal [x]

[INFO] [1791035924.170556497] [behavior_executor_node]: BT snapshot -- root=FAILURE, lanes: emergency=FAILURE | mission=FAILURE | navigation=FAILURE
[o] root [x]
    [-] emergency [x]
        [o] emergency_condition [x]
            --> IsBatteryLow [x]
            --> IsEmergencyStopTriggered [x]
            --> IsProximityTooClose [x]
            --> IsSystemOverheated [x]
        --> Stop [-]
    [-] mission [x]
        --> MissionActive [x]
        [o] mission_selector [-]
            [-] mission_object_response [-]
                --> ObjectSeen [-]
                --> HandleObjectAction [-]
            [-] mission_progress [-]
                --> PublishMoveGoal [-]
                --> GoToObject [-]
                --> CheckStopCondition [-]
                --> AdvanceMove [-]
    [-] navigation [x]
        --> HasMpcGoal [x]

[INFO] [1791035925.278169308] [behavior_executor_node]: BT snapshot -- root=FAILURE, lanes: emergency=FAILURE | mission=FAILURE | navigation=FAILURE
[o] root [x]
    [-] emergency [x]
        [o] emergency_condition [x]
            --> IsBatteryLow [x]
            --> IsEmergencyStopTriggered [x]
            --> IsProximityTooClose [x]
            --> IsSystemOverheated [x]
        --> Stop [-]
    [-] mission [x]
        --> MissionActive [x]
        [o] mission_selector [-]
            [-] mission_object_response [-]
                --> ObjectSeen [-]
                --> HandleObjectAction [-]
            [-] mission_progress [-]
                --> PublishMoveGoal [-]
                --> GoToObject [-]
                --> CheckStopCondition [-]
                --> AdvanceMove [-]
    [-] navigation [x]
        --> HasMpcGoal [x]

[INFO] [1791035926.370878874] [behavior_executor_node]: BT snapshot -- root=FAILURE, lanes: emergency=FAILURE | mission=FAILURE | navigation=FAILURE
[o] root [x]
    [-] emergency [x]
        [o] emergency_condition [x]
            --> IsBatteryLow [x]
            --> IsEmergencyStopTriggered [x]
            --> IsProximityTooClose [x]
            --> IsSystemOverheated [x]
        --> Stop [-]
    [-] mission [x]
        --> MissionActive [x]
        [o] mission_selector [-]
            [-] mission_object_response [-]
                --> ObjectSeen [-]
                --> HandleObjectAction [-]
            [-] mission_progress [-]
                --> PublishMoveGoal [-]
                --> GoToObject [-]
                --> CheckStopCondition [-]
                --> AdvanceMove [-]
    [-] navigation [x]
        --> HasMpcGoal [x]

[INFO] [1791035927.481096235] [behavior_executor_node]: BT snapshot -- root=FAILURE, lanes: emergency=FAILURE | mission=FAILURE | navigation=FAILURE
[o] root [x]
    [-] emergency [x]
        [o] emergency_condition [x]
            --> IsBatteryLow [x]
            --> IsEmergencyStopTriggered [x]
            --> IsProximityTooClose [x]
            --> IsSystemOverheated [x]
        --> Stop [-]
    [-] mission [x]
        --> MissionActive [x]
        [o] mission_selector [-]
            [-] mission_object_response [-]
                --> ObjectSeen [-]
                --> HandleObjectAction [-]
            [-] mission_progress [-]
                --> PublishMoveGoal [-]
                --> GoToObject [-]
                --> CheckStopCondition [-]
                --> AdvanceMove [-]
    [-] navigation [x]
        --> HasMpcGoal [x]

[INFO] [1791035928.570510435] [behavior_executor_node]: BT snapshot -- root=FAILURE, lanes: emergency=FAILURE | mission=FAILURE | navigation=FAILURE
[o] root [x]
    [-] emergency [x]
        [o] emergency_condition [x]
            --> IsBatteryLow [x]
            --> IsEmergencyStopTriggered [x]
            --> IsProximityTooClose [x]
            --> IsSystemOverheated [x]
        --> Stop [-]
    [-] mission [x]
        --> MissionActive [x]
        [o] mission_selector [-]
            [-] mission_object_response [-]
                --> ObjectSeen [-]
                --> HandleObjectAction [-]
            [-] mission_progress [-]
                --> PublishMoveGoal [-]
                --> GoToObject [-]
                --> CheckStopCondition [-]
                --> AdvanceMove [-]
    [-] navigation [x]
        --> HasMpcGoal [x]

[INFO] [1791035929.500428989] [behavior_executor_node]: [IsProximityTooClose] DIAG /scan layout (first message): angle_min=-2.3562 rad (-135.0 deg), angle_max=2.3562 rad (+135.0 deg), angle_increment=0.004363 rad (0.2500 deg), range_min=0.020 m, len(ranges)=1081
[INFO] [1791035929.501355123] [behavior_executor_node]: [IsProximityTooClose] DIAG scan: total=1081 in_window=721 excluded_by_filter=0 min_in_window=0.545 front_min=1.664
[INFO] [1791035929.669670597] [behavior_executor_node]: BT snapshot -- root=FAILURE, lanes: emergency=FAILURE | mission=FAILURE | navigation=FAILURE
[o] root [x]
    [-] emergency [x]
        [o] emergency_condition [x]
            --> IsBatteryLow [x]
            --> IsEmergencyStopTriggered [x]
            --> IsProximityTooClose [x]
            --> IsSystemOverheated [x]
        --> Stop [-]
    [-] mission [x]
        --> MissionActive [x]
        [o] mission_selector [-]
            [-] mission_object_response [-]
                --> ObjectSeen [-]
                --> HandleObjectAction [-]
            [-] mission_progress [-]
                --> PublishMoveGoal [-]
                --> GoToObject [-]
                --> CheckStopCondition [-]
                --> AdvanceMove [-]
    [-] navigation [x]
        --> HasMpcGoal [x]

[INFO] [1791035930.671228283] [behavior_executor_node]: BT snapshot -- root=FAILURE, lanes: emergency=FAILURE | mission=FAILURE | navigation=FAILURE
[o] root [x]
    [-] emergency [x]
        [o] emergency_condition [x]
            --> IsBatteryLow [x]
            --> IsEmergencyStopTriggered [x]
            --> IsProximityTooClose [x]
            --> IsSystemOverheated [x]
        --> Stop [-]
    [-] mission [x]
        --> MissionActive [x]
        [o] mission_selector [-]
            [-] mission_object_response [-]
                --> ObjectSeen [-]
                --> HandleObjectAction [-]
            [-] mission_progress [-]
                --> PublishMoveGoal [-]
                --> GoToObject [-]
                --> CheckStopCondition [-]
                --> AdvanceMove [-]
    [-] navigation [x]
        --> HasMpcGoal [x]

[INFO] [1791035931.573209262] [behavior_executor_node]: [IsProximityTooClose] DIAG scan: total=1081 in_window=721 excluded_by_filter=0 min_in_window=0.643 front_min=1.643
[INFO] [1791035931.769609118] [behavior_executor_node]: BT snapshot -- root=FAILURE, lanes: emergency=FAILURE | mission=FAILURE | navigation=FAILURE
[o] root [x]
    [-] emergency [x]
        [o] emergency_condition [x]
            --> IsBatteryLow [x]
            --> IsEmergencyStopTriggered [x]
            --> IsProximityTooClose [x]
            --> IsSystemOverheated [x]
        --> Stop [-]
    [-] mission [x]
        --> MissionActive [x]
        [o] mission_selector [-]
            [-] mission_object_response [-]
                --> ObjectSeen [-]
                --> HandleObjectAction [-]
            [-] mission_progress [-]
                --> PublishMoveGoal [-]
                --> GoToObject [-]
                --> CheckStopCondition [-]
                --> AdvanceMove [-]
    [-] navigation [x]
        --> HasMpcGoal [x]

[INFO] [1791035932.869669671] [behavior_executor_node]: BT snapshot -- root=FAILURE, lanes: emergency=FAILURE | mission=FAILURE | navigation=FAILURE
[o] root [x]
    [-] emergency [x]
        [o] emergency_condition [x]
            --> IsBatteryLow [x]
            --> IsEmergencyStopTriggered [x]
            --> IsProximityTooClose [x]
            --> IsSystemOverheated [x]
        --> Stop [-]
    [-] mission [x]
        --> MissionActive [x]
        [o] mission_selector [-]
            [-] mission_object_response [-]
                --> ObjectSeen [-]
                --> HandleObjectAction [-]
            [-] mission_progress [-]
                --> PublishMoveGoal [-]
                --> GoToObject [-]
                --> CheckStopCondition [-]
                --> AdvanceMove [-]
    [-] navigation [x]
        --> HasMpcGoal [x]

[INFO] [1791035933.580993513] [behavior_executor_node]: [IsProximityTooClose] DIAG scan: total=1081 in_window=721 excluded_by_filter=0 min_in_window=0.568 front_min=1.505
[INFO] [1791035933.872559376] [behavior_executor_node]: BT snapshot -- root=FAILURE, lanes: emergency=FAILURE | mission=FAILURE | navigation=FAILURE
[o] root [x]
    [-] emergency [x]
        [o] emergency_condition [x]
            --> IsBatteryLow [x]
            --> IsEmergencyStopTriggered [x]
            --> IsProximityTooClose [x]
            --> IsSystemOverheated [x]
        --> Stop [-]
    [-] mission [x]
        --> MissionActive [x]
        [o] mission_selector [-]
            [-] mission_object_response [-]
                --> ObjectSeen [-]
                --> HandleObjectAction [-]
            [-] mission_progress [-]
                --> PublishMoveGoal [-]
                --> GoToObject [-]
                --> CheckStopCondition [-]
                --> AdvanceMove [-]
    [-] navigation [x]
        --> HasMpcGoal [x]

[INFO] [1791035934.969614287] [behavior_executor_node]: BT snapshot -- root=FAILURE, lanes: emergency=FAILURE | mission=FAILURE | navigation=FAILURE
[o] root [x]
    [-] emergency [x]
        [o] emergency_condition [x]
            --> IsBatteryLow [x]
            --> IsEmergencyStopTriggered [x]
            --> IsProximityTooClose [x]
            --> IsSystemOverheated [x]
        --> Stop [-]
    [-] mission [x]
        --> MissionActive [x]
        [o] mission_selector [-]
            [-] mission_object_response [-]
                --> ObjectSeen [-]
                --> HandleObjectAction [-]
            [-] mission_progress [-]
                --> PublishMoveGoal [-]
                --> GoToObject [-]
                --> CheckStopCondition [-]
                --> AdvanceMove [-]
    [-] navigation [x]
        --> HasMpcGoal [x]

[INFO] [1791035935.673807279] [behavior_executor_node]: [IsProximityTooClose] DIAG scan: total=1081 in_window=721 excluded_by_filter=0 min_in_window=0.596 front_min=1.493
[INFO] [1791035935.969678638] [behavior_executor_node]: BT snapshot -- root=FAILURE, lanes: emergency=FAILURE | mission=FAILURE | navigation=FAILURE
[o] root [x]
    [-] emergency [x]
        [o] emergency_condition [x]
            --> IsBatteryLow [x]
            --> IsEmergencyStopTriggered [x]
            --> IsProximityTooClose [x]
            --> IsSystemOverheated [x]
        --> Stop [-]
    [-] mission [x]
        --> MissionActive [x]
        [o] mission_selector [-]
            [-] mission_object_response [-]
                --> ObjectSeen [-]
                --> HandleObjectAction [-]
            [-] mission_progress [-]
                --> PublishMoveGoal [-]
                --> GoToObject [-]
                --> CheckStopCondition [-]
                --> AdvanceMove [-]
    [-] navigation [x]
        --> HasMpcGoal [x]

[INFO] [1791035936.969833760] [behavior_executor_node]: BT snapshot -- root=FAILURE, lanes: emergency=FAILURE | mission=FAILURE | navigation=FAILURE
[o] root [x]
    [-] emergency [x]
        [o] emergency_condition [x]
            --> IsBatteryLow [x]
            --> IsEmergencyStopTriggered [x]
            --> IsProximityTooClose [x]
            --> IsSystemOverheated [x]
        --> Stop [-]
    [-] mission [x]
        --> MissionActive [x]
        [o] mission_selector [-]
            [-] mission_object_response [-]
                --> ObjectSeen [-]
                --> HandleObjectAction [-]
            [-] mission_progress [-]
                --> PublishMoveGoal [-]
                --> GoToObject [-]
                --> CheckStopCondition [-]
                --> AdvanceMove [-]
    [-] navigation [x]
        --> HasMpcGoal [x]

[INFO] [1791035937.689991743] [behavior_executor_node]: [IsProximityTooClose] DIAG scan: total=1081 in_window=721 excluded_by_filter=0 min_in_window=0.635 front_min=1.304
[INFO] [1791035937.975956753] [behavior_executor_node]: BT snapshot -- root=FAILURE, lanes: emergency=FAILURE | mission=FAILURE | navigation=FAILURE
[o] root [x]
    [-] emergency [x]
        [o] emergency_condition [x]
            --> IsBatteryLow [x]
            --> IsEmergencyStopTriggered [x]
            --> IsProximityTooClose [x]
            --> IsSystemOverheated [x]
        --> Stop [-]
    [-] mission [x]
        --> MissionActive [x]
        [o] mission_selector [-]
            [-] mission_object_response [-]
                --> ObjectSeen [-]
                --> HandleObjectAction [-]
            [-] mission_progress [-]
                --> PublishMoveGoal [-]
                --> GoToObject [-]
                --> CheckStopCondition [-]
                --> AdvanceMove [-]
    [-] navigation [x]
        --> HasMpcGoal [x]

[INFO] [1791035939.069914120] [behavior_executor_node]: BT snapshot -- root=FAILURE, lanes: emergency=FAILURE | mission=FAILURE | navigation=FAILURE
[o] root [x]
    [-] emergency [x]
        [o] emergency_condition [x]
            --> IsBatteryLow [x]
            --> IsEmergencyStopTriggered [x]
            --> IsProximityTooClose [x]
            --> IsSystemOverheated [x]
        --> Stop [-]
    [-] mission [x]
        --> MissionActive [x]
        [o] mission_selector [-]
            [-] mission_object_response [-]
                --> ObjectSeen [-]
                --> HandleObjectAction [-]
            [-] mission_progress [-]
                --> PublishMoveGoal [-]
                --> GoToObject [-]
                --> CheckStopCondition [-]
                --> AdvanceMove [-]
    [-] navigation [x]
        --> HasMpcGoal [x]

[INFO] [1791035939.889938152] [behavior_executor_node]: [IsProximityTooClose] DIAG scan: total=1081 in_window=721 excluded_by_filter=0 min_in_window=0.956 front_min=1.247
[INFO] [1791035940.169868988] [behavior_executor_node]: BT snapshot -- root=FAILURE, lanes: emergency=FAILURE | mission=FAILURE | navigation=FAILURE
[o] root [x]
    [-] emergency [x]
        [o] emergency_condition [x]
            --> IsBatteryLow [x]
            --> IsEmergencyStopTriggered [x]
            --> IsProximityTooClose [x]
            --> IsSystemOverheated [x]
        --> Stop [-]
    [-] mission [x]
        --> MissionActive [x]
        [o] mission_selector [-]
            [-] mission_object_response [-]
                --> ObjectSeen [-]
                --> HandleObjectAction [-]
            [-] mission_progress [-]
                --> PublishMoveGoal [-]
                --> GoToObject [-]
                --> CheckStopCondition [-]
                --> AdvanceMove [-]
    [-] navigation [x]
        --> HasMpcGoal [x]

[INFO] [1791035941.178069554] [behavior_executor_node]: BT snapshot -- root=FAILURE, lanes: emergency=FAILURE | mission=FAILURE | navigation=FAILURE
[o] root [x]
    [-] emergency [x]
        [o] emergency_condition [x]
            --> IsBatteryLow [x]
            --> IsEmergencyStopTriggered [x]
            --> IsProximityTooClose [x]
            --> IsSystemOverheated [x]
        --> Stop [-]
    [-] mission [x]
        --> MissionActive [x]
        [o] mission_selector [-]
            [-] mission_object_response [-]
                --> ObjectSeen [-]
                --> HandleObjectAction [-]
            [-] mission_progress [-]
                --> PublishMoveGoal [-]
                --> GoToObject [-]
                --> CheckStopCondition [-]
                --> AdvanceMove [-]
    [-] navigation [x]
        --> HasMpcGoal [x]

[INFO] [1791035941.897043036] [behavior_executor_node]: [IsProximityTooClose] DIAG scan: total=1081 in_window=721 excluded_by_filter=0 min_in_window=0.786 front_min=1.585
[INFO] [1791035942.269698880] [behavior_executor_node]: BT snapshot -- root=FAILURE, lanes: emergency=FAILURE | mission=FAILURE | navigation=FAILURE
[o] root [x]
    [-] emergency [x]
        [o] emergency_condition [x]
            --> IsBatteryLow [x]
            --> IsEmergencyStopTriggered [x]
            --> IsProximityTooClose [x]
            --> IsSystemOverheated [x]
        --> Stop [-]
    [-] mission [x]
        --> MissionActive [x]
        [o] mission_selector [-]
            [-] mission_object_response [-]
                --> ObjectSeen [-]
                --> HandleObjectAction [-]
            [-] mission_progress [-]
                --> PublishMoveGoal [-]
                --> GoToObject [-]
                --> CheckStopCondition [-]
                --> AdvanceMove [-]
    [-] navigation [x]
        --> HasMpcGoal [x]

[INFO] [1791035943.269710502] [behavior_executor_node]: BT snapshot -- root=FAILURE, lanes: emergency=FAILURE | mission=FAILURE | navigation=FAILURE
[o] root [x]
    [-] emergency [x]
        [o] emergency_condition [x]
            --> IsBatteryLow [x]
            --> IsEmergencyStopTriggered [x]
            --> IsProximityTooClose [x]
            --> IsSystemOverheated [x]
        --> Stop [-]
    [-] mission [x]
        --> MissionActive [x]
        [o] mission_selector [-]
            [-] mission_object_response [-]
                --> ObjectSeen [-]
                --> HandleObjectAction [-]
            [-] mission_progress [-]
                --> PublishMoveGoal [-]
                --> GoToObject [-]
                --> CheckStopCondition [-]
                --> AdvanceMove [-]
    [-] navigation [x]
        --> HasMpcGoal [x]

[INFO] [1791035943.973330402] [behavior_executor_node]: [IsProximityTooClose] DIAG scan: total=1081 in_window=721 excluded_by_filter=0 min_in_window=0.834 front_min=1.566
[INFO] [1791035944.269744721] [behavior_executor_node]: BT snapshot -- root=FAILURE, lanes: emergency=FAILURE | mission=FAILURE | navigation=FAILURE
[o] root [x]
    [-] emergency [x]
        [o] emergency_condition [x]
            --> IsBatteryLow [x]
            --> IsEmergencyStopTriggered [x]
            --> IsProximityTooClose [x]
            --> IsSystemOverheated [x]
        --> Stop [-]
    [-] mission [x]
        --> MissionActive [x]
        [o] mission_selector [-]
            [-] mission_object_response [-]
                --> ObjectSeen [-]
                --> HandleObjectAction [-]
            [-] mission_progress [-]
                --> PublishMoveGoal [-]
                --> GoToObject [-]
                --> CheckStopCondition [-]
                --> AdvanceMove [-]
    [-] navigation [x]
        --> HasMpcGoal [x]

[INFO] [1791035945.485527143] [behavior_executor_node]: BT snapshot -- root=FAILURE, lanes: emergency=FAILURE | mission=FAILURE | navigation=FAILURE
[o] root [x]
    [-] emergency [x]
        [o] emergency_condition [x]
            --> IsBatteryLow [x]
            --> IsEmergencyStopTriggered [x]
            --> IsProximityTooClose [x]
            --> IsSystemOverheated [x]
        --> Stop [-]
    [-] mission [x]
        --> MissionActive [x]
        [o] mission_selector [-]
            [-] mission_object_response [-]
                --> ObjectSeen [-]
                --> HandleObjectAction [-]
            [-] mission_progress [-]
                --> PublishMoveGoal [-]
                --> GoToObject [-]
                --> CheckStopCondition [-]
                --> AdvanceMove [-]
    [-] navigation [x]
        --> HasMpcGoal [x]

[INFO] [1791035945.977730216] [behavior_executor_node]: [IsProximityTooClose] DIAG scan: total=1081 in_window=721 excluded_by_filter=0 min_in_window=1.030 front_min=1.268
[INFO] [1791035946.571148860] [behavior_executor_node]: BT snapshot -- root=FAILURE, lanes: emergency=FAILURE | mission=FAILURE | navigation=FAILURE
[o] root [x]
    [-] emergency [x]
        [o] emergency_condition [x]
            --> IsBatteryLow [x]
            --> IsEmergencyStopTriggered [x]
            --> IsProximityTooClose [x]
            --> IsSystemOverheated [x]
        --> Stop [-]
    [-] mission [x]
        --> MissionActive [x]
        [o] mission_selector [-]
            [-] mission_object_response [-]
                --> ObjectSeen [-]
                --> HandleObjectAction [-]
            [-] mission_progress [-]
                --> PublishMoveGoal [-]
                --> GoToObject [-]
                --> CheckStopCondition [-]
                --> AdvanceMove [-]
    [-] navigation [x]
        --> HasMpcGoal [x]

[INFO] [1791035947.669664992] [behavior_executor_node]: BT snapshot -- root=FAILURE, lanes: emergency=FAILURE | mission=FAILURE | navigation=FAILURE
[o] root [x]
    [-] emergency [x]
        [o] emergency_condition [x]
            --> IsBatteryLow [x]
            --> IsEmergencyStopTriggered [x]
            --> IsProximityTooClose [x]
            --> IsSystemOverheated [x]
        --> Stop [-]
    [-] mission [x]
        --> MissionActive [x]
        [o] mission_selector [-]
            [-] mission_object_response [-]
                --> ObjectSeen [-]
                --> HandleObjectAction [-]
            [-] mission_progress [-]
                --> PublishMoveGoal [-]
                --> GoToObject [-]
                --> CheckStopCondition [-]
                --> AdvanceMove [-]
    [-] navigation [x]
        --> HasMpcGoal [x]

[INFO] [1791035947.991836953] [behavior_executor_node]: [IsProximityTooClose] DIAG scan: total=1081 in_window=721 excluded_by_filter=0 min_in_window=0.841 front_min=1.291
[INFO] [1791035948.669712730] [behavior_executor_node]: BT snapshot -- root=FAILURE, lanes: emergency=FAILURE | mission=FAILURE | navigation=FAILURE
[o] root [x]
    [-] emergency [x]
        [o] emergency_condition [x]
            --> IsBatteryLow [x]
            --> IsEmergencyStopTriggered [x]
            --> IsProximityTooClose [x]
            --> IsSystemOverheated [x]
        --> Stop [-]
    [-] mission [x]
        --> MissionActive [x]
        [o] mission_selector [-]
            [-] mission_object_response [-]
                --> ObjectSeen [-]
                --> HandleObjectAction [-]
            [-] mission_progress [-]
                --> PublishMoveGoal [-]
                --> GoToObject [-]
                --> CheckStopCondition [-]
                --> AdvanceMove [-]
    [-] navigation [x]
        --> HasMpcGoal [x]

[INFO] [1791035949.673735842] [behavior_executor_node]: BT snapshot -- root=FAILURE, lanes: emergency=FAILURE | mission=FAILURE | navigation=FAILURE
[o] root [x]
    [-] emergency [x]
        [o] emergency_condition [x]
            --> IsBatteryLow [x]
            --> IsEmergencyStopTriggered [x]
            --> IsProximityTooClose [x]
            --> IsSystemOverheated [x]
        --> Stop [-]
    [-] mission [x]
        --> MissionActive [x]
        [o] mission_selector [-]
            [-] mission_object_response [-]
                --> ObjectSeen [-]
                --> HandleObjectAction [-]
            [-] mission_progress [-]
                --> PublishMoveGoal [-]
                --> GoToObject [-]
                --> CheckStopCondition [-]
                --> AdvanceMove [-]
    [-] navigation [x]
        --> HasMpcGoal [x]

[INFO] [1791035950.073940728] [behavior_executor_node]: [IsProximityTooClose] DIAG scan: total=1081 in_window=721 excluded_by_filter=0 min_in_window=0.888 front_min=1.674
[INFO] [1791035950.694134292] [behavior_executor_node]: BT snapshot -- root=FAILURE, lanes: emergency=FAILURE | mission=FAILURE | navigation=FAILURE
[o] root [x]
    [-] emergency [x]
        [o] emergency_condition [x]
            --> IsBatteryLow [x]
            --> IsEmergencyStopTriggered [x]
            --> IsProximityTooClose [x]
            --> IsSystemOverheated [x]
        --> Stop [-]
    [-] mission [x]
        --> MissionActive [x]
        [o] mission_selector [-]
            [-] mission_object_response [-]
                --> ObjectSeen [-]
                --> HandleObjectAction [-]
            [-] mission_progress [-]
                --> PublishMoveGoal [-]
                --> GoToObject [-]
                --> CheckStopCondition [-]
                --> AdvanceMove [-]
    [-] navigation [x]
        --> HasMpcGoal [x]

[INFO] [1791035951.769706140] [behavior_executor_node]: BT snapshot -- root=FAILURE, lanes: emergency=FAILURE | mission=FAILURE | navigation=FAILURE
[o] root [x]
    [-] emergency [x]
        [o] emergency_condition [x]
            --> IsBatteryLow [x]
            --> IsEmergencyStopTriggered [x]
            --> IsProximityTooClose [x]
            --> IsSystemOverheated [x]
        --> Stop [-]
    [-] mission [x]
        --> MissionActive [x]
        [o] mission_selector [-]
            [-] mission_object_response [-]
                --> ObjectSeen [-]
                --> HandleObjectAction [-]
            [-] mission_progress [-]
                --> PublishMoveGoal [-]
                --> GoToObject [-]
                --> CheckStopCondition [-]
                --> AdvanceMove [-]
    [-] navigation [x]
        --> HasMpcGoal [x]

[INFO] [1791035952.075085289] [behavior_executor_node]: [IsProximityTooClose] DIAG scan: total=1081 in_window=721 excluded_by_filter=0 min_in_window=0.931 front_min=1.980
[INFO] [1791035952.769768681] [behavior_executor_node]: BT snapshot -- root=FAILURE, lanes: emergency=FAILURE | mission=FAILURE | navigation=FAILURE
[o] root [x]
    [-] emergency [x]
        [o] emergency_condition [x]
            --> IsBatteryLow [x]
            --> IsEmergencyStopTriggered [x]
            --> IsProximityTooClose [x]
            --> IsSystemOverheated [x]
        --> Stop [-]
    [-] mission [x]
        --> MissionActive [x]
        [o] mission_selector [-]
            [-] mission_object_response [-]
                --> ObjectSeen [-]
                --> HandleObjectAction [-]
            [-] mission_progress [-]
                --> PublishMoveGoal [-]
                --> GoToObject [-]
                --> CheckStopCondition [-]
                --> AdvanceMove [-]
    [-] navigation [x]
        --> HasMpcGoal [x]

[INFO] [1791035953.871834002] [behavior_executor_node]: BT snapshot -- root=FAILURE, lanes: emergency=FAILURE | mission=FAILURE | navigation=FAILURE
[o] root [x]
    [-] emergency [x]
        [o] emergency_condition [x]
            --> IsBatteryLow [x]
            --> IsEmergencyStopTriggered [x]
            --> IsProximityTooClose [x]
            --> IsSystemOverheated [x]
        --> Stop [-]
    [-] mission [x]
        --> MissionActive [x]
        [o] mission_selector [-]
            [-] mission_object_response [-]
                --> ObjectSeen [-]
                --> HandleObjectAction [-]
            [-] mission_progress [-]
                --> PublishMoveGoal [-]
                --> GoToObject [-]
                --> CheckStopCondition [-]
                --> AdvanceMove [-]
    [-] navigation [x]
        --> HasMpcGoal [x]

[INFO] [1791035954.077296115] [behavior_executor_node]: [IsProximityTooClose] DIAG scan: total=1081 in_window=721 excluded_by_filter=0 min_in_window=0.963 front_min=2.241
[INFO] [1791035954.969781971] [behavior_executor_node]: BT snapshot -- root=FAILURE, lanes: emergency=FAILURE | mission=FAILURE | navigation=FAILURE
[o] root [x]
    [-] emergency [x]
        [o] emergency_condition [x]
            --> IsBatteryLow [x]
            --> IsEmergencyStopTriggered [x]
            --> IsProximityTooClose [x]
            --> IsSystemOverheated [x]
        --> Stop [-]
    [-] mission [x]
        --> MissionActive [x]
        [o] mission_selector [-]
            [-] mission_object_response [-]
                --> ObjectSeen [-]
                --> HandleObjectAction [-]
            [-] mission_progress [-]
                --> PublishMoveGoal [-]
                --> GoToObject [-]
                --> CheckStopCondition [-]
                --> AdvanceMove [-]
    [-] navigation [x]
        --> HasMpcGoal [x]

[INFO] [1791035956.072615119] [behavior_executor_node]: BT snapshot -- root=FAILURE, lanes: emergency=FAILURE | mission=FAILURE | navigation=FAILURE
[o] root [x]
    [-] emergency [x]
        [o] emergency_condition [x]
            --> IsBatteryLow [x]
            --> IsEmergencyStopTriggered [x]
            --> IsProximityTooClose [x]
            --> IsSystemOverheated [x]
        --> Stop [-]
    [-] mission [x]
        --> MissionActive [x]
        [o] mission_selector [-]
            [-] mission_object_response [-]
                --> ObjectSeen [-]
                --> HandleObjectAction [-]
            [-] mission_progress [-]
                --> PublishMoveGoal [-]
                --> GoToObject [-]
                --> CheckStopCondition [-]
                --> AdvanceMove [-]
    [-] navigation [x]
        --> HasMpcGoal [x]

[INFO] [1791035956.077505592] [behavior_executor_node]: [IsProximityTooClose] DIAG scan: total=1081 in_window=721 excluded_by_filter=0 min_in_window=0.987 front_min=1.577
[INFO] [1791035957.169773753] [behavior_executor_node]: BT snapshot -- root=FAILURE, lanes: emergency=FAILURE | mission=FAILURE | navigation=FAILURE
[o] root [x]
    [-] emergency [x]
        [o] emergency_condition [x]
            --> IsBatteryLow [x]
            --> IsEmergencyStopTriggered [x]
            --> IsProximityTooClose [x]
            --> IsSystemOverheated [x]
        --> Stop [-]
    [-] mission [x]
        --> MissionActive [x]
        [o] mission_selector [-]
            [-] mission_object_response [-]
                --> ObjectSeen [-]
                --> HandleObjectAction [-]
            [-] mission_progress [-]
                --> PublishMoveGoal [-]
                --> GoToObject [-]
                --> CheckStopCondition [-]
                --> AdvanceMove [-]
    [-] navigation [x]
        --> HasMpcGoal [x]

[INFO] [1791035958.088328419] [behavior_executor_node]: [IsProximityTooClose] DIAG scan: total=1081 in_window=721 excluded_by_filter=0 min_in_window=1.084 front_min=2.082
[INFO] [1791035958.269777802] [behavior_executor_node]: BT snapshot -- root=FAILURE, lanes: emergency=FAILURE | mission=FAILURE | navigation=FAILURE
[o] root [x]
    [-] emergency [x]
        [o] emergency_condition [x]
            --> IsBatteryLow [x]
            --> IsEmergencyStopTriggered [x]
            --> IsProximityTooClose [x]
            --> IsSystemOverheated [x]
        --> Stop [-]
    [-] mission [x]
        --> MissionActive [x]
        [o] mission_selector [-]
            [-] mission_object_response [-]
                --> ObjectSeen [-]
                --> HandleObjectAction [-]
            [-] mission_progress [-]
                --> PublishMoveGoal [-]
                --> GoToObject [-]
                --> CheckStopCondition [-]
                --> AdvanceMove [-]
    [-] navigation [x]
        --> HasMpcGoal [x]

[INFO] [1791035959.271875454] [behavior_executor_node]: BT snapshot -- root=FAILURE, lanes: emergency=FAILURE | mission=FAILURE | navigation=FAILURE
[o] root [x]
    [-] emergency [x]
        [o] emergency_condition [x]
            --> IsBatteryLow [x]
            --> IsEmergencyStopTriggered [x]
            --> IsProximityTooClose [x]
            --> IsSystemOverheated [x]
        --> Stop [-]
    [-] mission [x]
        --> MissionActive [x]
        [o] mission_selector [-]
            [-] mission_object_response [-]
                --> ObjectSeen [-]
                --> HandleObjectAction [-]
            [-] mission_progress [-]
                --> PublishMoveGoal [-]
                --> GoToObject [-]
                --> CheckStopCondition [-]
                --> AdvanceMove [-]
    [-] navigation [x]
        --> HasMpcGoal [x]

[INFO] [1791035960.172890565] [behavior_executor_node]: [IsProximityTooClose] DIAG scan: total=1081 in_window=721 excluded_by_filter=0 min_in_window=1.134 front_min=2.435
[INFO] [1791035960.369733636] [behavior_executor_node]: BT snapshot -- root=FAILURE, lanes: emergency=FAILURE | mission=FAILURE | navigation=FAILURE
[o] root [x]
    [-] emergency [x]
        [o] emergency_condition [x]
            --> IsBatteryLow [x]
            --> IsEmergencyStopTriggered [x]
            --> IsProximityTooClose [x]
            --> IsSystemOverheated [x]
        --> Stop [-]
    [-] mission [x]
        --> MissionActive [x]
        [o] mission_selector [-]
            [-] mission_object_response [-]
                --> ObjectSeen [-]
                --> HandleObjectAction [-]
            [-] mission_progress [-]
                --> PublishMoveGoal [-]
                --> GoToObject [-]
                --> CheckStopCondition [-]
                --> AdvanceMove [-]
    [-] navigation [x]
        --> HasMpcGoal [x]

[INFO] [1791035961.469935229] [behavior_executor_node]: BT snapshot -- root=FAILURE, lanes: emergency=FAILURE | mission=FAILURE | navigation=FAILURE
[o] root [x]
    [-] emergency [x]
        [o] emergency_condition [x]
            --> IsBatteryLow [x]
            --> IsEmergencyStopTriggered [x]
            --> IsProximityTooClose [x]
            --> IsSystemOverheated [x]
        --> Stop [-]
    [-] mission [x]
        --> MissionActive [x]
        [o] mission_selector [-]
            [-] mission_object_response [-]
                --> ObjectSeen [-]
                --> HandleObjectAction [-]
            [-] mission_progress [-]
                --> PublishMoveGoal [-]
                --> GoToObject [-]
                --> CheckStopCondition [-]
                --> AdvanceMove [-]
    [-] navigation [x]
        --> HasMpcGoal [x]

[INFO] [1791035962.186374841] [behavior_executor_node]: [IsProximityTooClose] DIAG scan: total=1081 in_window=721 excluded_by_filter=0 min_in_window=1.635 front_min=1.752
[INFO] [1791035962.571740477] [behavior_executor_node]: BT snapshot -- root=FAILURE, lanes: emergency=FAILURE | mission=FAILURE | navigation=FAILURE
[o] root [x]
    [-] emergency [x]
        [o] emergency_condition [x]
            --> IsBatteryLow [x]
            --> IsEmergencyStopTriggered [x]
            --> IsProximityTooClose [x]
            --> IsSystemOverheated [x]
        --> Stop [-]
    [-] mission [x]
        --> MissionActive [x]
        [o] mission_selector [-]
            [-] mission_object_response [-]
                --> ObjectSeen [-]
                --> HandleObjectAction [-]
            [-] mission_progress [-]
                --> PublishMoveGoal [-]
                --> GoToObject [-]
                --> CheckStopCondition [-]
                --> AdvanceMove [-]
    [-] navigation [x]
        --> HasMpcGoal [x]

[INFO] [1791035963.702073730] [behavior_executor_node]: BT snapshot -- root=FAILURE, lanes: emergency=FAILURE | mission=FAILURE | navigation=FAILURE
[o] root [x]
    [-] emergency [x]
        [o] emergency_condition [x]
            --> IsBatteryLow [x]
            --> IsEmergencyStopTriggered [x]
            --> IsProximityTooClose [x]
            --> IsSystemOverheated [x]
        --> Stop [-]
    [-] mission [x]
        --> MissionActive [x]
        [o] mission_selector [-]
            [-] mission_object_response [-]
                --> ObjectSeen [-]
                --> HandleObjectAction [-]
            [-] mission_progress [-]
                --> PublishMoveGoal [-]
                --> GoToObject [-]
                --> CheckStopCondition [-]
                --> AdvanceMove [-]
    [-] navigation [x]
        --> HasMpcGoal [x]

[INFO] [1791035964.192602716] [behavior_executor_node]: [IsProximityTooClose] DIAG scan: total=1081 in_window=721 excluded_by_filter=0 min_in_window=1.218 front_min=1.987
[INFO] [1791035964.769804132] [behavior_executor_node]: BT snapshot -- root=FAILURE, lanes: emergency=FAILURE | mission=FAILURE | navigation=FAILURE
[o] root [x]
    [-] emergency [x]
        [o] emergency_condition [x]
            --> IsBatteryLow [x]
            --> IsEmergencyStopTriggered [x]
            --> IsProximityTooClose [x]
            --> IsSystemOverheated [x]
        --> Stop [-]
    [-] mission [x]
        --> MissionActive [x]
        [o] mission_selector [-]
            [-] mission_object_response [-]
                --> ObjectSeen [-]
                --> HandleObjectAction [-]
            [-] mission_progress [-]
                --> PublishMoveGoal [-]
                --> GoToObject [-]
                --> CheckStopCondition [-]
                --> AdvanceMove [-]
    [-] navigation [x]
        --> HasMpcGoal [x]

[INFO] [1791035965.776271240] [behavior_executor_node]: BT snapshot -- root=FAILURE, lanes: emergency=FAILURE | mission=FAILURE | navigation=FAILURE
[o] root [x]
    [-] emergency [x]
        [o] emergency_condition [x]
            --> IsBatteryLow [x]
            --> IsEmergencyStopTriggered [x]
            --> IsProximityTooClose [x]
            --> IsSystemOverheated [x]
        --> Stop [-]
    [-] mission [x]
        --> MissionActive [x]
        [o] mission_selector [-]
            [-] mission_object_response [-]
                --> ObjectSeen [-]
                --> HandleObjectAction [-]
            [-] mission_progress [-]
                --> PublishMoveGoal [-]
                --> GoToObject [-]
                --> CheckStopCondition [-]
                --> AdvanceMove [-]
    [-] navigation [x]
        --> HasMpcGoal [x]

[INFO] [1791035966.396201536] [behavior_executor_node]: [IsProximityTooClose] DIAG scan: total=1081 in_window=721 excluded_by_filter=0 min_in_window=1.226 front_min=1.833
[INFO] [1791035966.869775983] [behavior_executor_node]: BT snapshot -- root=FAILURE, lanes: emergency=FAILURE | mission=FAILURE | navigation=FAILURE
[o] root [x]
    [-] emergency [x]
        [o] emergency_condition [x]
            --> IsBatteryLow [x]
            --> IsEmergencyStopTriggered [x]
            --> IsProximityTooClose [x]
            --> IsSystemOverheated [x]
        --> Stop [-]
    [-] mission [x]
        --> MissionActive [x]
        [o] mission_selector [-]
            [-] mission_object_response [-]
                --> ObjectSeen [-]
                --> HandleObjectAction [-]
            [-] mission_progress [-]
                --> PublishMoveGoal [-]
                --> GoToObject [-]
                --> CheckStopCondition [-]
                --> AdvanceMove [-]
    [-] navigation [x]
        --> HasMpcGoal [x]

[INFO] [1791035967.869798913] [behavior_executor_node]: BT snapshot -- root=FAILURE, lanes: emergency=FAILURE | mission=FAILURE | navigation=FAILURE
[o] root [x]
    [-] emergency [x]
        [o] emergency_condition [x]
            --> IsBatteryLow [x]
            --> IsEmergencyStopTriggered [x]
            --> IsProximityTooClose [x]
            --> IsSystemOverheated [x]
        --> Stop [-]
    [-] mission [x]
        --> MissionActive [x]
        [o] mission_selector [-]
            [-] mission_object_response [-]
                --> ObjectSeen [-]
                --> HandleObjectAction [-]
            [-] mission_progress [-]
                --> PublishMoveGoal [-]
                --> GoToObject [-]
                --> CheckStopCondition [-]
                --> AdvanceMove [-]
    [-] navigation [x]
        --> HasMpcGoal [x]

[INFO] [1791035968.396485319] [behavior_executor_node]: [IsProximityTooClose] DIAG scan: total=1081 in_window=721 excluded_by_filter=0 min_in_window=1.187 front_min=1.564
[INFO] [1791035968.869866320] [behavior_executor_node]: BT snapshot -- root=FAILURE, lanes: emergency=FAILURE | mission=FAILURE | navigation=FAILURE
[o] root [x]
    [-] emergency [x]
        [o] emergency_condition [x]
            --> IsBatteryLow [x]
            --> IsEmergencyStopTriggered [x]
            --> IsProximityTooClose [x]
            --> IsSystemOverheated [x]
        --> Stop [-]
    [-] mission [x]
        --> MissionActive [x]
        [o] mission_selector [-]
            [-] mission_object_response [-]
                --> ObjectSeen [-]
                --> HandleObjectAction [-]
            [-] mission_progress [-]
                --> PublishMoveGoal [-]
                --> GoToObject [-]
                --> CheckStopCondition [-]
                --> AdvanceMove [-]
    [-] navigation [x]
        --> HasMpcGoal [x]

[INFO] [1791035969.969837596] [behavior_executor_node]: BT snapshot -- root=FAILURE, lanes: emergency=FAILURE | mission=FAILURE | navigation=FAILURE
[o] root [x]
    [-] emergency [x]
        [o] emergency_condition [x]
            --> IsBatteryLow [x]
            --> IsEmergencyStopTriggered [x]
            --> IsProximityTooClose [x]
            --> IsSystemOverheated [x]
        --> Stop [-]
    [-] mission [x]
        --> MissionActive [x]
        [o] mission_selector [-]
            [-] mission_object_response [-]
                --> ObjectSeen [-]
                --> HandleObjectAction [-]
            [-] mission_progress [-]
                --> PublishMoveGoal [-]
                --> GoToObject [-]
                --> CheckStopCondition [-]
                --> AdvanceMove [-]
    [-] navigation [x]
        --> HasMpcGoal [x]

[INFO] [1791035970.468758046] [behavior_executor_node]: [IsProximityTooClose] DIAG scan: total=1081 in_window=721 excluded_by_filter=0 min_in_window=0.827 front_min=1.897
[INFO] [1791035970.969793429] [behavior_executor_node]: BT snapshot -- root=FAILURE, lanes: emergency=FAILURE | mission=FAILURE | navigation=FAILURE
[o] root [x]
    [-] emergency [x]
        [o] emergency_condition [x]
            --> IsBatteryLow [x]
            --> IsEmergencyStopTriggered [x]
            --> IsProximityTooClose [x]
            --> IsSystemOverheated [x]
        --> Stop [-]
    [-] mission [x]
        --> MissionActive [x]
        [o] mission_selector [-]
            [-] mission_object_response [-]
                --> ObjectSeen [-]
                --> HandleObjectAction [-]
            [-] mission_progress [-]
                --> PublishMoveGoal [-]
                --> GoToObject [-]
                --> CheckStopCondition [-]
                --> AdvanceMove [-]
    [-] navigation [x]
        --> HasMpcGoal [x]

[INFO] [1791035971.969785366] [behavior_executor_node]: BT snapshot -- root=FAILURE, lanes: emergency=FAILURE | mission=FAILURE | navigation=FAILURE
[o] root [x]
    [-] emergency [x]
        [o] emergency_condition [x]
            --> IsBatteryLow [x]
            --> IsEmergencyStopTriggered [x]
            --> IsProximityTooClose [x]
            --> IsSystemOverheated [x]
        --> Stop [-]
    [-] mission [x]
        --> MissionActive [x]
        [o] mission_selector [-]
            [-] mission_object_response [-]
                --> ObjectSeen [-]
                --> HandleObjectAction [-]
            [-] mission_progress [-]
                --> PublishMoveGoal [-]
                --> GoToObject [-]
                --> CheckStopCondition [-]
                --> AdvanceMove [-]
    [-] navigation [x]
        --> HasMpcGoal [x]

[INFO] [1791035972.572499835] [behavior_executor_node]: [IsProximityTooClose] DIAG scan: total=1081 in_window=721 excluded_by_filter=0 min_in_window=0.627 front_min=1.651
[INFO] [1791035972.969755076] [behavior_executor_node]: BT snapshot -- root=FAILURE, lanes: emergency=FAILURE | mission=FAILURE | navigation=FAILURE
[o] root [x]
    [-] emergency [x]
        [o] emergency_condition [x]
            --> IsBatteryLow [x]
            --> IsEmergencyStopTriggered [x]
            --> IsProximityTooClose [x]
            --> IsSystemOverheated [x]
        --> Stop [-]
    [-] mission [x]
        --> MissionActive [x]
        [o] mission_selector [-]
            [-] mission_object_response [-]
                --> ObjectSeen [-]
                --> HandleObjectAction [-]
            [-] mission_progress [-]
                --> PublishMoveGoal [-]
                --> GoToObject [-]
                --> CheckStopCondition [-]
                --> AdvanceMove [-]
    [-] navigation [x]
        --> HasMpcGoal [x]

[INFO] [1791035973.975044372] [behavior_executor_node]: BT snapshot -- root=FAILURE, lanes: emergency=FAILURE | mission=FAILURE | navigation=FAILURE
[o] root [x]
    [-] emergency [x]
        [o] emergency_condition [x]
            --> IsBatteryLow [x]
            --> IsEmergencyStopTriggered [x]
            --> IsProximityTooClose [x]
            --> IsSystemOverheated [x]
        --> Stop [-]
    [-] mission [x]
        --> MissionActive [x]
        [o] mission_selector [-]
            [-] mission_object_response [-]
                --> ObjectSeen [-]
                --> HandleObjectAction [-]
            [-] mission_progress [-]
                --> PublishMoveGoal [-]
                --> GoToObject [-]
                --> CheckStopCondition [-]
                --> AdvanceMove [-]
    [-] navigation [x]
        --> HasMpcGoal [x]

[INFO] [1791035974.591691085] [behavior_executor_node]: [IsProximityTooClose] DIAG scan: total=1081 in_window=721 excluded_by_filter=0 min_in_window=0.589 front_min=1.647
[INFO] [1791035975.092167166] [behavior_executor_node]: BT snapshot -- root=FAILURE, lanes: emergency=FAILURE | mission=FAILURE | navigation=FAILURE
[o] root [x]
    [-] emergency [x]
        [o] emergency_condition [x]
            --> IsBatteryLow [x]
            --> IsEmergencyStopTriggered [x]
            --> IsProximityTooClose [x]
            --> IsSystemOverheated [x]
        --> Stop [-]
    [-] mission [x]
        --> MissionActive [x]
        [o] mission_selector [-]
            [-] mission_object_response [-]
                --> ObjectSeen [-]
                --> HandleObjectAction [-]
            [-] mission_progress [-]
                --> PublishMoveGoal [-]
                --> GoToObject [-]
                --> CheckStopCondition [-]
                --> AdvanceMove [-]
    [-] navigation [x]
        --> HasMpcGoal [x]

[INFO] [1791035976.172442382] [behavior_executor_node]: BT snapshot -- root=FAILURE, lanes: emergency=FAILURE | mission=FAILURE | navigation=FAILURE
[o] root [x]
    [-] emergency [x]
        [o] emergency_condition [x]
            --> IsBatteryLow [x]
            --> IsEmergencyStopTriggered [x]
            --> IsProximityTooClose [x]
            --> IsSystemOverheated [x]
        --> Stop [-]
    [-] mission [x]
        --> MissionActive [x]
        [o] mission_selector [-]
            [-] mission_object_response [-]
                --> ObjectSeen [-]
                --> HandleObjectAction [-]
            [-] mission_progress [-]
                --> PublishMoveGoal [-]
                --> GoToObject [-]
                --> CheckStopCondition [-]
                --> AdvanceMove [-]
    [-] navigation [x]
        --> HasMpcGoal [x]

[INFO] [1791035976.601863511] [behavior_executor_node]: [IsProximityTooClose] DIAG scan: total=1081 in_window=721 excluded_by_filter=0 min_in_window=0.590 front_min=1.513
[INFO] [1791035977.269746316] [behavior_executor_node]: BT snapshot -- root=FAILURE, lanes: emergency=FAILURE | mission=FAILURE | navigation=FAILURE
[o] root [x]
    [-] emergency [x]
        [o] emergency_condition [x]
            --> IsBatteryLow [x]
            --> IsEmergencyStopTriggered [x]
            --> IsProximityTooClose [x]
            --> IsSystemOverheated [x]
        --> Stop [-]
    [-] mission [x]
        --> MissionActive [x]
        [o] mission_selector [-]
            [-] mission_object_response [-]
                --> ObjectSeen [-]
                --> HandleObjectAction [-]
            [-] mission_progress [-]
                --> PublishMoveGoal [-]
                --> GoToObject [-]
                --> CheckStopCondition [-]
                --> AdvanceMove [-]
    [-] navigation [x]
        --> HasMpcGoal [x]

[INFO] [1791035978.269882405] [behavior_executor_node]: BT snapshot -- root=FAILURE, lanes: emergency=FAILURE | mission=FAILURE | navigation=FAILURE
[o] root [x]
    [-] emergency [x]
        [o] emergency_condition [x]
            --> IsBatteryLow [x]
            --> IsEmergencyStopTriggered [x]
            --> IsProximityTooClose [x]
            --> IsSystemOverheated [x]
        --> Stop [-]
    [-] mission [x]
        --> MissionActive [x]
        [o] mission_selector [-]
            [-] mission_object_response [-]
                --> ObjectSeen [-]
                --> HandleObjectAction [-]
            [-] mission_progress [-]
                --> PublishMoveGoal [-]
                --> GoToObject [-]
                --> CheckStopCondition [-]
                --> AdvanceMove [-]
    [-] navigation [x]
        --> HasMpcGoal [x]

[INFO] [1791035978.638739653] [behavior_executor_node]: [IsProximityTooClose] DIAG scan: total=1081 in_window=721 excluded_by_filter=0 min_in_window=0.602 front_min=1.471
[INFO] [1791035979.369754051] [behavior_executor_node]: BT snapshot -- root=FAILURE, lanes: emergency=FAILURE | mission=FAILURE | navigation=FAILURE
[o] root [x]
    [-] emergency [x]
        [o] emergency_condition [x]
            --> IsBatteryLow [x]
            --> IsEmergencyStopTriggered [x]
            --> IsProximityTooClose [x]
            --> IsSystemOverheated [x]
        --> Stop [-]
    [-] mission [x]
        --> MissionActive [x]
        [o] mission_selector [-]
            [-] mission_object_response [-]
                --> ObjectSeen [-]
                --> HandleObjectAction [-]
            [-] mission_progress [-]
                --> PublishMoveGoal [-]
                --> GoToObject [-]
                --> CheckStopCondition [-]
                --> AdvanceMove [-]
    [-] navigation [x]
        --> HasMpcGoal [x]

[INFO] [1791035980.491206988] [behavior_executor_node]: BT snapshot -- root=FAILURE, lanes: emergency=FAILURE | mission=FAILURE | navigation=FAILURE
[o] root [x]
    [-] emergency [x]
        [o] emergency_condition [x]
            --> IsBatteryLow [x]
            --> IsEmergencyStopTriggered [x]
            --> IsProximityTooClose [x]
            --> IsSystemOverheated [x]
        --> Stop [-]
    [-] mission [x]
        --> MissionActive [x]
        [o] mission_selector [-]
            [-] mission_object_response [-]
                --> ObjectSeen [-]
                --> HandleObjectAction [-]
            [-] mission_progress [-]
                --> PublishMoveGoal [-]
                --> GoToObject [-]
                --> CheckStopCondition [-]
                --> AdvanceMove [-]
    [-] navigation [x]
        --> HasMpcGoal [x]

[INFO] [1791035980.662403259] [behavior_executor_node]: [IsProximityTooClose] DIAG scan: total=1081 in_window=721 excluded_by_filter=0 min_in_window=0.761 front_min=1.215
[INFO] [1791035981.578271705] [behavior_executor_node]: BT snapshot -- root=FAILURE, lanes: emergency=FAILURE | mission=FAILURE | navigation=FAILURE
[o] root [x]
    [-] emergency [x]
        [o] emergency_condition [x]
            --> IsBatteryLow [x]
            --> IsEmergencyStopTriggered [x]
            --> IsProximityTooClose [x]
            --> IsSystemOverheated [x]
        --> Stop [-]
    [-] mission [x]
        --> MissionActive [x]
        [o] mission_selector [-]
            [-] mission_object_response [-]
                --> ObjectSeen [-]
                --> HandleObjectAction [-]
            [-] mission_progress [-]
                --> PublishMoveGoal [-]
                --> GoToObject [-]
                --> CheckStopCondition [-]
                --> AdvanceMove [-]
    [-] navigation [x]
        --> HasMpcGoal [x]

[INFO] [1791035982.669681307] [behavior_executor_node]: BT snapshot -- root=FAILURE, lanes: emergency=FAILURE | mission=FAILURE | navigation=FAILURE
[o] root [x]
    [-] emergency [x]
        [o] emergency_condition [x]
            --> IsBatteryLow [x]
            --> IsEmergencyStopTriggered [x]
            --> IsProximityTooClose [x]
            --> IsSystemOverheated [x]
        --> Stop [-]
    [-] mission [x]
        --> MissionActive [x]
        [o] mission_selector [-]
            [-] mission_object_response [-]
                --> ObjectSeen [-]
                --> HandleObjectAction [-]
            [-] mission_progress [-]
                --> PublishMoveGoal [-]
                --> GoToObject [-]
                --> CheckStopCondition [-]
                --> AdvanceMove [-]
    [-] navigation [x]
        --> HasMpcGoal [x]

[INFO] [1791035982.683888141] [behavior_executor_node]: [IsProximityTooClose] DIAG scan: total=1081 in_window=721 excluded_by_filter=0 min_in_window=0.909 front_min=1.080
[INFO] [1791035983.669885083] [behavior_executor_node]: BT snapshot -- root=FAILURE, lanes: emergency=FAILURE | mission=FAILURE | navigation=FAILURE
[o] root [x]
    [-] emergency [x]
        [o] emergency_condition [x]
            --> IsBatteryLow [x]
            --> IsEmergencyStopTriggered [x]
            --> IsProximityTooClose [x]
            --> IsSystemOverheated [x]
        --> Stop [-]
    [-] mission [x]
        --> MissionActive [x]
        [o] mission_selector [-]
            [-] mission_object_response [-]
                --> ObjectSeen [-]
                --> HandleObjectAction [-]
            [-] mission_progress [-]
                --> PublishMoveGoal [-]
                --> GoToObject [-]
                --> CheckStopCondition [-]
                --> AdvanceMove [-]
    [-] navigation [x]
        --> HasMpcGoal [x]

[INFO] [1791035984.771773486] [behavior_executor_node]: BT snapshot -- root=FAILURE, lanes: emergency=FAILURE | mission=FAILURE | navigation=FAILURE
[o] root [x]
    [-] emergency [x]
        [o] emergency_condition [x]
            --> IsBatteryLow [x]
            --> IsEmergencyStopTriggered [x]
            --> IsProximityTooClose [x]
            --> IsSystemOverheated [x]
        --> Stop [-]
    [-] mission [x]
        --> MissionActive [x]
        [o] mission_selector [-]
            [-] mission_object_response [-]
                --> ObjectSeen [-]
                --> HandleObjectAction [-]
            [-] mission_progress [-]
                --> PublishMoveGoal [-]
                --> GoToObject [-]
                --> CheckStopCondition [-]
                --> AdvanceMove [-]
    [-] navigation [x]
        --> HasMpcGoal [x]

[INFO] [1791035984.773230576] [behavior_executor_node]: [IsProximityTooClose] DIAG scan: total=1081 in_window=721 excluded_by_filter=0 min_in_window=0.777 front_min=1.549
[INFO] [1791035985.786445856] [behavior_executor_node]: BT snapshot -- root=FAILURE, lanes: emergency=FAILURE | mission=FAILURE | navigation=FAILURE
[o] root [x]
    [-] emergency [x]
        [o] emergency_condition [x]
            --> IsBatteryLow [x]
            --> IsEmergencyStopTriggered [x]
            --> IsProximityTooClose [x]
            --> IsSystemOverheated [x]
        --> Stop [-]
    [-] mission [x]
        --> MissionActive [x]
        [o] mission_selector [-]
            [-] mission_object_response [-]
                --> ObjectSeen [-]
                --> HandleObjectAction [-]
            [-] mission_progress [-]
                --> PublishMoveGoal [-]
                --> GoToObject [-]
                --> CheckStopCondition [-]
                --> AdvanceMove [-]
    [-] navigation [x]
        --> HasMpcGoal [x]

[INFO] [1791035986.790801178] [behavior_executor_node]: [IsProximityTooClose] DIAG scan: total=1081 in_window=721 excluded_by_filter=0 min_in_window=0.855 front_min=1.467
[INFO] [1791035986.869780491] [behavior_executor_node]: BT snapshot -- root=FAILURE, lanes: emergency=FAILURE | mission=FAILURE | navigation=FAILURE
[o] root [x]
    [-] emergency [x]
        [o] emergency_condition [x]
            --> IsBatteryLow [x]
            --> IsEmergencyStopTriggered [x]
            --> IsProximityTooClose [x]
            --> IsSystemOverheated [x]
        --> Stop [-]
    [-] mission [x]
        --> MissionActive [x]
        [o] mission_selector [-]
            [-] mission_object_response [-]
                --> ObjectSeen [-]
                --> HandleObjectAction [-]
            [-] mission_progress [-]
                --> PublishMoveGoal [-]
                --> GoToObject [-]
                --> CheckStopCondition [-]
                --> AdvanceMove [-]
    [-] navigation [x]
        --> HasMpcGoal [x]

[INFO] [1791035988.099044791] [behavior_executor_node]: BT snapshot -- root=FAILURE, lanes: emergency=FAILURE | mission=FAILURE | navigation=FAILURE
[o] root [x]
    [-] emergency [x]
        [o] emergency_condition [x]
            --> IsBatteryLow [x]
            --> IsEmergencyStopTriggered [x]
            --> IsProximityTooClose [x]
            --> IsSystemOverheated [x]
        --> Stop [-]
    [-] mission [x]
        --> MissionActive [x]
        [o] mission_selector [-]
            [-] mission_object_response [-]
                --> ObjectSeen [-]
                --> HandleObjectAction [-]
            [-] mission_progress [-]
                --> PublishMoveGoal [-]
                --> GoToObject [-]
                --> CheckStopCondition [-]
                --> AdvanceMove [-]
    [-] navigation [x]
        --> HasMpcGoal [x]

[INFO] [1791035988.872559005] [behavior_executor_node]: [IsProximityTooClose] DIAG scan: total=1081 in_window=721 excluded_by_filter=0 min_in_window=0.853 front_min=1.271
[INFO] [1791035989.169673233] [behavior_executor_node]: BT snapshot -- root=FAILURE, lanes: emergency=FAILURE | mission=FAILURE | navigation=FAILURE
[o] root [x]
    [-] emergency [x]
        [o] emergency_condition [x]
            --> IsBatteryLow [x]
            --> IsEmergencyStopTriggered [x]
            --> IsProximityTooClose [x]
            --> IsSystemOverheated [x]
        --> Stop [-]
    [-] mission [x]
        --> MissionActive [x]
        [o] mission_selector [-]
            [-] mission_object_response [-]
                --> ObjectSeen [-]
                --> HandleObjectAction [-]
            [-] mission_progress [-]
                --> PublishMoveGoal [-]
                --> GoToObject [-]
                --> CheckStopCondition [-]
                --> AdvanceMove [-]
    [-] navigation [x]
        --> HasMpcGoal [x]

[INFO] [1791035990.169885764] [behavior_executor_node]: BT snapshot -- root=FAILURE, lanes: emergency=FAILURE | mission=FAILURE | navigation=FAILURE
[o] root [x]
    [-] emergency [x]
        [o] emergency_condition [x]
            --> IsBatteryLow [x]
            --> IsEmergencyStopTriggered [x]
            --> IsProximityTooClose [x]
            --> IsSystemOverheated [x]
        --> Stop [-]
    [-] mission [x]
        --> MissionActive [x]
        [o] mission_selector [-]
            [-] mission_object_response [-]
                --> ObjectSeen [-]
                --> HandleObjectAction [-]
            [-] mission_progress [-]
                --> PublishMoveGoal [-]
                --> GoToObject [-]
                --> CheckStopCondition [-]
                --> AdvanceMove [-]
    [-] navigation [x]
        --> HasMpcGoal [x]

[INFO] [1791035990.890023493] [behavior_executor_node]: [IsProximityTooClose] DIAG scan: total=1081 in_window=721 excluded_by_filter=0 min_in_window=0.872 front_min=3.186
[INFO] [1791035991.393177153] [behavior_executor_node]: BT snapshot -- root=FAILURE, lanes: emergency=FAILURE | mission=FAILURE | navigation=FAILURE
[o] root [x]
    [-] emergency [x]
        [o] emergency_condition [x]
            --> IsBatteryLow [x]
            --> IsEmergencyStopTriggered [x]
            --> IsProximityTooClose [x]
            --> IsSystemOverheated [x]
        --> Stop [-]
    [-] mission [x]
        --> MissionActive [x]
        [o] mission_selector [-]
            [-] mission_object_response [-]
                --> ObjectSeen [-]
                --> HandleObjectAction [-]
            [-] mission_progress [-]
                --> PublishMoveGoal [-]
                --> GoToObject [-]
                --> CheckStopCondition [-]
                --> AdvanceMove [-]
    [-] navigation [x]
        --> HasMpcGoal [x]

[INFO] [1791035992.470194799] [behavior_executor_node]: BT snapshot -- root=FAILURE, lanes: emergency=FAILURE | mission=FAILURE | navigation=FAILURE
[o] root [x]
    [-] emergency [x]
        [o] emergency_condition [x]
            --> IsBatteryLow [x]
            --> IsEmergencyStopTriggered [x]
            --> IsProximityTooClose [x]
            --> IsSystemOverheated [x]
        --> Stop [-]
    [-] mission [x]
        --> MissionActive [x]
        [o] mission_selector [-]
            [-] mission_object_response [-]
                --> ObjectSeen [-]
                --> HandleObjectAction [-]
            [-] mission_progress [-]
                --> PublishMoveGoal [-]
                --> GoToObject [-]
                --> CheckStopCondition [-]
                --> AdvanceMove [-]
    [-] navigation [x]
        --> HasMpcGoal [x]

[INFO] [1791035992.899969824] [behavior_executor_node]: [IsProximityTooClose] DIAG scan: total=1081 in_window=721 excluded_by_filter=0 min_in_window=0.886 front_min=1.524
[INFO] [1791035993.690151889] [behavior_executor_node]: BT snapshot -- root=FAILURE, lanes: emergency=FAILURE | mission=FAILURE | navigation=FAILURE
[o] root [x]
    [-] emergency [x]
        [o] emergency_condition [x]
            --> IsBatteryLow [x]
            --> IsEmergencyStopTriggered [x]
            --> IsProximityTooClose [x]
            --> IsSystemOverheated [x]
        --> Stop [-]
    [-] mission [x]
        --> MissionActive [x]
        [o] mission_selector [-]
            [-] mission_object_response [-]
                --> ObjectSeen [-]
                --> HandleObjectAction [-]
            [-] mission_progress [-]
                --> PublishMoveGoal [-]
                --> GoToObject [-]
                --> CheckStopCondition [-]
                --> AdvanceMove [-]
    [-] navigation [x]
        --> HasMpcGoal [x]

[INFO] [1791035994.769749056] [behavior_executor_node]: BT snapshot -- root=FAILURE, lanes: emergency=FAILURE | mission=FAILURE | navigation=FAILURE
[o] root [x]
    [-] emergency [x]
        [o] emergency_condition [x]
            --> IsBatteryLow [x]
            --> IsEmergencyStopTriggered [x]
            --> IsProximityTooClose [x]
            --> IsSystemOverheated [x]
        --> Stop [-]
    [-] mission [x]
        --> MissionActive [x]
        [o] mission_selector [-]
            [-] mission_object_response [-]
                --> ObjectSeen [-]
                --> HandleObjectAction [-]
            [-] mission_progress [-]
                --> PublishMoveGoal [-]
                --> GoToObject [-]
                --> CheckStopCondition [-]
                --> AdvanceMove [-]
    [-] navigation [x]
        --> HasMpcGoal [x]

[INFO] [1791035994.919563658] [behavior_executor_node]: [IsProximityTooClose] DIAG scan: total=1081 in_window=721 excluded_by_filter=0 min_in_window=0.925 front_min=1.813
[INFO] [1791035995.869654622] [behavior_executor_node]: BT snapshot -- root=FAILURE, lanes: emergency=FAILURE | mission=FAILURE | navigation=FAILURE
[o] root [x]
    [-] emergency [x]
        [o] emergency_condition [x]
            --> IsBatteryLow [x]
            --> IsEmergencyStopTriggered [x]
            --> IsProximityTooClose [x]
            --> IsSystemOverheated [x]
        --> Stop [-]
    [-] mission [x]
        --> MissionActive [x]
        [o] mission_selector [-]
            [-] mission_object_response [-]
                --> ObjectSeen [-]
                --> HandleObjectAction [-]
            [-] mission_progress [-]
                --> PublishMoveGoal [-]
                --> GoToObject [-]
                --> CheckStopCondition [-]
                --> AdvanceMove [-]
    [-] navigation [x]
        --> HasMpcGoal [x]

[INFO] [1791035996.869684707] [behavior_executor_node]: BT snapshot -- root=FAILURE, lanes: emergency=FAILURE | mission=FAILURE | navigation=FAILURE
[o] root [x]
    [-] emergency [x]
        [o] emergency_condition [x]
            --> IsBatteryLow [x]
            --> IsEmergencyStopTriggered [x]
            --> IsProximityTooClose [x]
            --> IsSystemOverheated [x]
        --> Stop [-]
    [-] mission [x]
        --> MissionActive [x]
        [o] mission_selector [-]
            [-] mission_object_response [-]
                --> ObjectSeen [-]
                --> HandleObjectAction [-]
            [-] mission_progress [-]
                --> PublishMoveGoal [-]
                --> GoToObject [-]
                --> CheckStopCondition [-]
                --> AdvanceMove [-]
    [-] navigation [x]
        --> HasMpcGoal [x]

[INFO] [1791035996.973340700] [behavior_executor_node]: [IsProximityTooClose] DIAG scan: total=1081 in_window=721 excluded_by_filter=0 min_in_window=0.958 front_min=2.122
[INFO] [1791035997.869911118] [behavior_executor_node]: BT snapshot -- root=FAILURE, lanes: emergency=FAILURE | mission=FAILURE | navigation=FAILURE
[o] root [x]
    [-] emergency [x]
        [o] emergency_condition [x]
            --> IsBatteryLow [x]
            --> IsEmergencyStopTriggered [x]
            --> IsProximityTooClose [x]
            --> IsSystemOverheated [x]
        --> Stop [-]
    [-] mission [x]
        --> MissionActive [x]
        [o] mission_selector [-]
            [-] mission_object_response [-]
                --> ObjectSeen [-]
                --> HandleObjectAction [-]
            [-] mission_progress [-]
                --> PublishMoveGoal [-]
                --> GoToObject [-]
                --> CheckStopCondition [-]
                --> AdvanceMove [-]
    [-] navigation [x]
        --> HasMpcGoal [x]

[INFO] [1791035998.882045207] [behavior_executor_node]: BT snapshot -- root=FAILURE, lanes: emergency=FAILURE | mission=FAILURE | navigation=FAILURE
[o] root [x]
    [-] emergency [x]
        [o] emergency_condition [x]
            --> IsBatteryLow [x]
            --> IsEmergencyStopTriggered [x]
            --> IsProximityTooClose [x]
            --> IsSystemOverheated [x]
        --> Stop [-]
    [-] mission [x]
        --> MissionActive [x]
        [o] mission_selector [-]
            [-] mission_object_response [-]
                --> ObjectSeen [-]
                --> HandleObjectAction [-]
            [-] mission_progress [-]
                --> PublishMoveGoal [-]
                --> GoToObject [-]
                --> CheckStopCondition [-]
                --> AdvanceMove [-]
    [-] navigation [x]
        --> HasMpcGoal [x]

[INFO] [1791035998.981106753] [behavior_executor_node]: [IsProximityTooClose] DIAG scan: total=1081 in_window=721 excluded_by_filter=0 min_in_window=1.011 front_min=2.863
[INFO] [1791035999.970069125] [behavior_executor_node]: BT snapshot -- root=FAILURE, lanes: emergency=FAILURE | mission=FAILURE | navigation=FAILURE
[o] root [x]
    [-] emergency [x]
        [o] emergency_condition [x]
            --> IsBatteryLow [x]
            --> IsEmergencyStopTriggered [x]
            --> IsProximityTooClose [x]
            --> IsSystemOverheated [x]
        --> Stop [-]
    [-] mission [x]
        --> MissionActive [x]
        [o] mission_selector [-]
            [-] mission_object_response [-]
                --> ObjectSeen [-]
                --> HandleObjectAction [-]
            [-] mission_progress [-]
                --> PublishMoveGoal [-]
                --> GoToObject [-]
                --> CheckStopCondition [-]
                --> AdvanceMove [-]
    [-] navigation [x]
        --> HasMpcGoal [x]

[INFO] [1791036001.079978480] [behavior_executor_node]: BT snapshot -- root=FAILURE, lanes: emergency=FAILURE | mission=FAILURE | navigation=FAILURE
[o] root [x]
    [-] emergency [x]
        [o] emergency_condition [x]
            --> IsBatteryLow [x]
            --> IsEmergencyStopTriggered [x]
            --> IsProximityTooClose [x]
            --> IsSystemOverheated [x]
        --> Stop [-]
    [-] mission [x]
        --> MissionActive [x]
        [o] mission_selector [-]
            [-] mission_object_response [-]
                --> ObjectSeen [-]
                --> HandleObjectAction [-]
            [-] mission_progress [-]
                --> PublishMoveGoal [-]
                --> GoToObject [-]
                --> CheckStopCondition [-]
                --> AdvanceMove [-]
    [-] navigation [x]
        --> HasMpcGoal [x]

[INFO] [1791036001.081846815] [behavior_executor_node]: [IsProximityTooClose] DIAG scan: total=1081 in_window=721 excluded_by_filter=0 min_in_window=1.073 front_min=1.977
[INFO] [1791036002.202421606] [behavior_executor_node]: BT snapshot -- root=FAILURE, lanes: emergency=FAILURE | mission=FAILURE | navigation=FAILURE
[o] root [x]
    [-] emergency [x]
        [o] emergency_condition [x]
            --> IsBatteryLow [x]
            --> IsEmergencyStopTriggered [x]
            --> IsProximityTooClose [x]
            --> IsSystemOverheated [x]
        --> Stop [-]
    [-] mission [x]
        --> MissionActive [x]
        [o] mission_selector [-]
            [-] mission_object_response [-]
                --> ObjectSeen [-]
                --> HandleObjectAction [-]
            [-] mission_progress [-]
                --> PublishMoveGoal [-]
                --> GoToObject [-]
                --> CheckStopCondition [-]
                --> AdvanceMove [-]
    [-] navigation [x]
        --> HasMpcGoal [x]

[INFO] [1791036003.082830171] [behavior_executor_node]: [IsProximityTooClose] DIAG scan: total=1081 in_window=721 excluded_by_filter=0 min_in_window=1.298 front_min=2.280
[INFO] [1791036003.269714939] [behavior_executor_node]: BT snapshot -- root=FAILURE, lanes: emergency=FAILURE | mission=FAILURE | navigation=FAILURE
[o] root [x]
    [-] emergency [x]
        [o] emergency_condition [x]
            --> IsBatteryLow [x]
            --> IsEmergencyStopTriggered [x]
            --> IsProximityTooClose [x]
            --> IsSystemOverheated [x]
        --> Stop [-]
    [-] mission [x]
        --> MissionActive [x]
        [o] mission_selector [-]
            [-] mission_object_response [-]
                --> ObjectSeen [-]
                --> HandleObjectAction [-]
            [-] mission_progress [-]
                --> PublishMoveGoal [-]
                --> GoToObject [-]
                --> CheckStopCondition [-]
                --> AdvanceMove [-]
    [-] navigation [x]
        --> HasMpcGoal [x]

[INFO] [1791036004.369756773] [behavior_executor_node]: BT snapshot -- root=FAILURE, lanes: emergency=FAILURE | mission=FAILURE | navigation=FAILURE
[o] root [x]
    [-] emergency [x]
        [o] emergency_condition [x]
            --> IsBatteryLow [x]
            --> IsEmergencyStopTriggered [x]
            --> IsProximityTooClose [x]
            --> IsSystemOverheated [x]
        --> Stop [-]
    [-] mission [x]
        --> MissionActive [x]
        [o] mission_selector [-]
            [-] mission_object_response [-]
                --> ObjectSeen [-]
                --> HandleObjectAction [-]
            [-] mission_progress [-]
                --> PublishMoveGoal [-]
                --> GoToObject [-]
                --> CheckStopCondition [-]
                --> AdvanceMove [-]
    [-] navigation [x]
        --> HasMpcGoal [x]

[INFO] [1791036005.099236647] [behavior_executor_node]: [IsProximityTooClose] DIAG scan: total=1081 in_window=721 excluded_by_filter=0 min_in_window=1.635 front_min=1.760
[INFO] [1791036005.369795714] [behavior_executor_node]: BT snapshot -- root=FAILURE, lanes: emergency=FAILURE | mission=FAILURE | navigation=FAILURE
[o] root [x]
    [-] emergency [x]
        [o] emergency_condition [x]
            --> IsBatteryLow [x]
            --> IsEmergencyStopTriggered [x]
            --> IsProximityTooClose [x]
            --> IsSystemOverheated [x]
        --> Stop [-]
    [-] mission [x]
        --> MissionActive [x]
        [o] mission_selector [-]
            [-] mission_object_response [-]
                --> ObjectSeen [-]
                --> HandleObjectAction [-]
            [-] mission_progress [-]
                --> PublishMoveGoal [-]
                --> GoToObject [-]
                --> CheckStopCondition [-]
                --> AdvanceMove [-]
    [-] navigation [x]
        --> HasMpcGoal [x]

[INFO] [1791036006.371776355] [behavior_executor_node]: BT snapshot -- root=FAILURE, lanes: emergency=FAILURE | mission=FAILURE | navigation=FAILURE
[o] root [x]
    [-] emergency [x]
        [o] emergency_condition [x]
            --> IsBatteryLow [x]
            --> IsEmergencyStopTriggered [x]
            --> IsProximityTooClose [x]
            --> IsSystemOverheated [x]
        --> Stop [-]
    [-] mission [x]
        --> MissionActive [x]
        [o] mission_selector [-]
            [-] mission_object_response [-]
                --> ObjectSeen [-]
                --> HandleObjectAction [-]
            [-] mission_progress [-]
                --> PublishMoveGoal [-]
                --> GoToObject [-]
                --> CheckStopCondition [-]
                --> AdvanceMove [-]
    [-] navigation [x]
        --> HasMpcGoal [x]

[INFO] [1791036007.110331192] [behavior_executor_node]: [IsProximityTooClose] DIAG scan: total=1081 in_window=721 excluded_by_filter=0 min_in_window=1.179 front_min=1.933
[INFO] [1791036007.470092845] [behavior_executor_node]: BT snapshot -- root=FAILURE, lanes: emergency=FAILURE | mission=FAILURE | navigation=FAILURE
[o] root [x]
    [-] emergency [x]
        [o] emergency_condition [x]
            --> IsBatteryLow [x]
            --> IsEmergencyStopTriggered [x]
            --> IsProximityTooClose [x]
            --> IsSystemOverheated [x]
        --> Stop [-]
    [-] mission [x]
        --> MissionActive [x]
        [o] mission_selector [-]
            [-] mission_object_response [-]
                --> ObjectSeen [-]
                --> HandleObjectAction [-]
            [-] mission_progress [-]
                --> PublishMoveGoal [-]
                --> GoToObject [-]
                --> CheckStopCondition [-]
                --> AdvanceMove [-]
    [-] navigation [x]
        --> HasMpcGoal [x]

[INFO] [1791036008.569807035] [behavior_executor_node]: BT snapshot -- root=FAILURE, lanes: emergency=FAILURE | mission=FAILURE | navigation=FAILURE
[o] root [x]
    [-] emergency [x]
        [o] emergency_condition [x]
            --> IsBatteryLow [x]
            --> IsEmergencyStopTriggered [x]
            --> IsProximityTooClose [x]
            --> IsSystemOverheated [x]
        --> Stop [-]
    [-] mission [x]
        --> MissionActive [x]
        [o] mission_selector [-]
            [-] mission_object_response [-]
                --> ObjectSeen [-]
                --> HandleObjectAction [-]
            [-] mission_progress [-]
                --> PublishMoveGoal [-]
                --> GoToObject [-]
                --> CheckStopCondition [-]
                --> AdvanceMove [-]
    [-] navigation [x]
        --> HasMpcGoal [x]

[INFO] [1791036009.175942876] [behavior_executor_node]: [IsProximityTooClose] DIAG scan: total=1081 in_window=721 excluded_by_filter=0 min_in_window=1.266 front_min=1.835
[INFO] [1791036009.584760478] [behavior_executor_node]: BT snapshot -- root=FAILURE, lanes: emergency=FAILURE | mission=FAILURE | navigation=FAILURE
[o] root [x]
    [-] emergency [x]
        [o] emergency_condition [x]
            --> IsBatteryLow [x]
            --> IsEmergencyStopTriggered [x]
            --> IsProximityTooClose [x]
            --> IsSystemOverheated [x]
        --> Stop [-]
    [-] mission [x]
        --> MissionActive [x]
        [o] mission_selector [-]
            [-] mission_object_response [-]
                --> ObjectSeen [-]
                --> HandleObjectAction [-]
            [-] mission_progress [-]
                --> PublishMoveGoal [-]
                --> GoToObject [-]
                --> CheckStopCondition [-]
                --> AdvanceMove [-]
    [-] navigation [x]
        --> HasMpcGoal [x]

[INFO] [1791036010.702473983] [behavior_executor_node]: BT snapshot -- root=FAILURE, lanes: emergency=FAILURE | mission=FAILURE | navigation=FAILURE
[o] root [x]
    [-] emergency [x]
        [o] emergency_condition [x]
            --> IsBatteryLow [x]
            --> IsEmergencyStopTriggered [x]
            --> IsProximityTooClose [x]
            --> IsSystemOverheated [x]
        --> Stop [-]
    [-] mission [x]
        --> MissionActive [x]
        [o] mission_selector [-]
            [-] mission_object_response [-]
                --> ObjectSeen [-]
                --> HandleObjectAction [-]
            [-] mission_progress [-]
                --> PublishMoveGoal [-]
                --> GoToObject [-]
                --> CheckStopCondition [-]
                --> AdvanceMove [-]
    [-] navigation [x]
        --> HasMpcGoal [x]

[INFO] [1791036011.189535635] [behavior_executor_node]: [IsProximityTooClose] DIAG scan: total=1081 in_window=721 excluded_by_filter=0 min_in_window=1.091 front_min=1.872
[INFO] [1791036011.770972437] [behavior_executor_node]: BT snapshot -- root=FAILURE, lanes: emergency=FAILURE | mission=FAILURE | navigation=FAILURE
[o] root [x]
    [-] emergency [x]
        [o] emergency_condition [x]
            --> IsBatteryLow [x]
            --> IsEmergencyStopTriggered [x]
            --> IsProximityTooClose [x]
            --> IsSystemOverheated [x]
        --> Stop [-]
    [-] mission [x]
        --> MissionActive [x]
        [o] mission_selector [-]
            [-] mission_object_response [-]
                --> ObjectSeen [-]
                --> HandleObjectAction [-]
            [-] mission_progress [-]
                --> PublishMoveGoal [-]
                --> GoToObject [-]
                --> CheckStopCondition [-]
                --> AdvanceMove [-]
    [-] navigation [x]
        --> HasMpcGoal [x]

[INFO] [1791036012.778089355] [behavior_executor_node]: BT snapshot -- root=FAILURE, lanes: emergency=FAILURE | mission=FAILURE | navigation=FAILURE
[o] root [x]
    [-] emergency [x]
        [o] emergency_condition [x]
            --> IsBatteryLow [x]
            --> IsEmergencyStopTriggered [x]
            --> IsProximityTooClose [x]
            --> IsSystemOverheated [x]
        --> Stop [-]
    [-] mission [x]
        --> MissionActive [x]
        [o] mission_selector [-]
            [-] mission_object_response [-]
                --> ObjectSeen [-]
                --> HandleObjectAction [-]
            [-] mission_progress [-]
                --> PublishMoveGoal [-]
                --> GoToObject [-]
                --> CheckStopCondition [-]
                --> AdvanceMove [-]
    [-] navigation [x]
        --> HasMpcGoal [x]

[INFO] [1791036013.295043402] [behavior_executor_node]: [IsProximityTooClose] DIAG scan: total=1081 in_window=721 excluded_by_filter=0 min_in_window=0.827 front_min=1.885
[INFO] [1791036013.870126001] [behavior_executor_node]: BT snapshot -- root=FAILURE, lanes: emergency=FAILURE | mission=FAILURE | navigation=FAILURE
[o] root [x]
    [-] emergency [x]
        [o] emergency_condition [x]
            --> IsBatteryLow [x]
            --> IsEmergencyStopTriggered [x]
            --> IsProximityTooClose [x]
            --> IsSystemOverheated [x]
        --> Stop [-]
    [-] mission [x]
        --> MissionActive [x]
        [o] mission_selector [-]
            [-] mission_object_response [-]
                --> ObjectSeen [-]
                --> HandleObjectAction [-]
            [-] mission_progress [-]
                --> PublishMoveGoal [-]
                --> GoToObject [-]
                --> CheckStopCondition [-]
                --> AdvanceMove [-]
    [-] navigation [x]
        --> HasMpcGoal [x]

[INFO] [1791036014.870255292] [behavior_executor_node]: BT snapshot -- root=FAILURE, lanes: emergency=FAILURE | mission=FAILURE | navigation=FAILURE
[o] root [x]
    [-] emergency [x]
        [o] emergency_condition [x]
            --> IsBatteryLow [x]
            --> IsEmergencyStopTriggered [x]
            --> IsProximityTooClose [x]
            --> IsSystemOverheated [x]
        --> Stop [-]
    [-] mission [x]
        --> MissionActive [x]
        [o] mission_selector [-]
            [-] mission_object_response [-]
                --> ObjectSeen [-]
                --> HandleObjectAction [-]
            [-] mission_progress [-]
                --> PublishMoveGoal [-]
                --> GoToObject [-]
                --> CheckStopCondition [-]
                --> AdvanceMove [-]
    [-] navigation [x]
        --> HasMpcGoal [x]

[INFO] [1791036015.309868153] [behavior_executor_node]: [IsProximityTooClose] DIAG scan: total=1081 in_window=721 excluded_by_filter=0 min_in_window=0.623 front_min=1.651
[INFO] [1791036015.990695695] [behavior_executor_node]: BT snapshot -- root=FAILURE, lanes: emergency=FAILURE | mission=FAILURE | navigation=FAILURE
[o] root [x]
    [-] emergency [x]
        [o] emergency_condition [x]
            --> IsBatteryLow [x]
            --> IsEmergencyStopTriggered [x]
            --> IsProximityTooClose [x]
            --> IsSystemOverheated [x]
        --> Stop [-]
    [-] mission [x]
        --> MissionActive [x]
        [o] mission_selector [-]
            [-] mission_object_response [-]
                --> ObjectSeen [-]
                --> HandleObjectAction [-]
            [-] mission_progress [-]
                --> PublishMoveGoal [-]
                --> GoToObject [-]
                --> CheckStopCondition [-]
                --> AdvanceMove [-]
    [-] navigation [x]
        --> HasMpcGoal [x]

[INFO] [1791036017.070027386] [behavior_executor_node]: BT snapshot -- root=FAILURE, lanes: emergency=FAILURE | mission=FAILURE | navigation=FAILURE
[o] root [x]
    [-] emergency [x]
        [o] emergency_condition [x]
            --> IsBatteryLow [x]
            --> IsEmergencyStopTriggered [x]
            --> IsProximityTooClose [x]
            --> IsSystemOverheated [x]
        --> Stop [-]
    [-] mission [x]
        --> MissionActive [x]
        [o] mission_selector [-]
            [-] mission_object_response [-]
                --> ObjectSeen [-]
                --> HandleObjectAction [-]
            [-] mission_progress [-]
                --> PublishMoveGoal [-]
                --> GoToObject [-]
                --> CheckStopCondition [-]
                --> AdvanceMove [-]
    [-] navigation [x]
        --> HasMpcGoal [x]

[INFO] [1791036017.320154702] [behavior_executor_node]: [IsProximityTooClose] DIAG scan: total=1081 in_window=721 excluded_by_filter=0 min_in_window=0.542 front_min=1.642
[INFO] [1791036018.078439368] [behavior_executor_node]: BT snapshot -- root=FAILURE, lanes: emergency=FAILURE | mission=FAILURE | navigation=FAILURE
[o] root [x]
    [-] emergency [x]
        [o] emergency_condition [x]
            --> IsBatteryLow [x]
            --> IsEmergencyStopTriggered [x]
            --> IsProximityTooClose [x]
            --> IsSystemOverheated [x]
        --> Stop [-]
    [-] mission [x]
        --> MissionActive [x]
        [o] mission_selector [-]
            [-] mission_object_response [-]
                --> ObjectSeen [-]
                --> HandleObjectAction [-]
            [-] mission_progress [-]
                --> PublishMoveGoal [-]
                --> GoToObject [-]
                --> CheckStopCondition [-]
                --> AdvanceMove [-]
    [-] navigation [x]
        --> HasMpcGoal [x]

[INFO] [1791036019.169748630] [behavior_executor_node]: BT snapshot -- root=FAILURE, lanes: emergency=FAILURE | mission=FAILURE | navigation=FAILURE
[o] root [x]
    [-] emergency [x]
        [o] emergency_condition [x]
            --> IsBatteryLow [x]
            --> IsEmergencyStopTriggered [x]
            --> IsProximityTooClose [x]
            --> IsSystemOverheated [x]
        --> Stop [-]
    [-] mission [x]
        --> MissionActive [x]
        [o] mission_selector [-]
            [-] mission_object_response [-]
                --> ObjectSeen [-]
                --> HandleObjectAction [-]
            [-] mission_progress [-]
                --> PublishMoveGoal [-]
                --> GoToObject [-]
                --> CheckStopCondition [-]
                --> AdvanceMove [-]
    [-] navigation [x]
        --> HasMpcGoal [x]

[INFO] [1791036019.375368350] [behavior_executor_node]: [IsProximityTooClose] DIAG scan: total=1081 in_window=721 excluded_by_filter=0 min_in_window=0.597 front_min=1.512
[INFO] [1791036020.169805644] [behavior_executor_node]: BT snapshot -- root=FAILURE, lanes: emergency=FAILURE | mission=FAILURE | navigation=FAILURE
[o] root [x]
    [-] emergency [x]
        [o] emergency_condition [x]
            --> IsBatteryLow [x]
            --> IsEmergencyStopTriggered [x]
            --> IsProximityTooClose [x]
            --> IsSystemOverheated [x]
        --> Stop [-]
    [-] mission [x]
        --> MissionActive [x]
        [o] mission_selector [-]
            [-] mission_object_response [-]
                --> ObjectSeen [-]
                --> HandleObjectAction [-]
            [-] mission_progress [-]
                --> PublishMoveGoal [-]
                --> GoToObject [-]
                --> CheckStopCondition [-]
                --> AdvanceMove [-]
    [-] navigation [x]
        --> HasMpcGoal [x]

[INFO] [1791036021.292551463] [behavior_executor_node]: BT snapshot -- root=FAILURE, lanes: emergency=FAILURE | mission=FAILURE | navigation=FAILURE
[o] root [x]
    [-] emergency [x]
        [o] emergency_condition [x]
            --> IsBatteryLow [x]
            --> IsEmergencyStopTriggered [x]
            --> IsProximityTooClose [x]
            --> IsSystemOverheated [x]
        --> Stop [-]
    [-] mission [x]
        --> MissionActive [x]
        [o] mission_selector [-]
            [-] mission_object_response [-]
                --> ObjectSeen [-]
                --> HandleObjectAction [-]
            [-] mission_progress [-]
                --> PublishMoveGoal [-]
                --> GoToObject [-]
                --> CheckStopCondition [-]
                --> AdvanceMove [-]
    [-] navigation [x]
        --> HasMpcGoal [x]

[INFO] [1791036021.375618348] [behavior_executor_node]: [IsProximityTooClose] DIAG scan: total=1081 in_window=721 excluded_by_filter=0 min_in_window=0.600 front_min=1.467
[INFO] [1791036022.369801868] [behavior_executor_node]: BT snapshot -- root=FAILURE, lanes: emergency=FAILURE | mission=FAILURE | navigation=FAILURE
[o] root [x]
    [-] emergency [x]
        [o] emergency_condition [x]
            --> IsBatteryLow [x]
            --> IsEmergencyStopTriggered [x]
            --> IsProximityTooClose [x]
            --> IsSystemOverheated [x]
        --> Stop [-]
    [-] mission [x]
        --> MissionActive [x]
        [o] mission_selector [-]
            [-] mission_object_response [-]
                --> ObjectSeen [-]
                --> HandleObjectAction [-]
            [-] mission_progress [-]
                --> PublishMoveGoal [-]
                --> GoToObject [-]
                --> CheckStopCondition [-]
                --> AdvanceMove [-]
    [-] navigation [x]
        --> HasMpcGoal [x]

[INFO] [1791036023.475779040] [behavior_executor_node]: BT snapshot -- root=FAILURE, lanes: emergency=FAILURE | mission=FAILURE | navigation=FAILURE
[o] root [x]
    [-] emergency [x]
        [o] emergency_condition [x]
            --> IsBatteryLow [x]
            --> IsEmergencyStopTriggered [x]
            --> IsProximityTooClose [x]
            --> IsSystemOverheated [x]
        --> Stop [-]
    [-] mission [x]
        --> MissionActive [x]
        [o] mission_selector [-]
            [-] mission_object_response [-]
                --> ObjectSeen [-]
                --> HandleObjectAction [-]
            [-] mission_progress [-]
                --> PublishMoveGoal [-]
                --> GoToObject [-]
                --> CheckStopCondition [-]
                --> AdvanceMove [-]
    [-] navigation [x]
        --> HasMpcGoal [x]

[INFO] [1791036023.477712264] [behavior_executor_node]: [IsProximityTooClose] DIAG scan: total=1081 in_window=721 excluded_by_filter=0 min_in_window=1.053 front_min=1.162
[INFO] [1791036024.570275225] [behavior_executor_node]: BT snapshot -- root=FAILURE, lanes: emergency=FAILURE | mission=FAILURE | navigation=FAILURE
[o] root [x]
    [-] emergency [x]
        [o] emergency_condition [x]
            --> IsBatteryLow [x]
            --> IsEmergencyStopTriggered [x]
            --> IsProximityTooClose [x]
            --> IsSystemOverheated [x]
        --> Stop [-]
    [-] mission [x]
        --> MissionActive [x]
        [o] mission_selector [-]
            [-] mission_object_response [-]
                --> ObjectSeen [-]
                --> HandleObjectAction [-]
            [-] mission_progress [-]
                --> PublishMoveGoal [-]
                --> GoToObject [-]
                --> CheckStopCondition [-]
                --> AdvanceMove [-]
    [-] navigation [x]
        --> HasMpcGoal [x]

[INFO] [1791036025.504420621] [behavior_executor_node]: [IsProximityTooClose] DIAG scan: total=1081 in_window=721 excluded_by_filter=0 min_in_window=0.872 front_min=0.985
[INFO] [1791036025.669709650] [behavior_executor_node]: BT snapshot -- root=FAILURE, lanes: emergency=FAILURE | mission=FAILURE | navigation=FAILURE
[o] root [x]
    [-] emergency [x]
        [o] emergency_condition [x]
            --> IsBatteryLow [x]
            --> IsEmergencyStopTriggered [x]
            --> IsProximityTooClose [x]
            --> IsSystemOverheated [x]
        --> Stop [-]
    [-] mission [x]
        --> MissionActive [x]
        [o] mission_selector [-]
            [-] mission_object_response [-]
                --> ObjectSeen [-]
                --> HandleObjectAction [-]
            [-] mission_progress [-]
                --> PublishMoveGoal [-]
                --> GoToObject [-]
                --> CheckStopCondition [-]
                --> AdvanceMove [-]
    [-] navigation [x]
        --> HasMpcGoal [x]

[INFO] [1791036026.797170433] [behavior_executor_node]: BT snapshot -- root=FAILURE, lanes: emergency=FAILURE | mission=FAILURE | navigation=FAILURE
[o] root [x]
    [-] emergency [x]
        [o] emergency_condition [x]
            --> IsBatteryLow [x]
            --> IsEmergencyStopTriggered [x]
            --> IsProximityTooClose [x]
            --> IsSystemOverheated [x]
        --> Stop [-]
    [-] mission [x]
        --> MissionActive [x]
        [o] mission_selector [-]
            [-] mission_object_response [-]
                --> ObjectSeen [-]
                --> HandleObjectAction [-]
            [-] mission_progress [-]
                --> PublishMoveGoal [-]
                --> GoToObject [-]
                --> CheckStopCondition [-]
                --> AdvanceMove [-]
    [-] navigation [x]
        --> HasMpcGoal [x]

[INFO] [1791036027.582590026] [behavior_executor_node]: [IsProximityTooClose] DIAG scan: total=1081 in_window=721 excluded_by_filter=0 min_in_window=0.763 front_min=1.852
[INFO] [1791036027.869791763] [behavior_executor_node]: BT snapshot -- root=FAILURE, lanes: emergency=FAILURE | mission=FAILURE | navigation=FAILURE
[o] root [x]
    [-] emergency [x]
        [o] emergency_condition [x]
            --> IsBatteryLow [x]
            --> IsEmergencyStopTriggered [x]
            --> IsProximityTooClose [x]
            --> IsSystemOverheated [x]
        --> Stop [-]
    [-] mission [x]
        --> MissionActive [x]
        [o] mission_selector [-]
            [-] mission_object_response [-]
                --> ObjectSeen [-]
                --> HandleObjectAction [-]
            [-] mission_progress [-]
                --> PublishMoveGoal [-]
                --> GoToObject [-]
                --> CheckStopCondition [-]
                --> AdvanceMove [-]
    [-] navigation [x]
        --> HasMpcGoal [x]

[INFO] [1791036028.973225061] [behavior_executor_node]: BT snapshot -- root=FAILURE, lanes: emergency=FAILURE | mission=FAILURE | navigation=FAILURE
[o] root [x]
    [-] emergency [x]
        [o] emergency_condition [x]
            --> IsBatteryLow [x]
            --> IsEmergencyStopTriggered [x]
            --> IsProximityTooClose [x]
            --> IsSystemOverheated [x]
        --> Stop [-]
    [-] mission [x]
        --> MissionActive [x]
        [o] mission_selector [-]
            [-] mission_object_response [-]
                --> ObjectSeen [-]
                --> HandleObjectAction [-]
            [-] mission_progress [-]
                --> PublishMoveGoal [-]
                --> GoToObject [-]
                --> CheckStopCondition [-]
                --> AdvanceMove [-]
    [-] navigation [x]
        --> HasMpcGoal [x]

[INFO] [1791036029.603477063] [behavior_executor_node]: [IsProximityTooClose] DIAG scan: total=1081 in_window=721 excluded_by_filter=0 min_in_window=0.848 front_min=1.441
[INFO] [1791036030.070016399] [behavior_executor_node]: BT snapshot -- root=FAILURE, lanes: emergency=FAILURE | mission=FAILURE | navigation=FAILURE
[o] root [x]
    [-] emergency [x]
        [o] emergency_condition [x]
            --> IsBatteryLow [x]
            --> IsEmergencyStopTriggered [x]
            --> IsProximityTooClose [x]
            --> IsSystemOverheated [x]
        --> Stop [-]
    [-] mission [x]
        --> MissionActive [x]
        [o] mission_selector [-]
            [-] mission_object_response [-]
                --> ObjectSeen [-]
                --> HandleObjectAction [-]
            [-] mission_progress [-]
                --> PublishMoveGoal [-]
                --> GoToObject [-]
                --> CheckStopCondition [-]
                --> AdvanceMove [-]
    [-] navigation [x]
        --> HasMpcGoal [x]

[INFO] [1791036031.169730365] [behavior_executor_node]: BT snapshot -- root=FAILURE, lanes: emergency=FAILURE | mission=FAILURE | navigation=FAILURE
[o] root [x]
    [-] emergency [x]
        [o] emergency_condition [x]
            --> IsBatteryLow [x]
            --> IsEmergencyStopTriggered [x]
            --> IsProximityTooClose [x]
            --> IsSystemOverheated [x]
        --> Stop [-]
    [-] mission [x]
        --> MissionActive [x]
        [o] mission_selector [-]
            [-] mission_object_response [-]
                --> ObjectSeen [-]
                --> HandleObjectAction [-]
            [-] mission_progress [-]
                --> PublishMoveGoal [-]
                --> GoToObject [-]
                --> CheckStopCondition [-]
                --> AdvanceMove [-]
    [-] navigation [x]
        --> HasMpcGoal [x]

[INFO] [1791036031.615705297] [behavior_executor_node]: [IsProximityTooClose] DIAG scan: total=1081 in_window=721 excluded_by_filter=0 min_in_window=0.837 front_min=1.280
[INFO] [1791036032.296687700] [behavior_executor_node]: BT snapshot -- root=FAILURE, lanes: emergency=FAILURE | mission=FAILURE | navigation=FAILURE
[o] root [x]
    [-] emergency [x]
        [o] emergency_condition [x]
            --> IsBatteryLow [x]
            --> IsEmergencyStopTriggered [x]
            --> IsProximityTooClose [x]
            --> IsSystemOverheated [x]
        --> Stop [-]
    [-] mission [x]
        --> MissionActive [x]
        [o] mission_selector [-]
            [-] mission_object_response [-]
                --> ObjectSeen [-]
                --> HandleObjectAction [-]
            [-] mission_progress [-]
                --> PublishMoveGoal [-]
                --> GoToObject [-]
                --> CheckStopCondition [-]
                --> AdvanceMove [-]
    [-] navigation [x]
        --> HasMpcGoal [x]

[INFO] [1791036033.369749309] [behavior_executor_node]: BT snapshot -- root=FAILURE, lanes: emergency=FAILURE | mission=FAILURE | navigation=FAILURE
[o] root [x]
    [-] emergency [x]
        [o] emergency_condition [x]
            --> IsBatteryLow [x]
            --> IsEmergencyStopTriggered [x]
            --> IsProximityTooClose [x]
            --> IsSystemOverheated [x]
        --> Stop [-]
    [-] mission [x]
        --> MissionActive [x]
        [o] mission_selector [-]
            [-] mission_object_response [-]
                --> ObjectSeen [-]
                --> HandleObjectAction [-]
            [-] mission_progress [-]
                --> PublishMoveGoal [-]
                --> GoToObject [-]
                --> CheckStopCondition [-]
                --> AdvanceMove [-]
    [-] navigation [x]
        --> HasMpcGoal [x]

[INFO] [1791036033.636569999] [behavior_executor_node]: [IsProximityTooClose] DIAG scan: total=1081 in_window=721 excluded_by_filter=0 min_in_window=0.870 front_min=3.135
[INFO] [1791036034.378253578] [behavior_executor_node]: BT snapshot -- root=FAILURE, lanes: emergency=FAILURE | mission=FAILURE | navigation=FAILURE
[o] root [x]
    [-] emergency [x]
        [o] emergency_condition [x]
            --> IsBatteryLow [x]
            --> IsEmergencyStopTriggered [x]
            --> IsProximityTooClose [x]
            --> IsSystemOverheated [x]
        --> Stop [-]
    [-] mission [x]
        --> MissionActive [x]
        [o] mission_selector [-]
            [-] mission_object_response [-]
                --> ObjectSeen [-]
                --> HandleObjectAction [-]
            [-] mission_progress [-]
                --> PublishMoveGoal [-]
                --> GoToObject [-]
                --> CheckStopCondition [-]
                --> AdvanceMove [-]
    [-] navigation [x]
        --> HasMpcGoal [x]

[INFO] [1791036035.469787963] [behavior_executor_node]: BT snapshot -- root=FAILURE, lanes: emergency=FAILURE | mission=FAILURE | navigation=FAILURE
[o] root [x]
    [-] emergency [x]
        [o] emergency_condition [x]
            --> IsBatteryLow [x]
            --> IsEmergencyStopTriggered [x]
            --> IsProximityTooClose [x]
            --> IsSystemOverheated [x]
        --> Stop [-]
    [-] mission [x]
        --> MissionActive [x]
        [o] mission_selector [-]
            [-] mission_object_response [-]
                --> ObjectSeen [-]
                --> HandleObjectAction [-]
            [-] mission_progress [-]
                --> PublishMoveGoal [-]
                --> GoToObject [-]
                --> CheckStopCondition [-]
                --> AdvanceMove [-]
    [-] navigation [x]
        --> HasMpcGoal [x]

[INFO] [1791036035.653086085] [behavior_executor_node]: [IsProximityTooClose] DIAG scan: total=1081 in_window=721 excluded_by_filter=0 min_in_window=0.873 front_min=1.431
[INFO] [1791036036.469871277] [behavior_executor_node]: BT snapshot -- root=FAILURE, lanes: emergency=FAILURE | mission=FAILURE | navigation=FAILURE
[o] root [x]
    [-] emergency [x]
        [o] emergency_condition [x]
            --> IsBatteryLow [x]
            --> IsEmergencyStopTriggered [x]
            --> IsProximityTooClose [x]
            --> IsSystemOverheated [x]
        --> Stop [-]
    [-] mission [x]
        --> MissionActive [x]
        [o] mission_selector [-]
            [-] mission_object_response [-]
                --> ObjectSeen [-]
                --> HandleObjectAction [-]
            [-] mission_progress [-]
                --> PublishMoveGoal [-]
                --> GoToObject [-]
                --> CheckStopCondition [-]
                --> AdvanceMove [-]
    [-] navigation [x]
        --> HasMpcGoal [x]

[INFO] [1791036037.703940744] [behavior_executor_node]: BT snapshot -- root=FAILURE, lanes: emergency=FAILURE | mission=FAILURE | navigation=FAILURE
[o] root [x]
    [-] emergency [x]
        [o] emergency_condition [x]
            --> IsBatteryLow [x]
            --> IsEmergencyStopTriggered [x]
            --> IsProximityTooClose [x]
            --> IsSystemOverheated [x]
        --> Stop [-]
    [-] mission [x]
        --> MissionActive [x]
        [o] mission_selector [-]
            [-] mission_object_response [-]
                --> ObjectSeen [-]
                --> HandleObjectAction [-]
            [-] mission_progress [-]
                --> PublishMoveGoal [-]
                --> GoToObject [-]
                --> CheckStopCondition [-]
                --> AdvanceMove [-]
    [-] navigation [x]
        --> HasMpcGoal [x]

[INFO] [1791036037.705678351] [behavior_executor_node]: [IsProximityTooClose] DIAG scan: total=1081 in_window=721 excluded_by_filter=0 min_in_window=0.888 front_min=1.792
[INFO] [1791036038.769639589] [behavior_executor_node]: BT snapshot -- root=FAILURE, lanes: emergency=FAILURE | mission=FAILURE | navigation=FAILURE
[o] root [x]
    [-] emergency [x]
        [o] emergency_condition [x]
            --> IsBatteryLow [x]
            --> IsEmergencyStopTriggered [x]
            --> IsProximityTooClose [x]
            --> IsSystemOverheated [x]
        --> Stop [-]
    [-] mission [x]
        --> MissionActive [x]
        [o] mission_selector [-]
            [-] mission_object_response [-]
                --> ObjectSeen [-]
                --> HandleObjectAction [-]
            [-] mission_progress [-]
                --> PublishMoveGoal [-]
                --> GoToObject [-]
                --> CheckStopCondition [-]
                --> AdvanceMove [-]
    [-] navigation [x]
        --> HasMpcGoal [x]

[INFO] [1791036039.714591386] [behavior_executor_node]: [IsProximityTooClose] DIAG scan: total=1081 in_window=721 excluded_by_filter=0 min_in_window=0.969 front_min=1.990
[INFO] [1791036039.769796637] [behavior_executor_node]: BT snapshot -- root=FAILURE, lanes: emergency=FAILURE | mission=FAILURE | navigation=FAILURE
[o] root [x]
    [-] emergency [x]
        [o] emergency_condition [x]
            --> IsBatteryLow [x]
            --> IsEmergencyStopTriggered [x]
            --> IsProximityTooClose [x]
            --> IsSystemOverheated [x]
        --> Stop [-]
    [-] mission [x]
        --> MissionActive [x]
        [o] mission_selector [-]
            [-] mission_object_response [-]
                --> ObjectSeen [-]
                --> HandleObjectAction [-]
            [-] mission_progress [-]
                --> PublishMoveGoal [-]
                --> GoToObject [-]
                --> CheckStopCondition [-]
                --> AdvanceMove [-]
    [-] navigation [x]
        --> HasMpcGoal [x]

[INFO] [1791036040.872378891] [behavior_executor_node]: BT snapshot -- root=FAILURE, lanes: emergency=FAILURE | mission=FAILURE | navigation=FAILURE
[o] root [x]
    [-] emergency [x]
        [o] emergency_condition [x]
            --> IsBatteryLow [x]
            --> IsEmergencyStopTriggered [x]
            --> IsProximityTooClose [x]
            --> IsSystemOverheated [x]
        --> Stop [-]
    [-] mission [x]
        --> MissionActive [x]
        [o] mission_selector [-]
            [-] mission_object_response [-]
                --> ObjectSeen [-]
                --> HandleObjectAction [-]
            [-] mission_progress [-]
                --> PublishMoveGoal [-]
                --> GoToObject [-]
                --> CheckStopCondition [-]
                --> AdvanceMove [-]
    [-] navigation [x]
        --> HasMpcGoal [x]

[INFO] [1791036041.717986071] [behavior_executor_node]: [IsProximityTooClose] DIAG scan: total=1081 in_window=721 excluded_by_filter=0 min_in_window=1.018 front_min=2.850
[INFO] [1791036041.969837468] [behavior_executor_node]: BT snapshot -- root=FAILURE, lanes: emergency=FAILURE | mission=FAILURE | navigation=FAILURE
[o] root [x]
    [-] emergency [x]
        [o] emergency_condition [x]
            --> IsBatteryLow [x]
            --> IsEmergencyStopTriggered [x]
            --> IsProximityTooClose [x]
            --> IsSystemOverheated [x]
        --> Stop [-]
    [-] mission [x]
        --> MissionActive [x]
        [o] mission_selector [-]
            [-] mission_object_response [-]
                --> ObjectSeen [-]
                --> HandleObjectAction [-]
            [-] mission_progress [-]
                --> PublishMoveGoal [-]
                --> GoToObject [-]
                --> CheckStopCondition [-]
                --> AdvanceMove [-]
    [-] navigation [x]
        --> HasMpcGoal [x]

[INFO] [1791036043.069743606] [behavior_executor_node]: BT snapshot -- root=FAILURE, lanes: emergency=FAILURE | mission=FAILURE | navigation=FAILURE
[o] root [x]
    [-] emergency [x]
        [o] emergency_condition [x]
            --> IsBatteryLow [x]
            --> IsEmergencyStopTriggered [x]
            --> IsProximityTooClose [x]
            --> IsSystemOverheated [x]
        --> Stop [-]
    [-] mission [x]
        --> MissionActive [x]
        [o] mission_selector [-]
            [-] mission_object_response [-]
                --> ObjectSeen [-]
                --> HandleObjectAction [-]
            [-] mission_progress [-]
                --> PublishMoveGoal [-]
                --> GoToObject [-]
                --> CheckStopCondition [-]
                --> AdvanceMove [-]
    [-] navigation [x]
        --> HasMpcGoal [x]

[INFO] [1791036043.723155583] [behavior_executor_node]: [IsProximityTooClose] DIAG scan: total=1081 in_window=721 excluded_by_filter=0 min_in_window=1.076 front_min=1.814
[INFO] [1791036044.076381978] [behavior_executor_node]: BT snapshot -- root=FAILURE, lanes: emergency=FAILURE | mission=FAILURE | navigation=FAILURE
[o] root [x]
    [-] emergency [x]
        [o] emergency_condition [x]
            --> IsBatteryLow [x]
            --> IsEmergencyStopTriggered [x]
            --> IsProximityTooClose [x]
            --> IsSystemOverheated [x]
        --> Stop [-]
    [-] mission [x]
        --> MissionActive [x]
        [o] mission_selector [-]
            [-] mission_object_response [-]
                --> ObjectSeen [-]
                --> HandleObjectAction [-]
            [-] mission_progress [-]
                --> PublishMoveGoal [-]
                --> GoToObject [-]
                --> CheckStopCondition [-]
                --> AdvanceMove [-]
    [-] navigation [x]
        --> HasMpcGoal [x]

[INFO] [1791036045.084016319] [behavior_executor_node]: BT snapshot -- root=FAILURE, lanes: emergency=FAILURE | mission=FAILURE | navigation=FAILURE
[o] root [x]
    [-] emergency [x]
        [o] emergency_condition [x]
            --> IsBatteryLow [x]
            --> IsEmergencyStopTriggered [x]
            --> IsProximityTooClose [x]
            --> IsSystemOverheated [x]
        --> Stop [-]
    [-] mission [x]
        --> MissionActive [x]
        [o] mission_selector [-]
            [-] mission_object_response [-]
                --> ObjectSeen [-]
                --> HandleObjectAction [-]
            [-] mission_progress [-]
                --> PublishMoveGoal [-]
                --> GoToObject [-]
                --> CheckStopCondition [-]
                --> AdvanceMove [-]
    [-] navigation [x]
        --> HasMpcGoal [x]

[INFO] [1791036045.723389973] [behavior_executor_node]: [IsProximityTooClose] DIAG scan: total=1081 in_window=721 excluded_by_filter=0 min_in_window=1.355 front_min=2.197
[INFO] [1791036046.202467280] [behavior_executor_node]: BT snapshot -- root=FAILURE, lanes: emergency=FAILURE | mission=FAILURE | navigation=FAILURE
[o] root [x]
    [-] emergency [x]
        [o] emergency_condition [x]
            --> IsBatteryLow [x]
            --> IsEmergencyStopTriggered [x]
            --> IsProximityTooClose [x]
            --> IsSystemOverheated [x]
        --> Stop [-]
    [-] mission [x]
        --> MissionActive [x]
        [o] mission_selector [-]
            [-] mission_object_response [-]
                --> ObjectSeen [-]
                --> HandleObjectAction [-]
            [-] mission_progress [-]
                --> PublishMoveGoal [-]
                --> GoToObject [-]
                --> CheckStopCondition [-]
                --> AdvanceMove [-]
    [-] navigation [x]
        --> HasMpcGoal [x]

[INFO] [1791036047.269797849] [behavior_executor_node]: BT snapshot -- root=FAILURE, lanes: emergency=FAILURE | mission=FAILURE | navigation=FAILURE
[o] root [x]
    [-] emergency [x]
        [o] emergency_condition [x]
            --> IsBatteryLow [x]
            --> IsEmergencyStopTriggered [x]
            --> IsProximityTooClose [x]
            --> IsSystemOverheated [x]
        --> Stop [-]
    [-] mission [x]
        --> MissionActive [x]
        [o] mission_selector [-]
            [-] mission_object_response [-]
                --> ObjectSeen [-]
                --> HandleObjectAction [-]
            [-] mission_progress [-]
                --> PublishMoveGoal [-]
                --> GoToObject [-]
                --> CheckStopCondition [-]
                --> AdvanceMove [-]
    [-] navigation [x]
        --> HasMpcGoal [x]

[INFO] [1791036047.723404522] [behavior_executor_node]: [IsProximityTooClose] DIAG scan: total=1081 in_window=721 excluded_by_filter=0 min_in_window=1.482 front_min=1.763
[INFO] [1791036048.484452231] [behavior_executor_node]: BT snapshot -- root=FAILURE, lanes: emergency=FAILURE | mission=FAILURE | navigation=FAILURE
[o] root [x]
    [-] emergency [x]
        [o] emergency_condition [x]
            --> IsBatteryLow [x]
            --> IsEmergencyStopTriggered [x]
            --> IsProximityTooClose [x]
            --> IsSystemOverheated [x]
        --> Stop [-]
    [-] mission [x]
        --> MissionActive [x]
        [o] mission_selector [-]
            [-] mission_object_response [-]
                --> ObjectSeen [-]
                --> HandleObjectAction [-]
            [-] mission_progress [-]
                --> PublishMoveGoal [-]
                --> GoToObject [-]
                --> CheckStopCondition [-]
                --> AdvanceMove [-]
    [-] navigation [x]
        --> HasMpcGoal [x]

[INFO] [1791036049.569780446] [behavior_executor_node]: BT snapshot -- root=FAILURE, lanes: emergency=FAILURE | mission=FAILURE | navigation=FAILURE
[o] root [x]
    [-] emergency [x]
        [o] emergency_condition [x]
            --> IsBatteryLow [x]
            --> IsEmergencyStopTriggered [x]
            --> IsProximityTooClose [x]
            --> IsSystemOverheated [x]
        --> Stop [-]
    [-] mission [x]
        --> MissionActive [x]
        [o] mission_selector [-]
            [-] mission_object_response [-]
                --> ObjectSeen [-]
                --> HandleObjectAction [-]
            [-] mission_progress [-]
                --> PublishMoveGoal [-]
                --> GoToObject [-]
                --> CheckStopCondition [-]
                --> AdvanceMove [-]
    [-] navigation [x]
        --> HasMpcGoal [x]

[INFO] [1791036049.723624531] [behavior_executor_node]: [IsProximityTooClose] DIAG scan: total=1081 in_window=721 excluded_by_filter=0 min_in_window=1.209 front_min=1.891
[INFO] [1791036050.581776956] [behavior_executor_node]: BT snapshot -- root=FAILURE, lanes: emergency=FAILURE | mission=FAILURE | navigation=FAILURE
[o] root [x]
    [-] emergency [x]
        [o] emergency_condition [x]
            --> IsBatteryLow [x]
            --> IsEmergencyStopTriggered [x]
            --> IsProximityTooClose [x]
            --> IsSystemOverheated [x]
        --> Stop [-]
    [-] mission [x]
        --> MissionActive [x]
        [o] mission_selector [-]
            [-] mission_object_response [-]
                --> ObjectSeen [-]
                --> HandleObjectAction [-]
            [-] mission_progress [-]
                --> PublishMoveGoal [-]
                --> GoToObject [-]
                --> CheckStopCondition [-]
                --> AdvanceMove [-]
    [-] navigation [x]
        --> HasMpcGoal [x]

[INFO] [1791036051.669820162] [behavior_executor_node]: BT snapshot -- root=FAILURE, lanes: emergency=FAILURE | mission=FAILURE | navigation=FAILURE
[o] root [x]
    [-] emergency [x]
        [o] emergency_condition [x]
            --> IsBatteryLow [x]
            --> IsEmergencyStopTriggered [x]
            --> IsProximityTooClose [x]
            --> IsSystemOverheated [x]
        --> Stop [-]
    [-] mission [x]
        --> MissionActive [x]
        [o] mission_selector [-]
            [-] mission_object_response [-]
                --> ObjectSeen [-]
                --> HandleObjectAction [-]
            [-] mission_progress [-]
                --> PublishMoveGoal [-]
                --> GoToObject [-]
                --> CheckStopCondition [-]
                --> AdvanceMove [-]
    [-] navigation [x]
        --> HasMpcGoal [x]

[INFO] [1791036051.733168184] [behavior_executor_node]: [IsProximityTooClose] DIAG scan: total=1081 in_window=721 excluded_by_filter=0 min_in_window=1.290 front_min=1.769
[INFO] [1791036052.769867803] [behavior_executor_node]: BT snapshot -- root=FAILURE, lanes: emergency=FAILURE | mission=FAILURE | navigation=FAILURE
[o] root [x]
    [-] emergency [x]
        [o] emergency_condition [x]
            --> IsBatteryLow [x]
            --> IsEmergencyStopTriggered [x]
            --> IsProximityTooClose [x]
            --> IsSystemOverheated [x]
        --> Stop [-]
    [-] mission [x]
        --> MissionActive [x]
        [o] mission_selector [-]
            [-] mission_object_response [-]
                --> ObjectSeen [-]
                --> HandleObjectAction [-]
            [-] mission_progress [-]
                --> PublishMoveGoal [-]
                --> GoToObject [-]
                --> CheckStopCondition [-]
                --> AdvanceMove [-]
    [-] navigation [x]
        --> HasMpcGoal [x]

[INFO] [1791036053.763034796] [behavior_executor_node]: [IsProximityTooClose] DIAG scan: total=1081 in_window=721 excluded_by_filter=0 min_in_window=1.081 front_min=1.873
[INFO] [1791036053.769858959] [behavior_executor_node]: BT snapshot -- root=FAILURE, lanes: emergency=FAILURE | mission=FAILURE | navigation=FAILURE
[o] root [x]
    [-] emergency [x]
        [o] emergency_condition [x]
            --> IsBatteryLow [x]
            --> IsEmergencyStopTriggered [x]
            --> IsProximityTooClose [x]
            --> IsSystemOverheated [x]
        --> Stop [-]
    [-] mission [x]
        --> MissionActive [x]
        [o] mission_selector [-]
            [-] mission_object_response [-]
                --> ObjectSeen [-]
                --> HandleObjectAction [-]
            [-] mission_progress [-]
                --> PublishMoveGoal [-]
                --> GoToObject [-]
                --> CheckStopCondition [-]
                --> AdvanceMove [-]
    [-] navigation [x]
        --> HasMpcGoal [x]

[INFO] [1791036054.869813361] [behavior_executor_node]: BT snapshot -- root=FAILURE, lanes: emergency=FAILURE | mission=FAILURE | navigation=FAILURE
[o] root [x]
    [-] emergency [x]
        [o] emergency_condition [x]
            --> IsBatteryLow [x]
            --> IsEmergencyStopTriggered [x]
            --> IsProximityTooClose [x]
            --> IsSystemOverheated [x]
        --> Stop [-]
    [-] mission [x]
        --> MissionActive [x]
        [o] mission_selector [-]
            [-] mission_object_response [-]
                --> ObjectSeen [-]
                --> HandleObjectAction [-]
            [-] mission_progress [-]
                --> PublishMoveGoal [-]
                --> GoToObject [-]
                --> CheckStopCondition [-]
                --> AdvanceMove [-]
    [-] navigation [x]
        --> HasMpcGoal [x]

[INFO] [1791036055.763197580] [behavior_executor_node]: [IsProximityTooClose] DIAG scan: total=1081 in_window=721 excluded_by_filter=0 min_in_window=0.845 front_min=1.795
[INFO] [1791036055.874124624] [behavior_executor_node]: BT snapshot -- root=FAILURE, lanes: emergency=FAILURE | mission=FAILURE | navigation=FAILURE
[o] root [x]
    [-] emergency [x]
        [o] emergency_condition [x]
            --> IsBatteryLow [x]
            --> IsEmergencyStopTriggered [x]
            --> IsProximityTooClose [x]
            --> IsSystemOverheated [x]
        --> Stop [-]
    [-] mission [x]
        --> MissionActive [x]
        [o] mission_selector [-]
            [-] mission_object_response [-]
                --> ObjectSeen [-]
                --> HandleObjectAction [-]
            [-] mission_progress [-]
                --> PublishMoveGoal [-]
                --> GoToObject [-]
                --> CheckStopCondition [-]
                --> AdvanceMove [-]
    [-] navigation [x]
        --> HasMpcGoal [x]

[INFO] [1791036056.969773971] [behavior_executor_node]: BT snapshot -- root=FAILURE, lanes: emergency=FAILURE | mission=FAILURE | navigation=FAILURE
[o] root [x]
    [-] emergency [x]
        [o] emergency_condition [x]
            --> IsBatteryLow [x]
            --> IsEmergencyStopTriggered [x]
            --> IsProximityTooClose [x]
            --> IsSystemOverheated [x]
        --> Stop [-]
    [-] mission [x]
        --> MissionActive [x]
        [o] mission_selector [-]
            [-] mission_object_response [-]
                --> ObjectSeen [-]
                --> HandleObjectAction [-]
            [-] mission_progress [-]
                --> PublishMoveGoal [-]
                --> GoToObject [-]
                --> CheckStopCondition [-]
                --> AdvanceMove [-]
    [-] navigation [x]
        --> HasMpcGoal [x]

[INFO] [1791036057.780437388] [behavior_executor_node]: [IsProximityTooClose] DIAG scan: total=1081 in_window=721 excluded_by_filter=0 min_in_window=0.623 front_min=1.651
[INFO] [1791036057.969812830] [behavior_executor_node]: BT snapshot -- root=FAILURE, lanes: emergency=FAILURE | mission=FAILURE | navigation=FAILURE
[o] root [x]
    [-] emergency [x]
        [o] emergency_condition [x]
            --> IsBatteryLow [x]
            --> IsEmergencyStopTriggered [x]
            --> IsProximityTooClose [x]
            --> IsSystemOverheated [x]
        --> Stop [-]
    [-] mission [x]
        --> MissionActive [x]
        [o] mission_selector [-]
            [-] mission_object_response [-]
                --> ObjectSeen [-]
                --> HandleObjectAction [-]
            [-] mission_progress [-]
                --> PublishMoveGoal [-]
                --> GoToObject [-]
                --> CheckStopCondition [-]
                --> AdvanceMove [-]
    [-] navigation [x]
        --> HasMpcGoal [x]

[INFO] [1791036058.969828257] [behavior_executor_node]: BT snapshot -- root=FAILURE, lanes: emergency=FAILURE | mission=FAILURE | navigation=FAILURE
[o] root [x]
    [-] emergency [x]
        [o] emergency_condition [x]
            --> IsBatteryLow [x]
            --> IsEmergencyStopTriggered [x]
            --> IsProximityTooClose [x]
            --> IsSystemOverheated [x]
        --> Stop [-]
    [-] mission [x]
        --> MissionActive [x]
        [o] mission_selector [-]
            [-] mission_object_response [-]
                --> ObjectSeen [-]
                --> HandleObjectAction [-]
            [-] mission_progress [-]
                --> PublishMoveGoal [-]
                --> GoToObject [-]
                --> CheckStopCondition [-]
                --> AdvanceMove [-]
    [-] navigation [x]
        --> HasMpcGoal [x]

[INFO] [1791036059.781497329] [behavior_executor_node]: [IsProximityTooClose] DIAG scan: total=1081 in_window=721 excluded_by_filter=0 min_in_window=0.542 front_min=1.643
[INFO] [1791036060.080351653] [behavior_executor_node]: BT snapshot -- root=FAILURE, lanes: emergency=FAILURE | mission=FAILURE | navigation=FAILURE
[o] root [x]
    [-] emergency [x]
        [o] emergency_condition [x]
            --> IsBatteryLow [x]
            --> IsEmergencyStopTriggered [x]
            --> IsProximityTooClose [x]
            --> IsSystemOverheated [x]
        --> Stop [-]
    [-] mission [x]
        --> MissionActive [x]
        [o] mission_selector [-]
            [-] mission_object_response [-]
                --> ObjectSeen [-]
                --> HandleObjectAction [-]
            [-] mission_progress [-]
                --> PublishMoveGoal [-]
                --> GoToObject [-]
                --> CheckStopCondition [-]
                --> AdvanceMove [-]
    [-] navigation [x]
        --> HasMpcGoal [x]

[INFO] [1791036061.080595966] [behavior_executor_node]: BT snapshot -- root=FAILURE, lanes: emergency=FAILURE | mission=FAILURE | navigation=FAILURE
[o] root [x]
    [-] emergency [x]
        [o] emergency_condition [x]
            --> IsBatteryLow [x]
            --> IsEmergencyStopTriggered [x]
            --> IsProximityTooClose [x]
            --> IsSystemOverheated [x]
        --> Stop [-]
    [-] mission [x]
        --> MissionActive [x]
        [o] mission_selector [-]
            [-] mission_object_response [-]
                --> ObjectSeen [-]
                --> HandleObjectAction [-]
            [-] mission_progress [-]
                --> PublishMoveGoal [-]
                --> GoToObject [-]
                --> CheckStopCondition [-]
                --> AdvanceMove [-]
    [-] navigation [x]
        --> HasMpcGoal [x]

[INFO] [1791036061.788077953] [behavior_executor_node]: [IsProximityTooClose] DIAG scan: total=1081 in_window=721 excluded_by_filter=0 min_in_window=0.597 front_min=1.512
[INFO] [1791036062.169969473] [behavior_executor_node]: BT snapshot -- root=FAILURE, lanes: emergency=FAILURE | mission=FAILURE | navigation=FAILURE
[o] root [x]
    [-] emergency [x]
        [o] emergency_condition [x]
            --> IsBatteryLow [x]
            --> IsEmergencyStopTriggered [x]
            --> IsProximityTooClose [x]
            --> IsSystemOverheated [x]
        --> Stop [-]
    [-] mission [x]
        --> MissionActive [x]
        [o] mission_selector [-]
            [-] mission_object_response [-]
                --> ObjectSeen [-]
                --> HandleObjectAction [-]
            [-] mission_progress [-]
                --> PublishMoveGoal [-]
                --> GoToObject [-]
                --> CheckStopCondition [-]
                --> AdvanceMove [-]
    [-] navigation [x]
        --> HasMpcGoal [x]

[INFO] [1791036063.169844569] [behavior_executor_node]: BT snapshot -- root=FAILURE, lanes: emergency=FAILURE | mission=FAILURE | navigation=FAILURE
[o] root [x]
    [-] emergency [x]
        [o] emergency_condition [x]
            --> IsBatteryLow [x]
            --> IsEmergencyStopTriggered [x]
            --> IsProximityTooClose [x]
            --> IsSystemOverheated [x]
        --> Stop [-]
    [-] mission [x]
        --> MissionActive [x]
        [o] mission_selector [-]
            [-] mission_object_response [-]
                --> ObjectSeen [-]
                --> HandleObjectAction [-]
            [-] mission_progress [-]
                --> PublishMoveGoal [-]
                --> GoToObject [-]
                --> CheckStopCondition [-]
                --> AdvanceMove [-]
    [-] navigation [x]
        --> HasMpcGoal [x]

[INFO] [1791036063.789260688] [behavior_executor_node]: [IsProximityTooClose] DIAG scan: total=1081 in_window=721 excluded_by_filter=0 min_in_window=0.605 front_min=1.465
[INFO] [1791036064.171041928] [behavior_executor_node]: BT snapshot -- root=FAILURE, lanes: emergency=FAILURE | mission=FAILURE | navigation=FAILURE
[o] root [x]
    [-] emergency [x]
        [o] emergency_condition [x]
            --> IsBatteryLow [x]
            --> IsEmergencyStopTriggered [x]
            --> IsProximityTooClose [x]
            --> IsSystemOverheated [x]
        --> Stop [-]
    [-] mission [x]
        --> MissionActive [x]
        [o] mission_selector [-]
            [-] mission_object_response [-]
                --> ObjectSeen [-]
                --> HandleObjectAction [-]
            [-] mission_progress [-]
                --> PublishMoveGoal [-]
                --> GoToObject [-]
                --> CheckStopCondition [-]
                --> AdvanceMove [-]
    [-] navigation [x]
        --> HasMpcGoal [x]

[INFO] [1791036065.270587540] [behavior_executor_node]: BT snapshot -- root=FAILURE, lanes: emergency=FAILURE | mission=FAILURE | navigation=FAILURE
[o] root [x]
    [-] emergency [x]
        [o] emergency_condition [x]
            --> IsBatteryLow [x]
            --> IsEmergencyStopTriggered [x]
            --> IsProximityTooClose [x]
            --> IsSystemOverheated [x]
        --> Stop [-]
    [-] mission [x]
        --> MissionActive [x]
        [o] mission_selector [-]
            [-] mission_object_response [-]
                --> ObjectSeen [-]
                --> HandleObjectAction [-]
            [-] mission_progress [-]
                --> PublishMoveGoal [-]
                --> GoToObject [-]
                --> CheckStopCondition [-]
                --> AdvanceMove [-]
    [-] navigation [x]
        --> HasMpcGoal [x]

[INFO] [1791036065.872398368] [behavior_executor_node]: [IsProximityTooClose] DIAG scan: total=1081 in_window=721 excluded_by_filter=0 min_in_window=0.988 front_min=1.181
[INFO] [1791036066.374934385] [behavior_executor_node]: BT snapshot -- root=FAILURE, lanes: emergency=FAILURE | mission=FAILURE | navigation=FAILURE
[o] root [x]
    [-] emergency [x]
        [o] emergency_condition [x]
            --> IsBatteryLow [x]
            --> IsEmergencyStopTriggered [x]
            --> IsProximityTooClose [x]
            --> IsSystemOverheated [x]
        --> Stop [-]
    [-] mission [x]
        --> MissionActive [x]
        [o] mission_selector [-]
            [-] mission_object_response [-]
                --> ObjectSeen [-]
                --> HandleObjectAction [-]
            [-] mission_progress [-]
                --> PublishMoveGoal [-]
                --> GoToObject [-]
                --> CheckStopCondition [-]
                --> AdvanceMove [-]
    [-] navigation [x]
        --> HasMpcGoal [x]

[INFO] [1791036067.387975948] [behavior_executor_node]: BT snapshot -- root=FAILURE, lanes: emergency=FAILURE | mission=FAILURE | navigation=FAILURE
[o] root [x]
    [-] emergency [x]
        [o] emergency_condition [x]
            --> IsBatteryLow [x]
            --> IsEmergencyStopTriggered [x]
            --> IsProximityTooClose [x]
            --> IsSystemOverheated [x]
        --> Stop [-]
    [-] mission [x]
        --> MissionActive [x]
        [o] mission_selector [-]
            [-] mission_object_response [-]
                --> ObjectSeen [-]
                --> HandleObjectAction [-]
            [-] mission_progress [-]
                --> PublishMoveGoal [-]
                --> GoToObject [-]
                --> CheckStopCondition [-]
                --> AdvanceMove [-]
    [-] navigation [x]
        --> HasMpcGoal [x]

[INFO] [1791036067.898584103] [behavior_executor_node]: [IsProximityTooClose] DIAG scan: total=1081 in_window=721 excluded_by_filter=0 min_in_window=0.864 front_min=1.012
[INFO] [1791036068.469835674] [behavior_executor_node]: BT snapshot -- root=FAILURE, lanes: emergency=FAILURE | mission=FAILURE | navigation=FAILURE
[o] root [x]
    [-] emergency [x]
        [o] emergency_condition [x]
            --> IsBatteryLow [x]
            --> IsEmergencyStopTriggered [x]
            --> IsProximityTooClose [x]
            --> IsSystemOverheated [x]
        --> Stop [-]
    [-] mission [x]
        --> MissionActive [x]
        [o] mission_selector [-]
            [-] mission_object_response [-]
                --> ObjectSeen [-]
                --> HandleObjectAction [-]
            [-] mission_progress [-]
                --> PublishMoveGoal [-]
                --> GoToObject [-]
                --> CheckStopCondition [-]
                --> AdvanceMove [-]
    [-] navigation [x]
        --> HasMpcGoal [x]

[INFO] [1791036069.470112020] [behavior_executor_node]: BT snapshot -- root=FAILURE, lanes: emergency=FAILURE | mission=FAILURE | navigation=FAILURE
[o] root [x]
    [-] emergency [x]
        [o] emergency_condition [x]
            --> IsBatteryLow [x]
            --> IsEmergencyStopTriggered [x]
            --> IsProximityTooClose [x]
            --> IsSystemOverheated [x]
        --> Stop [-]
    [-] mission [x]
        --> MissionActive [x]
        [o] mission_selector [-]
            [-] mission_object_response [-]
                --> ObjectSeen [-]
                --> HandleObjectAction [-]
            [-] mission_progress [-]
                --> PublishMoveGoal [-]
                --> GoToObject [-]
                --> CheckStopCondition [-]
                --> AdvanceMove [-]
    [-] navigation [x]
        --> HasMpcGoal [x]

[INFO] [1791036069.927626722] [behavior_executor_node]: [IsProximityTooClose] DIAG scan: total=1081 in_window=721 excluded_by_filter=0 min_in_window=0.756 front_min=1.863
[INFO] [1791036070.580616176] [behavior_executor_node]: BT snapshot -- root=FAILURE, lanes: emergency=FAILURE | mission=FAILURE | navigation=FAILURE
[o] root [x]
    [-] emergency [x]
        [o] emergency_condition [x]
            --> IsBatteryLow [x]
            --> IsEmergencyStopTriggered [x]
            --> IsProximityTooClose [x]
            --> IsSystemOverheated [x]
        --> Stop [-]
    [-] mission [x]
        --> MissionActive [x]
        [o] mission_selector [-]
            [-] mission_object_response [-]
                --> ObjectSeen [-]
                --> HandleObjectAction [-]
            [-] mission_progress [-]
                --> PublishMoveGoal [-]
                --> GoToObject [-]
                --> CheckStopCondition [-]
                --> AdvanceMove [-]
    [-] navigation [x]
        --> HasMpcGoal [x]

[INFO] [1791036071.581664685] [behavior_executor_node]: BT snapshot -- root=FAILURE, lanes: emergency=FAILURE | mission=FAILURE | navigation=FAILURE
[o] root [x]
    [-] emergency [x]
        [o] emergency_condition [x]
            --> IsBatteryLow [x]
            --> IsEmergencyStopTriggered [x]
            --> IsProximityTooClose [x]
            --> IsSystemOverheated [x]
        --> Stop [-]
    [-] mission [x]
        --> MissionActive [x]
        [o] mission_selector [-]
            [-] mission_object_response [-]
                --> ObjectSeen [-]
                --> HandleObjectAction [-]
            [-] mission_progress [-]
                --> PublishMoveGoal [-]
                --> GoToObject [-]
                --> CheckStopCondition [-]
                --> AdvanceMove [-]
    [-] navigation [x]
        --> HasMpcGoal [x]

[INFO] [1791036071.947715427] [behavior_executor_node]: [IsProximityTooClose] DIAG scan: total=1081 in_window=721 excluded_by_filter=0 min_in_window=0.864 front_min=1.419
[INFO] [1791036072.701787324] [behavior_executor_node]: BT snapshot -- root=FAILURE, lanes: emergency=FAILURE | mission=FAILURE | navigation=FAILURE
[o] root [x]
    [-] emergency [x]
        [o] emergency_condition [x]
            --> IsBatteryLow [x]
            --> IsEmergencyStopTriggered [x]
            --> IsProximityTooClose [x]
            --> IsSystemOverheated [x]
        --> Stop [-]
    [-] mission [x]
        --> MissionActive [x]
        [o] mission_selector [-]
            [-] mission_object_response [-]
                --> ObjectSeen [-]
                --> HandleObjectAction [-]
            [-] mission_progress [-]
                --> PublishMoveGoal [-]
                --> GoToObject [-]
                --> CheckStopCondition [-]
                --> AdvanceMove [-]
    [-] navigation [x]
        --> HasMpcGoal [x]

[INFO] [1791036073.769777759] [behavior_executor_node]: BT snapshot -- root=FAILURE, lanes: emergency=FAILURE | mission=FAILURE | navigation=FAILURE
[o] root [x]
    [-] emergency [x]
        [o] emergency_condition [x]
            --> IsBatteryLow [x]
            --> IsEmergencyStopTriggered [x]
            --> IsProximityTooClose [x]
            --> IsSystemOverheated [x]
        --> Stop [-]
    [-] mission [x]
        --> MissionActive [x]
        [o] mission_selector [-]
            [-] mission_object_response [-]
                --> ObjectSeen [-]
                --> HandleObjectAction [-]
            [-] mission_progress [-]
                --> PublishMoveGoal [-]
                --> GoToObject [-]
                --> CheckStopCondition [-]
                --> AdvanceMove [-]
    [-] navigation [x]
        --> HasMpcGoal [x]

[INFO] [1791036074.072298673] [behavior_executor_node]: [IsProximityTooClose] DIAG scan: total=1081 in_window=721 excluded_by_filter=0 min_in_window=0.832 front_min=1.271
[INFO] [1791036074.770044767] [behavior_executor_node]: BT snapshot -- root=FAILURE, lanes: emergency=FAILURE | mission=FAILURE | navigation=FAILURE
[o] root [x]
    [-] emergency [x]
        [o] emergency_condition [x]
            --> IsBatteryLow [x]
            --> IsEmergencyStopTriggered [x]
            --> IsProximityTooClose [x]
            --> IsSystemOverheated [x]
        --> Stop [-]
    [-] mission [x]
        --> MissionActive [x]
        [o] mission_selector [-]
            [-] mission_object_response [-]
                --> ObjectSeen [-]
                --> HandleObjectAction [-]
            [-] mission_progress [-]
                --> PublishMoveGoal [-]
                --> GoToObject [-]
                --> CheckStopCondition [-]
                --> AdvanceMove [-]
    [-] navigation [x]
        --> HasMpcGoal [x]

[INFO] [1791036075.869703208] [behavior_executor_node]: BT snapshot -- root=FAILURE, lanes: emergency=FAILURE | mission=FAILURE | navigation=FAILURE
[o] root [x]
    [-] emergency [x]
        [o] emergency_condition [x]
            --> IsBatteryLow [x]
            --> IsEmergencyStopTriggered [x]
            --> IsProximityTooClose [x]
            --> IsSystemOverheated [x]
        --> Stop [-]
    [-] mission [x]
        --> MissionActive [x]
        [o] mission_selector [-]
            [-] mission_object_response [-]
                --> ObjectSeen [-]
                --> HandleObjectAction [-]
            [-] mission_progress [-]
                --> PublishMoveGoal [-]
                --> GoToObject [-]
                --> CheckStopCondition [-]
                --> AdvanceMove [-]
    [-] navigation [x]
        --> HasMpcGoal [x]

[INFO] [1791036076.080632038] [behavior_executor_node]: [IsProximityTooClose] DIAG scan: total=1081 in_window=721 excluded_by_filter=0 min_in_window=0.877 front_min=3.144
[INFO] [1791036076.972673178] [behavior_executor_node]: BT snapshot -- root=FAILURE, lanes: emergency=FAILURE | mission=FAILURE | navigation=FAILURE
[o] root [x]
    [-] emergency [x]
        [o] emergency_condition [x]
            --> IsBatteryLow [x]
            --> IsEmergencyStopTriggered [x]
            --> IsProximityTooClose [x]
            --> IsSystemOverheated [x]
        --> Stop [-]
    [-] mission [x]
        --> MissionActive [x]
        [o] mission_selector [-]
            [-] mission_object_response [-]
                --> ObjectSeen [-]
                --> HandleObjectAction [-]
            [-] mission_progress [-]
                --> PublishMoveGoal [-]
                --> GoToObject [-]
                --> CheckStopCondition [-]
                --> AdvanceMove [-]
    [-] navigation [x]
        --> HasMpcGoal [x]

[INFO] [1791036078.097451990] [behavior_executor_node]: BT snapshot -- root=FAILURE, lanes: emergency=FAILURE | mission=FAILURE | navigation=FAILURE
[o] root [x]
    [-] emergency [x]
        [o] emergency_condition [x]
            --> IsBatteryLow [x]
            --> IsEmergencyStopTriggered [x]
            --> IsProximityTooClose [x]
            --> IsSystemOverheated [x]
        --> Stop [-]
    [-] mission [x]
        --> MissionActive [x]
        [o] mission_selector [-]
            [-] mission_object_response [-]
                --> ObjectSeen [-]
                --> HandleObjectAction [-]
            [-] mission_progress [-]
                --> PublishMoveGoal [-]
                --> GoToObject [-]
                --> CheckStopCondition [-]
                --> AdvanceMove [-]
    [-] navigation [x]
        --> HasMpcGoal [x]

[INFO] [1791036078.099375559] [behavior_executor_node]: [IsProximityTooClose] DIAG scan: total=1081 in_window=721 excluded_by_filter=0 min_in_window=0.886 front_min=1.524
[INFO] [1791036079.169639312] [behavior_executor_node]: BT snapshot -- root=FAILURE, lanes: emergency=FAILURE | mission=FAILURE | navigation=FAILURE
[o] root [x]
    [-] emergency [x]
        [o] emergency_condition [x]
            --> IsBatteryLow [x]
            --> IsEmergencyStopTriggered [x]
            --> IsProximityTooClose [x]
            --> IsSystemOverheated [x]
        --> Stop [-]
    [-] mission [x]
        --> MissionActive [x]
        [o] mission_selector [-]
            [-] mission_object_response [-]
                --> ObjectSeen [-]
                --> HandleObjectAction [-]
            [-] mission_progress [-]
                --> PublishMoveGoal [-]
                --> GoToObject [-]
                --> CheckStopCondition [-]
                --> AdvanceMove [-]
    [-] navigation [x]
        --> HasMpcGoal [x]

[INFO] [1791036080.106918318] [behavior_executor_node]: [IsProximityTooClose] DIAG scan: total=1081 in_window=721 excluded_by_filter=0 min_in_window=0.850 front_min=1.738
[INFO] [1791036080.169715807] [behavior_executor_node]: BT snapshot -- root=FAILURE, lanes: emergency=FAILURE | mission=FAILURE | navigation=FAILURE
[o] root [x]
    [-] emergency [x]
        [o] emergency_condition [x]
            --> IsBatteryLow [x]
            --> IsEmergencyStopTriggered [x]
            --> IsProximityTooClose [x]
            --> IsSystemOverheated [x]
        --> Stop [-]
    [-] mission [x]
        --> MissionActive [x]
        [o] mission_selector [-]
            [-] mission_object_response [-]
                --> ObjectSeen [-]
                --> HandleObjectAction [-]
            [-] mission_progress [-]
                --> PublishMoveGoal [-]
                --> GoToObject [-]
                --> CheckStopCondition [-]
                --> AdvanceMove [-]
    [-] navigation [x]
        --> HasMpcGoal [x]

[INFO] [1791036081.169726521] [behavior_executor_node]: BT snapshot -- root=FAILURE, lanes: emergency=FAILURE | mission=FAILURE | navigation=FAILURE
[o] root [x]
    [-] emergency [x]
        [o] emergency_condition [x]
            --> IsBatteryLow [x]
            --> IsEmergencyStopTriggered [x]
            --> IsProximityTooClose [x]
            --> IsSystemOverheated [x]
        --> Stop [-]
    [-] mission [x]
        --> MissionActive [x]
        [o] mission_selector [-]
            [-] mission_object_response [-]
                --> ObjectSeen [-]
                --> HandleObjectAction [-]
            [-] mission_progress [-]
                --> PublishMoveGoal [-]
                --> GoToObject [-]
                --> CheckStopCondition [-]
                --> AdvanceMove [-]
    [-] navigation [x]
        --> HasMpcGoal [x]

[INFO] [1791036082.138092847] [behavior_executor_node]: [IsProximityTooClose] DIAG scan: total=1081 in_window=721 excluded_by_filter=0 min_in_window=0.988 front_min=2.020
[INFO] [1791036082.274272152] [behavior_executor_node]: BT snapshot -- root=FAILURE, lanes: emergency=FAILURE | mission=FAILURE | navigation=FAILURE
[o] root [x]
    [-] emergency [x]
        [o] emergency_condition [x]
            --> IsBatteryLow [x]
            --> IsEmergencyStopTriggered [x]
            --> IsProximityTooClose [x]
            --> IsSystemOverheated [x]
        --> Stop [-]
    [-] mission [x]
        --> MissionActive [x]
        [o] mission_selector [-]
            [-] mission_object_response [-]
                --> ObjectSeen [-]
                --> HandleObjectAction [-]
            [-] mission_progress [-]
                --> PublishMoveGoal [-]
                --> GoToObject [-]
                --> CheckStopCondition [-]
                --> AdvanceMove [-]
    [-] navigation [x]
        --> HasMpcGoal [x]

[INFO] [1791036083.369650927] [behavior_executor_node]: BT snapshot -- root=FAILURE, lanes: emergency=FAILURE | mission=FAILURE | navigation=FAILURE
[o] root [x]
    [-] emergency [x]
        [o] emergency_condition [x]
            --> IsBatteryLow [x]
            --> IsEmergencyStopTriggered [x]
            --> IsProximityTooClose [x]
            --> IsSystemOverheated [x]
        --> Stop [-]
    [-] mission [x]
        --> MissionActive [x]
        [o] mission_selector [-]
            [-] mission_object_response [-]
                --> ObjectSeen [-]
                --> HandleObjectAction [-]
            [-] mission_progress [-]
                --> PublishMoveGoal [-]
                --> GoToObject [-]
                --> CheckStopCondition [-]
                --> AdvanceMove [-]
    [-] navigation [x]
        --> HasMpcGoal [x]

[INFO] [1791036084.139873265] [behavior_executor_node]: [IsProximityTooClose] DIAG scan: total=1081 in_window=721 excluded_by_filter=0 min_in_window=1.019 front_min=2.854
[INFO] [1791036084.373627380] [behavior_executor_node]: BT snapshot -- root=FAILURE, lanes: emergency=FAILURE | mission=FAILURE | navigation=FAILURE
[o] root [x]
    [-] emergency [x]
        [o] emergency_condition [x]
            --> IsBatteryLow [x]
            --> IsEmergencyStopTriggered [x]
            --> IsProximityTooClose [x]
            --> IsSystemOverheated [x]
        --> Stop [-]
    [-] mission [x]
        --> MissionActive [x]
        [o] mission_selector [-]
            [-] mission_object_response [-]
                --> ObjectSeen [-]
                --> HandleObjectAction [-]
            [-] mission_progress [-]
                --> PublishMoveGoal [-]
                --> GoToObject [-]
                --> CheckStopCondition [-]
                --> AdvanceMove [-]
    [-] navigation [x]
        --> HasMpcGoal [x]

[INFO] [1791036085.470738930] [behavior_executor_node]: BT snapshot -- root=FAILURE, lanes: emergency=FAILURE | mission=FAILURE | navigation=FAILURE
[o] root [x]
    [-] emergency [x]
        [o] emergency_condition [x]
            --> IsBatteryLow [x]
            --> IsEmergencyStopTriggered [x]
            --> IsProximityTooClose [x]
            --> IsSystemOverheated [x]
        --> Stop [-]
    [-] mission [x]
        --> MissionActive [x]
        [o] mission_selector [-]
            [-] mission_object_response [-]
                --> ObjectSeen [-]
                --> HandleObjectAction [-]
            [-] mission_progress [-]
                --> PublishMoveGoal [-]
                --> GoToObject [-]
                --> CheckStopCondition [-]
                --> AdvanceMove [-]
    [-] navigation [x]
        --> HasMpcGoal [x]

[INFO] [1791036086.299480469] [behavior_executor_node]: [IsProximityTooClose] DIAG scan: total=1081 in_window=721 excluded_by_filter=0 min_in_window=1.084 front_min=2.004
[INFO] [1791036086.471215373] [behavior_executor_node]: BT snapshot -- root=FAILURE, lanes: emergency=FAILURE | mission=FAILURE | navigation=FAILURE
[o] root [x]
    [-] emergency [x]
        [o] emergency_condition [x]
            --> IsBatteryLow [x]
            --> IsEmergencyStopTriggered [x]
            --> IsProximityTooClose [x]
            --> IsSystemOverheated [x]
        --> Stop [-]
    [-] mission [x]
        --> MissionActive [x]
        [o] mission_selector [-]
            [-] mission_object_response [-]
                --> ObjectSeen [-]
                --> HandleObjectAction [-]
            [-] mission_progress [-]
                --> PublishMoveGoal [-]
                --> GoToObject [-]
                --> CheckStopCondition [-]
                --> AdvanceMove [-]
    [-] navigation [x]
        --> HasMpcGoal [x]

[INFO] [1791036087.569874464] [behavior_executor_node]: BT snapshot -- root=FAILURE, lanes: emergency=FAILURE | mission=FAILURE | navigation=FAILURE
[o] root [x]
    [-] emergency [x]
        [o] emergency_condition [x]
            --> IsBatteryLow [x]
            --> IsEmergencyStopTriggered [x]
            --> IsProximityTooClose [x]
            --> IsSystemOverheated [x]
        --> Stop [-]
    [-] mission [x]
        --> MissionActive [x]
        [o] mission_selector [-]
            [-] mission_object_response [-]
                --> ObjectSeen [-]
                --> HandleObjectAction [-]
            [-] mission_progress [-]
                --> PublishMoveGoal [-]
                --> GoToObject [-]
                --> CheckStopCondition [-]
                --> AdvanceMove [-]
    [-] navigation [x]
        --> HasMpcGoal [x]

[INFO] [1791036088.318295952] [behavior_executor_node]: [IsProximityTooClose] DIAG scan: total=1081 in_window=721 excluded_by_filter=0 min_in_window=1.375 front_min=2.148
[INFO] [1791036088.669885776] [behavior_executor_node]: BT snapshot -- root=FAILURE, lanes: emergency=FAILURE | mission=FAILURE | navigation=FAILURE
[o] root [x]
    [-] emergency [x]
        [o] emergency_condition [x]
            --> IsBatteryLow [x]
            --> IsEmergencyStopTriggered [x]
            --> IsProximityTooClose [x]
            --> IsSystemOverheated [x]
        --> Stop [-]
    [-] mission [x]
        --> MissionActive [x]
        [o] mission_selector [-]
            [-] mission_object_response [-]
                --> ObjectSeen [-]
                --> HandleObjectAction [-]
            [-] mission_progress [-]
                --> PublishMoveGoal [-]
                --> GoToObject [-]
                --> CheckStopCondition [-]
                --> AdvanceMove [-]
    [-] navigation [x]
        --> HasMpcGoal [x]

[INFO] [1791036089.669894741] [behavior_executor_node]: BT snapshot -- root=FAILURE, lanes: emergency=FAILURE | mission=FAILURE | navigation=FAILURE
[o] root [x]
    [-] emergency [x]
        [o] emergency_condition [x]
            --> IsBatteryLow [x]
            --> IsEmergencyStopTriggered [x]
            --> IsProximityTooClose [x]
            --> IsSystemOverheated [x]
        --> Stop [-]
    [-] mission [x]
        --> MissionActive [x]
        [o] mission_selector [-]
            [-] mission_object_response [-]
                --> ObjectSeen [-]
                --> HandleObjectAction [-]
            [-] mission_progress [-]
                --> PublishMoveGoal [-]
                --> GoToObject [-]
                --> CheckStopCondition [-]
                --> AdvanceMove [-]
    [-] navigation [x]
        --> HasMpcGoal [x]

[INFO] [1791036090.346429299] [behavior_executor_node]: [IsProximityTooClose] DIAG scan: total=1081 in_window=721 excluded_by_filter=0 min_in_window=1.496 front_min=1.763
[INFO] [1791036090.774450421] [behavior_executor_node]: BT snapshot -- root=FAILURE, lanes: emergency=FAILURE | mission=FAILURE | navigation=FAILURE
[o] root [x]
    [-] emergency [x]
        [o] emergency_condition [x]
            --> IsBatteryLow [x]
            --> IsEmergencyStopTriggered [x]
            --> IsProximityTooClose [x]
            --> IsSystemOverheated [x]
        --> Stop [-]
    [-] mission [x]
        --> MissionActive [x]
        [o] mission_selector [-]
            [-] mission_object_response [-]
                --> ObjectSeen [-]
                --> HandleObjectAction [-]
            [-] mission_progress [-]
                --> PublishMoveGoal [-]
                --> GoToObject [-]
                --> CheckStopCondition [-]
                --> AdvanceMove [-]
    [-] navigation [x]
        --> HasMpcGoal [x]

[INFO] [1791036091.869823587] [behavior_executor_node]: BT snapshot -- root=FAILURE, lanes: emergency=FAILURE | mission=FAILURE | navigation=FAILURE
[o] root [x]
    [-] emergency [x]
        [o] emergency_condition [x]
            --> IsBatteryLow [x]
            --> IsEmergencyStopTriggered [x]
            --> IsProximityTooClose [x]
            --> IsSystemOverheated [x]
        --> Stop [-]
    [-] mission [x]
        --> MissionActive [x]
        [o] mission_selector [-]
            [-] mission_object_response [-]
                --> ObjectSeen [-]
                --> HandleObjectAction [-]
            [-] mission_progress [-]
                --> PublishMoveGoal [-]
                --> GoToObject [-]
                --> CheckStopCondition [-]
                --> AdvanceMove [-]
    [-] navigation [x]
        --> HasMpcGoal [x]

[INFO] [1791036092.346572322] [behavior_executor_node]: [IsProximityTooClose] DIAG scan: total=1081 in_window=721 excluded_by_filter=0 min_in_window=1.207 front_min=1.853
[INFO] [1791036092.974926047] [behavior_executor_node]: BT snapshot -- root=FAILURE, lanes: emergency=FAILURE | mission=FAILURE | navigation=FAILURE
[o] root [x]
    [-] emergency [x]
        [o] emergency_condition [x]
            --> IsBatteryLow [x]
            --> IsEmergencyStopTriggered [x]
            --> IsProximityTooClose [x]
            --> IsSystemOverheated [x]
        --> Stop [-]
    [-] mission [x]
        --> MissionActive [x]
        [o] mission_selector [-]
            [-] mission_object_response [-]
                --> ObjectSeen [-]
                --> HandleObjectAction [-]
            [-] mission_progress [-]
                --> PublishMoveGoal [-]
                --> GoToObject [-]
                --> CheckStopCondition [-]
                --> AdvanceMove [-]
    [-] navigation [x]
        --> HasMpcGoal [x]

[INFO] [1791036094.111623505] [behavior_executor_node]: BT snapshot -- root=FAILURE, lanes: emergency=FAILURE | mission=FAILURE | navigation=FAILURE
[o] root [x]
    [-] emergency [x]
        [o] emergency_condition [x]
            --> IsBatteryLow [x]
            --> IsEmergencyStopTriggered [x]
            --> IsProximityTooClose [x]
            --> IsSystemOverheated [x]
        --> Stop [-]
    [-] mission [x]
        --> MissionActive [x]
        [o] mission_selector [-]
            [-] mission_object_response [-]
                --> ObjectSeen [-]
                --> HandleObjectAction [-]
            [-] mission_progress [-]
                --> PublishMoveGoal [-]
                --> GoToObject [-]
                --> CheckStopCondition [-]
                --> AdvanceMove [-]
    [-] navigation [x]
        --> HasMpcGoal [x]

[INFO] [1791036094.372534443] [behavior_executor_node]: [IsProximityTooClose] DIAG scan: total=1081 in_window=721 excluded_by_filter=0 min_in_window=1.299 front_min=1.751
[INFO] [1791036095.169636705] [behavior_executor_node]: BT snapshot -- root=FAILURE, lanes: emergency=FAILURE | mission=FAILURE | navigation=FAILURE
[o] root [x]
    [-] emergency [x]
        [o] emergency_condition [x]
            --> IsBatteryLow [x]
            --> IsEmergencyStopTriggered [x]
            --> IsProximityTooClose [x]
            --> IsSystemOverheated [x]
        --> Stop [-]
    [-] mission [x]
        --> MissionActive [x]
        [o] mission_selector [-]
            [-] mission_object_response [-]
                --> ObjectSeen [-]
                --> HandleObjectAction [-]
            [-] mission_progress [-]
                --> PublishMoveGoal [-]
                --> GoToObject [-]
                --> CheckStopCondition [-]
                --> AdvanceMove [-]
    [-] navigation [x]
        --> HasMpcGoal [x]

[INFO] [1791036096.169777726] [behavior_executor_node]: BT snapshot -- root=FAILURE, lanes: emergency=FAILURE | mission=FAILURE | navigation=FAILURE
[o] root [x]
    [-] emergency [x]
        [o] emergency_condition [x]
            --> IsBatteryLow [x]
            --> IsEmergencyStopTriggered [x]
            --> IsProximityTooClose [x]
            --> IsSystemOverheated [x]
        --> Stop [-]
    [-] mission [x]
        --> MissionActive [x]
        [o] mission_selector [-]
            [-] mission_object_response [-]
                --> ObjectSeen [-]
                --> HandleObjectAction [-]
            [-] mission_progress [-]
                --> PublishMoveGoal [-]
                --> GoToObject [-]
                --> CheckStopCondition [-]
                --> AdvanceMove [-]
    [-] navigation [x]
        --> HasMpcGoal [x]

[INFO] [1791036096.387225942] [behavior_executor_node]: [IsProximityTooClose] DIAG scan: total=1081 in_window=721 excluded_by_filter=0 min_in_window=1.054 front_min=1.871
[INFO] [1791036097.174254316] [behavior_executor_node]: BT snapshot -- root=FAILURE, lanes: emergency=FAILURE | mission=FAILURE | navigation=FAILURE
[o] root [x]
    [-] emergency [x]
        [o] emergency_condition [x]
            --> IsBatteryLow [x]
            --> IsEmergencyStopTriggered [x]
            --> IsProximityTooClose [x]
            --> IsSystemOverheated [x]
        --> Stop [-]
    [-] mission [x]
        --> MissionActive [x]
        [o] mission_selector [-]
            [-] mission_object_response [-]
                --> ObjectSeen [-]
                --> HandleObjectAction [-]
            [-] mission_progress [-]
                --> PublishMoveGoal [-]
                --> GoToObject [-]
                --> CheckStopCondition [-]
                --> AdvanceMove [-]
    [-] navigation [x]
        --> HasMpcGoal [x]

[INFO] [1791036098.269776789] [behavior_executor_node]: BT snapshot -- root=FAILURE, lanes: emergency=FAILURE | mission=FAILURE | navigation=FAILURE
[o] root [x]
    [-] emergency [x]
        [o] emergency_condition [x]
            --> IsBatteryLow [x]
            --> IsEmergencyStopTriggered [x]
            --> IsProximityTooClose [x]
            --> IsSystemOverheated [x]
        --> Stop [-]
    [-] mission [x]
        --> MissionActive [x]
        [o] mission_selector [-]
            [-] mission_object_response [-]
                --> ObjectSeen [-]
                --> HandleObjectAction [-]
            [-] mission_progress [-]
                --> PublishMoveGoal [-]
                --> GoToObject [-]
                --> CheckStopCondition [-]
                --> AdvanceMove [-]
    [-] navigation [x]
        --> HasMpcGoal [x]

[INFO] [1791036098.407774373] [behavior_executor_node]: [IsProximityTooClose] DIAG scan: total=1081 in_window=721 excluded_by_filter=0 min_in_window=0.832 front_min=1.719
[INFO] [1791036099.403502302] [behavior_executor_node]: BT snapshot -- root=FAILURE, lanes: emergency=FAILURE | mission=FAILURE | navigation=FAILURE
[o] root [x]
    [-] emergency [x]
        [o] emergency_condition [x]
            --> IsBatteryLow [x]
            --> IsEmergencyStopTriggered [x]
            --> IsProximityTooClose [x]
            --> IsSystemOverheated [x]
        --> Stop [-]
    [-] mission [x]
        --> MissionActive [x]
        [o] mission_selector [-]
            [-] mission_object_response [-]
                --> ObjectSeen [-]
                --> HandleObjectAction [-]
            [-] mission_progress [-]
                --> PublishMoveGoal [-]
                --> GoToObject [-]
                --> CheckStopCondition [-]
                --> AdvanceMove [-]
    [-] navigation [x]
        --> HasMpcGoal [x]

[INFO] [1791036100.422421077] [behavior_executor_node]: [IsProximityTooClose] DIAG scan: total=1081 in_window=721 excluded_by_filter=0 min_in_window=0.624 front_min=1.638
[INFO] [1791036100.469927311] [behavior_executor_node]: BT snapshot -- root=FAILURE, lanes: emergency=FAILURE | mission=FAILURE | navigation=FAILURE
[o] root [x]
    [-] emergency [x]
        [o] emergency_condition [x]
            --> IsBatteryLow [x]
            --> IsEmergencyStopTriggered [x]
            --> IsProximityTooClose [x]
            --> IsSystemOverheated [x]
        --> Stop [-]
    [-] mission [x]
        --> MissionActive [x]
        [o] mission_selector [-]
            [-] mission_object_response [-]
                --> ObjectSeen [-]
                --> HandleObjectAction [-]
            [-] mission_progress [-]
                --> PublishMoveGoal [-]
                --> GoToObject [-]
                --> CheckStopCondition [-]
                --> AdvanceMove [-]
    [-] navigation [x]
        --> HasMpcGoal [x]

[INFO] [1791036101.580475650] [behavior_executor_node]: BT snapshot -- root=FAILURE, lanes: emergency=FAILURE | mission=FAILURE | navigation=FAILURE
[o] root [x]
    [-] emergency [x]
        [o] emergency_condition [x]
            --> IsBatteryLow [x]
            --> IsEmergencyStopTriggered [x]
            --> IsProximityTooClose [x]
            --> IsSystemOverheated [x]
        --> Stop [-]
    [-] mission [x]
        --> MissionActive [x]
        [o] mission_selector [-]
            [-] mission_object_response [-]
                --> ObjectSeen [-]
                --> HandleObjectAction [-]
            [-] mission_progress [-]
                --> PublishMoveGoal [-]
                --> GoToObject [-]
                --> CheckStopCondition [-]
                --> AdvanceMove [-]
    [-] navigation [x]
        --> HasMpcGoal [x]

[INFO] [1791036102.426907101] [behavior_executor_node]: [IsProximityTooClose] DIAG scan: total=1081 in_window=721 excluded_by_filter=0 min_in_window=0.537 front_min=1.642
[INFO] [1791036102.669702060] [behavior_executor_node]: BT snapshot -- root=FAILURE, lanes: emergency=FAILURE | mission=FAILURE | navigation=FAILURE
[o] root [x]
    [-] emergency [x]
        [o] emergency_condition [x]
            --> IsBatteryLow [x]
            --> IsEmergencyStopTriggered [x]
            --> IsProximityTooClose [x]
            --> IsSystemOverheated [x]
        --> Stop [-]
    [-] mission [x]
        --> MissionActive [x]
        [o] mission_selector [-]
            [-] mission_object_response [-]
                --> ObjectSeen [-]
                --> HandleObjectAction [-]
            [-] mission_progress [-]
                --> PublishMoveGoal [-]
                --> GoToObject [-]
                --> CheckStopCondition [-]
                --> AdvanceMove [-]
    [-] navigation [x]
        --> HasMpcGoal [x]

[INFO] [1791036103.669812413] [behavior_executor_node]: BT snapshot -- root=FAILURE, lanes: emergency=FAILURE | mission=FAILURE | navigation=FAILURE
[o] root [x]
    [-] emergency [x]
        [o] emergency_condition [x]
            --> IsBatteryLow [x]
            --> IsEmergencyStopTriggered [x]
            --> IsProximityTooClose [x]
            --> IsSystemOverheated [x]
        --> Stop [-]
    [-] mission [x]
        --> MissionActive [x]
        [o] mission_selector [-]
            [-] mission_object_response [-]
                --> ObjectSeen [-]
                --> HandleObjectAction [-]
            [-] mission_progress [-]
                --> PublishMoveGoal [-]
                --> GoToObject [-]
                --> CheckStopCondition [-]
                --> AdvanceMove [-]
    [-] navigation [x]
        --> HasMpcGoal [x]

[INFO] [1791036104.431704403] [behavior_executor_node]: [IsProximityTooClose] DIAG scan: total=1081 in_window=721 excluded_by_filter=0 min_in_window=0.598 front_min=1.506
[INFO] [1791036104.689981365] [behavior_executor_node]: BT snapshot -- root=FAILURE, lanes: emergency=FAILURE | mission=FAILURE | navigation=FAILURE
[o] root [x]
    [-] emergency [x]
        [o] emergency_condition [x]
            --> IsBatteryLow [x]
            --> IsEmergencyStopTriggered [x]
            --> IsProximityTooClose [x]
            --> IsSystemOverheated [x]
        --> Stop [-]
    [-] mission [x]
        --> MissionActive [x]
        [o] mission_selector [-]
            [-] mission_object_response [-]
                --> ObjectSeen [-]
                --> HandleObjectAction [-]
            [-] mission_progress [-]
                --> PublishMoveGoal [-]
                --> GoToObject [-]
                --> CheckStopCondition [-]
                --> AdvanceMove [-]
    [-] navigation [x]
        --> HasMpcGoal [x]

[INFO] [1791036105.769718157] [behavior_executor_node]: BT snapshot -- root=FAILURE, lanes: emergency=FAILURE | mission=FAILURE | navigation=FAILURE
[o] root [x]
    [-] emergency [x]
        [o] emergency_condition [x]
            --> IsBatteryLow [x]
            --> IsEmergencyStopTriggered [x]
            --> IsProximityTooClose [x]
            --> IsSystemOverheated [x]
        --> Stop [-]
    [-] mission [x]
        --> MissionActive [x]
        [o] mission_selector [-]
            [-] mission_object_response [-]
                --> ObjectSeen [-]
                --> HandleObjectAction [-]
            [-] mission_progress [-]
                --> PublishMoveGoal [-]
                --> GoToObject [-]
                --> CheckStopCondition [-]
                --> AdvanceMove [-]
    [-] navigation [x]
        --> HasMpcGoal [x]

[INFO] [1791036106.462414859] [behavior_executor_node]: [IsProximityTooClose] DIAG scan: total=1081 in_window=721 excluded_by_filter=0 min_in_window=0.606 front_min=1.458
[INFO] [1791036106.769703192] [behavior_executor_node]: BT snapshot -- root=FAILURE, lanes: emergency=FAILURE | mission=FAILURE | navigation=FAILURE
[o] root [x]
    [-] emergency [x]
        [o] emergency_condition [x]
            --> IsBatteryLow [x]
            --> IsEmergencyStopTriggered [x]
            --> IsProximityTooClose [x]
            --> IsSystemOverheated [x]
        --> Stop [-]
    [-] mission [x]
        --> MissionActive [x]
        [o] mission_selector [-]
            [-] mission_object_response [-]
                --> ObjectSeen [-]
                --> HandleObjectAction [-]
            [-] mission_progress [-]
                --> PublishMoveGoal [-]
                --> GoToObject [-]
                --> CheckStopCondition [-]
                --> AdvanceMove [-]
    [-] navigation [x]
        --> HasMpcGoal [x]

[INFO] [1791036107.869610204] [behavior_executor_node]: BT snapshot -- root=FAILURE, lanes: emergency=FAILURE | mission=FAILURE | navigation=FAILURE
[o] root [x]
    [-] emergency [x]
        [o] emergency_condition [x]
            --> IsBatteryLow [x]
            --> IsEmergencyStopTriggered [x]
            --> IsProximityTooClose [x]
            --> IsSystemOverheated [x]
        --> Stop [-]
    [-] mission [x]
        --> MissionActive [x]
        [o] mission_selector [-]
            [-] mission_object_response [-]
                --> ObjectSeen [-]
                --> HandleObjectAction [-]
            [-] mission_progress [-]
                --> PublishMoveGoal [-]
                --> GoToObject [-]
                --> CheckStopCondition [-]
                --> AdvanceMove [-]
    [-] navigation [x]
        --> HasMpcGoal [x]

[INFO] [1791036108.473711720] [behavior_executor_node]: [IsProximityTooClose] DIAG scan: total=1081 in_window=721 excluded_by_filter=0 min_in_window=1.059 front_min=1.152
[INFO] [1791036108.874329168] [behavior_executor_node]: BT snapshot -- root=FAILURE, lanes: emergency=FAILURE | mission=FAILURE | navigation=FAILURE
[o] root [x]
    [-] emergency [x]
        [o] emergency_condition [x]
            --> IsBatteryLow [x]
            --> IsEmergencyStopTriggered [x]
            --> IsProximityTooClose [x]
            --> IsSystemOverheated [x]
        --> Stop [-]
    [-] mission [x]
        --> MissionActive [x]
        [o] mission_selector [-]
            [-] mission_object_response [-]
                --> ObjectSeen [-]
                --> HandleObjectAction [-]
            [-] mission_progress [-]
                --> PublishMoveGoal [-]
                --> GoToObject [-]
                --> CheckStopCondition [-]
                --> AdvanceMove [-]
    [-] navigation [x]
        --> HasMpcGoal [x]

[INFO] [1791036109.970020190] [behavior_executor_node]: BT snapshot -- root=FAILURE, lanes: emergency=FAILURE | mission=FAILURE | navigation=FAILURE
[o] root [x]
    [-] emergency [x]
        [o] emergency_condition [x]
            --> IsBatteryLow [x]
            --> IsEmergencyStopTriggered [x]
            --> IsProximityTooClose [x]
            --> IsSystemOverheated [x]
        --> Stop [-]
    [-] mission [x]
        --> MissionActive [x]
        [o] mission_selector [-]
            [-] mission_object_response [-]
                --> ObjectSeen [-]
                --> HandleObjectAction [-]
            [-] mission_progress [-]
                --> PublishMoveGoal [-]
                --> GoToObject [-]
                --> CheckStopCondition [-]
                --> AdvanceMove [-]
    [-] navigation [x]
        --> HasMpcGoal [x]

[INFO] [1791036110.493642780] [behavior_executor_node]: [IsProximityTooClose] DIAG scan: total=1081 in_window=721 excluded_by_filter=0 min_in_window=0.872 front_min=0.985
[INFO] [1791036111.069727437] [behavior_executor_node]: BT snapshot -- root=FAILURE, lanes: emergency=FAILURE | mission=FAILURE | navigation=FAILURE
[o] root [x]
    [-] emergency [x]
        [o] emergency_condition [x]
            --> IsBatteryLow [x]
            --> IsEmergencyStopTriggered [x]
            --> IsProximityTooClose [x]
            --> IsSystemOverheated [x]
        --> Stop [-]
    [-] mission [x]
        --> MissionActive [x]
        [o] mission_selector [-]
            [-] mission_object_response [-]
                --> ObjectSeen [-]
                --> HandleObjectAction [-]
            [-] mission_progress [-]
                --> PublishMoveGoal [-]
                --> GoToObject [-]
                --> CheckStopCondition [-]
                --> AdvanceMove [-]
    [-] navigation [x]
        --> HasMpcGoal [x]

[INFO] [1791036112.082283859] [behavior_executor_node]: BT snapshot -- root=FAILURE, lanes: emergency=FAILURE | mission=FAILURE | navigation=FAILURE
[o] root [x]
    [-] emergency [x]
        [o] emergency_condition [x]
            --> IsBatteryLow [x]
            --> IsEmergencyStopTriggered [x]
            --> IsProximityTooClose [x]
            --> IsSystemOverheated [x]
        --> Stop [-]
    [-] mission [x]
        --> MissionActive [x]
        [o] mission_selector [-]
            [-] mission_object_response [-]
                --> ObjectSeen [-]
                --> HandleObjectAction [-]
            [-] mission_progress [-]
                --> PublishMoveGoal [-]
                --> GoToObject [-]
                --> CheckStopCondition [-]
                --> AdvanceMove [-]
    [-] navigation [x]
        --> HasMpcGoal [x]

[INFO] [1791036112.582677426] [behavior_executor_node]: [IsProximityTooClose] DIAG scan: total=1081 in_window=721 excluded_by_filter=0 min_in_window=0.763 front_min=1.852
[INFO] [1791036113.206452281] [behavior_executor_node]: BT snapshot -- root=FAILURE, lanes: emergency=FAILURE | mission=FAILURE | navigation=FAILURE
[o] root [x]
    [-] emergency [x]
        [o] emergency_condition [x]
            --> IsBatteryLow [x]
            --> IsEmergencyStopTriggered [x]
            --> IsProximityTooClose [x]
            --> IsSystemOverheated [x]
        --> Stop [-]
    [-] mission [x]
        --> MissionActive [x]
        [o] mission_selector [-]
            [-] mission_object_response [-]
                --> ObjectSeen [-]
                --> HandleObjectAction [-]
            [-] mission_progress [-]
                --> PublishMoveGoal [-]
                --> GoToObject [-]
                --> CheckStopCondition [-]
                --> AdvanceMove [-]
    [-] navigation [x]
        --> HasMpcGoal [x]

[INFO] [1791036114.269657100] [behavior_executor_node]: BT snapshot -- root=FAILURE, lanes: emergency=FAILURE | mission=FAILURE | navigation=FAILURE
[o] root [x]
    [-] emergency [x]
        [o] emergency_condition [x]
            --> IsBatteryLow [x]
            --> IsEmergencyStopTriggered [x]
            --> IsProximityTooClose [x]
            --> IsSystemOverheated [x]
        --> Stop [-]
    [-] mission [x]
        --> MissionActive [x]
        [o] mission_selector [-]
            [-] mission_object_response [-]
                --> ObjectSeen [-]
                --> HandleObjectAction [-]
            [-] mission_progress [-]
                --> PublishMoveGoal [-]
                --> GoToObject [-]
                --> CheckStopCondition [-]
                --> AdvanceMove [-]
    [-] navigation [x]
        --> HasMpcGoal [x]

[INFO] [1791036114.583483716] [behavior_executor_node]: [IsProximityTooClose] DIAG scan: total=1081 in_window=721 excluded_by_filter=0 min_in_window=0.838 front_min=1.409
[INFO] [1791036115.369758206] [behavior_executor_node]: BT snapshot -- root=FAILURE, lanes: emergency=FAILURE | mission=FAILURE | navigation=FAILURE
[o] root [x]
    [-] emergency [x]
        [o] emergency_condition [x]
            --> IsBatteryLow [x]
            --> IsEmergencyStopTriggered [x]
            --> IsProximityTooClose [x]
            --> IsSystemOverheated [x]
        --> Stop [-]
    [-] mission [x]
        --> MissionActive [x]
        [o] mission_selector [-]
            [-] mission_object_response [-]
                --> ObjectSeen [-]
                --> HandleObjectAction [-]
            [-] mission_progress [-]
                --> PublishMoveGoal [-]
                --> GoToObject [-]
                --> CheckStopCondition [-]
                --> AdvanceMove [-]
    [-] navigation [x]
        --> HasMpcGoal [x]

[INFO] [1791036116.372007586] [behavior_executor_node]: BT snapshot -- root=FAILURE, lanes: emergency=FAILURE | mission=FAILURE | navigation=FAILURE
[o] root [x]
    [-] emergency [x]
        [o] emergency_condition [x]
            --> IsBatteryLow [x]
            --> IsEmergencyStopTriggered [x]
            --> IsProximityTooClose [x]
            --> IsSystemOverheated [x]
        --> Stop [-]
    [-] mission [x]
        --> MissionActive [x]
        [o] mission_selector [-]
            [-] mission_object_response [-]
                --> ObjectSeen [-]
                --> HandleObjectAction [-]
            [-] mission_progress [-]
                --> PublishMoveGoal [-]
                --> GoToObject [-]
                --> CheckStopCondition [-]
                --> AdvanceMove [-]
    [-] navigation [x]
        --> HasMpcGoal [x]

[INFO] [1791036116.603582922] [behavior_executor_node]: [IsProximityTooClose] DIAG scan: total=1081 in_window=721 excluded_by_filter=0 min_in_window=0.837 front_min=1.280
[INFO] [1791036117.469883796] [behavior_executor_node]: BT snapshot -- root=FAILURE, lanes: emergency=FAILURE | mission=FAILURE | navigation=FAILURE
[o] root [x]
    [-] emergency [x]
        [o] emergency_condition [x]
            --> IsBatteryLow [x]
            --> IsEmergencyStopTriggered [x]
            --> IsProximityTooClose [x]
            --> IsSystemOverheated [x]
        --> Stop [-]
    [-] mission [x]
        --> MissionActive [x]
        [o] mission_selector [-]
            [-] mission_object_response [-]
                --> ObjectSeen [-]
                --> HandleObjectAction [-]
            [-] mission_progress [-]
                --> PublishMoveGoal [-]
                --> GoToObject [-]
                --> CheckStopCondition [-]
                --> AdvanceMove [-]
    [-] navigation [x]
        --> HasMpcGoal [x]

[INFO] [1791036118.693680201] [behavior_executor_node]: BT snapshot -- root=FAILURE, lanes: emergency=FAILURE | mission=FAILURE | navigation=FAILURE
[o] root [x]
    [-] emergency [x]
        [o] emergency_condition [x]
            --> IsBatteryLow [x]
            --> IsEmergencyStopTriggered [x]
            --> IsProximityTooClose [x]
            --> IsSystemOverheated [x]
        --> Stop [-]
    [-] mission [x]
        --> MissionActive [x]
        [o] mission_selector [-]
            [-] mission_object_response [-]
                --> ObjectSeen [-]
                --> HandleObjectAction [-]
            [-] mission_progress [-]
                --> PublishMoveGoal [-]
                --> GoToObject [-]
                --> CheckStopCondition [-]
                --> AdvanceMove [-]
    [-] navigation [x]
        --> HasMpcGoal [x]

[INFO] [1791036118.695897268] [behavior_executor_node]: [IsProximityTooClose] DIAG scan: total=1081 in_window=721 excluded_by_filter=0 min_in_window=0.877 front_min=3.172
[INFO] [1791036119.769685282] [behavior_executor_node]: BT snapshot -- root=FAILURE, lanes: emergency=FAILURE | mission=FAILURE | navigation=FAILURE
[o] root [x]
    [-] emergency [x]
        [o] emergency_condition [x]
            --> IsBatteryLow [x]
            --> IsEmergencyStopTriggered [x]
            --> IsProximityTooClose [x]
            --> IsSystemOverheated [x]
        --> Stop [-]
    [-] mission [x]
        --> MissionActive [x]
        [o] mission_selector [-]
            [-] mission_object_response [-]
                --> ObjectSeen [-]
                --> HandleObjectAction [-]
            [-] mission_progress [-]
                --> PublishMoveGoal [-]
                --> GoToObject [-]
                --> CheckStopCondition [-]
                --> AdvanceMove [-]
    [-] navigation [x]
        --> HasMpcGoal [x]

[INFO] [1791036120.702161754] [behavior_executor_node]: [IsProximityTooClose] DIAG scan: total=1081 in_window=721 excluded_by_filter=0 min_in_window=0.854 front_min=1.418
[INFO] [1791036120.869707776] [behavior_executor_node]: BT snapshot -- root=FAILURE, lanes: emergency=FAILURE | mission=FAILURE | navigation=FAILURE
[o] root [x]
    [-] emergency [x]
        [o] emergency_condition [x]
            --> IsBatteryLow [x]
            --> IsEmergencyStopTriggered [x]
            --> IsProximityTooClose [x]
            --> IsSystemOverheated [x]
        --> Stop [-]
    [-] mission [x]
        --> MissionActive [x]
        [o] mission_selector [-]
            [-] mission_object_response [-]
                --> ObjectSeen [-]
                --> HandleObjectAction [-]
            [-] mission_progress [-]
                --> PublishMoveGoal [-]
                --> GoToObject [-]
                --> CheckStopCondition [-]
                --> AdvanceMove [-]
    [-] navigation [x]
        --> HasMpcGoal [x]

[INFO] [1791036121.972523287] [behavior_executor_node]: BT snapshot -- root=FAILURE, lanes: emergency=FAILURE | mission=FAILURE | navigation=FAILURE
[o] root [x]
    [-] emergency [x]
        [o] emergency_condition [x]
            --> IsBatteryLow [x]
            --> IsEmergencyStopTriggered [x]
            --> IsProximityTooClose [x]
            --> IsSystemOverheated [x]
        --> Stop [-]
    [-] mission [x]
        --> MissionActive [x]
        [o] mission_selector [-]
            [-] mission_object_response [-]
                --> ObjectSeen [-]
                --> HandleObjectAction [-]
            [-] mission_progress [-]
                --> PublishMoveGoal [-]
                --> GoToObject [-]
                --> CheckStopCondition [-]
                --> AdvanceMove [-]
    [-] navigation [x]
        --> HasMpcGoal [x]

[INFO] [1791036122.731846500] [behavior_executor_node]: [IsProximityTooClose] DIAG scan: total=1081 in_window=721 excluded_by_filter=0 min_in_window=0.904 front_min=1.686
[INFO] [1791036123.069774672] [behavior_executor_node]: BT snapshot -- root=FAILURE, lanes: emergency=FAILURE | mission=FAILURE | navigation=FAILURE
[o] root [x]
    [-] emergency [x]
        [o] emergency_condition [x]
            --> IsBatteryLow [x]
            --> IsEmergencyStopTriggered [x]
            --> IsProximityTooClose [x]
            --> IsSystemOverheated [x]
        --> Stop [-]
    [-] mission [x]
        --> MissionActive [x]
        [o] mission_selector [-]
            [-] mission_object_response [-]
                --> ObjectSeen [-]
                --> HandleObjectAction [-]
            [-] mission_progress [-]
                --> PublishMoveGoal [-]
                --> GoToObject [-]
                --> CheckStopCondition [-]
                --> AdvanceMove [-]
    [-] navigation [x]
        --> HasMpcGoal [x]

[INFO] [1791036124.069818223] [behavior_executor_node]: BT snapshot -- root=FAILURE, lanes: emergency=FAILURE | mission=FAILURE | navigation=FAILURE
[o] root [x]
    [-] emergency [x]
        [o] emergency_condition [x]
            --> IsBatteryLow [x]
            --> IsEmergencyStopTriggered [x]
            --> IsProximityTooClose [x]
            --> IsSystemOverheated [x]
        --> Stop [-]
    [-] mission [x]
        --> MissionActive [x]
        [o] mission_selector [-]
            [-] mission_object_response [-]
                --> ObjectSeen [-]
                --> HandleObjectAction [-]
            [-] mission_progress [-]
                --> PublishMoveGoal [-]
                --> GoToObject [-]
                --> CheckStopCondition [-]
                --> AdvanceMove [-]
    [-] navigation [x]
        --> HasMpcGoal [x]

[INFO] [1791036124.751048439] [behavior_executor_node]: [IsProximityTooClose] DIAG scan: total=1081 in_window=721 excluded_by_filter=0 min_in_window=0.978 front_min=1.981
[INFO] [1791036125.082175059] [behavior_executor_node]: BT snapshot -- root=FAILURE, lanes: emergency=FAILURE | mission=FAILURE | navigation=FAILURE
[o] root [x]
    [-] emergency [x]
        [o] emergency_condition [x]
            --> IsBatteryLow [x]
            --> IsEmergencyStopTriggered [x]
            --> IsProximityTooClose [x]
            --> IsSystemOverheated [x]
        --> Stop [-]
    [-] mission [x]
        --> MissionActive [x]
        [o] mission_selector [-]
            [-] mission_object_response [-]
                --> ObjectSeen [-]
                --> HandleObjectAction [-]
            [-] mission_progress [-]
                --> PublishMoveGoal [-]
                --> GoToObject [-]
                --> CheckStopCondition [-]
                --> AdvanceMove [-]
    [-] navigation [x]
        --> HasMpcGoal [x]

[INFO] [1791036126.083317582] [behavior_executor_node]: BT snapshot -- root=FAILURE, lanes: emergency=FAILURE | mission=FAILURE | navigation=FAILURE
[o] root [x]
    [-] emergency [x]
        [o] emergency_condition [x]
            --> IsBatteryLow [x]
            --> IsEmergencyStopTriggered [x]
            --> IsProximityTooClose [x]
            --> IsSystemOverheated [x]
        --> Stop [-]
    [-] mission [x]
        --> MissionActive [x]
        [o] mission_selector [-]
            [-] mission_object_response [-]
                --> ObjectSeen [-]
                --> HandleObjectAction [-]
            [-] mission_progress [-]
                --> PublishMoveGoal [-]
                --> GoToObject [-]
                --> CheckStopCondition [-]
                --> AdvanceMove [-]
    [-] navigation [x]
        --> HasMpcGoal [x]

[INFO] [1791036126.760773510] [behavior_executor_node]: [IsProximityTooClose] DIAG scan: total=1081 in_window=721 excluded_by_filter=0 min_in_window=1.023 front_min=2.857
[INFO] [1791036127.197217089] [behavior_executor_node]: BT snapshot -- root=FAILURE, lanes: emergency=FAILURE | mission=FAILURE | navigation=FAILURE
[o] root [x]
    [-] emergency [x]
        [o] emergency_condition [x]
            --> IsBatteryLow [x]
            --> IsEmergencyStopTriggered [x]
            --> IsProximityTooClose [x]
            --> IsSystemOverheated [x]
        --> Stop [-]
    [-] mission [x]
        --> MissionActive [x]
        [o] mission_selector [-]
            [-] mission_object_response [-]
                --> ObjectSeen [-]
                --> HandleObjectAction [-]
            [-] mission_progress [-]
                --> PublishMoveGoal [-]
                --> GoToObject [-]
                --> CheckStopCondition [-]
                --> AdvanceMove [-]
    [-] navigation [x]
        --> HasMpcGoal [x]

[INFO] [1791036128.270866946] [behavior_executor_node]: BT snapshot -- root=FAILURE, lanes: emergency=FAILURE | mission=FAILURE | navigation=FAILURE
[o] root [x]
    [-] emergency [x]
        [o] emergency_condition [x]
            --> IsBatteryLow [x]
            --> IsEmergencyStopTriggered [x]
            --> IsProximityTooClose [x]
            --> IsSystemOverheated [x]
        --> Stop [-]
    [-] mission [x]
        --> MissionActive [x]
        [o] mission_selector [-]
            [-] mission_object_response [-]
                --> ObjectSeen [-]
                --> HandleObjectAction [-]
            [-] mission_progress [-]
                --> PublishMoveGoal [-]
                --> GoToObject [-]
                --> CheckStopCondition [-]
                --> AdvanceMove [-]
    [-] navigation [x]
        --> HasMpcGoal [x]

