[INFO] [1791035618.747496063] [mpc_corr]: OBJECT CORRIDOR | startup: object_corridor_mode='off' (straight corridor pinned to the target line) -- the default
[INFO] [1791035618.753023832] [mpc_corr]: model log -> "/home/andre/dev_ws/f1tenth_more/mpc_log.csv" (t,x,y,psi,v,steer_cmd,accel_cmd; see docs/DIAGNOSTICS.md)
[INFO] [1791035618.762554373] [mpc_corr]: corridor_log_path = "/home/andre/dev_ws/f1tenth_more/src/f1tenth_control/corridors_jsons/corridor_debug_20261003T155338.jsonl"
[INFO] [1791035618.793453223] [mpc_corr]: MPC Controller STARTED (pure MPC + obstacle avoidance [fixed deflection + predicted clearance], no plan executor)
[INFO] [1791035618.795362477] [mpc_corr]: CFG | ts=0.1 N=20 vdes=0.5 dmin=0.32 wheel_radius=0.05 car_radius=0.2 avoidance_margin=0.12
[INFO] [1791035618.797045025] [mpc_corr]: CFG | limits={'delta_min': -0.283, 'delta_max': 0.278, 'a_min': -2.0, 'a_max': 3.0, 'dDeltaMin': -0.5, 'dDeltaMax': 0.5, 'dAMin': -2.0, 'dAMax': 2.0, 'vMin': -1.0, 'vMax': 3.0}
[INFO] [1791035618.798799209] [mpc_corr]: CFG | weights={'w_term': 9.0, 'w_v': 4.2857, 'w_psi': 4.5, 'w_u_a': 0.0, 'w_du_delta': 8.33, 'w_du_a': 0.0, 'w_delta0': 0.0, 'w_obs': 8.0, 'w_corr': 3.5714, 'w_line': 1.1662, 'w_psi_stage': 4.7736}
[INFO] [1791035618.800311132] [mpc_corr]: CFG | params={'L': 0.305, 'lr': 0.17}
[INFO] [1791035618.894119206] [mpc_corr]: ODOMSEL | src=None hw_age=infs sim_age=infs timeout=0.500s
[WARN] [1791035618.894824992] [mpc_corr]: ODOM non disponibile: stato ancora None
[INFO] [1791035618.895538427] [mpc_corr]: PUB /drive | speed=+0.0000 steer=+0.0000 subs=0
[WARN] [1791035618.895880094] [mpc_corr]: PUB /drive | nessun subscriber: il comando non raggiunge il VESC.
[WARN] [1791035618.994125623] [mpc_corr]: ODOM non disponibile: stato ancora None
[WARN] [1791035619.094272987] [mpc_corr]: ODOM non disponibile: stato ancora None
[WARN] [1791035619.487476992] [mpc_corr]: ODOM non disponibile: stato ancora None
[WARN] [1791035619.493813739] [mpc_corr]: ODOM non disponibile: stato ancora None
[WARN] [1791035619.595312317] [mpc_corr]: ODOM non disponibile: stato ancora None
[WARN] [1791035619.694438123] [mpc_corr]: ODOM non disponibile: stato ancora None
[WARN] [1791035619.795538317] [mpc_corr]: ODOM non disponibile: stato ancora None
[WARN] [1791035619.895463644] [mpc_corr]: ODOM non disponibile: stato ancora None
[INFO] [1791035619.896658964] [mpc_corr]: PUB /drive | speed=+0.0000 steer=+0.0000 subs=0
[WARN] [1791035619.995589421] [mpc_corr]: ODOM non disponibile: stato ancora None
[WARN] [1791035620.095530715] [mpc_corr]: ODOM non disponibile: stato ancora None
[WARN] [1791035620.159152291] [mpc_corr]: BOUNDARY/costmap ricevuto ma stato ancora None: frame scartato.
[WARN] [1791035620.194575418] [mpc_corr]: ODOM non disponibile: stato ancora None
[INFO] [1791035622.441837777] [mpc_corr]: ODOMSEL | src=None hw_age=infs sim_age=infs timeout=0.500s
[WARN] [1791035622.442940942] [mpc_corr]: ODOM non disponibile: stato ancora None
[INFO] [1791035622.444844827] [mpc_corr]: PUB /drive | speed=+0.0000 steer=+0.0000 subs=1
[WARN] [1791035622.497511057] [mpc_corr]: ODOM non disponibile: stato ancora None
[WARN] [1791035622.595297155] [mpc_corr]: ODOM non disponibile: stato ancora None
[WARN] [1791035622.963391825] [mpc_corr]: ODOM non disponibile: stato ancora None
[WARN] [1791035622.968660333] [mpc_corr]: ODOM non disponibile: stato ancora None
[WARN] [1791035622.994909109] [mpc_corr]: ODOM non disponibile: stato ancora None
[WARN] [1791035623.095672608] [mpc_corr]: ODOM non disponibile: stato ancora None
[WARN] [1791035623.194949887] [mpc_corr]: ODOM non disponibile: stato ancora None
[WARN] [1791035623.295244654] [mpc_corr]: ODOM non disponibile: stato ancora None
[WARN] [1791035623.395129923] [mpc_corr]: ODOM non disponibile: stato ancora None
[WARN] [1791035623.495033605] [mpc_corr]: ODOM non disponibile: stato ancora None
[INFO] [1791035623.496135150] [mpc_corr]: PUB /drive | speed=+0.0000 steer=+0.0000 subs=1
[WARN] [1791035623.595203056] [mpc_corr]: ODOM non disponibile: stato ancora None
[WARN] [1791035623.695286009] [mpc_corr]: ODOM non disponibile: stato ancora None
[WARN] [1791035623.795270906] [mpc_corr]: ODOM non disponibile: stato ancora None
[WARN] [1791035623.894992145] [mpc_corr]: ODOM non disponibile: stato ancora None
[WARN] [1791035623.995223559] [mpc_corr]: ODOM non disponibile: stato ancora None
[WARN] [1791035624.095150253] [mpc_corr]: ODOM non disponibile: stato ancora None
[WARN] [1791035624.194985314] [mpc_corr]: ODOM non disponibile: stato ancora None
[WARN] [1791035624.294968367] [mpc_corr]: ODOM non disponibile: stato ancora None
[WARN] [1791035624.395001048] [mpc_corr]: ODOM non disponibile: stato ancora None
[INFO] [1791035624.494170631] [mpc_corr]: ODOMSEL | src=None hw_age=infs sim_age=infs timeout=0.500s
[WARN] [1791035624.495444023] [mpc_corr]: ODOM non disponibile: stato ancora None
[INFO] [1791035624.496606992] [mpc_corr]: PUB /drive | speed=+0.0000 steer=+0.0000 subs=1
[WARN] [1791035624.595009904] [mpc_corr]: ODOM non disponibile: stato ancora None
[WARN] [1791035624.694995571] [mpc_corr]: ODOM non disponibile: stato ancora None
[WARN] [1791035624.794962837] [mpc_corr]: ODOM non disponibile: stato ancora None
[WARN] [1791035624.894724178] [mpc_corr]: ODOM non disponibile: stato ancora None
[WARN] [1791035624.995245454] [mpc_corr]: ODOM non disponibile: stato ancora None
[WARN] [1791035625.095296504] [mpc_corr]: ODOM non disponibile: stato ancora None
[WARN] [1791035625.195030226] [mpc_corr]: ODOM non disponibile: stato ancora None
[WARN] [1791035625.294926976] [mpc_corr]: ODOM non disponibile: stato ancora None
[WARN] [1791035625.394931141] [mpc_corr]: ODOM non disponibile: stato ancora None
[WARN] [1791035625.495207078] [mpc_corr]: ODOM non disponibile: stato ancora None
[WARN] [1791035625.595550508] [mpc_corr]: ODOM non disponibile: stato ancora None
[INFO] [1791035625.596798586] [mpc_corr]: PUB /drive | speed=+0.0000 steer=+0.0000 subs=1
[WARN] [1791035625.695099036] [mpc_corr]: ODOM non disponibile: stato ancora None
[WARN] [1791035625.795046173] [mpc_corr]: ODOM non disponibile: stato ancora None
[WARN] [1791035625.894852148] [mpc_corr]: ODOM non disponibile: stato ancora None
[WARN] [1791035625.995252430] [mpc_corr]: ODOM non disponibile: stato ancora None
[WARN] [1791035626.095118686] [mpc_corr]: ODOM non disponibile: stato ancora None
[WARN] [1791035626.195102044] [mpc_corr]: ODOM non disponibile: stato ancora None
[WARN] [1791035626.295046608] [mpc_corr]: ODOM non disponibile: stato ancora None
[WARN] [1791035626.395254997] [mpc_corr]: ODOM non disponibile: stato ancora None
[WARN] [1791035626.494382440] [mpc_corr]: ODOM non disponibile: stato ancora None
[INFO] [1791035626.593910565] [mpc_corr]: ODOMSEL | src=None hw_age=infs sim_age=infs timeout=0.500s
[WARN] [1791035626.595012461] [mpc_corr]: ODOM non disponibile: stato ancora None
[WARN] [1791035626.695125734] [mpc_corr]: ODOM non disponibile: stato ancora None
[INFO] [1791035626.696225121] [mpc_corr]: PUB /drive | speed=+0.0000 steer=+0.0000 subs=1
[WARN] [1791035626.795003152] [mpc_corr]: ODOM non disponibile: stato ancora None
[WARN] [1791035626.895213342] [mpc_corr]: ODOM non disponibile: stato ancora None
[WARN] [1791035626.995575369] [mpc_corr]: ODOM non disponibile: stato ancora None
[WARN] [1791035627.095350507] [mpc_corr]: ODOM non disponibile: stato ancora None
[WARN] [1791035627.195174088] [mpc_corr]: ODOM non disponibile: stato ancora None
[WARN] [1791035627.295815984] [mpc_corr]: ODOM non disponibile: stato ancora None
[WARN] [1791035627.394847813] [mpc_corr]: ODOM non disponibile: stato ancora None
[WARN] [1791035627.495417620] [mpc_corr]: ODOM non disponibile: stato ancora None
[WARN] [1791035627.594629425] [mpc_corr]: ODOM non disponibile: stato ancora None
[WARN] [1791035627.695345760] [mpc_corr]: ODOM non disponibile: stato ancora None
[INFO] [1791035627.696619736] [mpc_corr]: PUB /drive | speed=+0.0000 steer=+0.0000 subs=1
[WARN] [1791035627.795683410] [mpc_corr]: ODOM non disponibile: stato ancora None
[WARN] [1791035627.895032011] [mpc_corr]: ODOM non disponibile: stato ancora None
[WARN] [1791035627.994846423] [mpc_corr]: ODOM non disponibile: stato ancora None
[WARN] [1791035628.095345383] [mpc_corr]: ODOM non disponibile: stato ancora None
[WARN] [1791035628.195472974] [mpc_corr]: ODOM non disponibile: stato ancora None
[WARN] [1791035628.295119204] [mpc_corr]: ODOM non disponibile: stato ancora None
[WARN] [1791035628.395108859] [mpc_corr]: ODOM non disponibile: stato ancora None
[WARN] [1791035628.494834864] [mpc_corr]: ODOM non disponibile: stato ancora None
[INFO] [1791035628.594027437] [mpc_corr]: ODOMSEL | src=None hw_age=infs sim_age=infs timeout=0.500s
[WARN] [1791035628.595130121] [mpc_corr]: ODOM non disponibile: stato ancora None
[WARN] [1791035628.695146411] [mpc_corr]: ODOM non disponibile: stato ancora None
[WARN] [1791035628.795098605] [mpc_corr]: ODOM non disponibile: stato ancora None
[INFO] [1791035628.796257074] [mpc_corr]: PUB /drive | speed=+0.0000 steer=+0.0000 subs=1
[WARN] [1791035628.894879519] [mpc_corr]: ODOM non disponibile: stato ancora None
[WARN] [1791035628.994898187] [mpc_corr]: ODOM non disponibile: stato ancora None
[WARN] [1791035629.095101254] [mpc_corr]: ODOM non disponibile: stato ancora None
[WARN] [1791035629.195033434] [mpc_corr]: ODOM non disponibile: stato ancora None
[WARN] [1791035629.295279197] [mpc_corr]: ODOM non disponibile: stato ancora None
[WARN] [1791035629.395176553] [mpc_corr]: ODOM non disponibile: stato ancora None
[WARN] [1791035629.494634534] [mpc_corr]: ODOM non disponibile: stato ancora None
[WARN] [1791035629.595134173] [mpc_corr]: ODOM non disponibile: stato ancora None
[WARN] [1791035629.695014732] [mpc_corr]: ODOM non disponibile: stato ancora None
[WARN] [1791035629.795122218] [mpc_corr]: ODOM non disponibile: stato ancora None
[WARN] [1791035629.894720698] [mpc_corr]: ODOM non disponibile: stato ancora None
[INFO] [1791035629.895796976] [mpc_corr]: PUB /drive | speed=+0.0000 steer=+0.0000 subs=1
[WARN] [1791035629.995098714] [mpc_corr]: ODOM non disponibile: stato ancora None
[WARN] [1791035630.095094604] [mpc_corr]: ODOM non disponibile: stato ancora None
[WARN] [1791035630.194466169] [mpc_corr]: ODOM non disponibile: stato ancora None
[WARN] [1791035630.296734375] [mpc_corr]: ODOM non disponibile: stato ancora None
[WARN] [1791035630.395471703] [mpc_corr]: ODOM non disponibile: stato ancora None
[WARN] [1791035630.495275299] [mpc_corr]: ODOM non disponibile: stato ancora None
[WARN] [1791035630.594313414] [mpc_corr]: ODOM non disponibile: stato ancora None
[INFO] [1791035630.694226924] [mpc_corr]: ODOMSEL | src=None hw_age=infs sim_age=infs timeout=0.500s
[WARN] [1791035630.695406004] [mpc_corr]: ODOM non disponibile: stato ancora None
[WARN] [1791035630.795020771] [mpc_corr]: ODOM non disponibile: stato ancora None
[WARN] [1791035630.894574101] [mpc_corr]: ODOM non disponibile: stato ancora None
[WARN] [1791035630.995079195] [mpc_corr]: ODOM non disponibile: stato ancora None
[INFO] [1791035630.996186620] [mpc_corr]: PUB /drive | speed=+0.0000 steer=+0.0000 subs=1
[WARN] [1791035631.095131114] [mpc_corr]: ODOM non disponibile: stato ancora None
[WARN] [1791035631.194351983] [mpc_corr]: ODOM non disponibile: stato ancora None
[WARN] [1791035631.295162358] [mpc_corr]: ODOM non disponibile: stato ancora None
[WARN] [1791035631.395114792] [mpc_corr]: ODOM non disponibile: stato ancora None
[WARN] [1791035631.494708442] [mpc_corr]: ODOM non disponibile: stato ancora None
[WARN] [1791035631.595010519] [mpc_corr]: ODOM non disponibile: stato ancora None
[WARN] [1791035631.694994483] [mpc_corr]: ODOM non disponibile: stato ancora None
[WARN] [1791035631.794978082] [mpc_corr]: ODOM non disponibile: stato ancora None
[WARN] [1791035631.894974918] [mpc_corr]: ODOM non disponibile: stato ancora None
[WARN] [1791035631.994963936] [mpc_corr]: ODOM non disponibile: stato ancora None
[WARN] [1791035632.095154118] [mpc_corr]: ODOM non disponibile: stato ancora None
[INFO] [1791035632.096304893] [mpc_corr]: PUB /drive | speed=+0.0000 steer=+0.0000 subs=1
[WARN] [1791035632.195010402] [mpc_corr]: ODOM non disponibile: stato ancora None
[WARN] [1791035632.295073110] [mpc_corr]: ODOM non disponibile: stato ancora None
[WARN] [1791035632.395004648] [mpc_corr]: ODOM non disponibile: stato ancora None
[WARN] [1791035632.494407559] [mpc_corr]: ODOM non disponibile: stato ancora None
[WARN] [1791035632.594957746] [mpc_corr]: ODOM non disponibile: stato ancora None
[WARN] [1791035632.695043057] [mpc_corr]: ODOM non disponibile: stato ancora None
[INFO] [1791035632.794031998] [mpc_corr]: ODOMSEL | src=None hw_age=infs sim_age=infs timeout=0.500s
[WARN] [1791035632.795102349] [mpc_corr]: ODOM non disponibile: stato ancora None
[WARN] [1791035632.894855255] [mpc_corr]: ODOM non disponibile: stato ancora None
[WARN] [1791035632.995072344] [mpc_corr]: ODOM non disponibile: stato ancora None
[WARN] [1791035633.095028352] [mpc_corr]: ODOM non disponibile: stato ancora None
[WARN] [1791035633.194915723] [mpc_corr]: ODOM non disponibile: stato ancora None
[INFO] [1791035633.195998500] [mpc_corr]: PUB /drive | speed=+0.0000 steer=+0.0000 subs=1
[WARN] [1791035633.295012237] [mpc_corr]: ODOM non disponibile: stato ancora None
[WARN] [1791035633.394681094] [mpc_corr]: ODOM non disponibile: stato ancora None
[WARN] [1791035633.494903261] [mpc_corr]: ODOM non disponibile: stato ancora None
[WARN] [1791035633.594134381] [mpc_corr]: ODOM non disponibile: stato ancora None
[WARN] [1791035633.695270024] [mpc_corr]: ODOM non disponibile: stato ancora None
[WARN] [1791035633.794760975] [mpc_corr]: ODOM non disponibile: stato ancora None
[WARN] [1791035633.894886525] [mpc_corr]: ODOM non disponibile: stato ancora None
[WARN] [1791035633.995079054] [mpc_corr]: ODOM non disponibile: stato ancora None
[WARN] [1791035634.095482896] [mpc_corr]: ODOM non disponibile: stato ancora None
[WARN] [1791035634.195100909] [mpc_corr]: ODOM non disponibile: stato ancora None
[INFO] [1791035634.196314062] [mpc_corr]: PUB /drive | speed=+0.0000 steer=+0.0000 subs=1
[WARN] [1791035634.295011709] [mpc_corr]: ODOM non disponibile: stato ancora None
[WARN] [1791035634.395246187] [mpc_corr]: ODOM non disponibile: stato ancora None
[WARN] [1791035634.494947882] [mpc_corr]: ODOM non disponibile: stato ancora None
[WARN] [1791035634.595013687] [mpc_corr]: ODOM non disponibile: stato ancora None
[WARN] [1791035634.694886730] [mpc_corr]: ODOM non disponibile: stato ancora None
[WARN] [1791035634.795064348] [mpc_corr]: ODOM non disponibile: stato ancora None
[INFO] [1791035634.893575108] [mpc_corr]: ODOMSEL | src=None hw_age=infs sim_age=infs timeout=0.500s
[WARN] [1791035634.894679422] [mpc_corr]: ODOM non disponibile: stato ancora None
[WARN] [1791035634.995041181] [mpc_corr]: ODOM non disponibile: stato ancora None
[WARN] [1791035635.095289635] [mpc_corr]: ODOM non disponibile: stato ancora None
[WARN] [1791035635.194298436] [mpc_corr]: ODOM non disponibile: stato ancora None
[WARN] [1791035635.295227733] [mpc_corr]: ODOM non disponibile: stato ancora None
[INFO] [1791035635.296344352] [mpc_corr]: PUB /drive | speed=+0.0000 steer=+0.0000 subs=1
[WARN] [1791035635.394974552] [mpc_corr]: ODOM non disponibile: stato ancora None
[WARN] [1791035635.495241866] [mpc_corr]: ODOM non disponibile: stato ancora None
[WARN] [1791035635.595038610] [mpc_corr]: ODOM non disponibile: stato ancora None
[WARN] [1791035635.695057042] [mpc_corr]: ODOM non disponibile: stato ancora None
[WARN] [1791035635.794934673] [mpc_corr]: ODOM non disponibile: stato ancora None
[WARN] [1791035635.894748314] [mpc_corr]: ODOM non disponibile: stato ancora None
[WARN] [1791035635.995048384] [mpc_corr]: ODOM non disponibile: stato ancora None
[WARN] [1791035636.095375735] [mpc_corr]: ODOM non disponibile: stato ancora None
[WARN] [1791035636.194926814] [mpc_corr]: ODOM non disponibile: stato ancora None
[WARN] [1791035636.295176690] [mpc_corr]: ODOM non disponibile: stato ancora None
[WARN] [1791035636.395115091] [mpc_corr]: ODOM non disponibile: stato ancora None
[INFO] [1791035636.396209470] [mpc_corr]: PUB /drive | speed=+0.0000 steer=+0.0000 subs=1
[WARN] [1791035636.494675670] [mpc_corr]: ODOM non disponibile: stato ancora None
[WARN] [1791035636.594402244] [mpc_corr]: ODOM non disponibile: stato ancora None
[WARN] [1791035636.694924343] [mpc_corr]: ODOM non disponibile: stato ancora None
[WARN] [1791035636.794965196] [mpc_corr]: ODOM non disponibile: stato ancora None
[INFO] [1791035636.893697268] [mpc_corr]: ODOMSEL | src=None hw_age=infs sim_age=infs timeout=0.500s
[WARN] [1791035636.894782203] [mpc_corr]: ODOM non disponibile: stato ancora None
[WARN] [1791035636.995228759] [mpc_corr]: ODOM non disponibile: stato ancora None
[WARN] [1791035637.095361584] [mpc_corr]: ODOM non disponibile: stato ancora None
[WARN] [1791035637.194858915] [mpc_corr]: ODOM non disponibile: stato ancora None
[WARN] [1791035637.295139628] [mpc_corr]: ODOM non disponibile: stato ancora None
[WARN] [1791035637.395054081] [mpc_corr]: ODOM non disponibile: stato ancora None
[WARN] [1791035637.495339108] [mpc_corr]: ODOM non disponibile: stato ancora None
[INFO] [1791035637.496561011] [mpc_corr]: PUB /drive | speed=+0.0000 steer=+0.0000 subs=1
[WARN] [1791035637.594982087] [mpc_corr]: ODOM non disponibile: stato ancora None
[WARN] [1791035637.695449442] [mpc_corr]: ODOM non disponibile: stato ancora None
[WARN] [1791035637.795433505] [mpc_corr]: ODOM non disponibile: stato ancora None
[WARN] [1791035637.894569645] [mpc_corr]: ODOM non disponibile: stato ancora None
[WARN] [1791035637.994667806] [mpc_corr]: ODOM non disponibile: stato ancora None
[WARN] [1791035638.094885719] [mpc_corr]: ODOM non disponibile: stato ancora None
[WARN] [1791035638.194752641] [mpc_corr]: ODOM non disponibile: stato ancora None
[WARN] [1791035638.294913551] [mpc_corr]: ODOM non disponibile: stato ancora None
[WARN] [1791035638.396667878] [mpc_corr]: ODOM non disponibile: stato ancora None
[WARN] [1791035638.493466963] [mpc_corr]: ODOM non disponibile: stato ancora None
[WARN] [1791035638.593760891] [mpc_corr]: ODOM non disponibile: stato ancora None
[INFO] [1791035638.594444171] [mpc_corr]: PUB /drive | speed=+0.0000 steer=+0.0000 subs=1
[WARN] [1791035638.693663489] [mpc_corr]: ODOM non disponibile: stato ancora None
[WARN] [1791035638.793777247] [mpc_corr]: ODOM non disponibile: stato ancora None
[WARN] [1791035638.893707214] [mpc_corr]: ODOM non disponibile: stato ancora None
[INFO] [1791035638.993221303] [mpc_corr]: ODOMSEL | src=None hw_age=infs sim_age=infs timeout=0.500s
[WARN] [1791035638.993809491] [mpc_corr]: ODOM non disponibile: stato ancora None
[WARN] [1791035639.093863209] [mpc_corr]: ODOM non disponibile: stato ancora None
[WARN] [1791035639.193918325] [mpc_corr]: ODOM non disponibile: stato ancora None
[WARN] [1791035639.293841834] [mpc_corr]: ODOM non disponibile: stato ancora None
[WARN] [1791035639.394361119] [mpc_corr]: ODOM non disponibile: stato ancora None
[WARN] [1791035639.495454911] [mpc_corr]: ODOM non disponibile: stato ancora None
[WARN] [1791035639.594384389] [mpc_corr]: ODOM non disponibile: stato ancora None
[INFO] [1791035639.595540657] [mpc_corr]: PUB /drive | speed=+0.0000 steer=+0.0000 subs=1
[WARN] [1791035639.694159597] [mpc_corr]: ODOM non disponibile: stato ancora None
[WARN] [1791035639.794924658] [mpc_corr]: ODOM non disponibile: stato ancora None
[WARN] [1791035639.895156594] [mpc_corr]: ODOM non disponibile: stato ancora None
[WARN] [1791035639.994749796] [mpc_corr]: ODOM non disponibile: stato ancora None
[WARN] [1791035640.095108714] [mpc_corr]: ODOM non disponibile: stato ancora None
[WARN] [1791035640.194358717] [mpc_corr]: ODOM non disponibile: stato ancora None
[WARN] [1791035640.295012220] [mpc_corr]: ODOM non disponibile: stato ancora None
[WARN] [1791035640.395406506] [mpc_corr]: ODOM non disponibile: stato ancora None
[WARN] [1791035640.495505244] [mpc_corr]: ODOM non disponibile: stato ancora None
[WARN] [1791035640.596067352] [mpc_corr]: ODOM non disponibile: stato ancora None
[INFO] [1791035640.597416771] [mpc_corr]: PUB /drive | speed=+0.0000 steer=+0.0000 subs=1
[WARN] [1791035640.694908550] [mpc_corr]: ODOM non disponibile: stato ancora None
[WARN] [1791035640.795017170] [mpc_corr]: ODOM non disponibile: stato ancora None
[WARN] [1791035640.894904832] [mpc_corr]: ODOM non disponibile: stato ancora None
[INFO] [1791035640.993793501] [mpc_corr]: ODOMSEL | src=None hw_age=infs sim_age=infs timeout=0.500s
[WARN] [1791035640.994898631] [mpc_corr]: ODOM non disponibile: stato ancora None
[WARN] [1791035641.094947682] [mpc_corr]: ODOM non disponibile: stato ancora None
[WARN] [1791035641.195300234] [mpc_corr]: ODOM non disponibile: stato ancora None
[WARN] [1791035641.295386701] [mpc_corr]: ODOM non disponibile: stato ancora None
[WARN] [1791035641.395456891] [mpc_corr]: ODOM non disponibile: stato ancora None
[WARN] [1791035641.495227151] [mpc_corr]: ODOM non disponibile: stato ancora None
[WARN] [1791035641.595492194] [mpc_corr]: ODOM non disponibile: stato ancora None
[WARN] [1791035641.695535440] [mpc_corr]: ODOM non disponibile: stato ancora None
[INFO] [1791035641.696756882] [mpc_corr]: PUB /drive | speed=+0.0000 steer=+0.0000 subs=1
[WARN] [1791035641.795119227] [mpc_corr]: ODOM non disponibile: stato ancora None
[WARN] [1791035641.895293507] [mpc_corr]: ODOM non disponibile: stato ancora None
[WARN] [1791035641.995231237] [mpc_corr]: ODOM non disponibile: stato ancora None
[WARN] [1791035642.095548471] [mpc_corr]: ODOM non disponibile: stato ancora None
[WARN] [1791035642.195371745] [mpc_corr]: ODOM non disponibile: stato ancora None
[WARN] [1791035642.295438264] [mpc_corr]: ODOM non disponibile: stato ancora None
[WARN] [1791035642.395533263] [mpc_corr]: ODOM non disponibile: stato ancora None
[WARN] [1791035642.495490313] [mpc_corr]: ODOM non disponibile: stato ancora None
[WARN] [1791035642.595339363] [mpc_corr]: ODOM non disponibile: stato ancora None
[WARN] [1791035642.695541263] [mpc_corr]: ODOM non disponibile: stato ancora None
[INFO] [1791035642.696875470] [mpc_corr]: PUB /drive | speed=+0.0000 steer=+0.0000 subs=1
[WARN] [1791035642.795378436] [mpc_corr]: ODOM non disponibile: stato ancora None
[WARN] [1791035642.895370022] [mpc_corr]: ODOM non disponibile: stato ancora None
[INFO] [1791035642.994049613] [mpc_corr]: ODOMSEL | src=None hw_age=infs sim_age=infs timeout=0.500s
[WARN] [1791035642.995351552] [mpc_corr]: ODOM non disponibile: stato ancora None
[WARN] [1791035643.095358835] [mpc_corr]: ODOM non disponibile: stato ancora None
[WARN] [1791035643.195496884] [mpc_corr]: ODOM non disponibile: stato ancora None
[WARN] [1791035643.295418550] [mpc_corr]: ODOM non disponibile: stato ancora None
[WARN] [1791035643.395462500] [mpc_corr]: ODOM non disponibile: stato ancora None
[WARN] [1791035643.495567624] [mpc_corr]: ODOM non disponibile: stato ancora None
[WARN] [1791035643.595496781] [mpc_corr]: ODOM non disponibile: stato ancora None
[WARN] [1791035643.694944236] [mpc_corr]: ODOM non disponibile: stato ancora None
[WARN] [1791035643.794729493] [mpc_corr]: ODOM non disponibile: stato ancora None
[INFO] [1791035643.795665775] [mpc_corr]: PUB /drive | speed=+0.0000 steer=+0.0000 subs=1
[WARN] [1791035643.895751325] [mpc_corr]: ODOM non disponibile: stato ancora None
[WARN] [1791035643.995664667] [mpc_corr]: ODOM non disponibile: stato ancora None
[WARN] [1791035644.095799220] [mpc_corr]: ODOM non disponibile: stato ancora None
[WARN] [1791035644.195713650] [mpc_corr]: ODOM non disponibile: stato ancora None
[WARN] [1791035644.295680477] [mpc_corr]: ODOM non disponibile: stato ancora None
[WARN] [1791035644.395367828] [mpc_corr]: ODOM non disponibile: stato ancora None
[WARN] [1791035644.495788153] [mpc_corr]: ODOM non disponibile: stato ancora None
[WARN] [1791035644.595381183] [mpc_corr]: ODOM non disponibile: stato ancora None
[WARN] [1791035644.695747796] [mpc_corr]: ODOM non disponibile: stato ancora None
[WARN] [1791035644.795395594] [mpc_corr]: ODOM non disponibile: stato ancora None
[INFO] [1791035644.796705986] [mpc_corr]: PUB /drive | speed=+0.0000 steer=+0.0000 subs=1
[WARN] [1791035644.895693047] [mpc_corr]: ODOM non disponibile: stato ancora None
[INFO] [1791035644.994673194] [mpc_corr]: ODOMSEL | src=None hw_age=infs sim_age=infs timeout=0.500s
[WARN] [1791035644.995943716] [mpc_corr]: ODOM non disponibile: stato ancora None
[WARN] [1791035645.095317933] [mpc_corr]: ODOM non disponibile: stato ancora None
[WARN] [1791035645.195721707] [mpc_corr]: ODOM non disponibile: stato ancora None
[WARN] [1791035645.295633271] [mpc_corr]: ODOM non disponibile: stato ancora None
[WARN] [1791035645.395692257] [mpc_corr]: ODOM non disponibile: stato ancora None
[WARN] [1791035645.495494509] [mpc_corr]: ODOM non disponibile: stato ancora None
[WARN] [1791035645.595437591] [mpc_corr]: ODOM non disponibile: stato ancora None
[WARN] [1791035645.695723766] [mpc_corr]: ODOM non disponibile: stato ancora None
[WARN] [1791035645.795748725] [mpc_corr]: ODOM non disponibile: stato ancora None
[INFO] [1791035645.797062599] [mpc_corr]: PUB /drive | speed=+0.0000 steer=+0.0000 subs=1
[WARN] [1791035645.895696908] [mpc_corr]: ODOM non disponibile: stato ancora None
[WARN] [1791035645.995722772] [mpc_corr]: ODOM non disponibile: stato ancora None
[WARN] [1791035646.095545469] [mpc_corr]: ODOM non disponibile: stato ancora None
[WARN] [1791035646.195785086] [mpc_corr]: ODOM non disponibile: stato ancora None
[WARN] [1791035646.295578490] [mpc_corr]: ODOM non disponibile: stato ancora None
[WARN] [1791035646.395603723] [mpc_corr]: ODOM non disponibile: stato ancora None
[WARN] [1791035646.495488606] [mpc_corr]: ODOM non disponibile: stato ancora None
[WARN] [1791035646.595426554] [mpc_corr]: ODOM non disponibile: stato ancora None
[WARN] [1791035646.695490767] [mpc_corr]: ODOM non disponibile: stato ancora None
[WARN] [1791035646.794755416] [mpc_corr]: ODOM non disponibile: stato ancora None
[WARN] [1791035646.895738643] [mpc_corr]: ODOM non disponibile: stato ancora None
[INFO] [1791035646.897056294] [mpc_corr]: PUB /drive | speed=+0.0000 steer=+0.0000 subs=1
[WARN] [1791035646.995142132] [mpc_corr]: ODOM non disponibile: stato ancora None
[INFO] [1791035647.094207882] [mpc_corr]: ODOMSEL | src=None hw_age=infs sim_age=infs timeout=0.500s
[WARN] [1791035647.095579180] [mpc_corr]: ODOM non disponibile: stato ancora None
[WARN] [1791035647.194427795] [mpc_corr]: ODOM non disponibile: stato ancora None
[WARN] [1791035647.294292823] [mpc_corr]: ODOM non disponibile: stato ancora None
[WARN] [1791035647.395872826] [mpc_corr]: ODOM non disponibile: stato ancora None
[WARN] [1791035647.495800862] [mpc_corr]: ODOM non disponibile: stato ancora None
[WARN] [1791035647.595222030] [mpc_corr]: ODOM non disponibile: stato ancora None
[WARN] [1791035647.695671515] [mpc_corr]: ODOM non disponibile: stato ancora None
[WARN] [1791035647.795557219] [mpc_corr]: ODOM non disponibile: stato ancora None
[WARN] [1791035647.895761517] [mpc_corr]: ODOM non disponibile: stato ancora None
[WARN] [1791035647.995850632] [mpc_corr]: ODOM non disponibile: stato ancora None
[INFO] [1791035647.997208532] [mpc_corr]: PUB /drive | speed=+0.0000 steer=+0.0000 subs=1
[WARN] [1791035648.095183130] [mpc_corr]: ODOM non disponibile: stato ancora None
[WARN] [1791035648.195749570] [mpc_corr]: ODOM non disponibile: stato ancora None
[WARN] [1791035648.295678394] [mpc_corr]: ODOM non disponibile: stato ancora None
[WARN] [1791035648.395870741] [mpc_corr]: ODOM non disponibile: stato ancora None
[WARN] [1791035648.495530047] [mpc_corr]: ODOM non disponibile: stato ancora None
[WARN] [1791035648.595226509] [mpc_corr]: ODOM non disponibile: stato ancora None
[WARN] [1791035648.695683343] [mpc_corr]: ODOM non disponibile: stato ancora None
[WARN] [1791035648.795498098] [mpc_corr]: ODOM non disponibile: stato ancora None
[WARN] [1791035648.895816073] [mpc_corr]: ODOM non disponibile: stato ancora None
[WARN] [1791035648.995806269] [mpc_corr]: ODOM non disponibile: stato ancora None
[WARN] [1791035649.095391997] [mpc_corr]: ODOM non disponibile: stato ancora None
[INFO] [1791035649.096714288] [mpc_corr]: PUB /drive | speed=+0.0000 steer=+0.0000 subs=1
[INFO] [1791035649.194251208] [mpc_corr]: ODOMSEL | src=None hw_age=infs sim_age=infs timeout=0.500s
[WARN] [1791035649.195556693] [mpc_corr]: ODOM non disponibile: stato ancora None
[WARN] [1791035649.295839423] [mpc_corr]: ODOM non disponibile: stato ancora None
[WARN] [1791035649.395832194] [mpc_corr]: ODOM non disponibile: stato ancora None
[WARN] [1791035649.495732497] [mpc_corr]: ODOM non disponibile: stato ancora None
[WARN] [1791035649.595613571] [mpc_corr]: ODOM non disponibile: stato ancora None
[WARN] [1791035649.695725620] [mpc_corr]: ODOM non disponibile: stato ancora None
[WARN] [1791035649.795429745] [mpc_corr]: ODOM non disponibile: stato ancora None
[WARN] [1791035649.895588098] [mpc_corr]: ODOM non disponibile: stato ancora None
[WARN] [1791035649.995843024] [mpc_corr]: ODOM non disponibile: stato ancora None
[WARN] [1791035650.095323435] [mpc_corr]: ODOM non disponibile: stato ancora None
[WARN] [1791035650.195587633] [mpc_corr]: ODOM non disponibile: stato ancora None
[INFO] [1791035650.196936506] [mpc_corr]: PUB /drive | speed=+0.0000 steer=+0.0000 subs=1
[WARN] [1791035650.295827887] [mpc_corr]: ODOM non disponibile: stato ancora None
[WARN] [1791035650.395619208] [mpc_corr]: ODOM non disponibile: stato ancora None
[WARN] [1791035650.495222902] [mpc_corr]: ODOM non disponibile: stato ancora None
[WARN] [1791035650.595421793] [mpc_corr]: ODOM non disponibile: stato ancora None
[WARN] [1791035650.695994984] [mpc_corr]: ODOM non disponibile: stato ancora None
[WARN] [1791035650.795663549] [mpc_corr]: ODOM non disponibile: stato ancora None
[WARN] [1791035650.895694549] [mpc_corr]: ODOM non disponibile: stato ancora None
[WARN] [1791035650.995585359] [mpc_corr]: ODOM non disponibile: stato ancora None
[WARN] [1791035651.094134511] [mpc_corr]: ODOM non disponibile: stato ancora None
[INFO] [1791035651.194275651] [mpc_corr]: ODOMSEL | src=None hw_age=infs sim_age=infs timeout=0.500s
[WARN] [1791035651.195676339] [mpc_corr]: ODOM non disponibile: stato ancora None
[WARN] [1791035651.295758907] [mpc_corr]: ODOM non disponibile: stato ancora None
[INFO] [1791035651.297022458] [mpc_corr]: PUB /drive | speed=+0.0000 steer=+0.0000 subs=1
[WARN] [1791035651.395779004] [mpc_corr]: ODOM non disponibile: stato ancora None
[WARN] [1791035651.495519840] [mpc_corr]: ODOM non disponibile: stato ancora None
[WARN] [1791035651.595599315] [mpc_corr]: ODOM non disponibile: stato ancora None
[WARN] [1791035651.695479282] [mpc_corr]: ODOM non disponibile: stato ancora None
[WARN] [1791035651.795374920] [mpc_corr]: ODOM non disponibile: stato ancora None
[WARN] [1791035651.895257789] [mpc_corr]: ODOM non disponibile: stato ancora None
[WARN] [1791035651.995573907] [mpc_corr]: ODOM non disponibile: stato ancora None
[WARN] [1791035652.095618082] [mpc_corr]: ODOM non disponibile: stato ancora None
[WARN] [1791035652.195479808] [mpc_corr]: ODOM non disponibile: stato ancora None
[WARN] [1791035652.295499235] [mpc_corr]: ODOM non disponibile: stato ancora None
[WARN] [1791035652.395142614] [mpc_corr]: ODOM non disponibile: stato ancora None
[INFO] [1791035652.396474498] [mpc_corr]: PUB /drive | speed=+0.0000 steer=+0.0000 subs=1
[WARN] [1791035652.495367443] [mpc_corr]: ODOM non disponibile: stato ancora None
[WARN] [1791035652.595489867] [mpc_corr]: ODOM non disponibile: stato ancora None
[WARN] [1791035652.695413896] [mpc_corr]: ODOM non disponibile: stato ancora None
[WARN] [1791035652.795227231] [mpc_corr]: ODOM non disponibile: stato ancora None
[WARN] [1791035652.895354024] [mpc_corr]: ODOM non disponibile: stato ancora None
[WARN] [1791035652.994951229] [mpc_corr]: ODOM non disponibile: stato ancora None
[WARN] [1791035653.095581144] [mpc_corr]: ODOM non disponibile: stato ancora None
[INFO] [1791035653.194309302] [mpc_corr]: ODOMSEL | src=None hw_age=infs sim_age=infs timeout=0.500s
[WARN] [1791035653.195582121] [mpc_corr]: ODOM non disponibile: stato ancora None
[WARN] [1791035653.295825546] [mpc_corr]: ODOM non disponibile: stato ancora None
[WARN] [1791035653.395701935] [mpc_corr]: ODOM non disponibile: stato ancora None
[INFO] [1791035653.397004393] [mpc_corr]: PUB /drive | speed=+0.0000 steer=+0.0000 subs=1
[WARN] [1791035653.495859306] [mpc_corr]: ODOM non disponibile: stato ancora None
[WARN] [1791035653.595729638] [mpc_corr]: ODOM non disponibile: stato ancora None
[WARN] [1791035653.695781892] [mpc_corr]: ODOM non disponibile: stato ancora None
[WARN] [1791035653.795811388] [mpc_corr]: ODOM non disponibile: stato ancora None
[WARN] [1791035653.895762594] [mpc_corr]: ODOM non disponibile: stato ancora None
[WARN] [1791035653.995768542] [mpc_corr]: ODOM non disponibile: stato ancora None
[WARN] [1791035654.095574945] [mpc_corr]: ODOM non disponibile: stato ancora None
[WARN] [1791035654.195411144] [mpc_corr]: ODOM non disponibile: stato ancora None
[WARN] [1791035654.295387987] [mpc_corr]: ODOM non disponibile: stato ancora None
[WARN] [1791035654.395649037] [mpc_corr]: ODOM non disponibile: stato ancora None
[WARN] [1791035654.495807653] [mpc_corr]: ODOM non disponibile: stato ancora None
[INFO] [1791035654.497209868] [mpc_corr]: PUB /drive | speed=+0.0000 steer=+0.0000 subs=1
[WARN] [1791035654.595865754] [mpc_corr]: ODOM non disponibile: stato ancora None
[WARN] [1791035654.695460533] [mpc_corr]: ODOM non disponibile: stato ancora None
[WARN] [1791035654.795665621] [mpc_corr]: ODOM non disponibile: stato ancora None
[WARN] [1791035654.895780331] [mpc_corr]: ODOM non disponibile: stato ancora None
[WARN] [1791035654.995666647] [mpc_corr]: ODOM non disponibile: stato ancora None
[WARN] [1791035655.095585243] [mpc_corr]: ODOM non disponibile: stato ancora None
[WARN] [1791035655.195396225] [mpc_corr]: ODOM non disponibile: stato ancora None
[INFO] [1791035655.294595230] [mpc_corr]: ODOMSEL | src=None hw_age=infs sim_age=infs timeout=0.500s
[WARN] [1791035655.295836847] [mpc_corr]: ODOM non disponibile: stato ancora None
[WARN] [1791035655.395695773] [mpc_corr]: ODOM non disponibile: stato ancora None
[WARN] [1791035655.495620465] [mpc_corr]: ODOM non disponibile: stato ancora None
[WARN] [1791035655.595845186] [mpc_corr]: ODOM non disponibile: stato ancora None
[INFO] [1791035655.597160986] [mpc_corr]: PUB /drive | speed=+0.0000 steer=+0.0000 subs=1
[WARN] [1791035655.695737138] [mpc_corr]: ODOM non disponibile: stato ancora None
[WARN] [1791035655.795697579] [mpc_corr]: ODOM non disponibile: stato ancora None
[WARN] [1791035655.895695685] [mpc_corr]: ODOM non disponibile: stato ancora None
[WARN] [1791035655.995639248] [mpc_corr]: ODOM non disponibile: stato ancora None
[WARN] [1791035656.095589498] [mpc_corr]: ODOM non disponibile: stato ancora None
[WARN] [1791035656.195530022] [mpc_corr]: ODOM non disponibile: stato ancora None
[WARN] [1791035656.295802303] [mpc_corr]: ODOM non disponibile: stato ancora None
[WARN] [1791035656.395873366] [mpc_corr]: ODOM non disponibile: stato ancora None
[WARN] [1791035656.495813645] [mpc_corr]: ODOM non disponibile: stato ancora None
[WARN] [1791035656.595742915] [mpc_corr]: ODOM non disponibile: stato ancora None
[WARN] [1791035656.696067259] [mpc_corr]: ODOM non disponibile: stato ancora None
[INFO] [1791035656.697351217] [mpc_corr]: PUB /drive | speed=+0.0000 steer=+0.0000 subs=1
[WARN] [1791035656.795645315] [mpc_corr]: ODOM non disponibile: stato ancora None
[WARN] [1791035656.895798025] [mpc_corr]: ODOM non disponibile: stato ancora None
[WARN] [1791035656.995559235] [mpc_corr]: ODOM non disponibile: stato ancora None
[WARN] [1791035657.095528600] [mpc_corr]: ODOM non disponibile: stato ancora None
[WARN] [1791035657.195593714] [mpc_corr]: ODOM non disponibile: stato ancora None
[WARN] [1791035657.295689619] [mpc_corr]: ODOM non disponibile: stato ancora None
[INFO] [1791035657.394625853] [mpc_corr]: ODOMSEL | src=None hw_age=infs sim_age=infs timeout=0.500s
[WARN] [1791035657.395957940] [mpc_corr]: ODOM non disponibile: stato ancora None
[WARN] [1791035657.495765764] [mpc_corr]: ODOM non disponibile: stato ancora None
[WARN] [1791035657.595837563] [mpc_corr]: ODOM non disponibile: stato ancora None
[WARN] [1791035657.695708311] [mpc_corr]: ODOM non disponibile: stato ancora None
[WARN] [1791035657.795680826] [mpc_corr]: ODOM non disponibile: stato ancora None
[INFO] [1791035657.797003617] [mpc_corr]: PUB /drive | speed=+0.0000 steer=+0.0000 subs=1
[WARN] [1791035657.895874150] [mpc_corr]: ODOM non disponibile: stato ancora None
[WARN] [1791035657.995807840] [mpc_corr]: ODOM non disponibile: stato ancora None
[WARN] [1791035658.095523791] [mpc_corr]: ODOM non disponibile: stato ancora None
[WARN] [1791035658.195408728] [mpc_corr]: ODOM non disponibile: stato ancora None
[WARN] [1791035658.295489384] [mpc_corr]: ODOM non disponibile: stato ancora None
[WARN] [1791035658.395618303] [mpc_corr]: ODOM non disponibile: stato ancora None
[WARN] [1791035658.495501025] [mpc_corr]: ODOM non disponibile: stato ancora None
[WARN] [1791035658.595534293] [mpc_corr]: ODOM non disponibile: stato ancora None
[WARN] [1791035658.695839044] [mpc_corr]: ODOM non disponibile: stato ancora None
[WARN] [1791035658.795896894] [mpc_corr]: ODOM non disponibile: stato ancora None
[INFO] [1791035658.797240833] [mpc_corr]: PUB /drive | speed=+0.0000 steer=+0.0000 subs=1
[WARN] [1791035658.895812748] [mpc_corr]: ODOM non disponibile: stato ancora None
[WARN] [1791035658.995762064] [mpc_corr]: ODOM non disponibile: stato ancora None
[WARN] [1791035659.095681819] [mpc_corr]: ODOM non disponibile: stato ancora None
[WARN] [1791035659.195528679] [mpc_corr]: ODOM non disponibile: stato ancora None
[WARN] [1791035659.295616856] [mpc_corr]: ODOM non disponibile: stato ancora None
[WARN] [1791035659.395669189] [mpc_corr]: ODOM non disponibile: stato ancora None
[INFO] [1791035659.494355879] [mpc_corr]: ODOMSEL | src=None hw_age=infs sim_age=infs timeout=0.500s
[WARN] [1791035659.495716289] [mpc_corr]: ODOM non disponibile: stato ancora None
[WARN] [1791035659.595680948] [mpc_corr]: ODOM non disponibile: stato ancora None
[WARN] [1791035659.695650051] [mpc_corr]: ODOM non disponibile: stato ancora None
[WARN] [1791035659.795520808] [mpc_corr]: ODOM non disponibile: stato ancora None
[WARN] [1791035659.895528098] [mpc_corr]: ODOM non disponibile: stato ancora None
[INFO] [1791035659.896865945] [mpc_corr]: PUB /drive | speed=+0.0000 steer=+0.0000 subs=1
[WARN] [1791035659.995393781] [mpc_corr]: ODOM non disponibile: stato ancora None
[WARN] [1791035660.095674801] [mpc_corr]: ODOM non disponibile: stato ancora None
[WARN] [1791035660.195699244] [mpc_corr]: ODOM non disponibile: stato ancora None
[WARN] [1791035660.295562182] [mpc_corr]: ODOM non disponibile: stato ancora None
[WARN] [1791035660.395686826] [mpc_corr]: ODOM non disponibile: stato ancora None
[WARN] [1791035660.495616077] [mpc_corr]: ODOM non disponibile: stato ancora None
[WARN] [1791035660.595596678] [mpc_corr]: ODOM non disponibile: stato ancora None
[WARN] [1791035660.695419218] [mpc_corr]: ODOM non disponibile: stato ancora None
[WARN] [1791035660.795456268] [mpc_corr]: ODOM non disponibile: stato ancora None
[WARN] [1791035660.895466850] [mpc_corr]: ODOM non disponibile: stato ancora None
[WARN] [1791035660.995323148] [mpc_corr]: ODOM non disponibile: stato ancora None
[INFO] [1791035660.996639718] [mpc_corr]: PUB /drive | speed=+0.0000 steer=+0.0000 subs=1
[WARN] [1791035661.095568599] [mpc_corr]: ODOM non disponibile: stato ancora None
[WARN] [1791035661.195529419] [mpc_corr]: ODOM non disponibile: stato ancora None
[WARN] [1791035661.295590893] [mpc_corr]: ODOM non disponibile: stato ancora None
[WARN] [1791035661.395418614] [mpc_corr]: ODOM non disponibile: stato ancora None
[WARN] [1791035661.495307897] [mpc_corr]: ODOM non disponibile: stato ancora None
[INFO] [1791035661.594328749] [mpc_corr]: ODOMSEL | src=None hw_age=infs sim_age=infs timeout=0.500s
[WARN] [1791035661.595736094] [mpc_corr]: ODOM non disponibile: stato ancora None
[WARN] [1791035661.695473243] [mpc_corr]: ODOM non disponibile: stato ancora None
[WARN] [1791035661.795393017] [mpc_corr]: ODOM non disponibile: stato ancora None
[WARN] [1791035661.895245873] [mpc_corr]: ODOM non disponibile: stato ancora None
[WARN] [1791035661.995240560] [mpc_corr]: ODOM non disponibile: stato ancora None
[WARN] [1791035662.095630881] [mpc_corr]: ODOM non disponibile: stato ancora None
[INFO] [1791035662.097006421] [mpc_corr]: PUB /drive | speed=+0.0000 steer=+0.0000 subs=1
[WARN] [1791035662.195606789] [mpc_corr]: ODOM non disponibile: stato ancora None
[WARN] [1791035662.295405361] [mpc_corr]: ODOM non disponibile: stato ancora None
[WARN] [1791035662.395444585] [mpc_corr]: ODOM non disponibile: stato ancora None
[WARN] [1791035662.495458734] [mpc_corr]: ODOM non disponibile: stato ancora None
[WARN] [1791035662.595560748] [mpc_corr]: ODOM non disponibile: stato ancora None
[WARN] [1791035662.695467582] [mpc_corr]: ODOM non disponibile: stato ancora None
[WARN] [1791035662.795432022] [mpc_corr]: ODOM non disponibile: stato ancora None
[WARN] [1791035662.895496071] [mpc_corr]: ODOM non disponibile: stato ancora None
[WARN] [1791035662.995491927] [mpc_corr]: ODOM non disponibile: stato ancora None
[WARN] [1791035663.095640811] [mpc_corr]: ODOM non disponibile: stato ancora None
[INFO] [1791035663.097059017] [mpc_corr]: PUB /drive | speed=+0.0000 steer=+0.0000 subs=1
[WARN] [1791035663.195722886] [mpc_corr]: ODOM non disponibile: stato ancora None
[WARN] [1791035663.295780128] [mpc_corr]: ODOM non disponibile: stato ancora None
[WARN] [1791035663.395055529] [mpc_corr]: ODOM non disponibile: stato ancora None
[WARN] [1791035663.495309711] [mpc_corr]: ODOM non disponibile: stato ancora None
[WARN] [1791035663.595289409] [mpc_corr]: ODOM non disponibile: stato ancora None
[INFO] [1791035663.694284835] [mpc_corr]: ODOMSEL | src=None hw_age=infs sim_age=infs timeout=0.500s
[WARN] [1791035663.695594803] [mpc_corr]: ODOM non disponibile: stato ancora None
[WARN] [1791035663.795756116] [mpc_corr]: ODOM non disponibile: stato ancora None
[WARN] [1791035663.895777526] [mpc_corr]: ODOM non disponibile: stato ancora None
[WARN] [1791035663.995473111] [mpc_corr]: ODOM non disponibile: stato ancora None
[WARN] [1791035664.095582966] [mpc_corr]: ODOM non disponibile: stato ancora None
[WARN] [1791035664.195632440] [mpc_corr]: ODOM non disponibile: stato ancora None
[INFO] [1791035664.196952158] [mpc_corr]: PUB /drive | speed=+0.0000 steer=+0.0000 subs=1
[WARN] [1791035664.295439333] [mpc_corr]: ODOM non disponibile: stato ancora None
[WARN] [1791035664.395595466] [mpc_corr]: ODOM non disponibile: stato ancora None
[WARN] [1791035664.495568520] [mpc_corr]: ODOM non disponibile: stato ancora None
[WARN] [1791035664.595592286] [mpc_corr]: ODOM non disponibile: stato ancora None
[WARN] [1791035664.695473278] [mpc_corr]: ODOM non disponibile: stato ancora None
[WARN] [1791035664.795438480] [mpc_corr]: ODOM non disponibile: stato ancora None
[WARN] [1791035664.895609817] [mpc_corr]: ODOM non disponibile: stato ancora None
[WARN] [1791035664.995574769] [mpc_corr]: ODOM non disponibile: stato ancora None
[WARN] [1791035665.095638936] [mpc_corr]: ODOM non disponibile: stato ancora None
[WARN] [1791035665.195605023] [mpc_corr]: ODOM non disponibile: stato ancora None
[WARN] [1791035665.295458220] [mpc_corr]: ODOM non disponibile: stato ancora None
[INFO] [1791035665.296757354] [mpc_corr]: PUB /drive | speed=+0.0000 steer=+0.0000 subs=1
[WARN] [1791035665.395603189] [mpc_corr]: ODOM non disponibile: stato ancora None
[WARN] [1791035665.495483344] [mpc_corr]: ODOM non disponibile: stato ancora None
[WARN] [1791035665.595557789] [mpc_corr]: ODOM non disponibile: stato ancora None
[INFO] [1791035665.694308508] [mpc_corr]: ODOMSEL | src=None hw_age=infs sim_age=infs timeout=0.500s
[WARN] [1791035665.695645910] [mpc_corr]: ODOM non disponibile: stato ancora None
[WARN] [1791035665.795511517] [mpc_corr]: ODOM non disponibile: stato ancora None
[WARN] [1791035665.895619118] [mpc_corr]: ODOM non disponibile: stato ancora None
[WARN] [1791035665.995550178] [mpc_corr]: ODOM non disponibile: stato ancora None
[WARN] [1791035666.095845974] [mpc_corr]: ODOM non disponibile: stato ancora None
[WARN] [1791035666.195751900] [mpc_corr]: ODOM non disponibile: stato ancora None
[WARN] [1791035666.295806239] [mpc_corr]: ODOM non disponibile: stato ancora None
[INFO] [1791035666.297105716] [mpc_corr]: PUB /drive | speed=+0.0000 steer=+0.0000 subs=1
[WARN] [1791035666.395866889] [mpc_corr]: ODOM non disponibile: stato ancora None
[WARN] [1791035666.495812459] [mpc_corr]: ODOM non disponibile: stato ancora None
[WARN] [1791035666.595583037] [mpc_corr]: ODOM non disponibile: stato ancora None
[WARN] [1791035666.695758623] [mpc_corr]: ODOM non disponibile: stato ancora None
[WARN] [1791035666.795732770] [mpc_corr]: ODOM non disponibile: stato ancora None
[WARN] [1791035666.895818515] [mpc_corr]: ODOM non disponibile: stato ancora None
[WARN] [1791035666.995770625] [mpc_corr]: ODOM non disponibile: stato ancora None
[WARN] [1791035667.095812172] [mpc_corr]: ODOM non disponibile: stato ancora None
[WARN] [1791035667.195891542] [mpc_corr]: ODOM non disponibile: stato ancora None
[WARN] [1791035667.295804176] [mpc_corr]: ODOM non disponibile: stato ancora None
[INFO] [1791035667.297134717] [mpc_corr]: PUB /drive | speed=+0.0000 steer=+0.0000 subs=1
[WARN] [1791035667.395820251] [mpc_corr]: ODOM non disponibile: stato ancora None
[WARN] [1791035667.495681069] [mpc_corr]: ODOM non disponibile: stato ancora None
[WARN] [1791035667.595689226] [mpc_corr]: ODOM non disponibile: stato ancora None
[INFO] [1791035667.694591005] [mpc_corr]: ODOMSEL | src=None hw_age=infs sim_age=infs timeout=0.500s
[WARN] [1791035667.695961591] [mpc_corr]: ODOM non disponibile: stato ancora None
[WARN] [1791035667.795718072] [mpc_corr]: ODOM non disponibile: stato ancora None
[WARN] [1791035667.895687417] [mpc_corr]: ODOM non disponibile: stato ancora None
[WARN] [1791035667.995806480] [mpc_corr]: ODOM non disponibile: stato ancora None
[WARN] [1791035668.095643815] [mpc_corr]: ODOM non disponibile: stato ancora None
[WARN] [1791035668.195740938] [mpc_corr]: ODOM non disponibile: stato ancora None
[WARN] [1791035668.295721714] [mpc_corr]: ODOM non disponibile: stato ancora None
[WARN] [1791035668.395746868] [mpc_corr]: ODOM non disponibile: stato ancora None
[INFO] [1791035668.397091724] [mpc_corr]: PUB /drive | speed=+0.0000 steer=+0.0000 subs=1
[WARN] [1791035668.495521175] [mpc_corr]: ODOM non disponibile: stato ancora None
[WARN] [1791035668.595305770] [mpc_corr]: ODOM non disponibile: stato ancora None
[WARN] [1791035668.695530423] [mpc_corr]: ODOM non disponibile: stato ancora None
[WARN] [1791035668.795741119] [mpc_corr]: ODOM non disponibile: stato ancora None
[WARN] [1791035668.895612324] [mpc_corr]: ODOM non disponibile: stato ancora None
[WARN] [1791035668.995552099] [mpc_corr]: ODOM non disponibile: stato ancora None
[WARN] [1791035669.095251673] [mpc_corr]: ODOM non disponibile: stato ancora None
[WARN] [1791035669.195599157] [mpc_corr]: ODOM non disponibile: stato ancora None
[WARN] [1791035669.295509549] [mpc_corr]: ODOM non disponibile: stato ancora None
[WARN] [1791035669.395486746] [mpc_corr]: ODOM non disponibile: stato ancora None
[WARN] [1791035669.495657317] [mpc_corr]: ODOM non disponibile: stato ancora None
[INFO] [1791035669.496985099] [mpc_corr]: PUB /drive | speed=+0.0000 steer=+0.0000 subs=1
[WARN] [1791035669.595277058] [mpc_corr]: ODOM non disponibile: stato ancora None
[WARN] [1791035669.695575729] [mpc_corr]: ODOM non disponibile: stato ancora None
[INFO] [1791035669.794325746] [mpc_corr]: ODOMSEL | src=None hw_age=infs sim_age=infs timeout=0.500s
[WARN] [1791035669.795657557] [mpc_corr]: ODOM non disponibile: stato ancora None
[WARN] [1791035669.895656373] [mpc_corr]: ODOM non disponibile: stato ancora None
[WARN] [1791035669.995595404] [mpc_corr]: ODOM non disponibile: stato ancora None
[WARN] [1791035670.095384747] [mpc_corr]: ODOM non disponibile: stato ancora None
[WARN] [1791035670.195628571] [mpc_corr]: ODOM non disponibile: stato ancora None
[WARN] [1791035670.295366962] [mpc_corr]: ODOM non disponibile: stato ancora None
[WARN] [1791035670.395547685] [mpc_corr]: ODOM non disponibile: stato ancora None
[WARN] [1791035670.495639949] [mpc_corr]: ODOM non disponibile: stato ancora None
[INFO] [1791035670.497053302] [mpc_corr]: PUB /drive | speed=+0.0000 steer=+0.0000 subs=1
[WARN] [1791035670.595655565] [mpc_corr]: ODOM non disponibile: stato ancora None
[WARN] [1791035670.695170777] [mpc_corr]: ODOM non disponibile: stato ancora None
[WARN] [1791035670.795633484] [mpc_corr]: ODOM non disponibile: stato ancora None
[WARN] [1791035670.895548544] [mpc_corr]: ODOM non disponibile: stato ancora None
[WARN] [1791035670.995745886] [mpc_corr]: ODOM non disponibile: stato ancora None
[WARN] [1791035671.095575750] [mpc_corr]: ODOM non disponibile: stato ancora None
[WARN] [1791035671.195798765] [mpc_corr]: ODOM non disponibile: stato ancora None
[WARN] [1791035671.295806126] [mpc_corr]: ODOM non disponibile: stato ancora None
[WARN] [1791035671.395723990] [mpc_corr]: ODOM non disponibile: stato ancora None
[WARN] [1791035671.495812359] [mpc_corr]: ODOM non disponibile: stato ancora None
[INFO] [1791035671.497160039] [mpc_corr]: PUB /drive | speed=+0.0000 steer=+0.0000 subs=1
[WARN] [1791035671.595539774] [mpc_corr]: ODOM non disponibile: stato ancora None
[WARN] [1791035671.695614227] [mpc_corr]: ODOM non disponibile: stato ancora None
[WARN] [1791035671.795420445] [mpc_corr]: ODOM non disponibile: stato ancora None
[INFO] [1791035671.894249909] [mpc_corr]: ODOMSEL | src=None hw_age=infs sim_age=infs timeout=0.500s
[WARN] [1791035671.895614802] [mpc_corr]: ODOM non disponibile: stato ancora None
[WARN] [1791035671.995689418] [mpc_corr]: ODOM non disponibile: stato ancora None
[WARN] [1791035672.095484278] [mpc_corr]: ODOM non disponibile: stato ancora None
[WARN] [1791035672.195643760] [mpc_corr]: ODOM non disponibile: stato ancora None
[WARN] [1791035672.295723986] [mpc_corr]: ODOM non disponibile: stato ancora None
[WARN] [1791035672.395482812] [mpc_corr]: ODOM non disponibile: stato ancora None
[WARN] [1791035672.495466437] [mpc_corr]: ODOM non disponibile: stato ancora None
[WARN] [1791035672.595906070] [mpc_corr]: ODOM non disponibile: stato ancora None
[INFO] [1791035672.597454617] [mpc_corr]: PUB /drive | speed=+0.0000 steer=+0.0000 subs=1
[WARN] [1791035672.695822263] [mpc_corr]: ODOM non disponibile: stato ancora None
[WARN] [1791035672.795666031] [mpc_corr]: ODOM non disponibile: stato ancora None
[WARN] [1791035672.895718322] [mpc_corr]: ODOM non disponibile: stato ancora None
[WARN] [1791035672.995636504] [mpc_corr]: ODOM non disponibile: stato ancora None
[WARN] [1791035673.095682853] [mpc_corr]: ODOM non disponibile: stato ancora None
[WARN] [1791035673.195763727] [mpc_corr]: ODOM non disponibile: stato ancora None
[WARN] [1791035673.295503058] [mpc_corr]: ODOM non disponibile: stato ancora None
[WARN] [1791035673.395522224] [mpc_corr]: ODOM non disponibile: stato ancora None
[WARN] [1791035673.494866120] [mpc_corr]: ODOM non disponibile: stato ancora None
[WARN] [1791035673.595494002] [mpc_corr]: ODOM non disponibile: stato ancora None
[WARN] [1791035673.695856994] [mpc_corr]: ODOM non disponibile: stato ancora None
[INFO] [1791035673.697211368] [mpc_corr]: PUB /drive | speed=+0.0000 steer=+0.0000 subs=1
[WARN] [1791035673.795811254] [mpc_corr]: ODOM non disponibile: stato ancora None
[INFO] [1791035673.894281033] [mpc_corr]: ODOMSEL | src=None hw_age=infs sim_age=infs timeout=0.500s
[WARN] [1791035673.895572215] [mpc_corr]: ODOM non disponibile: stato ancora None
[WARN] [1791035673.995836412] [mpc_corr]: ODOM non disponibile: stato ancora None
[WARN] [1791035674.095753750] [mpc_corr]: ODOM non disponibile: stato ancora None
[WARN] [1791035674.195868890] [mpc_corr]: ODOM non disponibile: stato ancora None
[WARN] [1791035674.295796263] [mpc_corr]: ODOM non disponibile: stato ancora None
[WARN] [1791035674.395964503] [mpc_corr]: ODOM non disponibile: stato ancora None
[WARN] [1791035674.495809734] [mpc_corr]: ODOM non disponibile: stato ancora None
[WARN] [1791035674.595614798] [mpc_corr]: ODOM non disponibile: stato ancora None
[WARN] [1791035674.695725643] [mpc_corr]: ODOM non disponibile: stato ancora None
[WARN] [1791035674.795819403] [mpc_corr]: ODOM non disponibile: stato ancora None
[INFO] [1791035674.797136001] [mpc_corr]: PUB /drive | speed=+0.0000 steer=+0.0000 subs=1
[WARN] [1791035674.895708041] [mpc_corr]: ODOM non disponibile: stato ancora None
[WARN] [1791035674.995635278] [mpc_corr]: ODOM non disponibile: stato ancora None
[WARN] [1791035675.095522910] [mpc_corr]: ODOM non disponibile: stato ancora None
[WARN] [1791035675.195619267] [mpc_corr]: ODOM non disponibile: stato ancora None
[WARN] [1791035675.295566630] [mpc_corr]: ODOM non disponibile: stato ancora None
[WARN] [1791035675.395533404] [mpc_corr]: ODOM non disponibile: stato ancora None
[WARN] [1791035675.495541661] [mpc_corr]: ODOM non disponibile: stato ancora None
[WARN] [1791035675.594692486] [mpc_corr]: ODOM non disponibile: stato ancora None
[WARN] [1791035675.695791190] [mpc_corr]: ODOM non disponibile: stato ancora None
[WARN] [1791035675.795738589] [mpc_corr]: ODOM non disponibile: stato ancora None
[INFO] [1791035675.894376149] [mpc_corr]: ODOMSEL | src=None hw_age=infs sim_age=infs timeout=0.500s
[WARN] [1791035675.895796124] [mpc_corr]: ODOM non disponibile: stato ancora None
[INFO] [1791035675.897058019] [mpc_corr]: PUB /drive | speed=+0.0000 steer=+0.0000 subs=1
[WARN] [1791035675.995527204] [mpc_corr]: ODOM non disponibile: stato ancora None
[WARN] [1791035676.095827774] [mpc_corr]: ODOM non disponibile: stato ancora None
[WARN] [1791035676.195585997] [mpc_corr]: ODOM non disponibile: stato ancora None
[WARN] [1791035676.296006583] [mpc_corr]: ODOM non disponibile: stato ancora None
[WARN] [1791035676.395852253] [mpc_corr]: ODOM non disponibile: stato ancora None
[WARN] [1791035676.495713508] [mpc_corr]: ODOM non disponibile: stato ancora None
[WARN] [1791035676.595786390] [mpc_corr]: ODOM non disponibile: stato ancora None
[WARN] [1791035676.695768644] [mpc_corr]: ODOM non disponibile: stato ancora None
[WARN] [1791035676.795578069] [mpc_corr]: ODOM non disponibile: stato ancora None
[WARN] [1791035676.895809780] [mpc_corr]: ODOM non disponibile: stato ancora None
[INFO] [1791035676.897141674] [mpc_corr]: PUB /drive | speed=+0.0000 steer=+0.0000 subs=1
[WARN] [1791035676.995726221] [mpc_corr]: ODOM non disponibile: stato ancora None
[WARN] [1791035677.101710195] [mpc_corr]: ODOM non disponibile: stato ancora None
[WARN] [1791035677.195797465] [mpc_corr]: ODOM non disponibile: stato ancora None
[WARN] [1791035677.294888477] [mpc_corr]: ODOM non disponibile: stato ancora None
[WARN] [1791035677.394970566] [mpc_corr]: ODOM non disponibile: stato ancora None
[WARN] [1791035677.495504365] [mpc_corr]: ODOM non disponibile: stato ancora None
[WARN] [1791035677.595762058] [mpc_corr]: ODOM non disponibile: stato ancora None
[WARN] [1791035677.695802703] [mpc_corr]: ODOM non disponibile: stato ancora None
[WARN] [1791035677.795655762] [mpc_corr]: ODOM non disponibile: stato ancora None
[WARN] [1791035677.895475274] [mpc_corr]: ODOM non disponibile: stato ancora None
[INFO] [1791035677.994230644] [mpc_corr]: ODOMSEL | src=None hw_age=infs sim_age=infs timeout=0.500s
[WARN] [1791035677.995600991] [mpc_corr]: ODOM non disponibile: stato ancora None
[INFO] [1791035677.996855498] [mpc_corr]: PUB /drive | speed=+0.0000 steer=+0.0000 subs=1
[WARN] [1791035678.095588476] [mpc_corr]: ODOM non disponibile: stato ancora None
[WARN] [1791035678.195470325] [mpc_corr]: ODOM non disponibile: stato ancora None
[WARN] [1791035678.295573816] [mpc_corr]: ODOM non disponibile: stato ancora None
[WARN] [1791035678.395507339] [mpc_corr]: ODOM non disponibile: stato ancora None
[WARN] [1791035678.495723550] [mpc_corr]: ODOM non disponibile: stato ancora None
[WARN] [1791035678.595576536] [mpc_corr]: ODOM non disponibile: stato ancora None
[WARN] [1791035678.695669514] [mpc_corr]: ODOM non disponibile: stato ancora None
[WARN] [1791035678.795651128] [mpc_corr]: ODOM non disponibile: stato ancora None
[WARN] [1791035678.895523746] [mpc_corr]: ODOM non disponibile: stato ancora None
[WARN] [1791035678.995715114] [mpc_corr]: ODOM non disponibile: stato ancora None
[INFO] [1791035678.997098998] [mpc_corr]: PUB /drive | speed=+0.0000 steer=+0.0000 subs=1
[WARN] [1791035679.095670595] [mpc_corr]: ODOM non disponibile: stato ancora None
[WARN] [1791035679.195459384] [mpc_corr]: ODOM non disponibile: stato ancora None
[WARN] [1791035679.295481604] [mpc_corr]: ODOM non disponibile: stato ancora None
[WARN] [1791035679.395509119] [mpc_corr]: ODOM non disponibile: stato ancora None
[WARN] [1791035679.495425324] [mpc_corr]: ODOM non disponibile: stato ancora None
[WARN] [1791035679.595528587] [mpc_corr]: ODOM non disponibile: stato ancora None
[WARN] [1791035679.695341663] [mpc_corr]: ODOM non disponibile: stato ancora None
[WARN] [1791035679.795549661] [mpc_corr]: ODOM non disponibile: stato ancora None
[WARN] [1791035679.895558825] [mpc_corr]: ODOM non disponibile: stato ancora None
[INFO] [1791035679.994364601] [mpc_corr]: ODOMSEL | src=None hw_age=infs sim_age=infs timeout=0.500s
[WARN] [1791035679.995793400] [mpc_corr]: ODOM non disponibile: stato ancora None
[WARN] [1791035680.095543880] [mpc_corr]: ODOM non disponibile: stato ancora None
[INFO] [1791035680.096901180] [mpc_corr]: PUB /drive | speed=+0.0000 steer=+0.0000 subs=1
[WARN] [1791035680.195601862] [mpc_corr]: ODOM non disponibile: stato ancora None
[WARN] [1791035680.295472599] [mpc_corr]: ODOM non disponibile: stato ancora None
[WARN] [1791035680.395592626] [mpc_corr]: ODOM non disponibile: stato ancora None
[WARN] [1791035680.495517677] [mpc_corr]: ODOM non disponibile: stato ancora None
[WARN] [1791035680.594588757] [mpc_corr]: ODOM non disponibile: stato ancora None
[WARN] [1791035680.695042757] [mpc_corr]: ODOM non disponibile: stato ancora None
[WARN] [1791035680.795493146] [mpc_corr]: ODOM non disponibile: stato ancora None
[WARN] [1791035680.895584957] [mpc_corr]: ODOM non disponibile: stato ancora None
[WARN] [1791035680.995538070] [mpc_corr]: ODOM non disponibile: stato ancora None
[WARN] [1791035681.095532447] [mpc_corr]: ODOM non disponibile: stato ancora None
[WARN] [1791035681.195501945] [mpc_corr]: ODOM non disponibile: stato ancora None
[INFO] [1791035681.196838024] [mpc_corr]: PUB /drive | speed=+0.0000 steer=+0.0000 subs=1
[WARN] [1791035681.295565662] [mpc_corr]: ODOM non disponibile: stato ancora None
[WARN] [1791035681.395600455] [mpc_corr]: ODOM non disponibile: stato ancora None
[WARN] [1791035681.496430404] [mpc_corr]: ODOM non disponibile: stato ancora None
[WARN] [1791035681.594847282] [mpc_corr]: ODOM non disponibile: stato ancora None
[WARN] [1791035681.695619252] [mpc_corr]: ODOM non disponibile: stato ancora None
[WARN] [1791035681.795528973] [mpc_corr]: ODOM non disponibile: stato ancora None
[WARN] [1791035681.895604126] [mpc_corr]: ODOM non disponibile: stato ancora None
[INFO] [1791035681.994424491] [mpc_corr]: ODOMSEL | src=None hw_age=infs sim_age=infs timeout=0.500s
[WARN] [1791035681.995812042] [mpc_corr]: ODOM non disponibile: stato ancora None
[WARN] [1791035682.095616803] [mpc_corr]: ODOM non disponibile: stato ancora None
[WARN] [1791035682.195600342] [mpc_corr]: ODOM non disponibile: stato ancora None
[INFO] [1791035682.196937634] [mpc_corr]: PUB /drive | speed=+0.0000 steer=+0.0000 subs=1
[WARN] [1791035682.295627407] [mpc_corr]: ODOM non disponibile: stato ancora None
[WARN] [1791035682.395665982] [mpc_corr]: ODOM non disponibile: stato ancora None
[WARN] [1791035682.495502755] [mpc_corr]: ODOM non disponibile: stato ancora None
[WARN] [1791035682.595707317] [mpc_corr]: ODOM non disponibile: stato ancora None
[WARN] [1791035682.695504897] [mpc_corr]: ODOM non disponibile: stato ancora None
[WARN] [1791035682.795238756] [mpc_corr]: ODOM non disponibile: stato ancora None
[WARN] [1791035682.895336506] [mpc_corr]: ODOM non disponibile: stato ancora None
[WARN] [1791035682.995485383] [mpc_corr]: ODOM non disponibile: stato ancora None
[WARN] [1791035683.095181145] [mpc_corr]: ODOM non disponibile: stato ancora None
[WARN] [1791035683.195189072] [mpc_corr]: ODOM non disponibile: stato ancora None
[WARN] [1791035683.295007035] [mpc_corr]: ODOM non disponibile: stato ancora None
[INFO] [1791035683.296277514] [mpc_corr]: PUB /drive | speed=+0.0000 steer=+0.0000 subs=1
[WARN] [1791035683.395322783] [mpc_corr]: ODOM non disponibile: stato ancora None
[WARN] [1791035683.495185116] [mpc_corr]: ODOM non disponibile: stato ancora None
[WARN] [1791035683.595573473] [mpc_corr]: ODOM non disponibile: stato ancora None
[WARN] [1791035683.695573145] [mpc_corr]: ODOM non disponibile: stato ancora None
[WARN] [1791035683.795780331] [mpc_corr]: ODOM non disponibile: stato ancora None
[WARN] [1791035683.895655868] [mpc_corr]: ODOM non disponibile: stato ancora None
[WARN] [1791035683.995445082] [mpc_corr]: ODOM non disponibile: stato ancora None
[INFO] [1791035684.093653263] [mpc_corr]: ODOMSEL | src=None hw_age=infs sim_age=infs timeout=0.500s
[WARN] [1791035684.094615749] [mpc_corr]: ODOM non disponibile: stato ancora None
[WARN] [1791035684.195589727] [mpc_corr]: ODOM non disponibile: stato ancora None
[WARN] [1791035684.294303235] [mpc_corr]: ODOM non disponibile: stato ancora None
[WARN] [1791035684.395738664] [mpc_corr]: ODOM non disponibile: stato ancora None
[INFO] [1791035684.397118751] [mpc_corr]: PUB /drive | speed=+0.0000 steer=+0.0000 subs=1
[WARN] [1791035684.496073961] [mpc_corr]: ODOM non disponibile: stato ancora None
[WARN] [1791035684.595605696] [mpc_corr]: ODOM non disponibile: stato ancora None
[WARN] [1791035684.695637926] [mpc_corr]: ODOM non disponibile: stato ancora None
[WARN] [1791035684.795544448] [mpc_corr]: ODOM non disponibile: stato ancora None
[WARN] [1791035684.895386748] [mpc_corr]: ODOM non disponibile: stato ancora None
[WARN] [1791035684.995631131] [mpc_corr]: ODOM non disponibile: stato ancora None
[WARN] [1791035685.095608664] [mpc_corr]: ODOM non disponibile: stato ancora None
[WARN] [1791035685.195798998] [mpc_corr]: ODOM non disponibile: stato ancora None
[WARN] [1791035685.295323588] [mpc_corr]: ODOM non disponibile: stato ancora None
[WARN] [1791035685.395633943] [mpc_corr]: ODOM non disponibile: stato ancora None
[WARN] [1791035685.495505634] [mpc_corr]: ODOM non disponibile: stato ancora None
[INFO] [1791035685.497027385] [mpc_corr]: PUB /drive | speed=+0.0000 steer=+0.0000 subs=1
[WARN] [1791035685.596005562] [mpc_corr]: ODOM non disponibile: stato ancora None
[WARN] [1791035685.695703583] [mpc_corr]: ODOM non disponibile: stato ancora None
[WARN] [1791035685.794827775] [mpc_corr]: ODOM non disponibile: stato ancora None
[WARN] [1791035685.895569160] [mpc_corr]: ODOM non disponibile: stato ancora None
[WARN] [1791035685.995681958] [mpc_corr]: ODOM non disponibile: stato ancora None
[INFO] [1791035686.094310584] [mpc_corr]: ODOMSEL | src=None hw_age=infs sim_age=infs timeout=0.500s
[WARN] [1791035686.095835835] [mpc_corr]: ODOM non disponibile: stato ancora None
[WARN] [1791035686.195862111] [mpc_corr]: ODOM non disponibile: stato ancora None
[WARN] [1791035686.295423399] [mpc_corr]: ODOM non disponibile: stato ancora None
[WARN] [1791035686.395400084] [mpc_corr]: ODOM non disponibile: stato ancora None
[WARN] [1791035686.495432015] [mpc_corr]: ODOM non disponibile: stato ancora None
[WARN] [1791035686.595386726] [mpc_corr]: ODOM non disponibile: stato ancora None
[INFO] [1791035686.596778795] [mpc_corr]: PUB /drive | speed=+0.0000 steer=+0.0000 subs=1
[WARN] [1791035686.695937851] [mpc_corr]: ODOM non disponibile: stato ancora None
[WARN] [1791035686.795473881] [mpc_corr]: ODOM non disponibile: stato ancora None
[WARN] [1791035686.895257219] [mpc_corr]: ODOM non disponibile: stato ancora None
[WARN] [1791035686.995607349] [mpc_corr]: ODOM non disponibile: stato ancora None
[WARN] [1791035687.095568474] [mpc_corr]: ODOM non disponibile: stato ancora None
[WARN] [1791035687.195756797] [mpc_corr]: ODOM non disponibile: stato ancora None
[WARN] [1791035687.295532103] [mpc_corr]: ODOM non disponibile: stato ancora None
[WARN] [1791035687.395573680] [mpc_corr]: ODOM non disponibile: stato ancora None
[WARN] [1791035687.496685443] [mpc_corr]: ODOM non disponibile: stato ancora None
[WARN] [1791035687.595325237] [mpc_corr]: ODOM non disponibile: stato ancora None
[INFO] [1791035687.596804563] [mpc_corr]: PUB /drive | speed=+0.0000 steer=+0.0000 subs=1
[WARN] [1791035687.695534714] [mpc_corr]: ODOM non disponibile: stato ancora None
[WARN] [1791035687.795308149] [mpc_corr]: ODOM non disponibile: stato ancora None
[WARN] [1791035687.895317365] [mpc_corr]: ODOM non disponibile: stato ancora None
[WARN] [1791035687.995500041] [mpc_corr]: ODOM non disponibile: stato ancora None
[INFO] [1791035688.094328659] [mpc_corr]: ODOMSEL | src=None hw_age=infs sim_age=infs timeout=0.500s
[WARN] [1791035688.095710413] [mpc_corr]: ODOM non disponibile: stato ancora None
[WARN] [1791035688.195673172] [mpc_corr]: ODOM non disponibile: stato ancora None
[WARN] [1791035688.295213136] [mpc_corr]: ODOM non disponibile: stato ancora None
[WARN] [1791035688.395488146] [mpc_corr]: ODOM non disponibile: stato ancora None
[WARN] [1791035688.495511607] [mpc_corr]: ODOM non disponibile: stato ancora None
[WARN] [1791035688.595499153] [mpc_corr]: ODOM non disponibile: stato ancora None
[INFO] [1791035688.596976433] [mpc_corr]: PUB /drive | speed=+0.0000 steer=+0.0000 subs=1
[WARN] [1791035688.695628268] [mpc_corr]: ODOM non disponibile: stato ancora None
[WARN] [1791035688.795679280] [mpc_corr]: ODOM non disponibile: stato ancora None
[WARN] [1791035688.895456219] [mpc_corr]: ODOM non disponibile: stato ancora None
[WARN] [1791035688.995425440] [mpc_corr]: ODOM non disponibile: stato ancora None
[WARN] [1791035689.095593254] [mpc_corr]: ODOM non disponibile: stato ancora None
[WARN] [1791035689.195462306] [mpc_corr]: ODOM non disponibile: stato ancora None
[WARN] [1791035689.295499845] [mpc_corr]: ODOM non disponibile: stato ancora None
[WARN] [1791035689.395436350] [mpc_corr]: ODOM non disponibile: stato ancora None
[WARN] [1791035689.495517665] [mpc_corr]: ODOM non disponibile: stato ancora None
[WARN] [1791035689.595765792] [mpc_corr]: ODOM non disponibile: stato ancora None
[INFO] [1791035689.597169426] [mpc_corr]: PUB /drive | speed=+0.0000 steer=+0.0000 subs=1
[WARN] [1791035689.695502958] [mpc_corr]: ODOM non disponibile: stato ancora None
[WARN] [1791035689.795653708] [mpc_corr]: ODOM non disponibile: stato ancora None
[WARN] [1791035689.895547264] [mpc_corr]: ODOM non disponibile: stato ancora None
[WARN] [1791035689.995729141] [mpc_corr]: ODOM non disponibile: stato ancora None
[INFO] [1791035690.094414780] [mpc_corr]: ODOMSEL | src=None hw_age=infs sim_age=infs timeout=0.500s
[WARN] [1791035690.095834238] [mpc_corr]: ODOM non disponibile: stato ancora None
[WARN] [1791035690.195765478] [mpc_corr]: ODOM non disponibile: stato ancora None
[WARN] [1791035690.295567619] [mpc_corr]: ODOM non disponibile: stato ancora None
[WARN] [1791035690.395556210] [mpc_corr]: ODOM non disponibile: stato ancora None
[WARN] [1791035690.495725000] [mpc_corr]: ODOM non disponibile: stato ancora None
[WARN] [1791035690.595360793] [mpc_corr]: ODOM non disponibile: stato ancora None
[WARN] [1791035690.695691108] [mpc_corr]: ODOM non disponibile: stato ancora None
[INFO] [1791035690.697038622] [mpc_corr]: PUB /drive | speed=+0.0000 steer=+0.0000 subs=1
[WARN] [1791035690.795646865] [mpc_corr]: ODOM non disponibile: stato ancora None
[WARN] [1791035690.895273159] [mpc_corr]: ODOM non disponibile: stato ancora None
[WARN] [1791035690.995398050] [mpc_corr]: ODOM non disponibile: stato ancora None
[WARN] [1791035691.095663542] [mpc_corr]: ODOM non disponibile: stato ancora None
[WARN] [1791035691.195400179] [mpc_corr]: ODOM non disponibile: stato ancora None
[WARN] [1791035691.295174427] [mpc_corr]: ODOM non disponibile: stato ancora None
[WARN] [1791035691.395408498] [mpc_corr]: ODOM non disponibile: stato ancora None
[WARN] [1791035691.495431704] [mpc_corr]: ODOM non disponibile: stato ancora None
[WARN] [1791035691.595340392] [mpc_corr]: ODOM non disponibile: stato ancora None
[WARN] [1791035691.695504566] [mpc_corr]: ODOM non disponibile: stato ancora None
[WARN] [1791035691.795597862] [mpc_corr]: ODOM non disponibile: stato ancora None
[INFO] [1791035691.796941025] [mpc_corr]: PUB /drive | speed=+0.0000 steer=+0.0000 subs=1
[WARN] [1791035691.895483051] [mpc_corr]: ODOM non disponibile: stato ancora None
[WARN] [1791035691.995486461] [mpc_corr]: ODOM non disponibile: stato ancora None
[WARN] [1791035692.095672193] [mpc_corr]: ODOM non disponibile: stato ancora None
[INFO] [1791035692.194408392] [mpc_corr]: ODOMSEL | src=None hw_age=infs sim_age=infs timeout=0.500s
[WARN] [1791035692.195799896] [mpc_corr]: ODOM non disponibile: stato ancora None
[WARN] [1791035692.295450577] [mpc_corr]: ODOM non disponibile: stato ancora None
[WARN] [1791035692.395492554] [mpc_corr]: ODOM non disponibile: stato ancora None
[WARN] [1791035692.495475385] [mpc_corr]: ODOM non disponibile: stato ancora None
[WARN] [1791035692.595652090] [mpc_corr]: ODOM non disponibile: stato ancora None
[WARN] [1791035692.695597005] [mpc_corr]: ODOM non disponibile: stato ancora None
[WARN] [1791035692.795544595] [mpc_corr]: ODOM non disponibile: stato ancora None
[WARN] [1791035692.895476326] [mpc_corr]: ODOM non disponibile: stato ancora None
[INFO] [1791035692.896779471] [mpc_corr]: PUB /drive | speed=+0.0000 steer=+0.0000 subs=1
[WARN] [1791035692.995828462] [mpc_corr]: ODOM non disponibile: stato ancora None
[WARN] [1791035693.095569200] [mpc_corr]: ODOM non disponibile: stato ancora None
[WARN] [1791035693.195788177] [mpc_corr]: ODOM non disponibile: stato ancora None
[WARN] [1791035693.295322036] [mpc_corr]: ODOM non disponibile: stato ancora None
[WARN] [1791035693.395489079] [mpc_corr]: ODOM non disponibile: stato ancora None
[WARN] [1791035693.496205526] [mpc_corr]: ODOM non disponibile: stato ancora None
[WARN] [1791035693.595478637] [mpc_corr]: ODOM non disponibile: stato ancora None
[WARN] [1791035693.695593274] [mpc_corr]: ODOM non disponibile: stato ancora None
[WARN] [1791035693.795618589] [mpc_corr]: ODOM non disponibile: stato ancora None
[WARN] [1791035693.895609646] [mpc_corr]: ODOM non disponibile: stato ancora None
[INFO] [1791035693.896981835] [mpc_corr]: PUB /drive | speed=+0.0000 steer=+0.0000 subs=1
[WARN] [1791035693.995502075] [mpc_corr]: ODOM non disponibile: stato ancora None
[WARN] [1791035694.095506653] [mpc_corr]: ODOM non disponibile: stato ancora None
[WARN] [1791035694.195190926] [mpc_corr]: ODOM non disponibile: stato ancora None
[INFO] [1791035694.294102919] [mpc_corr]: ODOMSEL | src=None hw_age=infs sim_age=infs timeout=0.500s
[WARN] [1791035694.295438462] [mpc_corr]: ODOM non disponibile: stato ancora None
[WARN] [1791035694.395722030] [mpc_corr]: ODOM non disponibile: stato ancora None
[WARN] [1791035694.495659914] [mpc_corr]: ODOM non disponibile: stato ancora None
[WARN] [1791035694.595716465] [mpc_corr]: ODOM non disponibile: stato ancora None
[WARN] [1791035694.695633444] [mpc_corr]: ODOM non disponibile: stato ancora None
[WARN] [1791035694.795568534] [mpc_corr]: ODOM non disponibile: stato ancora None
[WARN] [1791035694.895743284] [mpc_corr]: ODOM non disponibile: stato ancora None
[INFO] [1791035694.897073133] [mpc_corr]: PUB /drive | speed=+0.0000 steer=+0.0000 subs=1
[WARN] [1791035694.994344998] [mpc_corr]: ODOM non disponibile: stato ancora None
[WARN] [1791035695.095133786] [mpc_corr]: ODOM non disponibile: stato ancora None
[WARN] [1791035695.195724114] [mpc_corr]: ODOM non disponibile: stato ancora None
[WARN] [1791035695.295640533] [mpc_corr]: ODOM non disponibile: stato ancora None
[WARN] [1791035695.395704679] [mpc_corr]: ODOM non disponibile: stato ancora None
[WARN] [1791035695.495518523] [mpc_corr]: ODOM non disponibile: stato ancora None
[WARN] [1791035695.595668638] [mpc_corr]: ODOM non disponibile: stato ancora None
[WARN] [1791035695.695615231] [mpc_corr]: ODOM non disponibile: stato ancora None
[WARN] [1791035695.795509520] [mpc_corr]: ODOM non disponibile: stato ancora None
[WARN] [1791035695.895458976] [mpc_corr]: ODOM non disponibile: stato ancora None
[WARN] [1791035695.995536686] [mpc_corr]: ODOM non disponibile: stato ancora None
[INFO] [1791035695.996849526] [mpc_corr]: PUB /drive | speed=+0.0000 steer=+0.0000 subs=1
[WARN] [1791035696.095942115] [mpc_corr]: ODOM non disponibile: stato ancora None
[WARN] [1791035696.195943749] [mpc_corr]: ODOM non disponibile: stato ancora None
[WARN] [1791035696.294612422] [mpc_corr]: ODOM non disponibile: stato ancora None
[INFO] [1791035696.394596270] [mpc_corr]: ODOMSEL | src=None hw_age=infs sim_age=infs timeout=0.500s
[WARN] [1791035696.395930017] [mpc_corr]: ODOM non disponibile: stato ancora None
[WARN] [1791035696.495453539] [mpc_corr]: ODOM non disponibile: stato ancora None
[WARN] [1791035696.595821124] [mpc_corr]: ODOM non disponibile: stato ancora None
[WARN] [1791035696.695845998] [mpc_corr]: ODOM non disponibile: stato ancora None
[WARN] [1791035696.795746115] [mpc_corr]: ODOM non disponibile: stato ancora None
[WARN] [1791035696.895697185] [mpc_corr]: ODOM non disponibile: stato ancora None
[WARN] [1791035696.995685532] [mpc_corr]: ODOM non disponibile: stato ancora None
[INFO] [1791035696.997004816] [mpc_corr]: PUB /drive | speed=+0.0000 steer=+0.0000 subs=1
[WARN] [1791035697.095732178] [mpc_corr]: ODOM non disponibile: stato ancora None
[WARN] [1791035697.197481793] [mpc_corr]: ODOM non disponibile: stato ancora None
[WARN] [1791035697.295530624] [mpc_corr]: ODOM non disponibile: stato ancora None
[WARN] [1791035697.395531549] [mpc_corr]: ODOM non disponibile: stato ancora None
[WARN] [1791035697.495542612] [mpc_corr]: ODOM non disponibile: stato ancora None
[WARN] [1791035697.595592146] [mpc_corr]: ODOM non disponibile: stato ancora None
[WARN] [1791035697.695609270] [mpc_corr]: ODOM non disponibile: stato ancora None
[WARN] [1791035697.795656369] [mpc_corr]: ODOM non disponibile: stato ancora None
[WARN] [1791035697.895147862] [mpc_corr]: ODOM non disponibile: stato ancora None
[WARN] [1791035697.995886908] [mpc_corr]: ODOM non disponibile: stato ancora None
[INFO] [1791035697.997277561] [mpc_corr]: PUB /drive | speed=+0.0000 steer=+0.0000 subs=1
[WARN] [1791035698.095942252] [mpc_corr]: ODOM non disponibile: stato ancora None
[WARN] [1791035698.195734371] [mpc_corr]: ODOM non disponibile: stato ancora None
[WARN] [1791035698.294940494] [mpc_corr]: ODOM non disponibile: stato ancora None
[WARN] [1791035698.395552048] [mpc_corr]: ODOM non disponibile: stato ancora None
[INFO] [1791035698.493984282] [mpc_corr]: ODOMSEL | src=None hw_age=infs sim_age=infs timeout=0.500s
[WARN] [1791035698.495308019] [mpc_corr]: ODOM non disponibile: stato ancora None
[WARN] [1791035698.595812428] [mpc_corr]: ODOM non disponibile: stato ancora None
[WARN] [1791035698.695874540] [mpc_corr]: ODOM non disponibile: stato ancora None
[WARN] [1791035698.795628285] [mpc_corr]: ODOM non disponibile: stato ancora None
[WARN] [1791035698.895094865] [mpc_corr]: ODOM non disponibile: stato ancora None
[WARN] [1791035698.995832841] [mpc_corr]: ODOM non disponibile: stato ancora None
[WARN] [1791035699.095220269] [mpc_corr]: ODOM non disponibile: stato ancora None
[INFO] [1791035699.096581672] [mpc_corr]: PUB /drive | speed=+0.0000 steer=+0.0000 subs=1
[WARN] [1791035699.195534694] [mpc_corr]: ODOM non disponibile: stato ancora None
[WARN] [1791035699.295534164] [mpc_corr]: ODOM non disponibile: stato ancora None
[WARN] [1791035699.395261122] [mpc_corr]: ODOM non disponibile: stato ancora None
[WARN] [1791035699.495482041] [mpc_corr]: ODOM non disponibile: stato ancora None
[WARN] [1791035699.595597388] [mpc_corr]: ODOM non disponibile: stato ancora None
[WARN] [1791035699.695549516] [mpc_corr]: ODOM non disponibile: stato ancora None
[WARN] [1791035699.795390425] [mpc_corr]: ODOM non disponibile: stato ancora None
[WARN] [1791035699.895311459] [mpc_corr]: ODOM non disponibile: stato ancora None
[WARN] [1791035699.995410341] [mpc_corr]: ODOM non disponibile: stato ancora None
[WARN] [1791035700.095496192] [mpc_corr]: ODOM non disponibile: stato ancora None
[INFO] [1791035700.096852169] [mpc_corr]: PUB /drive | speed=+0.0000 steer=+0.0000 subs=1
[WARN] [1791035700.195537146] [mpc_corr]: ODOM non disponibile: stato ancora None
[WARN] [1791035700.295338811] [mpc_corr]: ODOM non disponibile: stato ancora None
[WARN] [1791035700.395252805] [mpc_corr]: ODOM non disponibile: stato ancora None
[INFO] [1791035700.494249978] [mpc_corr]: ODOMSEL | src=None hw_age=infs sim_age=infs timeout=0.500s
[WARN] [1791035700.495610863] [mpc_corr]: ODOM non disponibile: stato ancora None
[WARN] [1791035700.595583799] [mpc_corr]: ODOM non disponibile: stato ancora None
[WARN] [1791035700.695357173] [mpc_corr]: ODOM non disponibile: stato ancora None
[WARN] [1791035700.795630275] [mpc_corr]: ODOM non disponibile: stato ancora None
[WARN] [1791035700.895634912] [mpc_corr]: ODOM non disponibile: stato ancora None
[WARN] [1791035700.995555413] [mpc_corr]: ODOM non disponibile: stato ancora None
[WARN] [1791035701.095716619] [mpc_corr]: ODOM non disponibile: stato ancora None
[INFO] [1791035701.097257899] [mpc_corr]: PUB /drive | speed=+0.0000 steer=+0.0000 subs=1
[WARN] [1791035701.195654488] [mpc_corr]: ODOM non disponibile: stato ancora None
[WARN] [1791035701.295379389] [mpc_corr]: ODOM non disponibile: stato ancora None
[WARN] [1791035701.395479225] [mpc_corr]: ODOM non disponibile: stato ancora None
[WARN] [1791035701.495428094] [mpc_corr]: ODOM non disponibile: stato ancora None
[WARN] [1791035701.595588448] [mpc_corr]: ODOM non disponibile: stato ancora None
[WARN] [1791035701.695504021] [mpc_corr]: ODOM non disponibile: stato ancora None
[WARN] [1791035701.795435371] [mpc_corr]: ODOM non disponibile: stato ancora None
[WARN] [1791035701.895426469] [mpc_corr]: ODOM non disponibile: stato ancora None
[WARN] [1791035701.995417253] [mpc_corr]: ODOM non disponibile: stato ancora None
[WARN] [1791035702.095540723] [mpc_corr]: ODOM non disponibile: stato ancora None
[WARN] [1791035702.195708840] [mpc_corr]: ODOM non disponibile: stato ancora None
[INFO] [1791035702.197009866] [mpc_corr]: PUB /drive | speed=+0.0000 steer=+0.0000 subs=1
[WARN] [1791035702.295529076] [mpc_corr]: ODOM non disponibile: stato ancora None
[WARN] [1791035702.395578378] [mpc_corr]: ODOM non disponibile: stato ancora None
[WARN] [1791035702.496916809] [mpc_corr]: ODOM non disponibile: stato ancora None
[INFO] [1791035702.594472996] [mpc_corr]: ODOMSEL | src=None hw_age=infs sim_age=infs timeout=0.500s
[WARN] [1791035702.596079598] [mpc_corr]: ODOM non disponibile: stato ancora None
[WARN] [1791035702.695566388] [mpc_corr]: ODOM non disponibile: stato ancora None
[WARN] [1791035702.795358273] [mpc_corr]: ODOM non disponibile: stato ancora None
[WARN] [1791035702.895022763] [mpc_corr]: ODOM non disponibile: stato ancora None
[WARN] [1791035702.995278721] [mpc_corr]: ODOM non disponibile: stato ancora None
[WARN] [1791035703.095626735] [mpc_corr]: ODOM non disponibile: stato ancora None
[WARN] [1791035703.195383745] [mpc_corr]: ODOM non disponibile: stato ancora None
[WARN] [1791035703.295756538] [mpc_corr]: ODOM non disponibile: stato ancora None
[INFO] [1791035703.297063406] [mpc_corr]: PUB /drive | speed=+0.0000 steer=+0.0000 subs=1
[WARN] [1791035703.395668100] [mpc_corr]: ODOM non disponibile: stato ancora None
[WARN] [1791035703.495599187] [mpc_corr]: ODOM non disponibile: stato ancora None
[WARN] [1791035703.595974153] [mpc_corr]: ODOM non disponibile: stato ancora None
[WARN] [1791035703.695864689] [mpc_corr]: ODOM non disponibile: stato ancora None
[WARN] [1791035703.795806398] [mpc_corr]: ODOM non disponibile: stato ancora None
[WARN] [1791035703.895783162] [mpc_corr]: ODOM non disponibile: stato ancora None
[WARN] [1791035703.996048162] [mpc_corr]: ODOM non disponibile: stato ancora None
[WARN] [1791035704.095703151] [mpc_corr]: ODOM non disponibile: stato ancora None
[WARN] [1791035704.194690571] [mpc_corr]: ODOM non disponibile: stato ancora None
[WARN] [1791035704.295147782] [mpc_corr]: ODOM non disponibile: stato ancora None
[WARN] [1791035704.395744509] [mpc_corr]: ODOM non disponibile: stato ancora None
[INFO] [1791035704.397046174] [mpc_corr]: PUB /drive | speed=+0.0000 steer=+0.0000 subs=1
[WARN] [1791035704.495543106] [mpc_corr]: ODOM non disponibile: stato ancora None
[INFO] [1791035704.594675939] [mpc_corr]: ODOMSEL | src=None hw_age=infs sim_age=infs timeout=0.500s
[WARN] [1791035704.596062268] [mpc_corr]: ODOM non disponibile: stato ancora None
[WARN] [1791035704.695793001] [mpc_corr]: ODOM non disponibile: stato ancora None
[WARN] [1791035704.795764945] [mpc_corr]: ODOM non disponibile: stato ancora None
[WARN] [1791035704.895646633] [mpc_corr]: ODOM non disponibile: stato ancora None
[WARN] [1791035704.995682752] [mpc_corr]: ODOM non disponibile: stato ancora None
[WARN] [1791035705.095736736] [mpc_corr]: ODOM non disponibile: stato ancora None
[WARN] [1791035705.195590224] [mpc_corr]: ODOM non disponibile: stato ancora None
[WARN] [1791035705.295534525] [mpc_corr]: ODOM non disponibile: stato ancora None
[WARN] [1791035705.395533168] [mpc_corr]: ODOM non disponibile: stato ancora None
[WARN] [1791035705.495743870] [mpc_corr]: ODOM non disponibile: stato ancora None
[INFO] [1791035705.497082302] [mpc_corr]: PUB /drive | speed=+0.0000 steer=+0.0000 subs=1
[WARN] [1791035705.595691356] [mpc_corr]: ODOM non disponibile: stato ancora None
[WARN] [1791035705.695501549] [mpc_corr]: ODOM non disponibile: stato ancora None
[WARN] [1791035705.795874762] [mpc_corr]: ODOM non disponibile: stato ancora None
[WARN] [1791035705.895654011] [mpc_corr]: ODOM non disponibile: stato ancora None
[WARN] [1791035705.995545257] [mpc_corr]: ODOM non disponibile: stato ancora None
[WARN] [1791035706.095646012] [mpc_corr]: ODOM non disponibile: stato ancora None
[WARN] [1791035706.195597169] [mpc_corr]: ODOM non disponibile: stato ancora None
[WARN] [1791035706.295628953] [mpc_corr]: ODOM non disponibile: stato ancora None
[WARN] [1791035706.395205758] [mpc_corr]: ODOM non disponibile: stato ancora None
[WARN] [1791035706.495309985] [mpc_corr]: ODOM non disponibile: stato ancora None
[WARN] [1791035706.595810129] [mpc_corr]: ODOM non disponibile: stato ancora None
[INFO] [1791035706.597285633] [mpc_corr]: PUB /drive | speed=+0.0000 steer=+0.0000 subs=1
[INFO] [1791035706.694330819] [mpc_corr]: ODOMSEL | src=None hw_age=infs sim_age=infs timeout=0.500s
[WARN] [1791035706.695666928] [mpc_corr]: ODOM non disponibile: stato ancora None
[WARN] [1791035706.795401867] [mpc_corr]: ODOM non disponibile: stato ancora None
[WARN] [1791035706.895178996] [mpc_corr]: ODOM non disponibile: stato ancora None
[WARN] [1791035706.995381415] [mpc_corr]: ODOM non disponibile: stato ancora None
[WARN] [1791035707.095809120] [mpc_corr]: ODOM non disponibile: stato ancora None
[WARN] [1791035707.195903675] [mpc_corr]: ODOM non disponibile: stato ancora None
[WARN] [1791035707.294996329] [mpc_corr]: ODOM non disponibile: stato ancora None
[WARN] [1791035707.394702042] [mpc_corr]: ODOM non disponibile: stato ancora None
[WARN] [1791035707.495362686] [mpc_corr]: ODOM non disponibile: stato ancora None
[WARN] [1791035707.595804799] [mpc_corr]: ODOM non disponibile: stato ancora None
[INFO] [1791035707.597299542] [mpc_corr]: PUB /drive | speed=+0.0000 steer=+0.0000 subs=1
[WARN] [1791035707.695479104] [mpc_corr]: ODOM non disponibile: stato ancora None
[WARN] [1791035707.795487366] [mpc_corr]: ODOM non disponibile: stato ancora None
[WARN] [1791035707.895394972] [mpc_corr]: ODOM non disponibile: stato ancora None
[WARN] [1791035707.995302123] [mpc_corr]: ODOM non disponibile: stato ancora None
[WARN] [1791035708.095557499] [mpc_corr]: ODOM non disponibile: stato ancora None
[WARN] [1791035708.195220245] [mpc_corr]: ODOM non disponibile: stato ancora None
[WARN] [1791035708.295144530] [mpc_corr]: ODOM non disponibile: stato ancora None
[WARN] [1791035708.395392458] [mpc_corr]: ODOM non disponibile: stato ancora None
[WARN] [1791035708.495558349] [mpc_corr]: ODOM non disponibile: stato ancora None
[WARN] [1791035708.595542170] [mpc_corr]: ODOM non disponibile: stato ancora None
[INFO] [1791035708.694410915] [mpc_corr]: ODOMSEL | src=None hw_age=infs sim_age=infs timeout=0.500s
[WARN] [1791035708.695855512] [mpc_corr]: ODOM non disponibile: stato ancora None
[INFO] [1791035708.697110808] [mpc_corr]: PUB /drive | speed=+0.0000 steer=+0.0000 subs=1
[WARN] [1791035708.795483527] [mpc_corr]: ODOM non disponibile: stato ancora None
[WARN] [1791035708.895488024] [mpc_corr]: ODOM non disponibile: stato ancora None
[WARN] [1791035708.995614286] [mpc_corr]: ODOM non disponibile: stato ancora None
[WARN] [1791035709.095497399] [mpc_corr]: ODOM non disponibile: stato ancora None
[WARN] [1791035709.195069610] [mpc_corr]: ODOM non disponibile: stato ancora None
[WARN] [1791035709.295496157] [mpc_corr]: ODOM non disponibile: stato ancora None
[WARN] [1791035709.395508158] [mpc_corr]: ODOM non disponibile: stato ancora None
[WARN] [1791035709.495581037] [mpc_corr]: ODOM non disponibile: stato ancora None
[WARN] [1791035709.595580279] [mpc_corr]: ODOM non disponibile: stato ancora None
[WARN] [1791035709.695444820] [mpc_corr]: ODOM non disponibile: stato ancora None
[WARN] [1791035709.795544106] [mpc_corr]: ODOM non disponibile: stato ancora None
[INFO] [1791035709.796855696] [mpc_corr]: PUB /drive | speed=+0.0000 steer=+0.0000 subs=1
[WARN] [1791035709.895278233] [mpc_corr]: ODOM non disponibile: stato ancora None
[WARN] [1791035709.995480091] [mpc_corr]: ODOM non disponibile: stato ancora None
[WARN] [1791035710.095477124] [mpc_corr]: ODOM non disponibile: stato ancora None
[WARN] [1791035710.195027240] [mpc_corr]: ODOM non disponibile: stato ancora None
[WARN] [1791035710.295445519] [mpc_corr]: ODOM non disponibile: stato ancora None
[WARN] [1791035710.395611483] [mpc_corr]: ODOM non disponibile: stato ancora None
[WARN] [1791035710.495157072] [mpc_corr]: ODOM non disponibile: stato ancora None
[WARN] [1791035710.595521894] [mpc_corr]: ODOM non disponibile: stato ancora None
[WARN] [1791035710.695520546] [mpc_corr]: ODOM non disponibile: stato ancora None
[INFO] [1791035710.794450752] [mpc_corr]: ODOMSEL | src=None hw_age=infs sim_age=infs timeout=0.500s
[WARN] [1791035710.795850868] [mpc_corr]: ODOM non disponibile: stato ancora None
[INFO] [1791035710.797139755] [mpc_corr]: PUB /drive | speed=+0.0000 steer=+0.0000 subs=1
[WARN] [1791035710.895540519] [mpc_corr]: ODOM non disponibile: stato ancora None
[WARN] [1791035710.995537978] [mpc_corr]: ODOM non disponibile: stato ancora None
[WARN] [1791035711.095480747] [mpc_corr]: ODOM non disponibile: stato ancora None
[WARN] [1791035711.195024544] [mpc_corr]: ODOM non disponibile: stato ancora None
[WARN] [1791035711.295710659] [mpc_corr]: ODOM non disponibile: stato ancora None
[WARN] [1791035711.395636897] [mpc_corr]: ODOM non disponibile: stato ancora None
[WARN] [1791035711.495366818] [mpc_corr]: ODOM non disponibile: stato ancora None
[WARN] [1791035711.595609035] [mpc_corr]: ODOM non disponibile: stato ancora None
[WARN] [1791035711.695735162] [mpc_corr]: ODOM non disponibile: stato ancora None
[WARN] [1791035711.795570377] [mpc_corr]: ODOM non disponibile: stato ancora None
[WARN] [1791035711.895611238] [mpc_corr]: ODOM non disponibile: stato ancora None
[INFO] [1791035711.896931782] [mpc_corr]: PUB /drive | speed=+0.0000 steer=+0.0000 subs=1
[WARN] [1791035711.995460796] [mpc_corr]: ODOM non disponibile: stato ancora None
[WARN] [1791035712.095581519] [mpc_corr]: ODOM non disponibile: stato ancora None
[WARN] [1791035712.195113876] [mpc_corr]: ODOM non disponibile: stato ancora None
[WARN] [1791035712.295723208] [mpc_corr]: ODOM non disponibile: stato ancora None
[WARN] [1791035712.395563966] [mpc_corr]: ODOM non disponibile: stato ancora None
[WARN] [1791035712.495514968] [mpc_corr]: ODOM non disponibile: stato ancora None
[WARN] [1791035712.595861934] [mpc_corr]: ODOM non disponibile: stato ancora None
[WARN] [1791035712.695742765] [mpc_corr]: ODOM non disponibile: stato ancora None
[WARN] [1791035712.795537587] [mpc_corr]: ODOM non disponibile: stato ancora None
[INFO] [1791035712.894332730] [mpc_corr]: ODOMSEL | src=None hw_age=infs sim_age=infs timeout=0.500s
[WARN] [1791035712.895878177] [mpc_corr]: ODOM non disponibile: stato ancora None
[INFO] [1791035712.897112241] [mpc_corr]: PUB /drive | speed=+0.0000 steer=+0.0000 subs=1
[WARN] [1791035712.995686148] [mpc_corr]: ODOM non disponibile: stato ancora None
[WARN] [1791035713.095827902] [mpc_corr]: ODOM non disponibile: stato ancora None
[WARN] [1791035713.195215146] [mpc_corr]: ODOM non disponibile: stato ancora None
[WARN] [1791035713.295501397] [mpc_corr]: ODOM non disponibile: stato ancora None
[WARN] [1791035713.395862749] [mpc_corr]: ODOM non disponibile: stato ancora None
[WARN] [1791035713.495089820] [mpc_corr]: ODOM non disponibile: stato ancora None
[WARN] [1791035713.595836115] [mpc_corr]: ODOM non disponibile: stato ancora None
[WARN] [1791035713.695898886] [mpc_corr]: ODOM non disponibile: stato ancora None
[WARN] [1791035713.795658539] [mpc_corr]: ODOM non disponibile: stato ancora None
[WARN] [1791035713.895852866] [mpc_corr]: ODOM non disponibile: stato ancora None
[INFO] [1791035713.897310203] [mpc_corr]: PUB /drive | speed=+0.0000 steer=+0.0000 subs=1
[WARN] [1791035713.995676406] [mpc_corr]: ODOM non disponibile: stato ancora None
[WARN] [1791035714.095193529] [mpc_corr]: ODOM non disponibile: stato ancora None
[WARN] [1791035714.195651280] [mpc_corr]: ODOM non disponibile: stato ancora None
[WARN] [1791035714.295797715] [mpc_corr]: ODOM non disponibile: stato ancora None
[WARN] [1791035714.395693877] [mpc_corr]: ODOM non disponibile: stato ancora None
[WARN] [1791035714.495968171] [mpc_corr]: ODOM non disponibile: stato ancora None
[WARN] [1791035714.595321519] [mpc_corr]: ODOM non disponibile: stato ancora None
[WARN] [1791035714.695792618] [mpc_corr]: ODOM non disponibile: stato ancora None
[WARN] [1791035714.795592366] [mpc_corr]: ODOM non disponibile: stato ancora None
[INFO] [1791035714.894366470] [mpc_corr]: ODOMSEL | src=None hw_age=infs sim_age=infs timeout=0.500s
[WARN] [1791035714.895871177] [mpc_corr]: ODOM non disponibile: stato ancora None
[WARN] [1791035714.995534381] [mpc_corr]: ODOM non disponibile: stato ancora None
[INFO] [1791035714.996920637] [mpc_corr]: PUB /drive | speed=+0.0000 steer=+0.0000 subs=1
[WARN] [1791035715.095750179] [mpc_corr]: ODOM non disponibile: stato ancora None
[WARN] [1791035715.195364833] [mpc_corr]: ODOM non disponibile: stato ancora None
[WARN] [1791035715.295617445] [mpc_corr]: ODOM non disponibile: stato ancora None
[WARN] [1791035715.395704968] [mpc_corr]: ODOM non disponibile: stato ancora None
[WARN] [1791035715.495460017] [mpc_corr]: ODOM non disponibile: stato ancora None
[WARN] [1791035715.595687360] [mpc_corr]: ODOM non disponibile: stato ancora None
[WARN] [1791035715.695543990] [mpc_corr]: ODOM non disponibile: stato ancora None
[WARN] [1791035715.795425458] [mpc_corr]: ODOM non disponibile: stato ancora None
[WARN] [1791035715.895573785] [mpc_corr]: ODOM non disponibile: stato ancora None
[WARN] [1791035715.995498265] [mpc_corr]: ODOM non disponibile: stato ancora None
[WARN] [1791035716.095651948] [mpc_corr]: ODOM non disponibile: stato ancora None
[INFO] [1791035716.097041333] [mpc_corr]: PUB /drive | speed=+0.0000 steer=+0.0000 subs=1
[WARN] [1791035716.195647643] [mpc_corr]: ODOM non disponibile: stato ancora None
[WARN] [1791035716.295562647] [mpc_corr]: ODOM non disponibile: stato ancora None
[WARN] [1791035716.395492908] [mpc_corr]: ODOM non disponibile: stato ancora None
[WARN] [1791035716.495691007] [mpc_corr]: ODOM non disponibile: stato ancora None
[WARN] [1791035716.595626018] [mpc_corr]: ODOM non disponibile: stato ancora None
[WARN] [1791035716.695600289] [mpc_corr]: ODOM non disponibile: stato ancora None
[WARN] [1791035716.795494367] [mpc_corr]: ODOM non disponibile: stato ancora None
[INFO] [1791035716.894401593] [mpc_corr]: ODOMSEL | src=None hw_age=infs sim_age=infs timeout=0.500s
[WARN] [1791035716.895851560] [mpc_corr]: ODOM non disponibile: stato ancora None
[WARN] [1791035716.995642481] [mpc_corr]: ODOM non disponibile: stato ancora None
[WARN] [1791035717.095671892] [mpc_corr]: ODOM non disponibile: stato ancora None
[INFO] [1791035717.097143183] [mpc_corr]: PUB /drive | speed=+0.0000 steer=+0.0000 subs=1
[WARN] [1791035717.195554871] [mpc_corr]: ODOM non disponibile: stato ancora None
[WARN] [1791035717.295688930] [mpc_corr]: ODOM non disponibile: stato ancora None
[WARN] [1791035717.395659139] [mpc_corr]: ODOM non disponibile: stato ancora None
[WARN] [1791035717.495704467] [mpc_corr]: ODOM non disponibile: stato ancora None
[WARN] [1791035717.595635335] [mpc_corr]: ODOM non disponibile: stato ancora None
[WARN] [1791035717.695731884] [mpc_corr]: ODOM non disponibile: stato ancora None
[WARN] [1791035717.795599985] [mpc_corr]: ODOM non disponibile: stato ancora None
[WARN] [1791035717.895635609] [mpc_corr]: ODOM non disponibile: stato ancora None
[WARN] [1791035717.995514429] [mpc_corr]: ODOM non disponibile: stato ancora None
[WARN] [1791035718.094353831] [mpc_corr]: ODOM non disponibile: stato ancora None
[WARN] [1791035718.195513426] [mpc_corr]: ODOM non disponibile: stato ancora None
[INFO] [1791035718.196905857] [mpc_corr]: PUB /drive | speed=+0.0000 steer=+0.0000 subs=1
[WARN] [1791035718.295649700] [mpc_corr]: ODOM non disponibile: stato ancora None
[WARN] [1791035718.395511379] [mpc_corr]: ODOM non disponibile: stato ancora None
[WARN] [1791035718.495671357] [mpc_corr]: ODOM non disponibile: stato ancora None
[WARN] [1791035718.594421088] [mpc_corr]: ODOM non disponibile: stato ancora None
[WARN] [1791035718.695594700] [mpc_corr]: ODOM non disponibile: stato ancora None
[WARN] [1791035718.795809325] [mpc_corr]: ODOM non disponibile: stato ancora None
[INFO] [1791035718.894471873] [mpc_corr]: ODOMSEL | src=None hw_age=infs sim_age=infs timeout=0.500s
[WARN] [1791035718.895994950] [mpc_corr]: ODOM non disponibile: stato ancora None
[WARN] [1791035718.995920924] [mpc_corr]: ODOM non disponibile: stato ancora None
[WARN] [1791035719.094647973] [mpc_corr]: ODOM non disponibile: stato ancora None
[WARN] [1791035719.195761568] [mpc_corr]: ODOM non disponibile: stato ancora None
[INFO] [1791035719.197089419] [mpc_corr]: PUB /drive | speed=+0.0000 steer=+0.0000 subs=1
[WARN] [1791035719.295749739] [mpc_corr]: ODOM non disponibile: stato ancora None
[WARN] [1791035719.395762075] [mpc_corr]: ODOM non disponibile: stato ancora None
[WARN] [1791035719.495745394] [mpc_corr]: ODOM non disponibile: stato ancora None
[WARN] [1791035719.594502750] [mpc_corr]: ODOM non disponibile: stato ancora None
[WARN] [1791035719.696187633] [mpc_corr]: ODOM non disponibile: stato ancora None
[WARN] [1791035719.795837422] [mpc_corr]: ODOM non disponibile: stato ancora None
[WARN] [1791035719.895773686] [mpc_corr]: ODOM non disponibile: stato ancora None
[WARN] [1791035719.995702423] [mpc_corr]: ODOM non disponibile: stato ancora None
[WARN] [1791035720.094504438] [mpc_corr]: ODOM non disponibile: stato ancora None
[WARN] [1791035720.195722492] [mpc_corr]: ODOM non disponibile: stato ancora None
[WARN] [1791035720.295783318] [mpc_corr]: ODOM non disponibile: stato ancora None
[INFO] [1791035720.297146287] [mpc_corr]: PUB /drive | speed=+0.0000 steer=+0.0000 subs=1
[WARN] [1791035720.395794075] [mpc_corr]: ODOM non disponibile: stato ancora None
[WARN] [1791035720.496395652] [mpc_corr]: ODOM non disponibile: stato ancora None
[WARN] [1791035720.594597524] [mpc_corr]: ODOM non disponibile: stato ancora None
[WARN] [1791035720.695893790] [mpc_corr]: ODOM non disponibile: stato ancora None
[WARN] [1791035720.795682876] [mpc_corr]: ODOM non disponibile: stato ancora None
[WARN] [1791035720.894718618] [mpc_corr]: ODOM non disponibile: stato ancora None
[INFO] [1791035720.994352246] [mpc_corr]: ODOMSEL | src=None hw_age=infs sim_age=infs timeout=0.500s
[WARN] [1791035720.995673197] [mpc_corr]: ODOM non disponibile: stato ancora None
[WARN] [1791035721.097673969] [mpc_corr]: ODOM non disponibile: stato ancora None
[WARN] [1791035721.195153213] [mpc_corr]: ODOM non disponibile: stato ancora None
[WARN] [1791035721.296636164] [mpc_corr]: ODOM non disponibile: stato ancora None
[INFO] [1791035721.298509612] [mpc_corr]: PUB /drive | speed=+0.0000 steer=+0.0000 subs=1
[WARN] [1791035721.394578143] [mpc_corr]: ODOM non disponibile: stato ancora None
[WARN] [1791035721.495451986] [mpc_corr]: ODOM non disponibile: stato ancora None
[WARN] [1791035721.595369119] [mpc_corr]: ODOM non disponibile: stato ancora None
[WARN] [1791035721.695849518] [mpc_corr]: ODOM non disponibile: stato ancora None
[WARN] [1791035721.795496177] [mpc_corr]: ODOM non disponibile: stato ancora None
[WARN] [1791035721.895749024] [mpc_corr]: ODOM non disponibile: stato ancora None
[WARN] [1791035721.995352332] [mpc_corr]: ODOM non disponibile: stato ancora None
[WARN] [1791035722.094233038] [mpc_corr]: ODOM non disponibile: stato ancora None
[WARN] [1791035722.195589533] [mpc_corr]: ODOM non disponibile: stato ancora None
[WARN] [1791035722.295750175] [mpc_corr]: ODOM non disponibile: stato ancora None
[WARN] [1791035722.395755107] [mpc_corr]: ODOM non disponibile: stato ancora None
[INFO] [1791035722.397035866] [mpc_corr]: PUB /drive | speed=+0.0000 steer=+0.0000 subs=1
[WARN] [1791035722.495664723] [mpc_corr]: ODOM non disponibile: stato ancora None
[WARN] [1791035722.594294183] [mpc_corr]: ODOM non disponibile: stato ancora None
[WARN] [1791035722.695486043] [mpc_corr]: ODOM non disponibile: stato ancora None
[WARN] [1791035722.795405616] [mpc_corr]: ODOM non disponibile: stato ancora None
[WARN] [1791035722.895394205] [mpc_corr]: ODOM non disponibile: stato ancora None
[WARN] [1791035722.995249058] [mpc_corr]: ODOM non disponibile: stato ancora None
[INFO] [1791035723.093619603] [mpc_corr]: ODOMSEL | src=None hw_age=infs sim_age=infs timeout=0.500s
[WARN] [1791035723.094312541] [mpc_corr]: ODOM non disponibile: stato ancora None
[WARN] [1791035723.195400499] [mpc_corr]: ODOM non disponibile: stato ancora None
[WARN] [1791035723.295408222] [mpc_corr]: ODOM non disponibile: stato ancora None
[WARN] [1791035723.395398260] [mpc_corr]: ODOM non disponibile: stato ancora None
[WARN] [1791035723.495324328] [mpc_corr]: ODOM non disponibile: stato ancora None
[INFO] [1791035723.496556430] [mpc_corr]: PUB /drive | speed=+0.0000 steer=+0.0000 subs=1
[WARN] [1791035723.594274813] [mpc_corr]: ODOM non disponibile: stato ancora None
[WARN] [1791035723.695610364] [mpc_corr]: ODOM non disponibile: stato ancora None
[WARN] [1791035723.795479294] [mpc_corr]: ODOM non disponibile: stato ancora None
[WARN] [1791035723.896523197] [mpc_corr]: ODOM non disponibile: stato ancora None
[WARN] [1791035723.995455221] [mpc_corr]: ODOM non disponibile: stato ancora None
[WARN] [1791035724.094308102] [mpc_corr]: ODOM non disponibile: stato ancora None
[WARN] [1791035724.195606152] [mpc_corr]: ODOM non disponibile: stato ancora None
[WARN] [1791035724.295484965] [mpc_corr]: ODOM non disponibile: stato ancora None
[WARN] [1791035724.395864795] [mpc_corr]: ODOM non disponibile: stato ancora None
[WARN] [1791035724.495627796] [mpc_corr]: ODOM non disponibile: stato ancora None
[INFO] [1791035724.496889962] [mpc_corr]: PUB /drive | speed=+0.0000 steer=+0.0000 subs=1
[WARN] [1791035724.593975818] [mpc_corr]: ODOM non disponibile: stato ancora None
[WARN] [1791035724.695477002] [mpc_corr]: ODOM non disponibile: stato ancora None
[WARN] [1791035724.795784079] [mpc_corr]: ODOM non disponibile: stato ancora None
[WARN] [1791035724.895319400] [mpc_corr]: ODOM non disponibile: stato ancora None
[WARN] [1791035724.995611351] [mpc_corr]: ODOM non disponibile: stato ancora None
[INFO] [1791035725.093637209] [mpc_corr]: ODOMSEL | src=None hw_age=infs sim_age=infs timeout=0.500s
[WARN] [1791035725.094509634] [mpc_corr]: ODOM non disponibile: stato ancora None
[WARN] [1791035725.195684144] [mpc_corr]: ODOM non disponibile: stato ancora None
[WARN] [1791035725.295710440] [mpc_corr]: ODOM non disponibile: stato ancora None
[WARN] [1791035725.395458778] [mpc_corr]: ODOM non disponibile: stato ancora None
[WARN] [1791035725.495641894] [mpc_corr]: ODOM non disponibile: stato ancora None
[INFO] [1791035725.496906227] [mpc_corr]: PUB /drive | speed=+0.0000 steer=+0.0000 subs=1
[WARN] [1791035725.595172440] [mpc_corr]: ODOM non disponibile: stato ancora None
[WARN] [1791035725.695157662] [mpc_corr]: ODOM non disponibile: stato ancora None
[WARN] [1791035725.795292223] [mpc_corr]: ODOM non disponibile: stato ancora None
[WARN] [1791035725.895401336] [mpc_corr]: ODOM non disponibile: stato ancora None
[WARN] [1791035725.995584663] [mpc_corr]: ODOM non disponibile: stato ancora None
[WARN] [1791035726.095687090] [mpc_corr]: ODOM non disponibile: stato ancora None
[WARN] [1791035726.195534837] [mpc_corr]: ODOM non disponibile: stato ancora None
[WARN] [1791035726.295070128] [mpc_corr]: ODOM non disponibile: stato ancora None
[WARN] [1791035726.395683989] [mpc_corr]: ODOM non disponibile: stato ancora None
[WARN] [1791035726.495398627] [mpc_corr]: ODOM non disponibile: stato ancora None
[WARN] [1791035726.595340529] [mpc_corr]: ODOM non disponibile: stato ancora None
[INFO] [1791035726.596653371] [mpc_corr]: PUB /drive | speed=+0.0000 steer=+0.0000 subs=1
[WARN] [1791035726.695586195] [mpc_corr]: ODOM non disponibile: stato ancora None
[WARN] [1791035726.795455524] [mpc_corr]: ODOM non disponibile: stato ancora None
[WARN] [1791035726.895605913] [mpc_corr]: ODOM non disponibile: stato ancora None
[WARN] [1791035726.995250014] [mpc_corr]: ODOM non disponibile: stato ancora None
[INFO] [1791035727.094158412] [mpc_corr]: ODOMSEL | src=None hw_age=infs sim_age=infs timeout=0.500s
[WARN] [1791035727.095543447] [mpc_corr]: ODOM non disponibile: stato ancora None
[WARN] [1791035727.195221748] [mpc_corr]: ODOM non disponibile: stato ancora None
[WARN] [1791035727.294982917] [mpc_corr]: ODOM non disponibile: stato ancora None
[WARN] [1791035727.394890964] [mpc_corr]: ODOM non disponibile: stato ancora None
[WARN] [1791035727.495206334] [mpc_corr]: ODOM non disponibile: stato ancora None
[WARN] [1791035727.594715380] [mpc_corr]: ODOM non disponibile: stato ancora None
[WARN] [1791035727.695455981] [mpc_corr]: ODOM non disponibile: stato ancora None
[INFO] [1791035727.697001901] [mpc_corr]: PUB /drive | speed=+0.0000 steer=+0.0000 subs=1
[WARN] [1791035727.795178430] [mpc_corr]: ODOM non disponibile: stato ancora None
[WARN] [1791035727.895333248] [mpc_corr]: ODOM non disponibile: stato ancora None
[WARN] [1791035727.995355625] [mpc_corr]: ODOM non disponibile: stato ancora None
[WARN] [1791035728.095472641] [mpc_corr]: ODOM non disponibile: stato ancora None
[WARN] [1791035728.195457936] [mpc_corr]: ODOM non disponibile: stato ancora None
[WARN] [1791035728.295167657] [mpc_corr]: ODOM non disponibile: stato ancora None
[WARN] [1791035728.395620611] [mpc_corr]: ODOM non disponibile: stato ancora None
[WARN] [1791035728.495252445] [mpc_corr]: ODOM non disponibile: stato ancora None
[WARN] [1791035728.595708705] [mpc_corr]: ODOM non disponibile: stato ancora None
[WARN] [1791035728.695859333] [mpc_corr]: ODOM non disponibile: stato ancora None
[INFO] [1791035728.697198767] [mpc_corr]: PUB /drive | speed=+0.0000 steer=+0.0000 subs=1
[WARN] [1791035728.795706819] [mpc_corr]: ODOM non disponibile: stato ancora None
[WARN] [1791035728.895312163] [mpc_corr]: ODOM non disponibile: stato ancora None
[WARN] [1791035728.995144131] [mpc_corr]: ODOM non disponibile: stato ancora None
[INFO] [1791035729.094465836] [mpc_corr]: ODOMSEL | src=None hw_age=infs sim_age=infs timeout=0.500s
[WARN] [1791035729.095916147] [mpc_corr]: ODOM non disponibile: stato ancora None
[WARN] [1791035729.195743424] [mpc_corr]: ODOM non disponibile: stato ancora None
[WARN] [1791035729.295686612] [mpc_corr]: ODOM non disponibile: stato ancora None
[WARN] [1791035729.395559203] [mpc_corr]: ODOM non disponibile: stato ancora None
[WARN] [1791035729.496097196] [mpc_corr]: ODOM non disponibile: stato ancora None
[WARN] [1791035729.595727479] [mpc_corr]: ODOM non disponibile: stato ancora None
[WARN] [1791035729.695758169] [mpc_corr]: ODOM non disponibile: stato ancora None
[WARN] [1791035729.795445098] [mpc_corr]: ODOM non disponibile: stato ancora None
[INFO] [1791035729.796749412] [mpc_corr]: PUB /drive | speed=+0.0000 steer=+0.0000 subs=1
[WARN] [1791035729.895162165] [mpc_corr]: ODOM non disponibile: stato ancora None
[WARN] [1791035729.995460998] [mpc_corr]: ODOM non disponibile: stato ancora None
[WARN] [1791035730.095709501] [mpc_corr]: ODOM non disponibile: stato ancora None
[WARN] [1791035730.195529773] [mpc_corr]: ODOM non disponibile: stato ancora None
[WARN] [1791035730.295604049] [mpc_corr]: ODOM non disponibile: stato ancora None
[WARN] [1791035730.395557899] [mpc_corr]: ODOM non disponibile: stato ancora None
[WARN] [1791035730.495259441] [mpc_corr]: ODOM non disponibile: stato ancora None
[WARN] [1791035730.595465186] [mpc_corr]: ODOM non disponibile: stato ancora None
[WARN] [1791035730.695590647] [mpc_corr]: ODOM non disponibile: stato ancora None
[WARN] [1791035730.795483158] [mpc_corr]: ODOM non disponibile: stato ancora None
[INFO] [1791035730.796803546] [mpc_corr]: PUB /drive | speed=+0.0000 steer=+0.0000 subs=1
[WARN] [1791035730.895531842] [mpc_corr]: ODOM non disponibile: stato ancora None
[WARN] [1791035730.995385281] [mpc_corr]: ODOM non disponibile: stato ancora None
[INFO] [1791035731.094755502] [mpc_corr]: ODOMSEL | src=None hw_age=infs sim_age=infs timeout=0.500s
[WARN] [1791035731.096198933] [mpc_corr]: ODOM non disponibile: stato ancora None
[WARN] [1791035731.195543100] [mpc_corr]: ODOM non disponibile: stato ancora None
[WARN] [1791035731.295496716] [mpc_corr]: ODOM non disponibile: stato ancora None
[WARN] [1791035731.395602828] [mpc_corr]: ODOM non disponibile: stato ancora None
[WARN] [1791035731.495156701] [mpc_corr]: ODOM non disponibile: stato ancora None
[WARN] [1791035731.595719662] [mpc_corr]: ODOM non disponibile: stato ancora None
[WARN] [1791035731.695309342] [mpc_corr]: ODOM non disponibile: stato ancora None
[WARN] [1791035731.795634848] [mpc_corr]: ODOM non disponibile: stato ancora None
[INFO] [1791035731.796933986] [mpc_corr]: PUB /drive | speed=+0.0000 steer=+0.0000 subs=1
[WARN] [1791035731.898452373] [mpc_corr]: ODOM non disponibile: stato ancora None
[WARN] [1791035731.994567619] [mpc_corr]: ODOM non disponibile: stato ancora None
[WARN] [1791035732.095924468] [mpc_corr]: ODOM non disponibile: stato ancora None
[WARN] [1791035732.195343691] [mpc_corr]: ODOM non disponibile: stato ancora None
[WARN] [1791035732.294682871] [mpc_corr]: ODOM non disponibile: stato ancora None
[WARN] [1791035732.395668774] [mpc_corr]: ODOM non disponibile: stato ancora None
[WARN] [1791035732.496575270] [mpc_corr]: ODOM non disponibile: stato ancora None
[WARN] [1791035732.595640418] [mpc_corr]: ODOM non disponibile: stato ancora None
[WARN] [1791035732.695370427] [mpc_corr]: ODOM non disponibile: stato ancora None
[WARN] [1791035732.795310612] [mpc_corr]: ODOM non disponibile: stato ancora None
[WARN] [1791035732.895202160] [mpc_corr]: ODOM non disponibile: stato ancora None
[INFO] [1791035732.896475864] [mpc_corr]: PUB /drive | speed=+0.0000 steer=+0.0000 subs=1
[WARN] [1791035732.995429274] [mpc_corr]: ODOM non disponibile: stato ancora None
[WARN] [1791035733.095568328] [mpc_corr]: ODOM non disponibile: stato ancora None
[INFO] [1791035733.194120149] [mpc_corr]: ODOMSEL | src=None hw_age=infs sim_age=infs timeout=0.500s
[WARN] [1791035733.195384436] [mpc_corr]: ODOM non disponibile: stato ancora None
[WARN] [1791035733.295645775] [mpc_corr]: ODOM non disponibile: stato ancora None
[WARN] [1791035733.395536743] [mpc_corr]: ODOM non disponibile: stato ancora None
[WARN] [1791035733.495341157] [mpc_corr]: ODOM non disponibile: stato ancora None
[WARN] [1791035733.595417778] [mpc_corr]: ODOM non disponibile: stato ancora None
[WARN] [1791035733.695404799] [mpc_corr]: ODOM non disponibile: stato ancora None
[WARN] [1791035733.795383936] [mpc_corr]: ODOM non disponibile: stato ancora None
[WARN] [1791035733.895276727] [mpc_corr]: ODOM non disponibile: stato ancora None
[INFO] [1791035733.896550153] [mpc_corr]: PUB /drive | speed=+0.0000 steer=+0.0000 subs=1
[WARN] [1791035733.995529187] [mpc_corr]: ODOM non disponibile: stato ancora None
[WARN] [1791035734.095603191] [mpc_corr]: ODOM non disponibile: stato ancora None
[WARN] [1791035734.194709310] [mpc_corr]: ODOM non disponibile: stato ancora None
[WARN] [1791035734.294353638] [mpc_corr]: ODOM non disponibile: stato ancora None
[WARN] [1791035734.395416361] [mpc_corr]: ODOM non disponibile: stato ancora None
[WARN] [1791035734.495375628] [mpc_corr]: ODOM non disponibile: stato ancora None
[WARN] [1791035734.595710655] [mpc_corr]: ODOM non disponibile: stato ancora None
[WARN] [1791035734.695386676] [mpc_corr]: ODOM non disponibile: stato ancora None
[WARN] [1791035734.795573266] [mpc_corr]: ODOM non disponibile: stato ancora None
[WARN] [1791035734.895668863] [mpc_corr]: ODOM non disponibile: stato ancora None
[INFO] [1791035734.896948353] [mpc_corr]: PUB /drive | speed=+0.0000 steer=+0.0000 subs=1
[WARN] [1791035734.995462577] [mpc_corr]: ODOM non disponibile: stato ancora None
[WARN] [1791035735.095747441] [mpc_corr]: ODOM non disponibile: stato ancora None
[INFO] [1791035735.194245549] [mpc_corr]: ODOMSEL | src=None hw_age=infs sim_age=infs timeout=0.500s
[WARN] [1791035735.195824061] [mpc_corr]: ODOM non disponibile: stato ancora None
[WARN] [1791035735.295596751] [mpc_corr]: ODOM non disponibile: stato ancora None
[WARN] [1791035735.395437311] [mpc_corr]: ODOM non disponibile: stato ancora None
[WARN] [1791035735.496190425] [mpc_corr]: ODOM non disponibile: stato ancora None
[WARN] [1791035735.595612503] [mpc_corr]: ODOM non disponibile: stato ancora None
[WARN] [1791035735.696091363] [mpc_corr]: ODOM non disponibile: stato ancora None
[WARN] [1791035735.795701734] [mpc_corr]: ODOM non disponibile: stato ancora None
[WARN] [1791035735.895377960] [mpc_corr]: ODOM non disponibile: stato ancora None
[WARN] [1791035735.995576084] [mpc_corr]: ODOM non disponibile: stato ancora None
[INFO] [1791035735.996861519] [mpc_corr]: PUB /drive | speed=+0.0000 steer=+0.0000 subs=1
[WARN] [1791035736.095671022] [mpc_corr]: ODOM non disponibile: stato ancora None
[WARN] [1791035736.195585010] [mpc_corr]: ODOM non disponibile: stato ancora None
[WARN] [1791035736.295690696] [mpc_corr]: ODOM non disponibile: stato ancora None
[WARN] [1791035736.395415883] [mpc_corr]: ODOM non disponibile: stato ancora None
[WARN] [1791035736.495494172] [mpc_corr]: ODOM non disponibile: stato ancora None
[WARN] [1791035736.595627341] [mpc_corr]: ODOM non disponibile: stato ancora None
[WARN] [1791035736.695564106] [mpc_corr]: ODOM non disponibile: stato ancora None
[WARN] [1791035736.795411512] [mpc_corr]: ODOM non disponibile: stato ancora None
[WARN] [1791035736.895284241] [mpc_corr]: ODOM non disponibile: stato ancora None
[WARN] [1791035736.995232614] [mpc_corr]: ODOM non disponibile: stato ancora None
[WARN] [1791035737.095676139] [mpc_corr]: ODOM non disponibile: stato ancora None
[INFO] [1791035737.097078034] [mpc_corr]: PUB /drive | speed=+0.0000 steer=+0.0000 subs=1
[WARN] [1791035737.195224637] [mpc_corr]: ODOM non disponibile: stato ancora None
[INFO] [1791035737.297418718] [mpc_corr]: ODOMSEL | src=None hw_age=infs sim_age=infs timeout=0.500s
[WARN] [1791035737.298316153] [mpc_corr]: ODOM non disponibile: stato ancora None
[WARN] [1791035737.395633349] [mpc_corr]: ODOM non disponibile: stato ancora None
[WARN] [1791035737.495726929] [mpc_corr]: ODOM non disponibile: stato ancora None
[WARN] [1791035737.595458563] [mpc_corr]: ODOM non disponibile: stato ancora None
[WARN] [1791035737.695726733] [mpc_corr]: ODOM non disponibile: stato ancora None
[WARN] [1791035737.795428664] [mpc_corr]: ODOM non disponibile: stato ancora None
[WARN] [1791035737.895113244] [mpc_corr]: ODOM non disponibile: stato ancora None
[WARN] [1791035737.995294109] [mpc_corr]: ODOM non disponibile: stato ancora None
[WARN] [1791035738.095688750] [mpc_corr]: ODOM non disponibile: stato ancora None
[WARN] [1791035738.195555057] [mpc_corr]: ODOM non disponibile: stato ancora None
[INFO] [1791035738.196860075] [mpc_corr]: PUB /drive | speed=+0.0000 steer=+0.0000 subs=1
[WARN] [1791035738.294999516] [mpc_corr]: ODOM non disponibile: stato ancora None
[WARN] [1791035738.395340113] [mpc_corr]: ODOM non disponibile: stato ancora None
[WARN] [1791035738.497411433] [mpc_corr]: ODOM non disponibile: stato ancora None
[WARN] [1791035738.595549605] [mpc_corr]: ODOM non disponibile: stato ancora None
[WARN] [1791035738.695650272] [mpc_corr]: ODOM non disponibile: stato ancora None
[WARN] [1791035738.795351652] [mpc_corr]: ODOM non disponibile: stato ancora None
[WARN] [1791035738.895121512] [mpc_corr]: ODOM non disponibile: stato ancora None
[WARN] [1791035738.995168124] [mpc_corr]: ODOM non disponibile: stato ancora None
[WARN] [1791035739.095698212] [mpc_corr]: ODOM non disponibile: stato ancora None
[WARN] [1791035739.195111730] [mpc_corr]: ODOM non disponibile: stato ancora None
[WARN] [1791035739.295071993] [mpc_corr]: ODOM non disponibile: stato ancora None
[INFO] [1791035739.296324910] [mpc_corr]: PUB /drive | speed=+0.0000 steer=+0.0000 subs=1
[INFO] [1791035739.394026808] [mpc_corr]: ODOMSEL | src=None hw_age=infs sim_age=infs timeout=0.500s
[WARN] [1791035739.395221162] [mpc_corr]: ODOM non disponibile: stato ancora None
[WARN] [1791035739.495400693] [mpc_corr]: ODOM non disponibile: stato ancora None
[WARN] [1791035739.595647823] [mpc_corr]: ODOM non disponibile: stato ancora None
[WARN] [1791035739.695315254] [mpc_corr]: ODOM non disponibile: stato ancora None
[WARN] [1791035739.795395795] [mpc_corr]: ODOM non disponibile: stato ancora None
[WARN] [1791035739.895280453] [mpc_corr]: ODOM non disponibile: stato ancora None
[WARN] [1791035739.995582286] [mpc_corr]: ODOM non disponibile: stato ancora None
[WARN] [1791035740.095641749] [mpc_corr]: ODOM non disponibile: stato ancora None
[WARN] [1791035740.195474299] [mpc_corr]: ODOM non disponibile: stato ancora None
[WARN] [1791035740.295577807] [mpc_corr]: ODOM non disponibile: stato ancora None
[INFO] [1791035740.296991564] [mpc_corr]: PUB /drive | speed=+0.0000 steer=+0.0000 subs=1
[WARN] [1791035740.395747755] [mpc_corr]: ODOM non disponibile: stato ancora None
[WARN] [1791035740.495236469] [mpc_corr]: ODOM non disponibile: stato ancora None
[WARN] [1791035740.595201184] [mpc_corr]: ODOM non disponibile: stato ancora None
[WARN] [1791035740.695359710] [mpc_corr]: ODOM non disponibile: stato ancora None
[WARN] [1791035740.795364646] [mpc_corr]: ODOM non disponibile: stato ancora None
[WARN] [1791035740.895646770] [mpc_corr]: ODOM non disponibile: stato ancora None
[WARN] [1791035740.994918306] [mpc_corr]: ODOM non disponibile: stato ancora None
[WARN] [1791035741.095388050] [mpc_corr]: ODOM non disponibile: stato ancora None
[WARN] [1791035741.195357878] [mpc_corr]: ODOM non disponibile: stato ancora None
[WARN] [1791035741.295607832] [mpc_corr]: ODOM non disponibile: stato ancora None
[INFO] [1791035741.394223969] [mpc_corr]: ODOMSEL | src=None hw_age=infs sim_age=infs timeout=0.500s
[WARN] [1791035741.395491775] [mpc_corr]: ODOM non disponibile: stato ancora None
[INFO] [1791035741.396647148] [mpc_corr]: PUB /drive | speed=+0.0000 steer=+0.0000 subs=1
[WARN] [1791035741.499276918] [mpc_corr]: ODOM non disponibile: stato ancora None
[WARN] [1791035741.594850209] [mpc_corr]: ODOM non disponibile: stato ancora None
[WARN] [1791035741.695345490] [mpc_corr]: ODOM non disponibile: stato ancora None
[WARN] [1791035741.795468586] [mpc_corr]: ODOM non disponibile: stato ancora None
[WARN] [1791035741.895338672] [mpc_corr]: ODOM non disponibile: stato ancora None
[WARN] [1791035741.995366885] [mpc_corr]: ODOM non disponibile: stato ancora None
[WARN] [1791035742.095607090] [mpc_corr]: ODOM non disponibile: stato ancora None
[WARN] [1791035742.195490156] [mpc_corr]: ODOM non disponibile: stato ancora None
[WARN] [1791035742.295454258] [mpc_corr]: ODOM non disponibile: stato ancora None
[WARN] [1791035742.395430720] [mpc_corr]: ODOM non disponibile: stato ancora None
[INFO] [1791035742.396675582] [mpc_corr]: PUB /drive | speed=+0.0000 steer=+0.0000 subs=1
[WARN] [1791035742.495355815] [mpc_corr]: ODOM non disponibile: stato ancora None
[WARN] [1791035742.595676871] [mpc_corr]: ODOM non disponibile: stato ancora None
[WARN] [1791035742.695575465] [mpc_corr]: ODOM non disponibile: stato ancora None
[WARN] [1791035742.795513299] [mpc_corr]: ODOM non disponibile: stato ancora None
[WARN] [1791035742.895309022] [mpc_corr]: ODOM non disponibile: stato ancora None
[WARN] [1791035742.995261789] [mpc_corr]: ODOM non disponibile: stato ancora None
[WARN] [1791035743.095634645] [mpc_corr]: ODOM non disponibile: stato ancora None
[WARN] [1791035743.194733640] [mpc_corr]: ODOM non disponibile: stato ancora None
[WARN] [1791035743.295418600] [mpc_corr]: ODOM non disponibile: stato ancora None
[WARN] [1791035743.395028371] [mpc_corr]: ODOM non disponibile: stato ancora None
[INFO] [1791035743.494024886] [mpc_corr]: ODOMSEL | src=None hw_age=infs sim_age=infs timeout=0.500s
[WARN] [1791035743.495233073] [mpc_corr]: ODOM non disponibile: stato ancora None
[INFO] [1791035743.496339725] [mpc_corr]: PUB /drive | speed=+0.0000 steer=+0.0000 subs=1
[WARN] [1791035743.595652752] [mpc_corr]: ODOM non disponibile: stato ancora None
[WARN] [1791035743.695845325] [mpc_corr]: ODOM non disponibile: stato ancora None
[WARN] [1791035743.795607611] [mpc_corr]: ODOM non disponibile: stato ancora None
[WARN] [1791035743.895460515] [mpc_corr]: ODOM non disponibile: stato ancora None
[WARN] [1791035743.995346703] [mpc_corr]: ODOM non disponibile: stato ancora None
[WARN] [1791035744.095593601] [mpc_corr]: ODOM non disponibile: stato ancora None
[WARN] [1791035744.194661757] [mpc_corr]: ODOM non disponibile: stato ancora None
[WARN] [1791035744.295460080] [mpc_corr]: ODOM non disponibile: stato ancora None
[WARN] [1791035744.395397856] [mpc_corr]: ODOM non disponibile: stato ancora None
[WARN] [1791035744.495312040] [mpc_corr]: ODOM non disponibile: stato ancora None
[INFO] [1791035744.497801460] [mpc_corr]: PUB /drive | speed=+0.0000 steer=+0.0000 subs=1
[WARN] [1791035744.595607485] [mpc_corr]: ODOM non disponibile: stato ancora None
[WARN] [1791035744.695773470] [mpc_corr]: ODOM non disponibile: stato ancora None
[WARN] [1791035744.795563870] [mpc_corr]: ODOM non disponibile: stato ancora None
[WARN] [1791035744.895521304] [mpc_corr]: ODOM non disponibile: stato ancora None
[WARN] [1791035744.995496515] [mpc_corr]: ODOM non disponibile: stato ancora None
[WARN] [1791035745.096114982] [mpc_corr]: ODOM non disponibile: stato ancora None
[WARN] [1791035745.195819653] [mpc_corr]: ODOM non disponibile: stato ancora None
[WARN] [1791035745.295786488] [mpc_corr]: ODOM non disponibile: stato ancora None
[WARN] [1791035745.395417507] [mpc_corr]: ODOM non disponibile: stato ancora None
[INFO] [1791035745.494306948] [mpc_corr]: ODOMSEL | src=None hw_age=infs sim_age=infs timeout=0.500s
[WARN] [1791035745.495735798] [mpc_corr]: ODOM non disponibile: stato ancora None
[WARN] [1791035745.595607560] [mpc_corr]: ODOM non disponibile: stato ancora None
[INFO] [1791035745.597020901] [mpc_corr]: PUB /drive | speed=+0.0000 steer=+0.0000 subs=1
[WARN] [1791035745.695622747] [mpc_corr]: ODOM non disponibile: stato ancora None
[WARN] [1791035745.795368577] [mpc_corr]: ODOM non disponibile: stato ancora None
[WARN] [1791035745.895479881] [mpc_corr]: ODOM non disponibile: stato ancora None
[WARN] [1791035745.995560807] [mpc_corr]: ODOM non disponibile: stato ancora None
[WARN] [1791035746.095842982] [mpc_corr]: ODOM non disponibile: stato ancora None
[WARN] [1791035746.195635842] [mpc_corr]: ODOM non disponibile: stato ancora None
[WARN] [1791035746.295603890] [mpc_corr]: ODOM non disponibile: stato ancora None
[WARN] [1791035746.395674670] [mpc_corr]: ODOM non disponibile: stato ancora None
[WARN] [1791035746.495574594] [mpc_corr]: ODOM non disponibile: stato ancora None
[WARN] [1791035746.595801826] [mpc_corr]: ODOM non disponibile: stato ancora None
[INFO] [1791035746.597095872] [mpc_corr]: PUB /drive | speed=+0.0000 steer=+0.0000 subs=1
[WARN] [1791035746.695476569] [mpc_corr]: ODOM non disponibile: stato ancora None
[WARN] [1791035746.795630451] [mpc_corr]: ODOM non disponibile: stato ancora None
[WARN] [1791035746.895564254] [mpc_corr]: ODOM non disponibile: stato ancora None
[WARN] [1791035746.995552685] [mpc_corr]: ODOM non disponibile: stato ancora None
[WARN] [1791035747.095658894] [mpc_corr]: ODOM non disponibile: stato ancora None
[WARN] [1791035747.195682532] [mpc_corr]: ODOM non disponibile: stato ancora None
[WARN] [1791035747.295735346] [mpc_corr]: ODOM non disponibile: stato ancora None
[WARN] [1791035747.395589178] [mpc_corr]: ODOM non disponibile: stato ancora None
[INFO] [1791035747.494310841] [mpc_corr]: ODOMSEL | src=None hw_age=infs sim_age=infs timeout=0.500s
[WARN] [1791035747.496944609] [mpc_corr]: ODOM non disponibile: stato ancora None
[WARN] [1791035747.595761421] [mpc_corr]: ODOM non disponibile: stato ancora None
[WARN] [1791035747.695562759] [mpc_corr]: ODOM non disponibile: stato ancora None
[INFO] [1791035747.697789905] [mpc_corr]: PUB /drive | speed=+0.0000 steer=+0.0000 subs=1
[WARN] [1791035747.795533452] [mpc_corr]: ODOM non disponibile: stato ancora None
[WARN] [1791035747.895454509] [mpc_corr]: ODOM non disponibile: stato ancora None
[WARN] [1791035747.995628690] [mpc_corr]: ODOM non disponibile: stato ancora None
[WARN] [1791035748.095664516] [mpc_corr]: ODOM non disponibile: stato ancora None
[WARN] [1791035748.195444033] [mpc_corr]: ODOM non disponibile: stato ancora None
[WARN] [1791035748.295604431] [mpc_corr]: ODOM non disponibile: stato ancora None
[WARN] [1791035748.395637053] [mpc_corr]: ODOM non disponibile: stato ancora None
[WARN] [1791035748.495465697] [mpc_corr]: ODOM non disponibile: stato ancora None
[WARN] [1791035748.595538882] [mpc_corr]: ODOM non disponibile: stato ancora None
[WARN] [1791035748.695630244] [mpc_corr]: ODOM non disponibile: stato ancora None
[WARN] [1791035748.795477583] [mpc_corr]: ODOM non disponibile: stato ancora None
[INFO] [1791035748.796761038] [mpc_corr]: PUB /drive | speed=+0.0000 steer=+0.0000 subs=1
[WARN] [1791035748.895422856] [mpc_corr]: ODOM non disponibile: stato ancora None
[WARN] [1791035748.995083412] [mpc_corr]: ODOM non disponibile: stato ancora None
[WARN] [1791035749.095250795] [mpc_corr]: ODOM non disponibile: stato ancora None
[WARN] [1791035749.195151776] [mpc_corr]: ODOM non disponibile: stato ancora None
[WARN] [1791035749.295630023] [mpc_corr]: ODOM non disponibile: stato ancora None
[WARN] [1791035749.394730076] [mpc_corr]: ODOM non disponibile: stato ancora None
[WARN] [1791035749.494769990] [mpc_corr]: ODOM non disponibile: stato ancora None
[INFO] [1791035749.594356272] [mpc_corr]: ODOMSEL | src=None hw_age=infs sim_age=infs timeout=0.500s
[WARN] [1791035749.595722511] [mpc_corr]: ODOM non disponibile: stato ancora None
[WARN] [1791035749.695554843] [mpc_corr]: ODOM non disponibile: stato ancora None
[WARN] [1791035749.795103044] [mpc_corr]: ODOM non disponibile: stato ancora None
[WARN] [1791035749.895495830] [mpc_corr]: ODOM non disponibile: stato ancora None
[INFO] [1791035749.896837459] [mpc_corr]: PUB /drive | speed=+0.0000 steer=+0.0000 subs=1
[WARN] [1791035749.995392496] [mpc_corr]: ODOM non disponibile: stato ancora None
[WARN] [1791035750.095288981] [mpc_corr]: ODOM non disponibile: stato ancora None
[WARN] [1791035750.195323130] [mpc_corr]: ODOM non disponibile: stato ancora None
[WARN] [1791035750.295579024] [mpc_corr]: ODOM non disponibile: stato ancora None
[WARN] [1791035750.395305383] [mpc_corr]: ODOM non disponibile: stato ancora None
[WARN] [1791035750.496014480] [mpc_corr]: ODOM non disponibile: stato ancora None
[WARN] [1791035750.595395393] [mpc_corr]: ODOM non disponibile: stato ancora None
[WARN] [1791035750.695167935] [mpc_corr]: ODOM non disponibile: stato ancora None
[WARN] [1791035750.795433649] [mpc_corr]: ODOM non disponibile: stato ancora None
[WARN] [1791035750.895610841] [mpc_corr]: ODOM non disponibile: stato ancora None
[INFO] [1791035750.896890249] [mpc_corr]: PUB /drive | speed=+0.0000 steer=+0.0000 subs=1
[WARN] [1791035750.994907625] [mpc_corr]: ODOM non disponibile: stato ancora None
[WARN] [1791035751.095652688] [mpc_corr]: ODOM non disponibile: stato ancora None
[WARN] [1791035751.195512529] [mpc_corr]: ODOM non disponibile: stato ancora None
[WARN] [1791035751.295496257] [mpc_corr]: ODOM non disponibile: stato ancora None
[WARN] [1791035751.395461679] [mpc_corr]: ODOM non disponibile: stato ancora None
[WARN] [1791035751.495401843] [mpc_corr]: ODOM non disponibile: stato ancora None
[INFO] [1791035751.594405730] [mpc_corr]: ODOMSEL | src=None hw_age=infs sim_age=infs timeout=0.500s
[WARN] [1791035751.595677925] [mpc_corr]: ODOM non disponibile: stato ancora None
[WARN] [1791035751.695567561] [mpc_corr]: ODOM non disponibile: stato ancora None
[WARN] [1791035751.795503138] [mpc_corr]: ODOM non disponibile: stato ancora None
[WARN] [1791035751.895417246] [mpc_corr]: ODOM non disponibile: stato ancora None
[INFO] [1791035751.897440157] [mpc_corr]: PUB /drive | speed=+0.0000 steer=+0.0000 subs=1
[WARN] [1791035751.995443148] [mpc_corr]: ODOM non disponibile: stato ancora None
[WARN] [1791035752.095319538] [mpc_corr]: ODOM non disponibile: stato ancora None
[WARN] [1791035752.195384991] [mpc_corr]: ODOM non disponibile: stato ancora None
[WARN] [1791035752.295564857] [mpc_corr]: ODOM non disponibile: stato ancora None
[WARN] [1791035752.395478718] [mpc_corr]: ODOM non disponibile: stato ancora None
[WARN] [1791035752.495262815] [mpc_corr]: ODOM non disponibile: stato ancora None
[WARN] [1791035752.595728907] [mpc_corr]: ODOM non disponibile: stato ancora None
[WARN] [1791035752.695516744] [mpc_corr]: ODOM non disponibile: stato ancora None
[WARN] [1791035752.795398273] [mpc_corr]: ODOM non disponibile: stato ancora None
[WARN] [1791035752.895422796] [mpc_corr]: ODOM non disponibile: stato ancora None
[WARN] [1791035752.995591856] [mpc_corr]: ODOM non disponibile: stato ancora None
[INFO] [1791035752.996843653] [mpc_corr]: PUB /drive | speed=+0.0000 steer=+0.0000 subs=1
[WARN] [1791035753.095609192] [mpc_corr]: ODOM non disponibile: stato ancora None
[WARN] [1791035753.195430485] [mpc_corr]: ODOM non disponibile: stato ancora None
[WARN] [1791035753.295546727] [mpc_corr]: ODOM non disponibile: stato ancora None
[WARN] [1791035753.395538025] [mpc_corr]: ODOM non disponibile: stato ancora None
[WARN] [1791035753.495061613] [mpc_corr]: ODOM non disponibile: stato ancora None
[WARN] [1791035753.594409668] [mpc_corr]: ODOM non disponibile: stato ancora None
[INFO] [1791035753.694316357] [mpc_corr]: ODOMSEL | src=None hw_age=infs sim_age=infs timeout=0.500s
[WARN] [1791035753.695668356] [mpc_corr]: ODOM non disponibile: stato ancora None
[WARN] [1791035753.795787023] [mpc_corr]: ODOM non disponibile: stato ancora None
[WARN] [1791035753.895462811] [mpc_corr]: ODOM non disponibile: stato ancora None
[WARN] [1791035753.995483959] [mpc_corr]: ODOM non disponibile: stato ancora None
[WARN] [1791035754.095659451] [mpc_corr]: ODOM non disponibile: stato ancora None
[INFO] [1791035754.097055124] [mpc_corr]: PUB /drive | speed=+0.0000 steer=+0.0000 subs=1
[WARN] [1791035754.195607236] [mpc_corr]: ODOM non disponibile: stato ancora None
[WARN] [1791035754.298111569] [mpc_corr]: ODOM non disponibile: stato ancora None
[WARN] [1791035754.395483576] [mpc_corr]: ODOM non disponibile: stato ancora None
[WARN] [1791035754.495393862] [mpc_corr]: ODOM non disponibile: stato ancora None
[WARN] [1791035754.595727770] [mpc_corr]: ODOM non disponibile: stato ancora None
[WARN] [1791035754.695111604] [mpc_corr]: ODOM non disponibile: stato ancora None
[WARN] [1791035754.795496047] [mpc_corr]: ODOM non disponibile: stato ancora None
[WARN] [1791035754.895502591] [mpc_corr]: ODOM non disponibile: stato ancora None
[WARN] [1791035754.995406627] [mpc_corr]: ODOM non disponibile: stato ancora None
[WARN] [1791035755.095682907] [mpc_corr]: ODOM non disponibile: stato ancora None
[WARN] [1791035755.195446067] [mpc_corr]: ODOM non disponibile: stato ancora None
[INFO] [1791035755.196684180] [mpc_corr]: PUB /drive | speed=+0.0000 steer=+0.0000 subs=1
[WARN] [1791035755.295600185] [mpc_corr]: ODOM non disponibile: stato ancora None
[WARN] [1791035755.395451162] [mpc_corr]: ODOM non disponibile: stato ancora None
[WARN] [1791035755.495259666] [mpc_corr]: ODOM non disponibile: stato ancora None
[WARN] [1791035755.595506070] [mpc_corr]: ODOM non disponibile: stato ancora None
[WARN] [1791035755.695393092] [mpc_corr]: ODOM non disponibile: stato ancora None
[INFO] [1791035755.794279996] [mpc_corr]: ODOMSEL | src=None hw_age=infs sim_age=infs timeout=0.500s
[WARN] [1791035755.795581830] [mpc_corr]: ODOM non disponibile: stato ancora None
[WARN] [1791035755.895400909] [mpc_corr]: ODOM non disponibile: stato ancora None
[WARN] [1791035755.995003530] [mpc_corr]: ODOM non disponibile: stato ancora None
[WARN] [1791035756.095593541] [mpc_corr]: ODOM non disponibile: stato ancora None
[WARN] [1791035756.195737227] [mpc_corr]: ODOM non disponibile: stato ancora None
[INFO] [1791035756.197082078] [mpc_corr]: PUB /drive | speed=+0.0000 steer=+0.0000 subs=1
[WARN] [1791035756.295840291] [mpc_corr]: ODOM non disponibile: stato ancora None
[WARN] [1791035756.395454339] [mpc_corr]: ODOM non disponibile: stato ancora None
[WARN] [1791035756.495328662] [mpc_corr]: ODOM non disponibile: stato ancora None
[WARN] [1791035756.594443518] [mpc_corr]: ODOM non disponibile: stato ancora None
[WARN] [1791035756.696013935] [mpc_corr]: ODOM non disponibile: stato ancora None
[WARN] [1791035756.795891913] [mpc_corr]: ODOM non disponibile: stato ancora None
[WARN] [1791035756.895412410] [mpc_corr]: ODOM non disponibile: stato ancora None
[WARN] [1791035756.995533061] [mpc_corr]: ODOM non disponibile: stato ancora None
[WARN] [1791035757.097764355] [mpc_corr]: ODOM non disponibile: stato ancora None
[WARN] [1791035757.195959383] [mpc_corr]: ODOM non disponibile: stato ancora None
[INFO] [1791035757.197220181] [mpc_corr]: PUB /drive | speed=+0.0000 steer=+0.0000 subs=1
[WARN] [1791035757.295928967] [mpc_corr]: ODOM non disponibile: stato ancora None
[WARN] [1791035757.395580812] [mpc_corr]: ODOM non disponibile: stato ancora None
[WARN] [1791035757.495431710] [mpc_corr]: ODOM non disponibile: stato ancora None
[WARN] [1791035757.595684751] [mpc_corr]: ODOM non disponibile: stato ancora None
[WARN] [1791035757.695614446] [mpc_corr]: ODOM non disponibile: stato ancora None
[INFO] [1791035757.794290722] [mpc_corr]: ODOMSEL | src=None hw_age=infs sim_age=infs timeout=0.500s
[WARN] [1791035757.795718868] [mpc_corr]: ODOM non disponibile: stato ancora None
[WARN] [1791035757.895469577] [mpc_corr]: ODOM non disponibile: stato ancora None
[WARN] [1791035757.995309597] [mpc_corr]: ODOM non disponibile: stato ancora None
[WARN] [1791035758.097738262] [mpc_corr]: ODOM non disponibile: stato ancora None
[WARN] [1791035758.196022976] [mpc_corr]: ODOM non disponibile: stato ancora None
[INFO] [1791035758.197297321] [mpc_corr]: PUB /drive | speed=+0.0000 steer=+0.0000 subs=1
[WARN] [1791035758.295931417] [mpc_corr]: ODOM non disponibile: stato ancora None
[WARN] [1791035758.395536437] [mpc_corr]: ODOM non disponibile: stato ancora None
[WARN] [1791035758.495468337] [mpc_corr]: ODOM non disponibile: stato ancora None
[WARN] [1791035758.596006908] [mpc_corr]: ODOM non disponibile: stato ancora None
[WARN] [1791035758.695624299] [mpc_corr]: ODOM non disponibile: stato ancora None
[WARN] [1791035758.795691477] [mpc_corr]: ODOM non disponibile: stato ancora None
[WARN] [1791035758.895639193] [mpc_corr]: ODOM non disponibile: stato ancora None
[WARN] [1791035758.995453561] [mpc_corr]: ODOM non disponibile: stato ancora None
[WARN] [1791035759.095654239] [mpc_corr]: ODOM non disponibile: stato ancora None
[WARN] [1791035759.195963211] [mpc_corr]: ODOM non disponibile: stato ancora None
[WARN] [1791035759.295853720] [mpc_corr]: ODOM non disponibile: stato ancora None
[INFO] [1791035759.297153600] [mpc_corr]: PUB /drive | speed=+0.0000 steer=+0.0000 subs=1
[WARN] [1791035759.395632629] [mpc_corr]: ODOM non disponibile: stato ancora None
[WARN] [1791035759.501212547] [mpc_corr]: ODOM non disponibile: stato ancora None
[WARN] [1791035759.595935930] [mpc_corr]: ODOM non disponibile: stato ancora None
[WARN] [1791035759.695940989] [mpc_corr]: ODOM non disponibile: stato ancora None
[INFO] [1791035759.794638966] [mpc_corr]: ODOMSEL | src=None hw_age=infs sim_age=infs timeout=0.500s
[WARN] [1791035759.796042585] [mpc_corr]: ODOM non disponibile: stato ancora None
[WARN] [1791035759.895698867] [mpc_corr]: ODOM non disponibile: stato ancora None
[WARN] [1791035759.995394074] [mpc_corr]: ODOM non disponibile: stato ancora None
[WARN] [1791035760.097785896] [mpc_corr]: ODOM non disponibile: stato ancora None
[WARN] [1791035760.195899529] [mpc_corr]: ODOM non disponibile: stato ancora None
[WARN] [1791035760.295570971] [mpc_corr]: ODOM non disponibile: stato ancora None
[WARN] [1791035760.395635841] [mpc_corr]: ODOM non disponibile: stato ancora None
[INFO] [1791035760.396918601] [mpc_corr]: PUB /drive | speed=+0.0000 steer=+0.0000 subs=1
[WARN] [1791035760.495155722] [mpc_corr]: ODOM non disponibile: stato ancora None
[WARN] [1791035760.595836061] [mpc_corr]: ODOM non disponibile: stato ancora None
[WARN] [1791035760.695634491] [mpc_corr]: ODOM non disponibile: stato ancora None
[WARN] [1791035760.795619460] [mpc_corr]: ODOM non disponibile: stato ancora None
[WARN] [1791035760.895597406] [mpc_corr]: ODOM non disponibile: stato ancora None
[WARN] [1791035760.995828540] [mpc_corr]: ODOM non disponibile: stato ancora None
[WARN] [1791035761.097588740] [mpc_corr]: ODOM non disponibile: stato ancora None
[WARN] [1791035761.194893281] [mpc_corr]: ODOM non disponibile: stato ancora None
[WARN] [1791035761.294842870] [mpc_corr]: ODOM non disponibile: stato ancora None
[WARN] [1791035761.395612126] [mpc_corr]: ODOM non disponibile: stato ancora None
[WARN] [1791035761.495951652] [mpc_corr]: ODOM non disponibile: stato ancora None
[INFO] [1791035761.497240921] [mpc_corr]: PUB /drive | speed=+0.0000 steer=+0.0000 subs=1
[WARN] [1791035761.596062191] [mpc_corr]: ODOM non disponibile: stato ancora None
[WARN] [1791035761.695631408] [mpc_corr]: ODOM non disponibile: stato ancora None
[WARN] [1791035761.795561821] [mpc_corr]: ODOM non disponibile: stato ancora None
[INFO] [1791035761.894351819] [mpc_corr]: ODOMSEL | src=None hw_age=infs sim_age=infs timeout=0.500s
[WARN] [1791035761.895771253] [mpc_corr]: ODOM non disponibile: stato ancora None
[WARN] [1791035761.995474142] [mpc_corr]: ODOM non disponibile: stato ancora None
[WARN] [1791035762.097809934] [mpc_corr]: ODOM non disponibile: stato ancora None
[WARN] [1791035762.195979785] [mpc_corr]: ODOM non disponibile: stato ancora None
[WARN] [1791035762.295889045] [mpc_corr]: ODOM non disponibile: stato ancora None
[WARN] [1791035762.395730094] [mpc_corr]: ODOM non disponibile: stato ancora None
[WARN] [1791035762.495442061] [mpc_corr]: ODOM non disponibile: stato ancora None
[WARN] [1791035762.595950790] [mpc_corr]: ODOM non disponibile: stato ancora None
[INFO] [1791035762.597269753] [mpc_corr]: PUB /drive | speed=+0.0000 steer=+0.0000 subs=1
[WARN] [1791035762.695933085] [mpc_corr]: ODOM non disponibile: stato ancora None
[WARN] [1791035762.795655340] [mpc_corr]: ODOM non disponibile: stato ancora None
[WARN] [1791035762.895632108] [mpc_corr]: ODOM non disponibile: stato ancora None
[WARN] [1791035762.995502709] [mpc_corr]: ODOM non disponibile: stato ancora None
[WARN] [1791035763.097675024] [mpc_corr]: ODOM non disponibile: stato ancora None
[WARN] [1791035763.195909462] [mpc_corr]: ODOM non disponibile: stato ancora None
[WARN] [1791035763.295822957] [mpc_corr]: ODOM non disponibile: stato ancora None
[WARN] [1791035763.395635240] [mpc_corr]: ODOM non disponibile: stato ancora None
[WARN] [1791035763.495050625] [mpc_corr]: ODOM non disponibile: stato ancora None
[WARN] [1791035763.596286268] [mpc_corr]: ODOM non disponibile: stato ancora None
[INFO] [1791035763.597607278] [mpc_corr]: PUB /drive | speed=+0.0000 steer=+0.0000 subs=1
[WARN] [1791035763.696000527] [mpc_corr]: ODOM non disponibile: stato ancora None
[WARN] [1791035763.795610111] [mpc_corr]: ODOM non disponibile: stato ancora None
[INFO] [1791035763.894374750] [mpc_corr]: ODOMSEL | src=None hw_age=infs sim_age=infs timeout=0.500s
[WARN] [1791035763.895791638] [mpc_corr]: ODOM non disponibile: stato ancora None
[WARN] [1791035763.995363269] [mpc_corr]: ODOM non disponibile: stato ancora None
[WARN] [1791035764.097706521] [mpc_corr]: ODOM non disponibile: stato ancora None
[WARN] [1791035764.196001262] [mpc_corr]: ODOM non disponibile: stato ancora None
[WARN] [1791035764.295815578] [mpc_corr]: ODOM non disponibile: stato ancora None
[WARN] [1791035764.395714317] [mpc_corr]: ODOM non disponibile: stato ancora None
[WARN] [1791035764.495055948] [mpc_corr]: ODOM non disponibile: stato ancora None
[WARN] [1791035764.595804586] [mpc_corr]: ODOM non disponibile: stato ancora None
[WARN] [1791035764.695659096] [mpc_corr]: ODOM non disponibile: stato ancora None
[INFO] [1791035764.696967207] [mpc_corr]: PUB /drive | speed=+0.0000 steer=+0.0000 subs=1
[WARN] [1791035764.795585853] [mpc_corr]: ODOM non disponibile: stato ancora None
[WARN] [1791035764.896099098] [mpc_corr]: ODOM non disponibile: stato ancora None
[WARN] [1791035764.995250343] [mpc_corr]: ODOM non disponibile: stato ancora None
[WARN] [1791035765.097662229] [mpc_corr]: ODOM non disponibile: stato ancora None
[WARN] [1791035765.195534319] [mpc_corr]: ODOM non disponibile: stato ancora None
[WARN] [1791035765.295543815] [mpc_corr]: ODOM non disponibile: stato ancora None
[WARN] [1791035765.395647340] [mpc_corr]: ODOM non disponibile: stato ancora None
[WARN] [1791035765.495047149] [mpc_corr]: ODOM non disponibile: stato ancora None
[WARN] [1791035765.595607425] [mpc_corr]: ODOM non disponibile: stato ancora None
[WARN] [1791035765.695550296] [mpc_corr]: ODOM non disponibile: stato ancora None
[WARN] [1791035765.795575695] [mpc_corr]: ODOM non disponibile: stato ancora None
[INFO] [1791035765.796866641] [mpc_corr]: PUB /drive | speed=+0.0000 steer=+0.0000 subs=1
[WARN] [1791035765.894981679] [mpc_corr]: ODOM non disponibile: stato ancora None
[INFO] [1791035765.994223019] [mpc_corr]: ODOMSEL | src=None hw_age=infs sim_age=infs timeout=0.500s
[WARN] [1791035765.995560594] [mpc_corr]: ODOM non disponibile: stato ancora None
[WARN] [1791035766.095612791] [mpc_corr]: ODOM non disponibile: stato ancora None
[WARN] [1791035766.195576906] [mpc_corr]: ODOM non disponibile: stato ancora None
[WARN] [1791035766.295387007] [mpc_corr]: ODOM non disponibile: stato ancora None
[WARN] [1791035766.395598058] [mpc_corr]: ODOM non disponibile: stato ancora None
[WARN] [1791035766.495205180] [mpc_corr]: ODOM non disponibile: stato ancora None
[WARN] [1791035766.595600166] [mpc_corr]: ODOM non disponibile: stato ancora None
[WARN] [1791035766.695465321] [mpc_corr]: ODOM non disponibile: stato ancora None
[WARN] [1791035766.795415983] [mpc_corr]: ODOM non disponibile: stato ancora None
[WARN] [1791035766.895548836] [mpc_corr]: ODOM non disponibile: stato ancora None
[INFO] [1791035766.896818995] [mpc_corr]: PUB /drive | speed=+0.0000 steer=+0.0000 subs=1
[WARN] [1791035766.995234226] [mpc_corr]: ODOM non disponibile: stato ancora None
[WARN] [1791035767.095577014] [mpc_corr]: ODOM non disponibile: stato ancora None
[WARN] [1791035767.195511457] [mpc_corr]: ODOM non disponibile: stato ancora None
[WARN] [1791035767.294887635] [mpc_corr]: ODOM non disponibile: stato ancora None
[WARN] [1791035767.395640201] [mpc_corr]: ODOM non disponibile: stato ancora None
[WARN] [1791035767.494982432] [mpc_corr]: ODOM non disponibile: stato ancora None
[WARN] [1791035767.595652433] [mpc_corr]: ODOM non disponibile: stato ancora None
[WARN] [1791035767.694618220] [mpc_corr]: ODOM non disponibile: stato ancora None
[WARN] [1791035767.795265650] [mpc_corr]: ODOM non disponibile: stato ancora None
[WARN] [1791035767.895402904] [mpc_corr]: ODOM non disponibile: stato ancora None
[WARN] [1791035767.995076446] [mpc_corr]: ODOM non disponibile: stato ancora None
[INFO] [1791035767.996322652] [mpc_corr]: PUB /drive | speed=+0.0000 steer=+0.0000 subs=1
[INFO] [1791035768.094091950] [mpc_corr]: ODOMSEL | src=None hw_age=infs sim_age=infs timeout=0.500s
[WARN] [1791035768.095315109] [mpc_corr]: ODOM non disponibile: stato ancora None
[WARN] [1791035768.194885592] [mpc_corr]: ODOM non disponibile: stato ancora None
[WARN] [1791035768.295054673] [mpc_corr]: ODOM non disponibile: stato ancora None
[WARN] [1791035768.395492333] [mpc_corr]: ODOM non disponibile: stato ancora None
[WARN] [1791035768.495489567] [mpc_corr]: ODOM non disponibile: stato ancora None
[WARN] [1791035768.596009612] [mpc_corr]: ODOM non disponibile: stato ancora None
[WARN] [1791035768.695446149] [mpc_corr]: ODOM non disponibile: stato ancora None
[WARN] [1791035768.795551083] [mpc_corr]: ODOM non disponibile: stato ancora None
[WARN] [1791035768.895460689] [mpc_corr]: ODOM non disponibile: stato ancora None
[WARN] [1791035768.995318259] [mpc_corr]: ODOM non disponibile: stato ancora None
[INFO] [1791035768.996607121] [mpc_corr]: PUB /drive | speed=+0.0000 steer=+0.0000 subs=1
[WARN] [1791035769.095527277] [mpc_corr]: ODOM non disponibile: stato ancora None
[WARN] [1791035769.195495015] [mpc_corr]: ODOM non disponibile: stato ancora None
[WARN] [1791035769.295399059] [mpc_corr]: ODOM non disponibile: stato ancora None
[WARN] [1791035769.395598393] [mpc_corr]: ODOM non disponibile: stato ancora None
[WARN] [1791035769.495287683] [mpc_corr]: ODOM non disponibile: stato ancora None
[WARN] [1791035769.595660727] [mpc_corr]: ODOM non disponibile: stato ancora None
[WARN] [1791035769.695638557] [mpc_corr]: ODOM non disponibile: stato ancora None
[WARN] [1791035769.794916749] [mpc_corr]: ODOM non disponibile: stato ancora None
[WARN] [1791035769.895525990] [mpc_corr]: ODOM non disponibile: stato ancora None
[WARN] [1791035769.995460516] [mpc_corr]: ODOM non disponibile: stato ancora None
[INFO] [1791035769.996740879] [mpc_corr]: PUB /drive | speed=+0.0000 steer=+0.0000 subs=1
[INFO] [1791035770.094169690] [mpc_corr]: ODOMSEL | src=None hw_age=infs sim_age=infs timeout=0.500s
[WARN] [1791035770.095474219] [mpc_corr]: ODOM non disponibile: stato ancora None
[WARN] [1791035770.195484051] [mpc_corr]: ODOM non disponibile: stato ancora None
[WARN] [1791035770.295438256] [mpc_corr]: ODOM non disponibile: stato ancora None
[WARN] [1791035770.395538837] [mpc_corr]: ODOM non disponibile: stato ancora None
[WARN] [1791035770.494952264] [mpc_corr]: ODOM non disponibile: stato ancora None
[WARN] [1791035770.595730442] [mpc_corr]: ODOM non disponibile: stato ancora None
[WARN] [1791035770.695432846] [mpc_corr]: ODOM non disponibile: stato ancora None
[WARN] [1791035770.795631458] [mpc_corr]: ODOM non disponibile: stato ancora None
[WARN] [1791035770.895560514] [mpc_corr]: ODOM non disponibile: stato ancora None
[WARN] [1791035770.995497644] [mpc_corr]: ODOM non disponibile: stato ancora None
[INFO] [1791035770.996775340] [mpc_corr]: PUB /drive | speed=+0.0000 steer=+0.0000 subs=1
[WARN] [1791035771.095520452] [mpc_corr]: ODOM non disponibile: stato ancora None
[WARN] [1791035771.195215823] [mpc_corr]: ODOM non disponibile: stato ancora None
[WARN] [1791035771.295597605] [mpc_corr]: ODOM non disponibile: stato ancora None
[WARN] [1791035771.395509665] [mpc_corr]: ODOM non disponibile: stato ancora None
[WARN] [1791035771.495016670] [mpc_corr]: ODOM non disponibile: stato ancora None
[WARN] [1791035771.595335389] [mpc_corr]: ODOM non disponibile: stato ancora None
[WARN] [1791035771.695651172] [mpc_corr]: ODOM non disponibile: stato ancora None
[WARN] [1791035771.795729951] [mpc_corr]: ODOM non disponibile: stato ancora None
[WARN] [1791035771.895567065] [mpc_corr]: ODOM non disponibile: stato ancora None
[WARN] [1791035771.995334294] [mpc_corr]: ODOM non disponibile: stato ancora None
[INFO] [1791035772.094361292] [mpc_corr]: ODOMSEL | src=None hw_age=infs sim_age=infs timeout=0.500s
[WARN] [1791035772.095680812] [mpc_corr]: ODOM non disponibile: stato ancora None
[INFO] [1791035772.096882389] [mpc_corr]: PUB /drive | speed=+0.0000 steer=+0.0000 subs=1
[WARN] [1791035772.195592357] [mpc_corr]: ODOM non disponibile: stato ancora None
[WARN] [1791035772.295679149] [mpc_corr]: ODOM non disponibile: stato ancora None
[WARN] [1791035772.395608787] [mpc_corr]: ODOM non disponibile: stato ancora None
[WARN] [1791035772.495258578] [mpc_corr]: ODOM non disponibile: stato ancora None
[WARN] [1791035772.595440109] [mpc_corr]: ODOM non disponibile: stato ancora None
[WARN] [1791035772.695574150] [mpc_corr]: ODOM non disponibile: stato ancora None
[WARN] [1791035772.795831336] [mpc_corr]: ODOM non disponibile: stato ancora None
[WARN] [1791035772.895521887] [mpc_corr]: ODOM non disponibile: stato ancora None
[WARN] [1791035772.995403106] [mpc_corr]: ODOM non disponibile: stato ancora None
[WARN] [1791035773.095720487] [mpc_corr]: ODOM non disponibile: stato ancora None
[INFO] [1791035773.097080403] [mpc_corr]: PUB /drive | speed=+0.0000 steer=+0.0000 subs=1
[WARN] [1791035773.195612833] [mpc_corr]: ODOM non disponibile: stato ancora None
[WARN] [1791035773.295786275] [mpc_corr]: ODOM non disponibile: stato ancora None
[WARN] [1791035773.395734933] [mpc_corr]: ODOM non disponibile: stato ancora None
[WARN] [1791035773.494893517] [mpc_corr]: ODOM non disponibile: stato ancora None
[WARN] [1791035773.595784675] [mpc_corr]: ODOM non disponibile: stato ancora None
[WARN] [1791035773.695646994] [mpc_corr]: ODOM non disponibile: stato ancora None
[WARN] [1791035773.795668587] [mpc_corr]: ODOM non disponibile: stato ancora None
[WARN] [1791035773.894786736] [mpc_corr]: ODOM non disponibile: stato ancora None
[WARN] [1791035773.995524832] [mpc_corr]: ODOM non disponibile: stato ancora None
[INFO] [1791035774.094403201] [mpc_corr]: ODOMSEL | src=None hw_age=infs sim_age=infs timeout=0.500s
[WARN] [1791035774.095745932] [mpc_corr]: ODOM non disponibile: stato ancora None
[WARN] [1791035774.195469087] [mpc_corr]: ODOM non disponibile: stato ancora None
[INFO] [1791035774.196749348] [mpc_corr]: PUB /drive | speed=+0.0000 steer=+0.0000 subs=1
[WARN] [1791035774.295752401] [mpc_corr]: ODOM non disponibile: stato ancora None
[WARN] [1791035774.395618723] [mpc_corr]: ODOM non disponibile: stato ancora None
[WARN] [1791035774.494921167] [mpc_corr]: ODOM non disponibile: stato ancora None
[WARN] [1791035774.595502299] [mpc_corr]: ODOM non disponibile: stato ancora None
[WARN] [1791035774.695129995] [mpc_corr]: ODOM non disponibile: stato ancora None
[WARN] [1791035774.795739330] [mpc_corr]: ODOM non disponibile: stato ancora None
[WARN] [1791035774.895622652] [mpc_corr]: ODOM non disponibile: stato ancora None
[WARN] [1791035774.995358551] [mpc_corr]: ODOM non disponibile: stato ancora None
[WARN] [1791035775.095613998] [mpc_corr]: ODOM non disponibile: stato ancora None
[WARN] [1791035775.195559478] [mpc_corr]: ODOM non disponibile: stato ancora None
[INFO] [1791035775.196868878] [mpc_corr]: PUB /drive | speed=+0.0000 steer=+0.0000 subs=1
[WARN] [1791035775.295628629] [mpc_corr]: ODOM non disponibile: stato ancora None
[WARN] [1791035775.395641904] [mpc_corr]: ODOM non disponibile: stato ancora None
[WARN] [1791035775.495141543] [mpc_corr]: ODOM non disponibile: stato ancora None
[WARN] [1791035775.595541413] [mpc_corr]: ODOM non disponibile: stato ancora None
[WARN] [1791035775.695565624] [mpc_corr]: ODOM non disponibile: stato ancora None
[WARN] [1791035775.795719065] [mpc_corr]: ODOM non disponibile: stato ancora None
[WARN] [1791035775.895554891] [mpc_corr]: ODOM non disponibile: stato ancora None
[WARN] [1791035775.995442382] [mpc_corr]: ODOM non disponibile: stato ancora None
[WARN] [1791035776.095415895] [mpc_corr]: ODOM non disponibile: stato ancora None
[INFO] [1791035776.194287290] [mpc_corr]: ODOMSEL | src=None hw_age=infs sim_age=infs timeout=0.500s
[WARN] [1791035776.195611106] [mpc_corr]: ODOM non disponibile: stato ancora None
[WARN] [1791035776.295579877] [mpc_corr]: ODOM non disponibile: stato ancora None
[INFO] [1791035776.296927998] [mpc_corr]: PUB /drive | speed=+0.0000 steer=+0.0000 subs=1
[WARN] [1791035776.395470397] [mpc_corr]: ODOM non disponibile: stato ancora None
[WARN] [1791035776.495538757] [mpc_corr]: ODOM non disponibile: stato ancora None
[WARN] [1791035776.595599304] [mpc_corr]: ODOM non disponibile: stato ancora None
[WARN] [1791035776.695575408] [mpc_corr]: ODOM non disponibile: stato ancora None
[WARN] [1791035776.795576662] [mpc_corr]: ODOM non disponibile: stato ancora None
[WARN] [1791035776.895531989] [mpc_corr]: ODOM non disponibile: stato ancora None
[WARN] [1791035776.995481361] [mpc_corr]: ODOM non disponibile: stato ancora None
[WARN] [1791035777.095621846] [mpc_corr]: ODOM non disponibile: stato ancora None
[WARN] [1791035777.195572871] [mpc_corr]: ODOM non disponibile: stato ancora None
[WARN] [1791035777.295551942] [mpc_corr]: ODOM non disponibile: stato ancora None
[WARN] [1791035777.395501070] [mpc_corr]: ODOM non disponibile: stato ancora None
[INFO] [1791035777.396797979] [mpc_corr]: PUB /drive | speed=+0.0000 steer=+0.0000 subs=1
[WARN] [1791035777.495614098] [mpc_corr]: ODOM non disponibile: stato ancora None
[WARN] [1791035777.594794571] [mpc_corr]: ODOM non disponibile: stato ancora None
[WARN] [1791035777.695633476] [mpc_corr]: ODOM non disponibile: stato ancora None
[WARN] [1791035777.797248163] [mpc_corr]: ODOM non disponibile: stato ancora None
[WARN] [1791035777.895132424] [mpc_corr]: ODOM non disponibile: stato ancora None
[WARN] [1791035777.995407896] [mpc_corr]: ODOM non disponibile: stato ancora None
[WARN] [1791035778.095627642] [mpc_corr]: ODOM non disponibile: stato ancora None
[INFO] [1791035778.194549570] [mpc_corr]: ODOMSEL | src=None hw_age=infs sim_age=infs timeout=0.500s
[WARN] [1791035778.195874757] [mpc_corr]: ODOM non disponibile: stato ancora None
[WARN] [1791035778.295582097] [mpc_corr]: ODOM non disponibile: stato ancora None
[WARN] [1791035778.395568541] [mpc_corr]: ODOM non disponibile: stato ancora None
[INFO] [1791035778.396869486] [mpc_corr]: PUB /drive | speed=+0.0000 steer=+0.0000 subs=1
[WARN] [1791035778.495454395] [mpc_corr]: ODOM non disponibile: stato ancora None
[WARN] [1791035778.595596789] [mpc_corr]: ODOM non disponibile: stato ancora None
[WARN] [1791035778.695317930] [mpc_corr]: ODOM non disponibile: stato ancora None
[WARN] [1791035778.795590285] [mpc_corr]: ODOM non disponibile: stato ancora None
[WARN] [1791035778.895542860] [mpc_corr]: ODOM non disponibile: stato ancora None
[WARN] [1791035778.995480583] [mpc_corr]: ODOM non disponibile: stato ancora None
[WARN] [1791035779.095714712] [mpc_corr]: ODOM non disponibile: stato ancora None
[WARN] [1791035779.195594005] [mpc_corr]: ODOM non disponibile: stato ancora None
[WARN] [1791035779.295729487] [mpc_corr]: ODOM non disponibile: stato ancora None
[WARN] [1791035779.395641687] [mpc_corr]: ODOM non disponibile: stato ancora None
[INFO] [1791035779.396899059] [mpc_corr]: PUB /drive | speed=+0.0000 steer=+0.0000 subs=1
[WARN] [1791035779.495445527] [mpc_corr]: ODOM non disponibile: stato ancora None
[WARN] [1791035779.595651397] [mpc_corr]: ODOM non disponibile: stato ancora None
[WARN] [1791035779.695546578] [mpc_corr]: ODOM non disponibile: stato ancora None
[WARN] [1791035779.795948930] [mpc_corr]: ODOM non disponibile: stato ancora None
[WARN] [1791035779.895590358] [mpc_corr]: ODOM non disponibile: stato ancora None
[WARN] [1791035779.995299154] [mpc_corr]: ODOM non disponibile: stato ancora None
[WARN] [1791035780.096238160] [mpc_corr]: ODOM non disponibile: stato ancora None
[WARN] [1791035780.195771667] [mpc_corr]: ODOM non disponibile: stato ancora None
[INFO] [1791035780.294370175] [mpc_corr]: ODOMSEL | src=None hw_age=infs sim_age=infs timeout=0.500s
[WARN] [1791035780.296661934] [mpc_corr]: ODOM non disponibile: stato ancora None
[WARN] [1791035780.395547705] [mpc_corr]: ODOM non disponibile: stato ancora None
[INFO] [1791035780.396925593] [mpc_corr]: PUB /drive | speed=+0.0000 steer=+0.0000 subs=1
[WARN] [1791035780.496662133] [mpc_corr]: ODOM non disponibile: stato ancora None
[WARN] [1791035780.595701696] [mpc_corr]: ODOM non disponibile: stato ancora None
[WARN] [1791035780.695893774] [mpc_corr]: ODOM non disponibile: stato ancora None
[WARN] [1791035780.795824365] [mpc_corr]: ODOM non disponibile: stato ancora None
[WARN] [1791035780.895453839] [mpc_corr]: ODOM non disponibile: stato ancora None
[WARN] [1791035780.996945638] [mpc_corr]: ODOM non disponibile: stato ancora None
[WARN] [1791035781.095739071] [mpc_corr]: ODOM non disponibile: stato ancora None
[WARN] [1791035781.195677231] [mpc_corr]: ODOM non disponibile: stato ancora None
[WARN] [1791035781.295330286] [mpc_corr]: ODOM non disponibile: stato ancora None
[WARN] [1791035781.395316564] [mpc_corr]: ODOM non disponibile: stato ancora None
[WARN] [1791035781.495407453] [mpc_corr]: ODOM non disponibile: stato ancora None
[INFO] [1791035781.496741537] [mpc_corr]: PUB /drive | speed=+0.0000 steer=+0.0000 subs=1
[WARN] [1791035781.595900481] [mpc_corr]: ODOM non disponibile: stato ancora None
[WARN] [1791035781.695604460] [mpc_corr]: ODOM non disponibile: stato ancora None
[WARN] [1791035781.795828448] [mpc_corr]: ODOM non disponibile: stato ancora None
[WARN] [1791035781.895644008] [mpc_corr]: ODOM non disponibile: stato ancora None
[WARN] [1791035781.995643433] [mpc_corr]: ODOM non disponibile: stato ancora None
[WARN] [1791035782.095701100] [mpc_corr]: ODOM non disponibile: stato ancora None
[WARN] [1791035782.195776880] [mpc_corr]: ODOM non disponibile: stato ancora None
[INFO] [1791035782.294560270] [mpc_corr]: ODOMSEL | src=None hw_age=infs sim_age=infs timeout=0.500s
[WARN] [1791035782.296082509] [mpc_corr]: ODOM non disponibile: stato ancora None
[WARN] [1791035782.395415064] [mpc_corr]: ODOM non disponibile: stato ancora None
[WARN] [1791035782.495213129] [mpc_corr]: ODOM non disponibile: stato ancora None
[WARN] [1791035782.595637171] [mpc_corr]: ODOM non disponibile: stato ancora None
[INFO] [1791035782.597620464] [mpc_corr]: PUB /drive | speed=+0.0000 steer=+0.0000 subs=1
[WARN] [1791035782.695712294] [mpc_corr]: ODOM non disponibile: stato ancora None
[WARN] [1791035782.795791325] [mpc_corr]: ODOM non disponibile: stato ancora None
[WARN] [1791035782.895698905] [mpc_corr]: ODOM non disponibile: stato ancora None
[WARN] [1791035782.995467943] [mpc_corr]: ODOM non disponibile: stato ancora None
[WARN] [1791035783.095653270] [mpc_corr]: ODOM non disponibile: stato ancora None
[WARN] [1791035783.195511129] [mpc_corr]: ODOM non disponibile: stato ancora None
[WARN] [1791035783.295967781] [mpc_corr]: ODOM non disponibile: stato ancora None
[WARN] [1791035783.395544895] [mpc_corr]: ODOM non disponibile: stato ancora None
[WARN] [1791035783.495231296] [mpc_corr]: ODOM non disponibile: stato ancora None
[WARN] [1791035783.595819070] [mpc_corr]: ODOM non disponibile: stato ancora None
[WARN] [1791035783.695827097] [mpc_corr]: ODOM non disponibile: stato ancora None
[INFO] [1791035783.697348280] [mpc_corr]: PUB /drive | speed=+0.0000 steer=+0.0000 subs=1
[WARN] [1791035783.795653544] [mpc_corr]: ODOM non disponibile: stato ancora None
[WARN] [1791035783.895660117] [mpc_corr]: ODOM non disponibile: stato ancora None
[WARN] [1791035783.995544942] [mpc_corr]: ODOM non disponibile: stato ancora None
[WARN] [1791035784.096056553] [mpc_corr]: ODOM non disponibile: stato ancora None
[WARN] [1791035784.195861986] [mpc_corr]: ODOM non disponibile: stato ancora None
[INFO] [1791035784.294637031] [mpc_corr]: ODOMSEL | src=None hw_age=infs sim_age=infs timeout=0.500s
[WARN] [1791035784.296051910] [mpc_corr]: ODOM non disponibile: stato ancora None
[WARN] [1791035784.395578302] [mpc_corr]: ODOM non disponibile: stato ancora None
[WARN] [1791035784.494656274] [mpc_corr]: ODOM non disponibile: stato ancora None
[WARN] [1791035784.595467775] [mpc_corr]: ODOM non disponibile: stato ancora None
[WARN] [1791035784.695554332] [mpc_corr]: ODOM non disponibile: stato ancora None
[WARN] [1791035784.795857013] [mpc_corr]: ODOM non disponibile: stato ancora None
[INFO] [1791035784.797305151] [mpc_corr]: PUB /drive | speed=+0.0000 steer=+0.0000 subs=1
[WARN] [1791035784.895734611] [mpc_corr]: ODOM non disponibile: stato ancora None
[WARN] [1791035784.995537580] [mpc_corr]: ODOM non disponibile: stato ancora None
[WARN] [1791035785.096045408] [mpc_corr]: ODOM non disponibile: stato ancora None
[WARN] [1791035785.195856658] [mpc_corr]: ODOM non disponibile: stato ancora None
[WARN] [1791035785.295884895] [mpc_corr]: ODOM non disponibile: stato ancora None
[WARN] [1791035785.395561362] [mpc_corr]: ODOM non disponibile: stato ancora None
[WARN] [1791035785.495390240] [mpc_corr]: ODOM non disponibile: stato ancora None
[WARN] [1791035785.595837116] [mpc_corr]: ODOM non disponibile: stato ancora None
[WARN] [1791035785.695601289] [mpc_corr]: ODOM non disponibile: stato ancora None
[WARN] [1791035785.795773199] [mpc_corr]: ODOM non disponibile: stato ancora None
[INFO] [1791035785.797319215] [mpc_corr]: PUB /drive | speed=+0.0000 steer=+0.0000 subs=1
[WARN] [1791035785.895604624] [mpc_corr]: ODOM non disponibile: stato ancora None
[WARN] [1791035785.995689434] [mpc_corr]: ODOM non disponibile: stato ancora None
[WARN] [1791035786.095886707] [mpc_corr]: ODOM non disponibile: stato ancora None
[WARN] [1791035786.195645305] [mpc_corr]: ODOM non disponibile: stato ancora None
[INFO] [1791035786.294705573] [mpc_corr]: ODOMSEL | src=None hw_age=infs sim_age=infs timeout=0.500s
[WARN] [1791035786.296144629] [mpc_corr]: ODOM non disponibile: stato ancora None
[WARN] [1791035786.395587685] [mpc_corr]: ODOM non disponibile: stato ancora None
[WARN] [1791035786.495364200] [mpc_corr]: ODOM non disponibile: stato ancora None
[WARN] [1791035786.596018297] [mpc_corr]: ODOM non disponibile: stato ancora None
[WARN] [1791035786.695890845] [mpc_corr]: ODOM non disponibile: stato ancora None
[WARN] [1791035786.795286640] [mpc_corr]: ODOM non disponibile: stato ancora None
[WARN] [1791035786.895528505] [mpc_corr]: ODOM non disponibile: stato ancora None
[INFO] [1791035786.896855738] [mpc_corr]: PUB /drive | speed=+0.0000 steer=+0.0000 subs=1
[WARN] [1791035786.995420785] [mpc_corr]: ODOM non disponibile: stato ancora None
[WARN] [1791035787.095983713] [mpc_corr]: ODOM non disponibile: stato ancora None
[WARN] [1791035787.195525327] [mpc_corr]: ODOM non disponibile: stato ancora None
[WARN] [1791035787.295804001] [mpc_corr]: ODOM non disponibile: stato ancora None
[WARN] [1791035787.395037714] [mpc_corr]: ODOM non disponibile: stato ancora None
[WARN] [1791035787.495746657] [mpc_corr]: ODOM non disponibile: stato ancora None
[WARN] [1791035787.595910944] [mpc_corr]: ODOM non disponibile: stato ancora None
[WARN] [1791035787.695844272] [mpc_corr]: ODOM non disponibile: stato ancora None
[WARN] [1791035787.795569435] [mpc_corr]: ODOM non disponibile: stato ancora None
[WARN] [1791035787.895580649] [mpc_corr]: ODOM non disponibile: stato ancora None
[INFO] [1791035787.896963345] [mpc_corr]: PUB /drive | speed=+0.0000 steer=+0.0000 subs=1
[WARN] [1791035787.995809065] [mpc_corr]: ODOM non disponibile: stato ancora None
[WARN] [1791035788.095808544] [mpc_corr]: ODOM non disponibile: stato ancora None
[WARN] [1791035788.195566936] [mpc_corr]: ODOM non disponibile: stato ancora None
[WARN] [1791035788.294941584] [mpc_corr]: ODOM non disponibile: stato ancora None
[INFO] [1791035788.394277326] [mpc_corr]: ODOMSEL | src=None hw_age=infs sim_age=infs timeout=0.500s
[WARN] [1791035788.395649428] [mpc_corr]: ODOM non disponibile: stato ancora None
[WARN] [1791035788.495550762] [mpc_corr]: ODOM non disponibile: stato ancora None
[WARN] [1791035788.595801430] [mpc_corr]: ODOM non disponibile: stato ancora None
[WARN] [1791035788.695609089] [mpc_corr]: ODOM non disponibile: stato ancora None
[WARN] [1791035788.795609956] [mpc_corr]: ODOM non disponibile: stato ancora None
[WARN] [1791035788.895908861] [mpc_corr]: ODOM non disponibile: stato ancora None
[INFO] [1791035788.897210113] [mpc_corr]: PUB /drive | speed=+0.0000 steer=+0.0000 subs=1
[WARN] [1791035788.995709732] [mpc_corr]: ODOM non disponibile: stato ancora None
[WARN] [1791035789.096008994] [mpc_corr]: ODOM non disponibile: stato ancora None
[WARN] [1791035789.195829481] [mpc_corr]: ODOM non disponibile: stato ancora None
[WARN] [1791035789.295804714] [mpc_corr]: ODOM non disponibile: stato ancora None
[WARN] [1791035789.395542859] [mpc_corr]: ODOM non disponibile: stato ancora None
[WARN] [1791035789.495326049] [mpc_corr]: ODOM non disponibile: stato ancora None
[WARN] [1791035789.595959983] [mpc_corr]: ODOM non disponibile: stato ancora None
[WARN] [1791035789.695858873] [mpc_corr]: ODOM non disponibile: stato ancora None
[WARN] [1791035789.795466577] [mpc_corr]: ODOM non disponibile: stato ancora None
[WARN] [1791035789.895727814] [mpc_corr]: ODOM non disponibile: stato ancora None
[WARN] [1791035789.995691100] [mpc_corr]: ODOM non disponibile: stato ancora None
[INFO] [1791035789.996988259] [mpc_corr]: PUB /drive | speed=+0.0000 steer=+0.0000 subs=1
[WARN] [1791035790.095650232] [mpc_corr]: ODOM non disponibile: stato ancora None
[WARN] [1791035790.195538878] [mpc_corr]: ODOM non disponibile: stato ancora None
[WARN] [1791035790.295823145] [mpc_corr]: ODOM non disponibile: stato ancora None
[INFO] [1791035790.394373512] [mpc_corr]: ODOMSEL | src=None hw_age=infs sim_age=infs timeout=0.500s
[WARN] [1791035790.395728910] [mpc_corr]: ODOM non disponibile: stato ancora None
[WARN] [1791035790.495541872] [mpc_corr]: ODOM non disponibile: stato ancora None
[WARN] [1791035790.595786196] [mpc_corr]: ODOM non disponibile: stato ancora None
[WARN] [1791035790.695679008] [mpc_corr]: ODOM non disponibile: stato ancora None
[WARN] [1791035790.795414073] [mpc_corr]: ODOM non disponibile: stato ancora None
[WARN] [1791035790.895451170] [mpc_corr]: ODOM non disponibile: stato ancora None
[WARN] [1791035790.995478451] [mpc_corr]: ODOM non disponibile: stato ancora None
[WARN] [1791035791.095766673] [mpc_corr]: ODOM non disponibile: stato ancora None
[INFO] [1791035791.097235829] [mpc_corr]: PUB /drive | speed=+0.0000 steer=+0.0000 subs=1
[WARN] [1791035791.195456350] [mpc_corr]: ODOM non disponibile: stato ancora None
[WARN] [1791035791.295503838] [mpc_corr]: ODOM non disponibile: stato ancora None
[WARN] [1791035791.395395274] [mpc_corr]: ODOM non disponibile: stato ancora None
[WARN] [1791035791.495520595] [mpc_corr]: ODOM non disponibile: stato ancora None
[WARN] [1791035791.595869448] [mpc_corr]: ODOM non disponibile: stato ancora None
[WARN] [1791035791.695579211] [mpc_corr]: ODOM non disponibile: stato ancora None
[WARN] [1791035791.795411138] [mpc_corr]: ODOM non disponibile: stato ancora None
[WARN] [1791035791.895388157] [mpc_corr]: ODOM non disponibile: stato ancora None
[WARN] [1791035791.995385572] [mpc_corr]: ODOM non disponibile: stato ancora None
[WARN] [1791035792.095847860] [mpc_corr]: ODOM non disponibile: stato ancora None
[INFO] [1791035792.097342146] [mpc_corr]: PUB /drive | speed=+0.0000 steer=+0.0000 subs=1
[WARN] [1791035792.195848594] [mpc_corr]: ODOM non disponibile: stato ancora None
[WARN] [1791035792.295407349] [mpc_corr]: ODOM non disponibile: stato ancora None
[WARN] [1791035792.395526626] [mpc_corr]: ODOM non disponibile: stato ancora None
[INFO] [1791035792.494249561] [mpc_corr]: ODOMSEL | src=None hw_age=infs sim_age=infs timeout=0.500s
[WARN] [1791035792.496111589] [mpc_corr]: ODOM non disponibile: stato ancora None
[WARN] [1791035792.595653915] [mpc_corr]: ODOM non disponibile: stato ancora None
[WARN] [1791035792.695196324] [mpc_corr]: ODOM non disponibile: stato ancora None
[WARN] [1791035792.795665187] [mpc_corr]: ODOM non disponibile: stato ancora None
[WARN] [1791035792.895387842] [mpc_corr]: ODOM non disponibile: stato ancora None
[WARN] [1791035792.995677996] [mpc_corr]: ODOM non disponibile: stato ancora None
[WARN] [1791035793.095991347] [mpc_corr]: ODOM non disponibile: stato ancora None
[INFO] [1791035793.097406189] [mpc_corr]: PUB /drive | speed=+0.0000 steer=+0.0000 subs=1
[WARN] [1791035793.195842689] [mpc_corr]: ODOM non disponibile: stato ancora None
[WARN] [1791035793.295808704] [mpc_corr]: ODOM non disponibile: stato ancora None
[WARN] [1791035793.395497036] [mpc_corr]: ODOM non disponibile: stato ancora None
[WARN] [1791035793.495706646] [mpc_corr]: ODOM non disponibile: stato ancora None
[WARN] [1791035793.596214336] [mpc_corr]: ODOM non disponibile: stato ancora None
[WARN] [1791035793.696160686] [mpc_corr]: ODOM non disponibile: stato ancora None
[WARN] [1791035793.795666034] [mpc_corr]: ODOM non disponibile: stato ancora None
[WARN] [1791035793.895906525] [mpc_corr]: ODOM non disponibile: stato ancora None
[WARN] [1791035793.995992344] [mpc_corr]: ODOM non disponibile: stato ancora None
[WARN] [1791035794.096117895] [mpc_corr]: ODOM non disponibile: stato ancora None
[INFO] [1791035794.097638819] [mpc_corr]: PUB /drive | speed=+0.0000 steer=+0.0000 subs=1
[WARN] [1791035794.195925474] [mpc_corr]: ODOM non disponibile: stato ancora None
[WARN] [1791035794.296010212] [mpc_corr]: ODOM non disponibile: stato ancora None
[WARN] [1791035794.395161478] [mpc_corr]: ODOM non disponibile: stato ancora None
[INFO] [1791035794.494326436] [mpc_corr]: ODOMSEL | src=None hw_age=infs sim_age=infs timeout=0.500s
[WARN] [1791035794.495879443] [mpc_corr]: ODOM non disponibile: stato ancora None
[WARN] [1791035794.596228618] [mpc_corr]: ODOM non disponibile: stato ancora None
[WARN] [1791035794.695942761] [mpc_corr]: ODOM non disponibile: stato ancora None
[WARN] [1791035794.795825291] [mpc_corr]: ODOM non disponibile: stato ancora None
[WARN] [1791035794.896018805] [mpc_corr]: ODOM non disponibile: stato ancora None
[WARN] [1791035794.995555916] [mpc_corr]: ODOM non disponibile: stato ancora None
[WARN] [1791035795.096068704] [mpc_corr]: ODOM non disponibile: stato ancora None
[WARN] [1791035795.195891350] [mpc_corr]: ODOM non disponibile: stato ancora None
[INFO] [1791035795.197287572] [mpc_corr]: PUB /drive | speed=+0.0000 steer=+0.0000 subs=1
[WARN] [1791035795.295989711] [mpc_corr]: ODOM non disponibile: stato ancora None
[WARN] [1791035795.395702988] [mpc_corr]: ODOM non disponibile: stato ancora None
[WARN] [1791035795.495656159] [mpc_corr]: ODOM non disponibile: stato ancora None
[WARN] [1791035795.595971108] [mpc_corr]: ODOM non disponibile: stato ancora None
[WARN] [1791035795.696214742] [mpc_corr]: ODOM non disponibile: stato ancora None
[WARN] [1791035795.795644588] [mpc_corr]: ODOM non disponibile: stato ancora None
[WARN] [1791035795.895942141] [mpc_corr]: ODOM non disponibile: stato ancora None
[WARN] [1791035795.995749916] [mpc_corr]: ODOM non disponibile: stato ancora None
[WARN] [1791035796.096118942] [mpc_corr]: ODOM non disponibile: stato ancora None
[WARN] [1791035796.196053617] [mpc_corr]: ODOM non disponibile: stato ancora None
[INFO] [1791035796.197455534] [mpc_corr]: PUB /drive | speed=+0.0000 steer=+0.0000 subs=1
[WARN] [1791035796.295920330] [mpc_corr]: ODOM non disponibile: stato ancora None
[WARN] [1791035796.395629573] [mpc_corr]: ODOM non disponibile: stato ancora None
[WARN] [1791035796.495377723] [mpc_corr]: ODOM non disponibile: stato ancora None
[INFO] [1791035796.594750427] [mpc_corr]: ODOMSEL | src=None hw_age=infs sim_age=infs timeout=0.500s
[WARN] [1791035796.596381098] [mpc_corr]: ODOM non disponibile: stato ancora None
[WARN] [1791035796.695911872] [mpc_corr]: ODOM non disponibile: stato ancora None
[WARN] [1791035796.795727341] [mpc_corr]: ODOM non disponibile: stato ancora None
[WARN] [1791035796.896018101] [mpc_corr]: ODOM non disponibile: stato ancora None
[WARN] [1791035796.995931738] [mpc_corr]: ODOM non disponibile: stato ancora None
[WARN] [1791035797.096183205] [mpc_corr]: ODOM non disponibile: stato ancora None
[WARN] [1791035797.195911267] [mpc_corr]: ODOM non disponibile: stato ancora None
[WARN] [1791035797.294854233] [mpc_corr]: ODOM non disponibile: stato ancora None
[INFO] [1791035797.295969544] [mpc_corr]: PUB /drive | speed=+0.0000 steer=+0.0000 subs=1
[WARN] [1791035797.395714336] [mpc_corr]: ODOM non disponibile: stato ancora None
[WARN] [1791035797.495408963] [mpc_corr]: ODOM non disponibile: stato ancora None
[WARN] [1791035797.595814242] [mpc_corr]: ODOM non disponibile: stato ancora None
[WARN] [1791035797.695693106] [mpc_corr]: ODOM non disponibile: stato ancora None
[WARN] [1791035797.795719736] [mpc_corr]: ODOM non disponibile: stato ancora None
[WARN] [1791035797.895552476] [mpc_corr]: ODOM non disponibile: stato ancora None
[WARN] [1791035797.995691334] [mpc_corr]: ODOM non disponibile: stato ancora None
[WARN] [1791035798.095850371] [mpc_corr]: ODOM non disponibile: stato ancora None
[WARN] [1791035798.195675295] [mpc_corr]: ODOM non disponibile: stato ancora None
[WARN] [1791035798.295246307] [mpc_corr]: ODOM non disponibile: stato ancora None
[INFO] [1791035798.296577141] [mpc_corr]: PUB /drive | speed=+0.0000 steer=+0.0000 subs=1
[WARN] [1791035798.395673043] [mpc_corr]: ODOM non disponibile: stato ancora None
[WARN] [1791035798.495226546] [mpc_corr]: ODOM non disponibile: stato ancora None
[WARN] [1791035798.595457045] [mpc_corr]: ODOM non disponibile: stato ancora None
[INFO] [1791035798.694171240] [mpc_corr]: ODOMSEL | src=None hw_age=infs sim_age=infs timeout=0.500s
[WARN] [1791035798.695583611] [mpc_corr]: ODOM non disponibile: stato ancora None
[WARN] [1791035798.795667928] [mpc_corr]: ODOM non disponibile: stato ancora None
[WARN] [1791035798.895396715] [mpc_corr]: ODOM non disponibile: stato ancora None
[WARN] [1791035798.995342365] [mpc_corr]: ODOM non disponibile: stato ancora None
[WARN] [1791035799.095374072] [mpc_corr]: ODOM non disponibile: stato ancora None
[WARN] [1791035799.195284868] [mpc_corr]: ODOM non disponibile: stato ancora None
[WARN] [1791035799.295101175] [mpc_corr]: ODOM non disponibile: stato ancora None
[WARN] [1791035799.395141422] [mpc_corr]: ODOM non disponibile: stato ancora None
[INFO] [1791035799.396432758] [mpc_corr]: PUB /drive | speed=+0.0000 steer=+0.0000 subs=1
[WARN] [1791035799.495498311] [mpc_corr]: ODOM non disponibile: stato ancora None
[WARN] [1791035799.595740943] [mpc_corr]: ODOM non disponibile: stato ancora None
[WARN] [1791035799.695335272] [mpc_corr]: ODOM non disponibile: stato ancora None
[WARN] [1791035799.795488258] [mpc_corr]: ODOM non disponibile: stato ancora None
[WARN] [1791035799.895487886] [mpc_corr]: ODOM non disponibile: stato ancora None
[WARN] [1791035799.995178538] [mpc_corr]: ODOM non disponibile: stato ancora None
[WARN] [1791035800.095707406] [mpc_corr]: ODOM non disponibile: stato ancora None
[WARN] [1791035800.195578721] [mpc_corr]: ODOM non disponibile: stato ancora None
[WARN] [1791035800.295128240] [mpc_corr]: ODOM non disponibile: stato ancora None
[WARN] [1791035800.395197184] [mpc_corr]: ODOM non disponibile: stato ancora None
[INFO] [1791035800.396493419] [mpc_corr]: PUB /drive | speed=+0.0000 steer=+0.0000 subs=1
[WARN] [1791035800.495011615] [mpc_corr]: ODOM non disponibile: stato ancora None
[WARN] [1791035800.595293241] [mpc_corr]: ODOM non disponibile: stato ancora None
[INFO] [1791035800.694239809] [mpc_corr]: ODOMSEL | src=None hw_age=infs sim_age=infs timeout=0.500s
[WARN] [1791035800.695632124] [mpc_corr]: ODOM non disponibile: stato ancora None
[WARN] [1791035800.795211846] [mpc_corr]: ODOM non disponibile: stato ancora None
[WARN] [1791035800.895241838] [mpc_corr]: ODOM non disponibile: stato ancora None
[WARN] [1791035800.995485241] [mpc_corr]: ODOM non disponibile: stato ancora None
[WARN] [1791035801.095399637] [mpc_corr]: ODOM non disponibile: stato ancora None
[WARN] [1791035801.195385030] [mpc_corr]: ODOM non disponibile: stato ancora None
[WARN] [1791035801.295227783] [mpc_corr]: ODOM non disponibile: stato ancora None
[WARN] [1791035801.395158344] [mpc_corr]: ODOM non disponibile: stato ancora None
[WARN] [1791035801.495060323] [mpc_corr]: ODOM non disponibile: stato ancora None
[INFO] [1791035801.496620459] [mpc_corr]: PUB /drive | speed=+0.0000 steer=+0.0000 subs=1
[WARN] [1791035801.595523411] [mpc_corr]: ODOM non disponibile: stato ancora None
[WARN] [1791035801.695245735] [mpc_corr]: ODOM non disponibile: stato ancora None
[WARN] [1791035801.795169556] [mpc_corr]: ODOM non disponibile: stato ancora None
[WARN] [1791035801.895182237] [mpc_corr]: ODOM non disponibile: stato ancora None
[WARN] [1791035801.995464559] [mpc_corr]: ODOM non disponibile: stato ancora None
[WARN] [1791035802.095419660] [mpc_corr]: ODOM non disponibile: stato ancora None
[WARN] [1791035802.195324624] [mpc_corr]: ODOM non disponibile: stato ancora None
[WARN] [1791035802.295209171] [mpc_corr]: ODOM non disponibile: stato ancora None
[WARN] [1791035802.395137945] [mpc_corr]: ODOM non disponibile: stato ancora None
[WARN] [1791035802.495289902] [mpc_corr]: ODOM non disponibile: stato ancora None
[WARN] [1791035802.595407195] [mpc_corr]: ODOM non disponibile: stato ancora None
[INFO] [1791035802.596985803] [mpc_corr]: PUB /drive | speed=+0.0000 steer=+0.0000 subs=1
[INFO] [1791035802.694398407] [mpc_corr]: ODOMSEL | src=None hw_age=infs sim_age=infs timeout=0.500s
[WARN] [1791035802.695773761] [mpc_corr]: ODOM non disponibile: stato ancora None
[WARN] [1791035802.795216871] [mpc_corr]: ODOM non disponibile: stato ancora None
[WARN] [1791035802.895216768] [mpc_corr]: ODOM non disponibile: stato ancora None
[WARN] [1791035802.995487354] [mpc_corr]: ODOM non disponibile: stato ancora None
[WARN] [1791035803.095701787] [mpc_corr]: ODOM non disponibile: stato ancora None
[WARN] [1791035803.195430960] [mpc_corr]: ODOM non disponibile: stato ancora None
[WARN] [1791035803.295387778] [mpc_corr]: ODOM non disponibile: stato ancora None
[WARN] [1791035803.395328420] [mpc_corr]: ODOM non disponibile: stato ancora None
[WARN] [1791035803.495169376] [mpc_corr]: ODOM non disponibile: stato ancora None
[WARN] [1791035803.595524340] [mpc_corr]: ODOM non disponibile: stato ancora None
[WARN] [1791035803.695261459] [mpc_corr]: ODOM non disponibile: stato ancora None
[INFO] [1791035803.696628988] [mpc_corr]: PUB /drive | speed=+0.0000 steer=+0.0000 subs=1
[WARN] [1791035803.795181509] [mpc_corr]: ODOM non disponibile: stato ancora None
[WARN] [1791035803.895356109] [mpc_corr]: ODOM non disponibile: stato ancora None
[WARN] [1791035803.995336787] [mpc_corr]: ODOM non disponibile: stato ancora None
[WARN] [1791035804.095692628] [mpc_corr]: ODOM non disponibile: stato ancora None
[WARN] [1791035804.195634153] [mpc_corr]: ODOM non disponibile: stato ancora None
[WARN] [1791035804.295471439] [mpc_corr]: ODOM non disponibile: stato ancora None
[WARN] [1791035804.395631451] [mpc_corr]: ODOM non disponibile: stato ancora None
[WARN] [1791035804.495292444] [mpc_corr]: ODOM non disponibile: stato ancora None
[WARN] [1791035804.595519175] [mpc_corr]: ODOM non disponibile: stato ancora None
[WARN] [1791035804.695557000] [mpc_corr]: ODOM non disponibile: stato ancora None
[INFO] [1791035804.696865039] [mpc_corr]: PUB /drive | speed=+0.0000 steer=+0.0000 subs=1
[INFO] [1791035804.794170865] [mpc_corr]: ODOMSEL | src=None hw_age=infs sim_age=infs timeout=0.500s
[WARN] [1791035804.795632605] [mpc_corr]: ODOM non disponibile: stato ancora None
[WARN] [1791035804.895484142] [mpc_corr]: ODOM non disponibile: stato ancora None
[WARN] [1791035804.995599579] [mpc_corr]: ODOM non disponibile: stato ancora None
[WARN] [1791035805.095782260] [mpc_corr]: ODOM non disponibile: stato ancora None
[WARN] [1791035805.195527570] [mpc_corr]: ODOM non disponibile: stato ancora None
[WARN] [1791035805.295458867] [mpc_corr]: ODOM non disponibile: stato ancora None
[WARN] [1791035805.395511458] [mpc_corr]: ODOM non disponibile: stato ancora None
[WARN] [1791035805.495624298] [mpc_corr]: ODOM non disponibile: stato ancora None
[WARN] [1791035805.595554594] [mpc_corr]: ODOM non disponibile: stato ancora None
[WARN] [1791035805.695438623] [mpc_corr]: ODOM non disponibile: stato ancora None
[WARN] [1791035805.795372036] [mpc_corr]: ODOM non disponibile: stato ancora None
[INFO] [1791035805.796713695] [mpc_corr]: PUB /drive | speed=+0.0000 steer=+0.0000 subs=1
[WARN] [1791035805.895402635] [mpc_corr]: ODOM non disponibile: stato ancora None
[WARN] [1791035805.995341478] [mpc_corr]: ODOM non disponibile: stato ancora None
[WARN] [1791035806.095694446] [mpc_corr]: ODOM non disponibile: stato ancora None
[WARN] [1791035806.195331770] [mpc_corr]: ODOM non disponibile: stato ancora None
[WARN] [1791035806.295458604] [mpc_corr]: ODOM non disponibile: stato ancora None
[WARN] [1791035806.395436672] [mpc_corr]: ODOM non disponibile: stato ancora None
[WARN] [1791035806.495670180] [mpc_corr]: ODOM non disponibile: stato ancora None
[WARN] [1791035806.595653516] [mpc_corr]: ODOM non disponibile: stato ancora None
[WARN] [1791035806.695317608] [mpc_corr]: ODOM non disponibile: stato ancora None
[WARN] [1791035806.795399124] [mpc_corr]: ODOM non disponibile: stato ancora None
[INFO] [1791035806.796715468] [mpc_corr]: PUB /drive | speed=+0.0000 steer=+0.0000 subs=1
[INFO] [1791035806.894439958] [mpc_corr]: ODOMSEL | src=None hw_age=infs sim_age=infs timeout=0.500s
[WARN] [1791035806.895861209] [mpc_corr]: ODOM non disponibile: stato ancora None
[WARN] [1791035806.995625513] [mpc_corr]: ODOM non disponibile: stato ancora None
[WARN] [1791035807.095876976] [mpc_corr]: ODOM non disponibile: stato ancora None
[WARN] [1791035807.195669300] [mpc_corr]: ODOM non disponibile: stato ancora None
[WARN] [1791035807.295329795] [mpc_corr]: ODOM non disponibile: stato ancora None
[WARN] [1791035807.395128545] [mpc_corr]: ODOM non disponibile: stato ancora None
[WARN] [1791035807.495246382] [mpc_corr]: ODOM non disponibile: stato ancora None
[WARN] [1791035807.596114112] [mpc_corr]: ODOM non disponibile: stato ancora None
[WARN] [1791035807.695623359] [mpc_corr]: ODOM non disponibile: stato ancora None
[WARN] [1791035807.795131374] [mpc_corr]: ODOM non disponibile: stato ancora None
[WARN] [1791035807.895542767] [mpc_corr]: ODOM non disponibile: stato ancora None
[INFO] [1791035807.896843687] [mpc_corr]: PUB /drive | speed=+0.0000 steer=+0.0000 subs=1
[WARN] [1791035807.995342886] [mpc_corr]: ODOM non disponibile: stato ancora None
[WARN] [1791035808.095763610] [mpc_corr]: ODOM non disponibile: stato ancora None
[WARN] [1791035808.195539457] [mpc_corr]: ODOM non disponibile: stato ancora None
[WARN] [1791035808.295486115] [mpc_corr]: ODOM non disponibile: stato ancora None
[WARN] [1791035808.395592964] [mpc_corr]: ODOM non disponibile: stato ancora None
[WARN] [1791035808.495695796] [mpc_corr]: ODOM non disponibile: stato ancora None
[WARN] [1791035808.595558872] [mpc_corr]: ODOM non disponibile: stato ancora None
[WARN] [1791035808.695484772] [mpc_corr]: ODOM non disponibile: stato ancora None
[WARN] [1791035808.795540012] [mpc_corr]: ODOM non disponibile: stato ancora None
[WARN] [1791035808.895542307] [mpc_corr]: ODOM non disponibile: stato ancora None
[INFO] [1791035808.896874690] [mpc_corr]: PUB /drive | speed=+0.0000 steer=+0.0000 subs=1
[INFO] [1791035808.994206062] [mpc_corr]: ODOMSEL | src=None hw_age=infs sim_age=infs timeout=0.500s
[WARN] [1791035808.995621285] [mpc_corr]: ODOM non disponibile: stato ancora None
[WARN] [1791035809.095555795] [mpc_corr]: ODOM non disponibile: stato ancora None
[WARN] [1791035809.195369228] [mpc_corr]: ODOM non disponibile: stato ancora None
[WARN] [1791035809.295161911] [mpc_corr]: ODOM non disponibile: stato ancora None
[WARN] [1791035809.395499853] [mpc_corr]: ODOM non disponibile: stato ancora None
[WARN] [1791035809.495293166] [mpc_corr]: ODOM non disponibile: stato ancora None
[WARN] [1791035809.595786919] [mpc_corr]: ODOM non disponibile: stato ancora None
[WARN] [1791035809.695545333] [mpc_corr]: ODOM non disponibile: stato ancora None
[WARN] [1791035809.795530597] [mpc_corr]: ODOM non disponibile: stato ancora None
[WARN] [1791035809.895481786] [mpc_corr]: ODOM non disponibile: stato ancora None
[WARN] [1791035809.995272580] [mpc_corr]: ODOM non disponibile: stato ancora None
[INFO] [1791035809.996570055] [mpc_corr]: PUB /drive | speed=+0.0000 steer=+0.0000 subs=1
[WARN] [1791035810.095571579] [mpc_corr]: ODOM non disponibile: stato ancora None
[WARN] [1791035810.195272226] [mpc_corr]: ODOM non disponibile: stato ancora None
[WARN] [1791035810.295341528] [mpc_corr]: ODOM non disponibile: stato ancora None
[WARN] [1791035810.395343702] [mpc_corr]: ODOM non disponibile: stato ancora None
[WARN] [1791035810.495377049] [mpc_corr]: ODOM non disponibile: stato ancora None
[WARN] [1791035810.595703114] [mpc_corr]: ODOM non disponibile: stato ancora None
[WARN] [1791035810.695174520] [mpc_corr]: ODOM non disponibile: stato ancora None
[WARN] [1791035810.795202137] [mpc_corr]: ODOM non disponibile: stato ancora None
[WARN] [1791035810.895472500] [mpc_corr]: ODOM non disponibile: stato ancora None
[INFO] [1791035810.994269057] [mpc_corr]: ODOMSEL | src=None hw_age=infs sim_age=infs timeout=0.500s
[WARN] [1791035810.995611467] [mpc_corr]: ODOM non disponibile: stato ancora None
[INFO] [1791035810.996846119] [mpc_corr]: PUB /drive | speed=+0.0000 steer=+0.0000 subs=1
[WARN] [1791035811.095784529] [mpc_corr]: ODOM non disponibile: stato ancora None
[WARN] [1791035811.195470572] [mpc_corr]: ODOM non disponibile: stato ancora None
[WARN] [1791035811.295453013] [mpc_corr]: ODOM non disponibile: stato ancora None
[WARN] [1791035811.395426069] [mpc_corr]: ODOM non disponibile: stato ancora None
[WARN] [1791035811.495665120] [mpc_corr]: ODOM non disponibile: stato ancora None
[WARN] [1791035811.595850117] [mpc_corr]: ODOM non disponibile: stato ancora None
[WARN] [1791035811.695556790] [mpc_corr]: ODOM non disponibile: stato ancora None
[WARN] [1791035811.795350443] [mpc_corr]: ODOM non disponibile: stato ancora None
[WARN] [1791035811.895559810] [mpc_corr]: ODOM non disponibile: stato ancora None
[WARN] [1791035811.995389452] [mpc_corr]: ODOM non disponibile: stato ancora None
[WARN] [1791035812.095615850] [mpc_corr]: ODOM non disponibile: stato ancora None
[INFO] [1791035812.097070988] [mpc_corr]: PUB /drive | speed=+0.0000 steer=+0.0000 subs=1
[WARN] [1791035812.195483235] [mpc_corr]: ODOM non disponibile: stato ancora None
[WARN] [1791035812.295371380] [mpc_corr]: ODOM non disponibile: stato ancora None
[WARN] [1791035812.395396047] [mpc_corr]: ODOM non disponibile: stato ancora None
[WARN] [1791035812.495524509] [mpc_corr]: ODOM non disponibile: stato ancora None
[WARN] [1791035812.595518143] [mpc_corr]: ODOM non disponibile: stato ancora None
[WARN] [1791035812.695445639] [mpc_corr]: ODOM non disponibile: stato ancora None
[WARN] [1791035812.795368459] [mpc_corr]: ODOM non disponibile: stato ancora None
[WARN] [1791035812.895573524] [mpc_corr]: ODOM non disponibile: stato ancora None
[WARN] [1791035812.995293505] [mpc_corr]: ODOM non disponibile: stato ancora None
[INFO] [1791035813.094442139] [mpc_corr]: ODOMSEL | src=None hw_age=infs sim_age=infs timeout=0.500s
[WARN] [1791035813.095906194] [mpc_corr]: ODOM non disponibile: stato ancora None
[INFO] [1791035813.097248012] [mpc_corr]: PUB /drive | speed=+0.0000 steer=+0.0000 subs=1
[WARN] [1791035813.195309639] [mpc_corr]: ODOM non disponibile: stato ancora None
[WARN] [1791035813.295054206] [mpc_corr]: ODOM non disponibile: stato ancora None
[WARN] [1791035813.395206044] [mpc_corr]: ODOM non disponibile: stato ancora None
[WARN] [1791035813.495262242] [mpc_corr]: ODOM non disponibile: stato ancora None
[WARN] [1791035813.595609304] [mpc_corr]: ODOM non disponibile: stato ancora None
[WARN] [1791035813.695758874] [mpc_corr]: ODOM non disponibile: stato ancora None
[WARN] [1791035813.795512886] [mpc_corr]: ODOM non disponibile: stato ancora None
[WARN] [1791035813.895517754] [mpc_corr]: ODOM non disponibile: stato ancora None
[WARN] [1791035813.995487613] [mpc_corr]: ODOM non disponibile: stato ancora None
[WARN] [1791035814.095680592] [mpc_corr]: ODOM non disponibile: stato ancora None
[INFO] [1791035814.097330171] [mpc_corr]: PUB /drive | speed=+0.0000 steer=+0.0000 subs=1
[WARN] [1791035814.195478106] [mpc_corr]: ODOM non disponibile: stato ancora None
[WARN] [1791035814.295427181] [mpc_corr]: ODOM non disponibile: stato ancora None
[WARN] [1791035814.395563356] [mpc_corr]: ODOM non disponibile: stato ancora None
[WARN] [1791035814.495461785] [mpc_corr]: ODOM non disponibile: stato ancora None
[WARN] [1791035814.595664558] [mpc_corr]: ODOM non disponibile: stato ancora None
[WARN] [1791035814.695605863] [mpc_corr]: ODOM non disponibile: stato ancora None
[WARN] [1791035814.795322277] [mpc_corr]: ODOM non disponibile: stato ancora None
[WARN] [1791035814.895501830] [mpc_corr]: ODOM non disponibile: stato ancora None
[WARN] [1791035814.995371047] [mpc_corr]: ODOM non disponibile: stato ancora None
[WARN] [1791035815.095602648] [mpc_corr]: ODOM non disponibile: stato ancora None
[INFO] [1791035815.194843843] [mpc_corr]: ODOMSEL | src=None hw_age=infs sim_age=infs timeout=0.500s
[WARN] [1791035815.196167827] [mpc_corr]: ODOM non disponibile: stato ancora None
[INFO] [1791035815.197393859] [mpc_corr]: PUB /drive | speed=+0.0000 steer=+0.0000 subs=1
[WARN] [1791035815.295492714] [mpc_corr]: ODOM non disponibile: stato ancora None
[WARN] [1791035815.395549569] [mpc_corr]: ODOM non disponibile: stato ancora None
[WARN] [1791035815.495403531] [mpc_corr]: ODOM non disponibile: stato ancora None
[WARN] [1791035815.595863554] [mpc_corr]: ODOM non disponibile: stato ancora None
[WARN] [1791035815.695606571] [mpc_corr]: ODOM non disponibile: stato ancora None
[WARN] [1791035815.795321430] [mpc_corr]: ODOM non disponibile: stato ancora None
[WARN] [1791035815.895495282] [mpc_corr]: ODOM non disponibile: stato ancora None
[WARN] [1791035815.995385862] [mpc_corr]: ODOM non disponibile: stato ancora None
[WARN] [1791035816.095721381] [mpc_corr]: ODOM non disponibile: stato ancora None
[WARN] [1791035816.195685019] [mpc_corr]: ODOM non disponibile: stato ancora None
[WARN] [1791035816.295252498] [mpc_corr]: ODOM non disponibile: stato ancora None
[INFO] [1791035816.296562760] [mpc_corr]: PUB /drive | speed=+0.0000 steer=+0.0000 subs=1
[WARN] [1791035816.395365883] [mpc_corr]: ODOM non disponibile: stato ancora None
[WARN] [1791035816.495519295] [mpc_corr]: ODOM non disponibile: stato ancora None
[WARN] [1791035816.595812612] [mpc_corr]: ODOM non disponibile: stato ancora None
[WARN] [1791035816.695578170] [mpc_corr]: ODOM non disponibile: stato ancora None
[WARN] [1791035816.795555040] [mpc_corr]: ODOM non disponibile: stato ancora None
[WARN] [1791035816.895470461] [mpc_corr]: ODOM non disponibile: stato ancora None
[WARN] [1791035816.995618817] [mpc_corr]: ODOM non disponibile: stato ancora None
[WARN] [1791035817.095802463] [mpc_corr]: ODOM non disponibile: stato ancora None
[WARN] [1791035817.195525015] [mpc_corr]: ODOM non disponibile: stato ancora None
[INFO] [1791035817.294298920] [mpc_corr]: ODOMSEL | src=None hw_age=infs sim_age=infs timeout=0.500s
[WARN] [1791035817.295663218] [mpc_corr]: ODOM non disponibile: stato ancora None
[INFO] [1791035817.296935944] [mpc_corr]: PUB /drive | speed=+0.0000 steer=+0.0000 subs=1
[WARN] [1791035817.395476474] [mpc_corr]: ODOM non disponibile: stato ancora None
[WARN] [1791035817.495427865] [mpc_corr]: ODOM non disponibile: stato ancora None
[WARN] [1791035817.595751166] [mpc_corr]: ODOM non disponibile: stato ancora None
[WARN] [1791035817.695608809] [mpc_corr]: ODOM non disponibile: stato ancora None
[WARN] [1791035817.795417221] [mpc_corr]: ODOM non disponibile: stato ancora None
[WARN] [1791035817.895522406] [mpc_corr]: ODOM non disponibile: stato ancora None
[WARN] [1791035817.995490545] [mpc_corr]: ODOM non disponibile: stato ancora None
[WARN] [1791035818.095790124] [mpc_corr]: ODOM non disponibile: stato ancora None
[WARN] [1791035818.195735555] [mpc_corr]: ODOM non disponibile: stato ancora None
[WARN] [1791035818.295555795] [mpc_corr]: ODOM non disponibile: stato ancora None
[INFO] [1791035818.296953602] [mpc_corr]: PUB /drive | speed=+0.0000 steer=+0.0000 subs=1
[WARN] [1791035818.395522402] [mpc_corr]: ODOM non disponibile: stato ancora None
[WARN] [1791035818.495439399] [mpc_corr]: ODOM non disponibile: stato ancora None
[WARN] [1791035818.595837508] [mpc_corr]: ODOM non disponibile: stato ancora None
[WARN] [1791035818.695860734] [mpc_corr]: ODOM non disponibile: stato ancora None
[WARN] [1791035818.795814630] [mpc_corr]: ODOM non disponibile: stato ancora None
[WARN] [1791035818.895700895] [mpc_corr]: ODOM non disponibile: stato ancora None
[WARN] [1791035818.995481812] [mpc_corr]: ODOM non disponibile: stato ancora None
[WARN] [1791035819.095919690] [mpc_corr]: ODOM non disponibile: stato ancora None
[WARN] [1791035819.195799733] [mpc_corr]: ODOM non disponibile: stato ancora None
[WARN] [1791035819.295410721] [mpc_corr]: ODOM non disponibile: stato ancora None
[INFO] [1791035819.394302732] [mpc_corr]: ODOMSEL | src=None hw_age=infs sim_age=infs timeout=0.500s
[WARN] [1791035819.395637355] [mpc_corr]: ODOM non disponibile: stato ancora None
[INFO] [1791035819.396866803] [mpc_corr]: PUB /drive | speed=+0.0000 steer=+0.0000 subs=1
[WARN] [1791035819.495429209] [mpc_corr]: ODOM non disponibile: stato ancora None
[WARN] [1791035819.596105991] [mpc_corr]: ODOM non disponibile: stato ancora None
[WARN] [1791035819.695616388] [mpc_corr]: ODOM non disponibile: stato ancora None
[WARN] [1791035819.795405104] [mpc_corr]: ODOM non disponibile: stato ancora None
[WARN] [1791035819.895727800] [mpc_corr]: ODOM non disponibile: stato ancora None
[WARN] [1791035819.995405592] [mpc_corr]: ODOM non disponibile: stato ancora None
[WARN] [1791035820.095901075] [mpc_corr]: ODOM non disponibile: stato ancora None
[WARN] [1791035820.195603703] [mpc_corr]: ODOM non disponibile: stato ancora None
[WARN] [1791035820.295482231] [mpc_corr]: ODOM non disponibile: stato ancora None
[WARN] [1791035820.395623201] [mpc_corr]: ODOM non disponibile: stato ancora None
[INFO] [1791035820.396930954] [mpc_corr]: PUB /drive | speed=+0.0000 steer=+0.0000 subs=1
[WARN] [1791035820.495600407] [mpc_corr]: ODOM non disponibile: stato ancora None
[WARN] [1791035820.595810387] [mpc_corr]: ODOM non disponibile: stato ancora None
[WARN] [1791035820.695541542] [mpc_corr]: ODOM non disponibile: stato ancora None
[WARN] [1791035820.795355946] [mpc_corr]: ODOM non disponibile: stato ancora None
[WARN] [1791035820.895497714] [mpc_corr]: ODOM non disponibile: stato ancora None
[WARN] [1791035820.995540993] [mpc_corr]: ODOM non disponibile: stato ancora None
[WARN] [1791035821.095892574] [mpc_corr]: ODOM non disponibile: stato ancora None
[WARN] [1791035821.195780202] [mpc_corr]: ODOM non disponibile: stato ancora None
[WARN] [1791035821.295265893] [mpc_corr]: ODOM non disponibile: stato ancora None
[WARN] [1791035821.395471798] [mpc_corr]: ODOM non disponibile: stato ancora None
[INFO] [1791035821.494318277] [mpc_corr]: ODOMSEL | src=None hw_age=infs sim_age=infs timeout=0.500s
[WARN] [1791035821.495629169] [mpc_corr]: ODOM non disponibile: stato ancora None
[INFO] [1791035821.496944969] [mpc_corr]: PUB /drive | speed=+0.0000 steer=+0.0000 subs=1
[WARN] [1791035821.596089693] [mpc_corr]: ODOM non disponibile: stato ancora None
[WARN] [1791035821.695885471] [mpc_corr]: ODOM non disponibile: stato ancora None
[WARN] [1791035821.795673286] [mpc_corr]: ODOM non disponibile: stato ancora None
[WARN] [1791035821.895654550] [mpc_corr]: ODOM non disponibile: stato ancora None
[WARN] [1791035821.995549816] [mpc_corr]: ODOM non disponibile: stato ancora None
[WARN] [1791035822.095742868] [mpc_corr]: ODOM non disponibile: stato ancora None
[WARN] [1791035822.195743181] [mpc_corr]: ODOM non disponibile: stato ancora None
[WARN] [1791035822.295334873] [mpc_corr]: ODOM non disponibile: stato ancora None
[WARN] [1791035822.395474074] [mpc_corr]: ODOM non disponibile: stato ancora None
[WARN] [1791035822.495566040] [mpc_corr]: ODOM non disponibile: stato ancora None
[INFO] [1791035822.497195909] [mpc_corr]: PUB /drive | speed=+0.0000 steer=+0.0000 subs=1
[WARN] [1791035822.595995289] [mpc_corr]: ODOM non disponibile: stato ancora None
[WARN] [1791035822.695763995] [mpc_corr]: ODOM non disponibile: stato ancora None
[WARN] [1791035822.795464602] [mpc_corr]: ODOM non disponibile: stato ancora None
[WARN] [1791035822.895459786] [mpc_corr]: ODOM non disponibile: stato ancora None
[WARN] [1791035822.995652402] [mpc_corr]: ODOM non disponibile: stato ancora None
[WARN] [1791035823.095835893] [mpc_corr]: ODOM non disponibile: stato ancora None
[WARN] [1791035823.195556548] [mpc_corr]: ODOM non disponibile: stato ancora None
[WARN] [1791035823.295350277] [mpc_corr]: ODOM non disponibile: stato ancora None
[WARN] [1791035823.395640755] [mpc_corr]: ODOM non disponibile: stato ancora None
[INFO] [1791035823.494406539] [mpc_corr]: ODOMSEL | src=None hw_age=infs sim_age=infs timeout=0.500s
[WARN] [1791035823.495728709] [mpc_corr]: ODOM non disponibile: stato ancora None
[WARN] [1791035823.595755312] [mpc_corr]: ODOM non disponibile: stato ancora None
[INFO] [1791035823.597177924] [mpc_corr]: PUB /drive | speed=+0.0000 steer=+0.0000 subs=1
[WARN] [1791035823.695850966] [mpc_corr]: ODOM non disponibile: stato ancora None
[WARN] [1791035823.795628315] [mpc_corr]: ODOM non disponibile: stato ancora None
[WARN] [1791035823.895777269] [mpc_corr]: ODOM non disponibile: stato ancora None
[WARN] [1791035823.995581210] [mpc_corr]: ODOM non disponibile: stato ancora None
[WARN] [1791035824.095685648] [mpc_corr]: ODOM non disponibile: stato ancora None
[WARN] [1791035824.195634580] [mpc_corr]: ODOM non disponibile: stato ancora None
[WARN] [1791035824.295568458] [mpc_corr]: ODOM non disponibile: stato ancora None
[WARN] [1791035824.395582024] [mpc_corr]: ODOM non disponibile: stato ancora None
[WARN] [1791035824.495359835] [mpc_corr]: ODOM non disponibile: stato ancora None
[WARN] [1791035824.595871475] [mpc_corr]: ODOM non disponibile: stato ancora None
[INFO] [1791035824.597322003] [mpc_corr]: PUB /drive | speed=+0.0000 steer=+0.0000 subs=1
[WARN] [1791035824.695709832] [mpc_corr]: ODOM non disponibile: stato ancora None
[WARN] [1791035824.795464814] [mpc_corr]: ODOM non disponibile: stato ancora None
[WARN] [1791035824.895605845] [mpc_corr]: ODOM non disponibile: stato ancora None
[WARN] [1791035824.995407678] [mpc_corr]: ODOM non disponibile: stato ancora None
[WARN] [1791035825.095816966] [mpc_corr]: ODOM non disponibile: stato ancora None
[WARN] [1791035825.195807697] [mpc_corr]: ODOM non disponibile: stato ancora None
[WARN] [1791035825.295489971] [mpc_corr]: ODOM non disponibile: stato ancora None
[WARN] [1791035825.395475897] [mpc_corr]: ODOM non disponibile: stato ancora None
[WARN] [1791035825.495199846] [mpc_corr]: ODOM non disponibile: stato ancora None
[INFO] [1791035825.594457804] [mpc_corr]: ODOMSEL | src=None hw_age=infs sim_age=infs timeout=0.500s
[WARN] [1791035825.596079115] [mpc_corr]: ODOM non disponibile: stato ancora None
[INFO] [1791035825.597444109] [mpc_corr]: PUB /drive | speed=+0.0000 steer=+0.0000 subs=1
[WARN] [1791035825.695762325] [mpc_corr]: ODOM non disponibile: stato ancora None
[WARN] [1791035825.795458154] [mpc_corr]: ODOM non disponibile: stato ancora None
[WARN] [1791035825.895572217] [mpc_corr]: ODOM non disponibile: stato ancora None
[WARN] [1791035825.995522612] [mpc_corr]: ODOM non disponibile: stato ancora None
[WARN] [1791035826.095905495] [mpc_corr]: ODOM non disponibile: stato ancora None
[WARN] [1791035826.195645483] [mpc_corr]: ODOM non disponibile: stato ancora None
[WARN] [1791035826.295374602] [mpc_corr]: ODOM non disponibile: stato ancora None
[WARN] [1791035826.395434363] [mpc_corr]: ODOM non disponibile: stato ancora None
[WARN] [1791035826.495393755] [mpc_corr]: ODOM non disponibile: stato ancora None
[WARN] [1791035826.595996978] [mpc_corr]: ODOM non disponibile: stato ancora None
[INFO] [1791035826.597474349] [mpc_corr]: PUB /drive | speed=+0.0000 steer=+0.0000 subs=1
[WARN] [1791035826.695783040] [mpc_corr]: ODOM non disponibile: stato ancora None
[WARN] [1791035826.795513548] [mpc_corr]: ODOM non disponibile: stato ancora None
[WARN] [1791035826.895672641] [mpc_corr]: ODOM non disponibile: stato ancora None
[WARN] [1791035826.995615070] [mpc_corr]: ODOM non disponibile: stato ancora None
[WARN] [1791035827.095988169] [mpc_corr]: ODOM non disponibile: stato ancora None
[WARN] [1791035827.195941792] [mpc_corr]: ODOM non disponibile: stato ancora None
[WARN] [1791035827.295585675] [mpc_corr]: ODOM non disponibile: stato ancora None
[WARN] [1791035827.395632921] [mpc_corr]: ODOM non disponibile: stato ancora None
[WARN] [1791035827.495524669] [mpc_corr]: ODOM non disponibile: stato ancora None
[INFO] [1791035827.594659293] [mpc_corr]: ODOMSEL | src=None hw_age=infs sim_age=infs timeout=0.500s
[WARN] [1791035827.598725495] [mpc_corr]: ODOM non disponibile: stato ancora None
[INFO] [1791035827.600224838] [mpc_corr]: PUB /drive | speed=+0.0000 steer=+0.0000 subs=1
[WARN] [1791035827.695940340] [mpc_corr]: ODOM non disponibile: stato ancora None
[WARN] [1791035827.795683341] [mpc_corr]: ODOM non disponibile: stato ancora None
[WARN] [1791035827.895838011] [mpc_corr]: ODOM non disponibile: stato ancora None
[WARN] [1791035827.995650048] [mpc_corr]: ODOM non disponibile: stato ancora None
[WARN] [1791035828.095821544] [mpc_corr]: ODOM non disponibile: stato ancora None
[WARN] [1791035828.195753582] [mpc_corr]: ODOM non disponibile: stato ancora None
[WARN] [1791035828.295536627] [mpc_corr]: ODOM non disponibile: stato ancora None
[WARN] [1791035828.395716745] [mpc_corr]: ODOM non disponibile: stato ancora None
[WARN] [1791035828.495501081] [mpc_corr]: ODOM non disponibile: stato ancora None
[WARN] [1791035828.596391777] [mpc_corr]: ODOM non disponibile: stato ancora None
[WARN] [1791035828.696262872] [mpc_corr]: ODOM non disponibile: stato ancora None
[INFO] [1791035828.697724234] [mpc_corr]: PUB /drive | speed=+0.0000 steer=+0.0000 subs=1
[WARN] [1791035828.795700262] [mpc_corr]: ODOM non disponibile: stato ancora None
[WARN] [1791035828.895327583] [mpc_corr]: ODOM non disponibile: stato ancora None
[WARN] [1791035828.995958424] [mpc_corr]: ODOM non disponibile: stato ancora None
[WARN] [1791035829.096194246] [mpc_corr]: ODOM non disponibile: stato ancora None
[WARN] [1791035829.195617204] [mpc_corr]: ODOM non disponibile: stato ancora None
[WARN] [1791035829.295776158] [mpc_corr]: ODOM non disponibile: stato ancora None
[WARN] [1791035829.395836674] [mpc_corr]: ODOM non disponibile: stato ancora None
[WARN] [1791035829.495449822] [mpc_corr]: ODOM non disponibile: stato ancora None
[INFO] [1791035829.594731579] [mpc_corr]: ODOMSEL | src=None hw_age=infs sim_age=infs timeout=0.500s
[WARN] [1791035829.596188181] [mpc_corr]: ODOM non disponibile: stato ancora None
[WARN] [1791035829.695878782] [mpc_corr]: ODOM non disponibile: stato ancora None
[WARN] [1791035829.795521921] [mpc_corr]: ODOM non disponibile: stato ancora None
[INFO] [1791035829.796891239] [mpc_corr]: PUB /drive | speed=+0.0000 steer=+0.0000 subs=1
[WARN] [1791035829.895585516] [mpc_corr]: ODOM non disponibile: stato ancora None
[WARN] [1791035829.995747265] [mpc_corr]: ODOM non disponibile: stato ancora None
[WARN] [1791035830.095577071] [mpc_corr]: ODOM non disponibile: stato ancora None
[WARN] [1791035830.195142483] [mpc_corr]: ODOM non disponibile: stato ancora None
[WARN] [1791035830.294977882] [mpc_corr]: ODOM non disponibile: stato ancora None
[WARN] [1791035830.394783206] [mpc_corr]: ODOM non disponibile: stato ancora None
[WARN] [1791035830.495762599] [mpc_corr]: ODOM non disponibile: stato ancora None
[WARN] [1791035830.596019236] [mpc_corr]: ODOM non disponibile: stato ancora None
[WARN] [1791035830.695954438] [mpc_corr]: ODOM non disponibile: stato ancora None
[WARN] [1791035830.795530100] [mpc_corr]: ODOM non disponibile: stato ancora None
[INFO] [1791035830.796893408] [mpc_corr]: PUB /drive | speed=+0.0000 steer=+0.0000 subs=1
[WARN] [1791035830.894843841] [mpc_corr]: ODOM non disponibile: stato ancora None
[WARN] [1791035830.995521705] [mpc_corr]: ODOM non disponibile: stato ancora None
[WARN] [1791035831.095106056] [mpc_corr]: ODOM non disponibile: stato ancora None
[WARN] [1791035831.194971641] [mpc_corr]: ODOM non disponibile: stato ancora None
[WARN] [1791035831.294970234] [mpc_corr]: ODOM non disponibile: stato ancora None
[WARN] [1791035831.394793255] [mpc_corr]: ODOM non disponibile: stato ancora None
[WARN] [1791035831.495437790] [mpc_corr]: ODOM non disponibile: stato ancora None
[INFO] [1791035831.594761921] [mpc_corr]: ODOMSEL | src=None hw_age=infs sim_age=infs timeout=0.500s
[WARN] [1791035831.596453232] [mpc_corr]: ODOM non disponibile: stato ancora None
[WARN] [1791035831.695882730] [mpc_corr]: ODOM non disponibile: stato ancora None
[WARN] [1791035831.795549051] [mpc_corr]: ODOM non disponibile: stato ancora None
[INFO] [1791035831.797240029] [mpc_corr]: PUB /drive | speed=+0.0000 steer=+0.0000 subs=1
[WARN] [1791035831.895833824] [mpc_corr]: ODOM non disponibile: stato ancora None
[WARN] [1791035831.995758149] [mpc_corr]: ODOM non disponibile: stato ancora None
[WARN] [1791035832.095938009] [mpc_corr]: ODOM non disponibile: stato ancora None
[WARN] [1791035832.195801932] [mpc_corr]: ODOM non disponibile: stato ancora None
[WARN] [1791035832.295509560] [mpc_corr]: ODOM non disponibile: stato ancora None
[WARN] [1791035832.395494887] [mpc_corr]: ODOM non disponibile: stato ancora None
[WARN] [1791035832.495658157] [mpc_corr]: ODOM non disponibile: stato ancora None
[WARN] [1791035832.596010329] [mpc_corr]: ODOM non disponibile: stato ancora None
[WARN] [1791035832.695712986] [mpc_corr]: ODOM non disponibile: stato ancora None
[WARN] [1791035832.795480813] [mpc_corr]: ODOM non disponibile: stato ancora None
[WARN] [1791035832.896047240] [mpc_corr]: ODOM non disponibile: stato ancora None
[INFO] [1791035832.897572046] [mpc_corr]: PUB /drive | speed=+0.0000 steer=+0.0000 subs=1
[WARN] [1791035832.995862895] [mpc_corr]: ODOM non disponibile: stato ancora None
[WARN] [1791035833.095696570] [mpc_corr]: ODOM non disponibile: stato ancora None
[WARN] [1791035833.195812945] [mpc_corr]: ODOM non disponibile: stato ancora None
[WARN] [1791035833.295719814] [mpc_corr]: ODOM non disponibile: stato ancora None
[WARN] [1791035833.395585979] [mpc_corr]: ODOM non disponibile: stato ancora None
[WARN] [1791035833.495809177] [mpc_corr]: ODOM non disponibile: stato ancora None
[WARN] [1791035833.596011836] [mpc_corr]: ODOM non disponibile: stato ancora None
[INFO] [1791035833.694804023] [mpc_corr]: ODOMSEL | src=None hw_age=infs sim_age=infs timeout=0.500s
[WARN] [1791035833.696196543] [mpc_corr]: ODOM non disponibile: stato ancora None
[WARN] [1791035833.795505238] [mpc_corr]: ODOM non disponibile: stato ancora None
[WARN] [1791035833.895908548] [mpc_corr]: ODOM non disponibile: stato ancora None
[WARN] [1791035833.995607855] [mpc_corr]: ODOM non disponibile: stato ancora None
[INFO] [1791035833.996950386] [mpc_corr]: PUB /drive | speed=+0.0000 steer=+0.0000 subs=1
[WARN] [1791035834.096030551] [mpc_corr]: ODOM non disponibile: stato ancora None
[WARN] [1791035834.196097207] [mpc_corr]: ODOM non disponibile: stato ancora None
[WARN] [1791035834.295632540] [mpc_corr]: ODOM non disponibile: stato ancora None
[WARN] [1791035834.395652354] [mpc_corr]: ODOM non disponibile: stato ancora None
[WARN] [1791035834.495509431] [mpc_corr]: ODOM non disponibile: stato ancora None
[WARN] [1791035834.595986053] [mpc_corr]: ODOM non disponibile: stato ancora None
[WARN] [1791035834.695661540] [mpc_corr]: ODOM non disponibile: stato ancora None
[WARN] [1791035834.795489044] [mpc_corr]: ODOM non disponibile: stato ancora None
[WARN] [1791035834.895407407] [mpc_corr]: ODOM non disponibile: stato ancora None
[WARN] [1791035834.995528430] [mpc_corr]: ODOM non disponibile: stato ancora None
[WARN] [1791035835.095745880] [mpc_corr]: ODOM non disponibile: stato ancora None
[INFO] [1791035835.097216917] [mpc_corr]: PUB /drive | speed=+0.0000 steer=+0.0000 subs=1
[WARN] [1791035835.195394371] [mpc_corr]: ODOM non disponibile: stato ancora None
[WARN] [1791035835.295397077] [mpc_corr]: ODOM non disponibile: stato ancora None
[WARN] [1791035835.395124401] [mpc_corr]: ODOM non disponibile: stato ancora None
[WARN] [1791035835.495501554] [mpc_corr]: ODOM non disponibile: stato ancora None
[WARN] [1791035835.595748553] [mpc_corr]: ODOM non disponibile: stato ancora None
[WARN] [1791035835.695567449] [mpc_corr]: ODOM non disponibile: stato ancora None
[INFO] [1791035835.794284642] [mpc_corr]: ODOMSEL | src=None hw_age=infs sim_age=infs timeout=0.500s
[WARN] [1791035835.795641413] [mpc_corr]: ODOM non disponibile: stato ancora None
[WARN] [1791035835.895858375] [mpc_corr]: ODOM non disponibile: stato ancora None
[WARN] [1791035835.995339749] [mpc_corr]: ODOM non disponibile: stato ancora None
[WARN] [1791035836.095560278] [mpc_corr]: ODOM non disponibile: stato ancora None
[WARN] [1791035836.195341173] [mpc_corr]: ODOM non disponibile: stato ancora None
[INFO] [1791035836.196740268] [mpc_corr]: PUB /drive | speed=+0.0000 steer=+0.0000 subs=1
[WARN] [1791035836.295170090] [mpc_corr]: ODOM non disponibile: stato ancora None
[WARN] [1791035836.395603330] [mpc_corr]: ODOM non disponibile: stato ancora None
[WARN] [1791035836.495307712] [mpc_corr]: ODOM non disponibile: stato ancora None
[WARN] [1791035836.595394337] [mpc_corr]: ODOM non disponibile: stato ancora None
[WARN] [1791035836.695313197] [mpc_corr]: ODOM non disponibile: stato ancora None
[WARN] [1791035836.795329443] [mpc_corr]: ODOM non disponibile: stato ancora None
[WARN] [1791035836.895470086] [mpc_corr]: ODOM non disponibile: stato ancora None
[WARN] [1791035836.995191265] [mpc_corr]: ODOM non disponibile: stato ancora None
[WARN] [1791035837.095468879] [mpc_corr]: ODOM non disponibile: stato ancora None
[WARN] [1791035837.195441018] [mpc_corr]: ODOM non disponibile: stato ancora None
[INFO] [1791035837.196763346] [mpc_corr]: PUB /drive | speed=+0.0000 steer=+0.0000 subs=1
[WARN] [1791035837.295302683] [mpc_corr]: ODOM non disponibile: stato ancora None
[WARN] [1791035837.395401127] [mpc_corr]: ODOM non disponibile: stato ancora None
[WARN] [1791035837.495238981] [mpc_corr]: ODOM non disponibile: stato ancora None
[WARN] [1791035837.596314258] [mpc_corr]: ODOM non disponibile: stato ancora None
[WARN] [1791035837.695593873] [mpc_corr]: ODOM non disponibile: stato ancora None
[WARN] [1791035837.795396581] [mpc_corr]: ODOM non disponibile: stato ancora None
[INFO] [1791035837.894328305] [mpc_corr]: ODOMSEL | src=None hw_age=infs sim_age=infs timeout=0.500s
[WARN] [1791035837.895650243] [mpc_corr]: ODOM non disponibile: stato ancora None
[WARN] [1791035837.995552884] [mpc_corr]: ODOM non disponibile: stato ancora None
[WARN] [1791035838.095783503] [mpc_corr]: ODOM non disponibile: stato ancora None
[WARN] [1791035838.195486763] [mpc_corr]: ODOM non disponibile: stato ancora None
[INFO] [1791035838.196842803] [mpc_corr]: PUB /drive | speed=+0.0000 steer=+0.0000 subs=1
