[INFO] [1791035618.943030527] [behavior_executor_node]: [mission] mission_file_name parameter not set -- waiting for a path on /mission/load_path, or a call to /mission/load_mission (mission.state stays IDLE until then).
[INFO] [1791035618.944872561] [behavior_executor_node]: No goal pose received yet -- waiting on /goal_pose (see HasGoalPose).
[INFO] [1791035618.947479889] [behavior_executor_node]: BT safety config: camera_obstacle_stop=False lidar_safety_stop=True (front=0.15m side=0.15m) sys_obs_load_trip=False (needs 3 consecutive samples); camera obstacles reach the MPC via /perception/obstacles_2d regardless.
[INFO] [1791035619.051250884] [behavior_executor_node]: BT snapshot -- root=FAILURE, lanes: emergency=FAILURE | mission=FAILURE | navigation=FAILURE
[o] root [x]
    [-] emergency [x]
        [o] emergency_condition [x]
            --> IsBatteryLow [x]
            --> IsEmergencyStopTriggered [x]
            --> IsProximityTooClose [x]
            --> IsSystemOverheated [x]
        --> Stop [-]
    [-] mission [x]
        --> MissionActive [x]
        [o] mission_selector [-]
            [-] mission_object_response [-]
                --> ObjectSeen [-]
                --> HandleObjectAction [-]
            [-] mission_progress [-]
                --> PublishMoveGoal [-]
                --> GoToObject [-]
                --> CheckStopCondition [-]
                --> AdvanceMove [-]
    [-] navigation [x]
        --> HasMpcGoal [x]

[INFO] [1791035620.150472125] [behavior_executor_node]: BT snapshot -- root=FAILURE, lanes: emergency=FAILURE | mission=FAILURE | navigation=FAILURE
[o] root [x]
    [-] emergency [x]
        [o] emergency_condition [x]
            --> IsBatteryLow [x]
            --> IsEmergencyStopTriggered [x]
            --> IsProximityTooClose [x]
            --> IsSystemOverheated [x]
        --> Stop [-]
    [-] mission [x]
        --> MissionActive [x]
        [o] mission_selector [-]
            [-] mission_object_response [-]
                --> ObjectSeen [-]
                --> HandleObjectAction [-]
            [-] mission_progress [-]
                --> PublishMoveGoal [-]
                --> GoToObject [-]
                --> CheckStopCondition [-]
                --> AdvanceMove [-]
    [-] navigation [x]
        --> HasMpcGoal [x]

[INFO] [1791035621.150966171] [behavior_executor_node]: BT snapshot -- root=FAILURE, lanes: emergency=FAILURE | mission=FAILURE | navigation=FAILURE
[o] root [x]
    [-] emergency [x]
        [o] emergency_condition [x]
            --> IsBatteryLow [x]
            --> IsEmergencyStopTriggered [x]
            --> IsProximityTooClose [x]
            --> IsSystemOverheated [x]
        --> Stop [-]
    [-] mission [x]
        --> MissionActive [x]
        [o] mission_selector [-]
            [-] mission_object_response [-]
                --> ObjectSeen [-]
                --> HandleObjectAction [-]
            [-] mission_progress [-]
                --> PublishMoveGoal [-]
                --> GoToObject [-]
                --> CheckStopCondition [-]
                --> AdvanceMove [-]
    [-] navigation [x]
        --> HasMpcGoal [x]

[INFO] [1791035622.251224277] [behavior_executor_node]: BT snapshot -- root=FAILURE, lanes: emergency=FAILURE | mission=FAILURE | navigation=FAILURE
[o] root [x]
    [-] emergency [x]
        [o] emergency_condition [x]
            --> IsBatteryLow [x]
            --> IsEmergencyStopTriggered [x]
            --> IsProximityTooClose [x]
            --> IsSystemOverheated [x]
        --> Stop [-]
    [-] mission [x]
        --> MissionActive [x]
        [o] mission_selector [-]
            [-] mission_object_response [-]
                --> ObjectSeen [-]
                --> HandleObjectAction [-]
            [-] mission_progress [-]
                --> PublishMoveGoal [-]
                --> GoToObject [-]
                --> CheckStopCondition [-]
                --> AdvanceMove [-]
    [-] navigation [x]
        --> HasMpcGoal [x]

[INFO] [1791035623.350961547] [behavior_executor_node]: BT snapshot -- root=FAILURE, lanes: emergency=FAILURE | mission=FAILURE | navigation=FAILURE
[o] root [x]
    [-] emergency [x]
        [o] emergency_condition [x]
            --> IsBatteryLow [x]
            --> IsEmergencyStopTriggered [x]
            --> IsProximityTooClose [x]
            --> IsSystemOverheated [x]
        --> Stop [-]
    [-] mission [x]
        --> MissionActive [x]
        [o] mission_selector [-]
            [-] mission_object_response [-]
                --> ObjectSeen [-]
                --> HandleObjectAction [-]
            [-] mission_progress [-]
                --> PublishMoveGoal [-]
                --> GoToObject [-]
                --> CheckStopCondition [-]
                --> AdvanceMove [-]
    [-] navigation [x]
        --> HasMpcGoal [x]

[INFO] [1791035624.450867238] [behavior_executor_node]: BT snapshot -- root=FAILURE, lanes: emergency=FAILURE | mission=FAILURE | navigation=FAILURE
[o] root [x]
    [-] emergency [x]
        [o] emergency_condition [x]
            --> IsBatteryLow [x]
            --> IsEmergencyStopTriggered [x]
            --> IsProximityTooClose [x]
            --> IsSystemOverheated [x]
        --> Stop [-]
    [-] mission [x]
        --> MissionActive [x]
        [o] mission_selector [-]
            [-] mission_object_response [-]
                --> ObjectSeen [-]
                --> HandleObjectAction [-]
            [-] mission_progress [-]
                --> PublishMoveGoal [-]
                --> GoToObject [-]
                --> CheckStopCondition [-]
                --> AdvanceMove [-]
    [-] navigation [x]
        --> HasMpcGoal [x]

[INFO] [1791035625.451199946] [behavior_executor_node]: BT snapshot -- root=FAILURE, lanes: emergency=FAILURE | mission=FAILURE | navigation=FAILURE
[o] root [x]
    [-] emergency [x]
        [o] emergency_condition [x]
            --> IsBatteryLow [x]
            --> IsEmergencyStopTriggered [x]
            --> IsProximityTooClose [x]
            --> IsSystemOverheated [x]
        --> Stop [-]
    [-] mission [x]
        --> MissionActive [x]
        [o] mission_selector [-]
            [-] mission_object_response [-]
                --> ObjectSeen [-]
                --> HandleObjectAction [-]
            [-] mission_progress [-]
                --> PublishMoveGoal [-]
                --> GoToObject [-]
                --> CheckStopCondition [-]
                --> AdvanceMove [-]
    [-] navigation [x]
        --> HasMpcGoal [x]

[INFO] [1791035626.451960097] [behavior_executor_node]: BT snapshot -- root=FAILURE, lanes: emergency=FAILURE | mission=FAILURE | navigation=FAILURE
[o] root [x]
    [-] emergency [x]
        [o] emergency_condition [x]
            --> IsBatteryLow [x]
            --> IsEmergencyStopTriggered [x]
            --> IsProximityTooClose [x]
            --> IsSystemOverheated [x]
        --> Stop [-]
    [-] mission [x]
        --> MissionActive [x]
        [o] mission_selector [-]
            [-] mission_object_response [-]
                --> ObjectSeen [-]
                --> HandleObjectAction [-]
            [-] mission_progress [-]
                --> PublishMoveGoal [-]
                --> GoToObject [-]
                --> CheckStopCondition [-]
                --> AdvanceMove [-]
    [-] navigation [x]
        --> HasMpcGoal [x]

[INFO] [1791035627.551086645] [behavior_executor_node]: BT snapshot -- root=FAILURE, lanes: emergency=FAILURE | mission=FAILURE | navigation=FAILURE
[o] root [x]
    [-] emergency [x]
        [o] emergency_condition [x]
            --> IsBatteryLow [x]
            --> IsEmergencyStopTriggered [x]
            --> IsProximityTooClose [x]
            --> IsSystemOverheated [x]
        --> Stop [-]
    [-] mission [x]
        --> MissionActive [x]
        [o] mission_selector [-]
            [-] mission_object_response [-]
                --> ObjectSeen [-]
                --> HandleObjectAction [-]
            [-] mission_progress [-]
                --> PublishMoveGoal [-]
                --> GoToObject [-]
                --> CheckStopCondition [-]
                --> AdvanceMove [-]
    [-] navigation [x]
        --> HasMpcGoal [x]

[INFO] [1791035628.650818395] [behavior_executor_node]: BT snapshot -- root=FAILURE, lanes: emergency=FAILURE | mission=FAILURE | navigation=FAILURE
[o] root [x]
    [-] emergency [x]
        [o] emergency_condition [x]
            --> IsBatteryLow [x]
            --> IsEmergencyStopTriggered [x]
            --> IsProximityTooClose [x]
            --> IsSystemOverheated [x]
        --> Stop [-]
    [-] mission [x]
        --> MissionActive [x]
        [o] mission_selector [-]
            [-] mission_object_response [-]
                --> ObjectSeen [-]
                --> HandleObjectAction [-]
            [-] mission_progress [-]
                --> PublishMoveGoal [-]
                --> GoToObject [-]
                --> CheckStopCondition [-]
                --> AdvanceMove [-]
    [-] navigation [x]
        --> HasMpcGoal [x]

[INFO] [1791035629.650981831] [behavior_executor_node]: BT snapshot -- root=FAILURE, lanes: emergency=FAILURE | mission=FAILURE | navigation=FAILURE
[o] root [x]
    [-] emergency [x]
        [o] emergency_condition [x]
            --> IsBatteryLow [x]
            --> IsEmergencyStopTriggered [x]
            --> IsProximityTooClose [x]
            --> IsSystemOverheated [x]
        --> Stop [-]
    [-] mission [x]
        --> MissionActive [x]
        [o] mission_selector [-]
            [-] mission_object_response [-]
                --> ObjectSeen [-]
                --> HandleObjectAction [-]
            [-] mission_progress [-]
                --> PublishMoveGoal [-]
                --> GoToObject [-]
                --> CheckStopCondition [-]
                --> AdvanceMove [-]
    [-] navigation [x]
        --> HasMpcGoal [x]

[INFO] [1791035630.767553149] [behavior_executor_node]: BT snapshot -- root=FAILURE, lanes: emergency=FAILURE | mission=FAILURE | navigation=FAILURE
[o] root [x]
    [-] emergency [x]
        [o] emergency_condition [x]
            --> IsBatteryLow [x]
            --> IsEmergencyStopTriggered [x]
            --> IsProximityTooClose [x]
            --> IsSystemOverheated [x]
        --> Stop [-]
    [-] mission [x]
        --> MissionActive [x]
        [o] mission_selector [-]
            [-] mission_object_response [-]
                --> ObjectSeen [-]
                --> HandleObjectAction [-]
            [-] mission_progress [-]
                --> PublishMoveGoal [-]
                --> GoToObject [-]
                --> CheckStopCondition [-]
                --> AdvanceMove [-]
    [-] navigation [x]
        --> HasMpcGoal [x]

[INFO] [1791035631.851045175] [behavior_executor_node]: BT snapshot -- root=FAILURE, lanes: emergency=FAILURE | mission=FAILURE | navigation=FAILURE
[o] root [x]
    [-] emergency [x]
        [o] emergency_condition [x]
            --> IsBatteryLow [x]
            --> IsEmergencyStopTriggered [x]
            --> IsProximityTooClose [x]
            --> IsSystemOverheated [x]
        --> Stop [-]
    [-] mission [x]
        --> MissionActive [x]
        [o] mission_selector [-]
            [-] mission_object_response [-]
                --> ObjectSeen [-]
                --> HandleObjectAction [-]
            [-] mission_progress [-]
                --> PublishMoveGoal [-]
                --> GoToObject [-]
                --> CheckStopCondition [-]
                --> AdvanceMove [-]
    [-] navigation [x]
        --> HasMpcGoal [x]

[INFO] [1791035632.959026572] [behavior_executor_node]: BT snapshot -- root=FAILURE, lanes: emergency=FAILURE | mission=FAILURE | navigation=FAILURE
[o] root [x]
    [-] emergency [x]
        [o] emergency_condition [x]
            --> IsBatteryLow [x]
            --> IsEmergencyStopTriggered [x]
            --> IsProximityTooClose [x]
            --> IsSystemOverheated [x]
        --> Stop [-]
    [-] mission [x]
        --> MissionActive [x]
        [o] mission_selector [-]
            [-] mission_object_response [-]
                --> ObjectSeen [-]
                --> HandleObjectAction [-]
            [-] mission_progress [-]
                --> PublishMoveGoal [-]
                --> GoToObject [-]
                --> CheckStopCondition [-]
                --> AdvanceMove [-]
    [-] navigation [x]
        --> HasMpcGoal [x]

[INFO] [1791035634.050915453] [behavior_executor_node]: BT snapshot -- root=FAILURE, lanes: emergency=FAILURE | mission=FAILURE | navigation=FAILURE
[o] root [x]
    [-] emergency [x]
        [o] emergency_condition [x]
            --> IsBatteryLow [x]
            --> IsEmergencyStopTriggered [x]
            --> IsProximityTooClose [x]
            --> IsSystemOverheated [x]
        --> Stop [-]
    [-] mission [x]
        --> MissionActive [x]
        [o] mission_selector [-]
            [-] mission_object_response [-]
                --> ObjectSeen [-]
                --> HandleObjectAction [-]
            [-] mission_progress [-]
                --> PublishMoveGoal [-]
                --> GoToObject [-]
                --> CheckStopCondition [-]
                --> AdvanceMove [-]
    [-] navigation [x]
        --> HasMpcGoal [x]

[INFO] [1791035635.154689288] [behavior_executor_node]: BT snapshot -- root=FAILURE, lanes: emergency=FAILURE | mission=FAILURE | navigation=FAILURE
[o] root [x]
    [-] emergency [x]
        [o] emergency_condition [x]
            --> IsBatteryLow [x]
            --> IsEmergencyStopTriggered [x]
            --> IsProximityTooClose [x]
            --> IsSystemOverheated [x]
        --> Stop [-]
    [-] mission [x]
        --> MissionActive [x]
        [o] mission_selector [-]
            [-] mission_object_response [-]
                --> ObjectSeen [-]
                --> HandleObjectAction [-]
            [-] mission_progress [-]
                --> PublishMoveGoal [-]
                --> GoToObject [-]
                --> CheckStopCondition [-]
                --> AdvanceMove [-]
    [-] navigation [x]
        --> HasMpcGoal [x]

[INFO] [1791035636.163728326] [behavior_executor_node]: BT snapshot -- root=FAILURE, lanes: emergency=FAILURE | mission=FAILURE | navigation=FAILURE
[o] root [x]
    [-] emergency [x]
        [o] emergency_condition [x]
            --> IsBatteryLow [x]
            --> IsEmergencyStopTriggered [x]
            --> IsProximityTooClose [x]
            --> IsSystemOverheated [x]
        --> Stop [-]
    [-] mission [x]
        --> MissionActive [x]
        [o] mission_selector [-]
            [-] mission_object_response [-]
                --> ObjectSeen [-]
                --> HandleObjectAction [-]
            [-] mission_progress [-]
                --> PublishMoveGoal [-]
                --> GoToObject [-]
                --> CheckStopCondition [-]
                --> AdvanceMove [-]
    [-] navigation [x]
        --> HasMpcGoal [x]

[INFO] [1791035637.258833426] [behavior_executor_node]: BT snapshot -- root=FAILURE, lanes: emergency=FAILURE | mission=FAILURE | navigation=FAILURE
[o] root [x]
    [-] emergency [x]
        [o] emergency_condition [x]
            --> IsBatteryLow [x]
            --> IsEmergencyStopTriggered [x]
            --> IsProximityTooClose [x]
            --> IsSystemOverheated [x]
        --> Stop [-]
    [-] mission [x]
        --> MissionActive [x]
        [o] mission_selector [-]
            [-] mission_object_response [-]
                --> ObjectSeen [-]
                --> HandleObjectAction [-]
            [-] mission_progress [-]
                --> PublishMoveGoal [-]
                --> GoToObject [-]
                --> CheckStopCondition [-]
                --> AdvanceMove [-]
    [-] navigation [x]
        --> HasMpcGoal [x]

[INFO] [1791035638.350709602] [behavior_executor_node]: BT snapshot -- root=FAILURE, lanes: emergency=FAILURE | mission=FAILURE | navigation=FAILURE
[o] root [x]
    [-] emergency [x]
        [o] emergency_condition [x]
            --> IsBatteryLow [x]
            --> IsEmergencyStopTriggered [x]
            --> IsProximityTooClose [x]
            --> IsSystemOverheated [x]
        --> Stop [-]
    [-] mission [x]
        --> MissionActive [x]
        [o] mission_selector [-]
            [-] mission_object_response [-]
                --> ObjectSeen [-]
                --> HandleObjectAction [-]
            [-] mission_progress [-]
                --> PublishMoveGoal [-]
                --> GoToObject [-]
                --> CheckStopCondition [-]
                --> AdvanceMove [-]
    [-] navigation [x]
        --> HasMpcGoal [x]

[INFO] [1791035639.351202253] [behavior_executor_node]: BT snapshot -- root=FAILURE, lanes: emergency=FAILURE | mission=FAILURE | navigation=FAILURE
[o] root [x]
    [-] emergency [x]
        [o] emergency_condition [x]
            --> IsBatteryLow [x]
            --> IsEmergencyStopTriggered [x]
            --> IsProximityTooClose [x]
            --> IsSystemOverheated [x]
        --> Stop [-]
    [-] mission [x]
        --> MissionActive [x]
        [o] mission_selector [-]
            [-] mission_object_response [-]
                --> ObjectSeen [-]
                --> HandleObjectAction [-]
            [-] mission_progress [-]
                --> PublishMoveGoal [-]
                --> GoToObject [-]
                --> CheckStopCondition [-]
                --> AdvanceMove [-]
    [-] navigation [x]
        --> HasMpcGoal [x]

[INFO] [1791035640.362389763] [behavior_executor_node]: BT snapshot -- root=FAILURE, lanes: emergency=FAILURE | mission=FAILURE | navigation=FAILURE
[o] root [x]
    [-] emergency [x]
        [o] emergency_condition [x]
            --> IsBatteryLow [x]
            --> IsEmergencyStopTriggered [x]
            --> IsProximityTooClose [x]
            --> IsSystemOverheated [x]
        --> Stop [-]
    [-] mission [x]
        --> MissionActive [x]
        [o] mission_selector [-]
            [-] mission_object_response [-]
                --> ObjectSeen [-]
                --> HandleObjectAction [-]
            [-] mission_progress [-]
                --> PublishMoveGoal [-]
                --> GoToObject [-]
                --> CheckStopCondition [-]
                --> AdvanceMove [-]
    [-] navigation [x]
        --> HasMpcGoal [x]

[INFO] [1791035641.375037925] [behavior_executor_node]: BT snapshot -- root=FAILURE, lanes: emergency=FAILURE | mission=FAILURE | navigation=FAILURE
[o] root [x]
    [-] emergency [x]
        [o] emergency_condition [x]
            --> IsBatteryLow [x]
            --> IsEmergencyStopTriggered [x]
            --> IsProximityTooClose [x]
            --> IsSystemOverheated [x]
        --> Stop [-]
    [-] mission [x]
        --> MissionActive [x]
        [o] mission_selector [-]
            [-] mission_object_response [-]
                --> ObjectSeen [-]
                --> HandleObjectAction [-]
            [-] mission_progress [-]
                --> PublishMoveGoal [-]
                --> GoToObject [-]
                --> CheckStopCondition [-]
                --> AdvanceMove [-]
    [-] navigation [x]
        --> HasMpcGoal [x]

[INFO] [1791035642.376909157] [behavior_executor_node]: [IsProximityTooClose] DIAG /scan layout (first message): angle_min=-2.3562 rad (-135.0 deg), angle_max=2.3562 rad (+135.0 deg), angle_increment=0.004363 rad (0.2500 deg), range_min=0.020 m, len(ranges)=1081
[INFO] [1791035642.377888947] [behavior_executor_node]: [IsProximityTooClose] DIAG scan: total=1081 in_window=721 excluded_by_filter=0 min_in_window=0.625 front_min=1.644
[INFO] [1791035642.450223047] [behavior_executor_node]: BT snapshot -- root=FAILURE, lanes: emergency=FAILURE | mission=FAILURE | navigation=FAILURE
[o] root [x]
    [-] emergency [x]
        [o] emergency_condition [x]
            --> IsBatteryLow [x]
            --> IsEmergencyStopTriggered [x]
            --> IsProximityTooClose [x]
            --> IsSystemOverheated [x]
        --> Stop [-]
    [-] mission [x]
        --> MissionActive [x]
        [o] mission_selector [-]
            [-] mission_object_response [-]
                --> ObjectSeen [-]
                --> HandleObjectAction [-]
            [-] mission_progress [-]
                --> PublishMoveGoal [-]
                --> GoToObject [-]
                --> CheckStopCondition [-]
                --> AdvanceMove [-]
    [-] navigation [x]
        --> HasMpcGoal [x]

[INFO] [1791035643.450269394] [behavior_executor_node]: BT snapshot -- root=FAILURE, lanes: emergency=FAILURE | mission=FAILURE | navigation=FAILURE
[o] root [x]
    [-] emergency [x]
        [o] emergency_condition [x]
            --> IsBatteryLow [x]
            --> IsEmergencyStopTriggered [x]
            --> IsProximityTooClose [x]
            --> IsSystemOverheated [x]
        --> Stop [-]
    [-] mission [x]
        --> MissionActive [x]
        [o] mission_selector [-]
            [-] mission_object_response [-]
                --> ObjectSeen [-]
                --> HandleObjectAction [-]
            [-] mission_progress [-]
                --> PublishMoveGoal [-]
                --> GoToObject [-]
                --> CheckStopCondition [-]
                --> AdvanceMove [-]
    [-] navigation [x]
        --> HasMpcGoal [x]

[INFO] [1791035644.389036000] [behavior_executor_node]: [IsProximityTooClose] DIAG scan: total=1081 in_window=721 excluded_by_filter=0 min_in_window=0.536 front_min=1.643
[INFO] [1791035644.549944131] [behavior_executor_node]: BT snapshot -- root=FAILURE, lanes: emergency=FAILURE | mission=FAILURE | navigation=FAILURE
[o] root [x]
    [-] emergency [x]
        [o] emergency_condition [x]
            --> IsBatteryLow [x]
            --> IsEmergencyStopTriggered [x]
            --> IsProximityTooClose [x]
            --> IsSystemOverheated [x]
        --> Stop [-]
    [-] mission [x]
        --> MissionActive [x]
        [o] mission_selector [-]
            [-] mission_object_response [-]
                --> ObjectSeen [-]
                --> HandleObjectAction [-]
            [-] mission_progress [-]
                --> PublishMoveGoal [-]
                --> GoToObject [-]
                --> CheckStopCondition [-]
                --> AdvanceMove [-]
    [-] navigation [x]
        --> HasMpcGoal [x]

[INFO] [1791035645.550052247] [behavior_executor_node]: BT snapshot -- root=FAILURE, lanes: emergency=FAILURE | mission=FAILURE | navigation=FAILURE
[o] root [x]
    [-] emergency [x]
        [o] emergency_condition [x]
            --> IsBatteryLow [x]
            --> IsEmergencyStopTriggered [x]
            --> IsProximityTooClose [x]
            --> IsSystemOverheated [x]
        --> Stop [-]
    [-] mission [x]
        --> MissionActive [x]
        [o] mission_selector [-]
            [-] mission_object_response [-]
                --> ObjectSeen [-]
                --> HandleObjectAction [-]
            [-] mission_progress [-]
                --> PublishMoveGoal [-]
                --> GoToObject [-]
                --> CheckStopCondition [-]
                --> AdvanceMove [-]
    [-] navigation [x]
        --> HasMpcGoal [x]

[INFO] [1791035646.414086039] [behavior_executor_node]: [IsProximityTooClose] DIAG scan: total=1081 in_window=721 excluded_by_filter=0 min_in_window=0.597 front_min=1.510
[INFO] [1791035646.671165654] [behavior_executor_node]: BT snapshot -- root=FAILURE, lanes: emergency=FAILURE | mission=FAILURE | navigation=FAILURE
[o] root [x]
    [-] emergency [x]
        [o] emergency_condition [x]
            --> IsBatteryLow [x]
            --> IsEmergencyStopTriggered [x]
            --> IsProximityTooClose [x]
            --> IsSystemOverheated [x]
        --> Stop [-]
    [-] mission [x]
        --> MissionActive [x]
        [o] mission_selector [-]
            [-] mission_object_response [-]
                --> ObjectSeen [-]
                --> HandleObjectAction [-]
            [-] mission_progress [-]
                --> PublishMoveGoal [-]
                --> GoToObject [-]
                --> CheckStopCondition [-]
                --> AdvanceMove [-]
    [-] navigation [x]
        --> HasMpcGoal [x]

[INFO] [1791035647.749702587] [behavior_executor_node]: BT snapshot -- root=FAILURE, lanes: emergency=FAILURE | mission=FAILURE | navigation=FAILURE
[o] root [x]
    [-] emergency [x]
        [o] emergency_condition [x]
            --> IsBatteryLow [x]
            --> IsEmergencyStopTriggered [x]
            --> IsProximityTooClose [x]
            --> IsSystemOverheated [x]
        --> Stop [-]
    [-] mission [x]
        --> MissionActive [x]
        [o] mission_selector [-]
            [-] mission_object_response [-]
                --> ObjectSeen [-]
                --> HandleObjectAction [-]
            [-] mission_progress [-]
                --> PublishMoveGoal [-]
                --> GoToObject [-]
                --> CheckStopCondition [-]
                --> AdvanceMove [-]
    [-] navigation [x]
        --> HasMpcGoal [x]

[INFO] [1791035648.455951227] [behavior_executor_node]: [IsProximityTooClose] DIAG scan: total=1081 in_window=721 excluded_by_filter=0 min_in_window=0.610 front_min=1.452
[INFO] [1791035648.750042584] [behavior_executor_node]: BT snapshot -- root=FAILURE, lanes: emergency=FAILURE | mission=FAILURE | navigation=FAILURE
[o] root [x]
    [-] emergency [x]
        [o] emergency_condition [x]
            --> IsBatteryLow [x]
            --> IsEmergencyStopTriggered [x]
            --> IsProximityTooClose [x]
            --> IsSystemOverheated [x]
        --> Stop [-]
    [-] mission [x]
        --> MissionActive [x]
        [o] mission_selector [-]
            [-] mission_object_response [-]
                --> ObjectSeen [-]
                --> HandleObjectAction [-]
            [-] mission_progress [-]
                --> PublishMoveGoal [-]
                --> GoToObject [-]
                --> CheckStopCondition [-]
                --> AdvanceMove [-]
    [-] navigation [x]
        --> HasMpcGoal [x]

[INFO] [1791035649.853191976] [behavior_executor_node]: BT snapshot -- root=FAILURE, lanes: emergency=FAILURE | mission=FAILURE | navigation=FAILURE
[o] root [x]
    [-] emergency [x]
        [o] emergency_condition [x]
            --> IsBatteryLow [x]
            --> IsEmergencyStopTriggered [x]
            --> IsProximityTooClose [x]
            --> IsSystemOverheated [x]
        --> Stop [-]
    [-] mission [x]
        --> MissionActive [x]
        [o] mission_selector [-]
            [-] mission_object_response [-]
                --> ObjectSeen [-]
                --> HandleObjectAction [-]
            [-] mission_progress [-]
                --> PublishMoveGoal [-]
                --> GoToObject [-]
                --> CheckStopCondition [-]
                --> AdvanceMove [-]
    [-] navigation [x]
        --> HasMpcGoal [x]

[INFO] [1791035650.458909192] [behavior_executor_node]: [IsProximityTooClose] DIAG scan: total=1081 in_window=721 excluded_by_filter=0 min_in_window=1.033 front_min=1.059
[INFO] [1791035650.950078703] [behavior_executor_node]: BT snapshot -- root=FAILURE, lanes: emergency=FAILURE | mission=FAILURE | navigation=FAILURE
[o] root [x]
    [-] emergency [x]
        [o] emergency_condition [x]
            --> IsBatteryLow [x]
            --> IsEmergencyStopTriggered [x]
            --> IsProximityTooClose [x]
            --> IsSystemOverheated [x]
        --> Stop [-]
    [-] mission [x]
        --> MissionActive [x]
        [o] mission_selector [-]
            [-] mission_object_response [-]
                --> ObjectSeen [-]
                --> HandleObjectAction [-]
            [-] mission_progress [-]
                --> PublishMoveGoal [-]
                --> GoToObject [-]
                --> CheckStopCondition [-]
                --> AdvanceMove [-]
    [-] navigation [x]
        --> HasMpcGoal [x]

[INFO] [1791035652.050077164] [behavior_executor_node]: BT snapshot -- root=FAILURE, lanes: emergency=FAILURE | mission=FAILURE | navigation=FAILURE
[o] root [x]
    [-] emergency [x]
        [o] emergency_condition [x]
            --> IsBatteryLow [x]
            --> IsEmergencyStopTriggered [x]
            --> IsProximityTooClose [x]
            --> IsSystemOverheated [x]
        --> Stop [-]
    [-] mission [x]
        --> MissionActive [x]
        [o] mission_selector [-]
            [-] mission_object_response [-]
                --> ObjectSeen [-]
                --> HandleObjectAction [-]
            [-] mission_progress [-]
                --> PublishMoveGoal [-]
                --> GoToObject [-]
                --> CheckStopCondition [-]
                --> AdvanceMove [-]
    [-] navigation [x]
        --> HasMpcGoal [x]

[INFO] [1791035652.460962152] [behavior_executor_node]: [IsProximityTooClose] DIAG scan: total=1081 in_window=721 excluded_by_filter=0 min_in_window=0.858 front_min=1.224
[INFO] [1791035653.153277287] [behavior_executor_node]: BT snapshot -- root=FAILURE, lanes: emergency=FAILURE | mission=FAILURE | navigation=FAILURE
[o] root [x]
    [-] emergency [x]
        [o] emergency_condition [x]
            --> IsBatteryLow [x]
            --> IsEmergencyStopTriggered [x]
            --> IsProximityTooClose [x]
            --> IsSystemOverheated [x]
        --> Stop [-]
    [-] mission [x]
        --> MissionActive [x]
        [o] mission_selector [-]
            [-] mission_object_response [-]
                --> ObjectSeen [-]
                --> HandleObjectAction [-]
            [-] mission_progress [-]
                --> PublishMoveGoal [-]
                --> GoToObject [-]
                --> CheckStopCondition [-]
                --> AdvanceMove [-]
    [-] navigation [x]
        --> HasMpcGoal [x]

[INFO] [1791035654.249834797] [behavior_executor_node]: BT snapshot -- root=FAILURE, lanes: emergency=FAILURE | mission=FAILURE | navigation=FAILURE
[o] root [x]
    [-] emergency [x]
        [o] emergency_condition [x]
            --> IsBatteryLow [x]
            --> IsEmergencyStopTriggered [x]
            --> IsProximityTooClose [x]
            --> IsSystemOverheated [x]
        --> Stop [-]
    [-] mission [x]
        --> MissionActive [x]
        [o] mission_selector [-]
            [-] mission_object_response [-]
                --> ObjectSeen [-]
                --> HandleObjectAction [-]
            [-] mission_progress [-]
                --> PublishMoveGoal [-]
                --> GoToObject [-]
                --> CheckStopCondition [-]
                --> AdvanceMove [-]
    [-] navigation [x]
        --> HasMpcGoal [x]

[INFO] [1791035654.666653783] [behavior_executor_node]: [IsProximityTooClose] DIAG scan: total=1081 in_window=721 excluded_by_filter=0 min_in_window=0.772 front_min=1.788
[INFO] [1791035655.249988441] [behavior_executor_node]: BT snapshot -- root=FAILURE, lanes: emergency=FAILURE | mission=FAILURE | navigation=FAILURE
[o] root [x]
    [-] emergency [x]
        [o] emergency_condition [x]
            --> IsBatteryLow [x]
            --> IsEmergencyStopTriggered [x]
            --> IsProximityTooClose [x]
            --> IsSystemOverheated [x]
        --> Stop [-]
    [-] mission [x]
        --> MissionActive [x]
        [o] mission_selector [-]
            [-] mission_object_response [-]
                --> ObjectSeen [-]
                --> HandleObjectAction [-]
            [-] mission_progress [-]
                --> PublishMoveGoal [-]
                --> GoToObject [-]
                --> CheckStopCondition [-]
                --> AdvanceMove [-]
    [-] navigation [x]
        --> HasMpcGoal [x]

[INFO] [1791035656.350192897] [behavior_executor_node]: BT snapshot -- root=FAILURE, lanes: emergency=FAILURE | mission=FAILURE | navigation=FAILURE
[o] root [x]
    [-] emergency [x]
        [o] emergency_condition [x]
            --> IsBatteryLow [x]
            --> IsEmergencyStopTriggered [x]
            --> IsProximityTooClose [x]
            --> IsSystemOverheated [x]
        --> Stop [-]
    [-] mission [x]
        --> MissionActive [x]
        [o] mission_selector [-]
            [-] mission_object_response [-]
                --> ObjectSeen [-]
                --> HandleObjectAction [-]
            [-] mission_progress [-]
                --> PublishMoveGoal [-]
                --> GoToObject [-]
                --> CheckStopCondition [-]
                --> AdvanceMove [-]
    [-] navigation [x]
        --> HasMpcGoal [x]

[INFO] [1791035656.690890722] [behavior_executor_node]: [IsProximityTooClose] DIAG scan: total=1081 in_window=721 excluded_by_filter=0 min_in_window=0.879 front_min=1.249
[INFO] [1791035657.454057435] [behavior_executor_node]: BT snapshot -- root=FAILURE, lanes: emergency=FAILURE | mission=FAILURE | navigation=FAILURE
[o] root [x]
    [-] emergency [x]
        [o] emergency_condition [x]
            --> IsBatteryLow [x]
            --> IsEmergencyStopTriggered [x]
            --> IsProximityTooClose [x]
            --> IsSystemOverheated [x]
        --> Stop [-]
    [-] mission [x]
        --> MissionActive [x]
        [o] mission_selector [-]
            [-] mission_object_response [-]
                --> ObjectSeen [-]
                --> HandleObjectAction [-]
            [-] mission_progress [-]
                --> PublishMoveGoal [-]
                --> GoToObject [-]
                --> CheckStopCondition [-]
                --> AdvanceMove [-]
    [-] navigation [x]
        --> HasMpcGoal [x]

[INFO] [1791035658.549806043] [behavior_executor_node]: BT snapshot -- root=FAILURE, lanes: emergency=FAILURE | mission=FAILURE | navigation=FAILURE
[o] root [x]
    [-] emergency [x]
        [o] emergency_condition [x]
            --> IsBatteryLow [x]
            --> IsEmergencyStopTriggered [x]
            --> IsProximityTooClose [x]
            --> IsSystemOverheated [x]
        --> Stop [-]
    [-] mission [x]
        --> MissionActive [x]
        [o] mission_selector [-]
            [-] mission_object_response [-]
                --> ObjectSeen [-]
                --> HandleObjectAction [-]
            [-] mission_progress [-]
                --> PublishMoveGoal [-]
                --> GoToObject [-]
                --> CheckStopCondition [-]
                --> AdvanceMove [-]
    [-] navigation [x]
        --> HasMpcGoal [x]

[INFO] [1791035658.716784670] [behavior_executor_node]: [IsProximityTooClose] DIAG scan: total=1081 in_window=721 excluded_by_filter=0 min_in_window=0.839 front_min=1.283
[INFO] [1791035659.550007354] [behavior_executor_node]: BT snapshot -- root=FAILURE, lanes: emergency=FAILURE | mission=FAILURE | navigation=FAILURE
[o] root [x]
    [-] emergency [x]
        [o] emergency_condition [x]
            --> IsBatteryLow [x]
            --> IsEmergencyStopTriggered [x]
            --> IsProximityTooClose [x]
            --> IsSystemOverheated [x]
        --> Stop [-]
    [-] mission [x]
        --> MissionActive [x]
        [o] mission_selector [-]
            [-] mission_object_response [-]
                --> ObjectSeen [-]
                --> HandleObjectAction [-]
            [-] mission_progress [-]
                --> PublishMoveGoal [-]
                --> GoToObject [-]
                --> CheckStopCondition [-]
                --> AdvanceMove [-]
    [-] navigation [x]
        --> HasMpcGoal [x]

[INFO] [1791035660.550402124] [behavior_executor_node]: BT snapshot -- root=FAILURE, lanes: emergency=FAILURE | mission=FAILURE | navigation=FAILURE
[o] root [x]
    [-] emergency [x]
        [o] emergency_condition [x]
            --> IsBatteryLow [x]
            --> IsEmergencyStopTriggered [x]
            --> IsProximityTooClose [x]
            --> IsSystemOverheated [x]
        --> Stop [-]
    [-] mission [x]
        --> MissionActive [x]
        [o] mission_selector [-]
            [-] mission_object_response [-]
                --> ObjectSeen [-]
                --> HandleObjectAction [-]
            [-] mission_progress [-]
                --> PublishMoveGoal [-]
                --> GoToObject [-]
                --> CheckStopCondition [-]
                --> AdvanceMove [-]
    [-] navigation [x]
        --> HasMpcGoal [x]

[INFO] [1791035660.717305665] [behavior_executor_node]: [IsProximityTooClose] DIAG scan: total=1081 in_window=721 excluded_by_filter=0 min_in_window=0.886 front_min=1.973
[INFO] [1791035661.651754817] [behavior_executor_node]: BT snapshot -- root=FAILURE, lanes: emergency=FAILURE | mission=FAILURE | navigation=FAILURE
[o] root [x]
    [-] emergency [x]
        [o] emergency_condition [x]
            --> IsBatteryLow [x]
            --> IsEmergencyStopTriggered [x]
            --> IsProximityTooClose [x]
            --> IsSystemOverheated [x]
        --> Stop [-]
    [-] mission [x]
        --> MissionActive [x]
        [o] mission_selector [-]
            [-] mission_object_response [-]
                --> ObjectSeen [-]
                --> HandleObjectAction [-]
            [-] mission_progress [-]
                --> PublishMoveGoal [-]
                --> GoToObject [-]
                --> CheckStopCondition [-]
                --> AdvanceMove [-]
    [-] navigation [x]
        --> HasMpcGoal [x]

[INFO] [1791035662.739568193] [behavior_executor_node]: [IsProximityTooClose] DIAG scan: total=1081 in_window=721 excluded_by_filter=0 min_in_window=0.890 front_min=2.307
[INFO] [1791035662.750078747] [behavior_executor_node]: BT snapshot -- root=FAILURE, lanes: emergency=FAILURE | mission=FAILURE | navigation=FAILURE
[o] root [x]
    [-] emergency [x]
        [o] emergency_condition [x]
            --> IsBatteryLow [x]
            --> IsEmergencyStopTriggered [x]
            --> IsProximityTooClose [x]
            --> IsSystemOverheated [x]
        --> Stop [-]
    [-] mission [x]
        --> MissionActive [x]
        [o] mission_selector [-]
            [-] mission_object_response [-]
                --> ObjectSeen [-]
                --> HandleObjectAction [-]
            [-] mission_progress [-]
                --> PublishMoveGoal [-]
                --> GoToObject [-]
                --> CheckStopCondition [-]
                --> AdvanceMove [-]
    [-] navigation [x]
        --> HasMpcGoal [x]

[INFO] [1791035663.850031591] [behavior_executor_node]: BT snapshot -- root=FAILURE, lanes: emergency=FAILURE | mission=FAILURE | navigation=FAILURE
[o] root [x]
    [-] emergency [x]
        [o] emergency_condition [x]
            --> IsBatteryLow [x]
            --> IsEmergencyStopTriggered [x]
            --> IsProximityTooClose [x]
            --> IsSystemOverheated [x]
        --> Stop [-]
    [-] mission [x]
        --> MissionActive [x]
        [o] mission_selector [-]
            [-] mission_object_response [-]
                --> ObjectSeen [-]
                --> HandleObjectAction [-]
            [-] mission_progress [-]
                --> PublishMoveGoal [-]
                --> GoToObject [-]
                --> CheckStopCondition [-]
                --> AdvanceMove [-]
    [-] navigation [x]
        --> HasMpcGoal [x]

[INFO] [1791035664.789583227] [behavior_executor_node]: [IsProximityTooClose] DIAG scan: total=1081 in_window=721 excluded_by_filter=0 min_in_window=0.954 front_min=1.544
[INFO] [1791035664.950043105] [behavior_executor_node]: BT snapshot -- root=FAILURE, lanes: emergency=FAILURE | mission=FAILURE | navigation=FAILURE
[o] root [x]
    [-] emergency [x]
        [o] emergency_condition [x]
            --> IsBatteryLow [x]
            --> IsEmergencyStopTriggered [x]
            --> IsProximityTooClose [x]
            --> IsSystemOverheated [x]
        --> Stop [-]
    [-] mission [x]
        --> MissionActive [x]
        [o] mission_selector [-]
            [-] mission_object_response [-]
                --> ObjectSeen [-]
                --> HandleObjectAction [-]
            [-] mission_progress [-]
                --> PublishMoveGoal [-]
                --> GoToObject [-]
                --> CheckStopCondition [-]
                --> AdvanceMove [-]
    [-] navigation [x]
        --> HasMpcGoal [x]

[INFO] [1791035666.068600745] [behavior_executor_node]: BT snapshot -- root=FAILURE, lanes: emergency=FAILURE | mission=FAILURE | navigation=FAILURE
[o] root [x]
    [-] emergency [x]
        [o] emergency_condition [x]
            --> IsBatteryLow [x]
            --> IsEmergencyStopTriggered [x]
            --> IsProximityTooClose [x]
            --> IsSystemOverheated [x]
        --> Stop [-]
    [-] mission [x]
        --> MissionActive [x]
        [o] mission_selector [-]
            [-] mission_object_response [-]
                --> ObjectSeen [-]
                --> HandleObjectAction [-]
            [-] mission_progress [-]
                --> PublishMoveGoal [-]
                --> GoToObject [-]
                --> CheckStopCondition [-]
                --> AdvanceMove [-]
    [-] navigation [x]
        --> HasMpcGoal [x]

[INFO] [1791035666.853909563] [behavior_executor_node]: [IsProximityTooClose] DIAG scan: total=1081 in_window=721 excluded_by_filter=0 min_in_window=0.997 front_min=1.836
[INFO] [1791035667.150327326] [behavior_executor_node]: BT snapshot -- root=FAILURE, lanes: emergency=FAILURE | mission=FAILURE | navigation=FAILURE
[o] root [x]
    [-] emergency [x]
        [o] emergency_condition [x]
            --> IsBatteryLow [x]
            --> IsEmergencyStopTriggered [x]
            --> IsProximityTooClose [x]
            --> IsSystemOverheated [x]
        --> Stop [-]
    [-] mission [x]
        --> MissionActive [x]
        [o] mission_selector [-]
            [-] mission_object_response [-]
                --> ObjectSeen [-]
                --> HandleObjectAction [-]
            [-] mission_progress [-]
                --> PublishMoveGoal [-]
                --> GoToObject [-]
                --> CheckStopCondition [-]
                --> AdvanceMove [-]
    [-] navigation [x]
        --> HasMpcGoal [x]

[INFO] [1791035668.252767154] [behavior_executor_node]: BT snapshot -- root=FAILURE, lanes: emergency=FAILURE | mission=FAILURE | navigation=FAILURE
[o] root [x]
    [-] emergency [x]
        [o] emergency_condition [x]
            --> IsBatteryLow [x]
            --> IsEmergencyStopTriggered [x]
            --> IsProximityTooClose [x]
            --> IsSystemOverheated [x]
        --> Stop [-]
    [-] mission [x]
        --> MissionActive [x]
        [o] mission_selector [-]
            [-] mission_object_response [-]
                --> ObjectSeen [-]
                --> HandleObjectAction [-]
            [-] mission_progress [-]
                --> PublishMoveGoal [-]
                --> GoToObject [-]
                --> CheckStopCondition [-]
                --> AdvanceMove [-]
    [-] navigation [x]
        --> HasMpcGoal [x]

[INFO] [1791035668.858981284] [behavior_executor_node]: [IsProximityTooClose] DIAG scan: total=1081 in_window=721 excluded_by_filter=0 min_in_window=1.033 front_min=2.838
[INFO] [1791035669.350206416] [behavior_executor_node]: BT snapshot -- root=FAILURE, lanes: emergency=FAILURE | mission=FAILURE | navigation=FAILURE
[o] root [x]
    [-] emergency [x]
        [o] emergency_condition [x]
            --> IsBatteryLow [x]
            --> IsEmergencyStopTriggered [x]
            --> IsProximityTooClose [x]
            --> IsSystemOverheated [x]
        --> Stop [-]
    [-] mission [x]
        --> MissionActive [x]
        [o] mission_selector [-]
            [-] mission_object_response [-]
                --> ObjectSeen [-]
                --> HandleObjectAction [-]
            [-] mission_progress [-]
                --> PublishMoveGoal [-]
                --> GoToObject [-]
                --> CheckStopCondition [-]
                --> AdvanceMove [-]
    [-] navigation [x]
        --> HasMpcGoal [x]

[INFO] [1791035670.450650953] [behavior_executor_node]: BT snapshot -- root=FAILURE, lanes: emergency=FAILURE | mission=FAILURE | navigation=FAILURE
[o] root [x]
    [-] emergency [x]
        [o] emergency_condition [x]
            --> IsBatteryLow [x]
            --> IsEmergencyStopTriggered [x]
            --> IsProximityTooClose [x]
            --> IsSystemOverheated [x]
        --> Stop [-]
    [-] mission [x]
        --> MissionActive [x]
        [o] mission_selector [-]
            [-] mission_object_response [-]
                --> ObjectSeen [-]
                --> HandleObjectAction [-]
            [-] mission_progress [-]
                --> PublishMoveGoal [-]
                --> GoToObject [-]
                --> CheckStopCondition [-]
                --> AdvanceMove [-]
    [-] navigation [x]
        --> HasMpcGoal [x]

[INFO] [1791035670.866140373] [behavior_executor_node]: [IsProximityTooClose] DIAG scan: total=1081 in_window=721 excluded_by_filter=0 min_in_window=1.078 front_min=2.765
[INFO] [1791035671.569492519] [behavior_executor_node]: BT snapshot -- root=FAILURE, lanes: emergency=FAILURE | mission=FAILURE | navigation=FAILURE
[o] root [x]
    [-] emergency [x]
        [o] emergency_condition [x]
            --> IsBatteryLow [x]
            --> IsEmergencyStopTriggered [x]
            --> IsProximityTooClose [x]
            --> IsSystemOverheated [x]
        --> Stop [-]
    [-] mission [x]
        --> MissionActive [x]
        [o] mission_selector [-]
            [-] mission_object_response [-]
                --> ObjectSeen [-]
                --> HandleObjectAction [-]
            [-] mission_progress [-]
                --> PublishMoveGoal [-]
                --> GoToObject [-]
                --> CheckStopCondition [-]
                --> AdvanceMove [-]
    [-] navigation [x]
        --> HasMpcGoal [x]

[INFO] [1791035672.650238778] [behavior_executor_node]: BT snapshot -- root=FAILURE, lanes: emergency=FAILURE | mission=FAILURE | navigation=FAILURE
[o] root [x]
    [-] emergency [x]
        [o] emergency_condition [x]
            --> IsBatteryLow [x]
            --> IsEmergencyStopTriggered [x]
            --> IsProximityTooClose [x]
            --> IsSystemOverheated [x]
        --> Stop [-]
    [-] mission [x]
        --> MissionActive [x]
        [o] mission_selector [-]
            [-] mission_object_response [-]
                --> ObjectSeen [-]
                --> HandleObjectAction [-]
            [-] mission_progress [-]
                --> PublishMoveGoal [-]
                --> GoToObject [-]
                --> CheckStopCondition [-]
                --> AdvanceMove [-]
    [-] navigation [x]
        --> HasMpcGoal [x]

[INFO] [1791035672.877246845] [behavior_executor_node]: [IsProximityTooClose] DIAG scan: total=1081 in_window=721 excluded_by_filter=0 min_in_window=1.516 front_min=1.992
[INFO] [1791035673.753204909] [behavior_executor_node]: BT snapshot -- root=FAILURE, lanes: emergency=FAILURE | mission=FAILURE | navigation=FAILURE
[o] root [x]
    [-] emergency [x]
        [o] emergency_condition [x]
            --> IsBatteryLow [x]
            --> IsEmergencyStopTriggered [x]
            --> IsProximityTooClose [x]
            --> IsSystemOverheated [x]
        --> Stop [-]
    [-] mission [x]
        --> MissionActive [x]
        [o] mission_selector [-]
            [-] mission_object_response [-]
                --> ObjectSeen [-]
                --> HandleObjectAction [-]
            [-] mission_progress [-]
                --> PublishMoveGoal [-]
                --> GoToObject [-]
                --> CheckStopCondition [-]
                --> AdvanceMove [-]
    [-] navigation [x]
        --> HasMpcGoal [x]

[INFO] [1791035674.849998897] [behavior_executor_node]: BT snapshot -- root=FAILURE, lanes: emergency=FAILURE | mission=FAILURE | navigation=FAILURE
[o] root [x]
    [-] emergency [x]
        [o] emergency_condition [x]
            --> IsBatteryLow [x]
            --> IsEmergencyStopTriggered [x]
            --> IsProximityTooClose [x]
            --> IsSystemOverheated [x]
        --> Stop [-]
    [-] mission [x]
        --> MissionActive [x]
        [o] mission_selector [-]
            [-] mission_object_response [-]
                --> ObjectSeen [-]
                --> HandleObjectAction [-]
            [-] mission_progress [-]
                --> PublishMoveGoal [-]
                --> GoToObject [-]
                --> CheckStopCondition [-]
                --> AdvanceMove [-]
    [-] navigation [x]
        --> HasMpcGoal [x]

[INFO] [1791035674.883643944] [behavior_executor_node]: [IsProximityTooClose] DIAG scan: total=1081 in_window=721 excluded_by_filter=0 min_in_window=1.161 front_min=1.967
[INFO] [1791035675.952371294] [behavior_executor_node]: BT snapshot -- root=FAILURE, lanes: emergency=FAILURE | mission=FAILURE | navigation=FAILURE
[o] root [x]
    [-] emergency [x]
        [o] emergency_condition [x]
            --> IsBatteryLow [x]
            --> IsEmergencyStopTriggered [x]
            --> IsProximityTooClose [x]
            --> IsSystemOverheated [x]
        --> Stop [-]
    [-] mission [x]
        --> MissionActive [x]
        [o] mission_selector [-]
            [-] mission_object_response [-]
                --> ObjectSeen [-]
                --> HandleObjectAction [-]
            [-] mission_progress [-]
                --> PublishMoveGoal [-]
                --> GoToObject [-]
                --> CheckStopCondition [-]
                --> AdvanceMove [-]
    [-] navigation [x]
        --> HasMpcGoal [x]

[INFO] [1791035676.887493750] [behavior_executor_node]: [IsProximityTooClose] DIAG scan: total=1081 in_window=721 excluded_by_filter=0 min_in_window=1.207 front_min=1.809
[INFO] [1791035677.049928878] [behavior_executor_node]: BT snapshot -- root=FAILURE, lanes: emergency=FAILURE | mission=FAILURE | navigation=FAILURE
[o] root [x]
    [-] emergency [x]
        [o] emergency_condition [x]
            --> IsBatteryLow [x]
            --> IsEmergencyStopTriggered [x]
            --> IsProximityTooClose [x]
            --> IsSystemOverheated [x]
        --> Stop [-]
    [-] mission [x]
        --> MissionActive [x]
        [o] mission_selector [-]
            [-] mission_object_response [-]
                --> ObjectSeen [-]
                --> HandleObjectAction [-]
            [-] mission_progress [-]
                --> PublishMoveGoal [-]
                --> GoToObject [-]
                --> CheckStopCondition [-]
                --> AdvanceMove [-]
    [-] navigation [x]
        --> HasMpcGoal [x]

[INFO] [1791035678.053142331] [behavior_executor_node]: BT snapshot -- root=FAILURE, lanes: emergency=FAILURE | mission=FAILURE | navigation=FAILURE
[o] root [x]
    [-] emergency [x]
        [o] emergency_condition [x]
            --> IsBatteryLow [x]
            --> IsEmergencyStopTriggered [x]
            --> IsProximityTooClose [x]
            --> IsSystemOverheated [x]
        --> Stop [-]
    [-] mission [x]
        --> MissionActive [x]
        [o] mission_selector [-]
            [-] mission_object_response [-]
                --> ObjectSeen [-]
                --> HandleObjectAction [-]
            [-] mission_progress [-]
                --> PublishMoveGoal [-]
                --> GoToObject [-]
                --> CheckStopCondition [-]
                --> AdvanceMove [-]
    [-] navigation [x]
        --> HasMpcGoal [x]

[INFO] [1791035678.887913799] [behavior_executor_node]: [IsProximityTooClose] DIAG scan: total=1081 in_window=721 excluded_by_filter=0 min_in_window=1.289 front_min=1.568
[INFO] [1791035679.174790510] [behavior_executor_node]: BT snapshot -- root=FAILURE, lanes: emergency=FAILURE | mission=FAILURE | navigation=FAILURE
[o] root [x]
    [-] emergency [x]
        [o] emergency_condition [x]
            --> IsBatteryLow [x]
            --> IsEmergencyStopTriggered [x]
            --> IsProximityTooClose [x]
            --> IsSystemOverheated [x]
        --> Stop [-]
    [-] mission [x]
        --> MissionActive [x]
        [o] mission_selector [-]
            [-] mission_object_response [-]
                --> ObjectSeen [-]
                --> HandleObjectAction [-]
            [-] mission_progress [-]
                --> PublishMoveGoal [-]
                --> GoToObject [-]
                --> CheckStopCondition [-]
                --> AdvanceMove [-]
    [-] navigation [x]
        --> HasMpcGoal [x]

[INFO] [1791035680.250253201] [behavior_executor_node]: BT snapshot -- root=FAILURE, lanes: emergency=FAILURE | mission=FAILURE | navigation=FAILURE
[o] root [x]
    [-] emergency [x]
        [o] emergency_condition [x]
            --> IsBatteryLow [x]
            --> IsEmergencyStopTriggered [x]
            --> IsProximityTooClose [x]
            --> IsSystemOverheated [x]
        --> Stop [-]
    [-] mission [x]
        --> MissionActive [x]
        [o] mission_selector [-]
            [-] mission_object_response [-]
                --> ObjectSeen [-]
                --> HandleObjectAction [-]
            [-] mission_progress [-]
                --> PublishMoveGoal [-]
                --> GoToObject [-]
                --> CheckStopCondition [-]
                --> AdvanceMove [-]
    [-] navigation [x]
        --> HasMpcGoal [x]

[INFO] [1791035680.954878340] [behavior_executor_node]: [IsProximityTooClose] DIAG scan: total=1081 in_window=721 excluded_by_filter=0 min_in_window=0.958 front_min=1.874
[INFO] [1791035681.350007768] [behavior_executor_node]: BT snapshot -- root=FAILURE, lanes: emergency=FAILURE | mission=FAILURE | navigation=FAILURE
[o] root [x]
    [-] emergency [x]
        [o] emergency_condition [x]
            --> IsBatteryLow [x]
            --> IsEmergencyStopTriggered [x]
            --> IsProximityTooClose [x]
            --> IsSystemOverheated [x]
        --> Stop [-]
    [-] mission [x]
        --> MissionActive [x]
        [o] mission_selector [-]
            [-] mission_object_response [-]
                --> ObjectSeen [-]
                --> HandleObjectAction [-]
            [-] mission_progress [-]
                --> PublishMoveGoal [-]
                --> GoToObject [-]
                --> CheckStopCondition [-]
                --> AdvanceMove [-]
    [-] navigation [x]
        --> HasMpcGoal [x]

[INFO] [1791035682.350187549] [behavior_executor_node]: BT snapshot -- root=FAILURE, lanes: emergency=FAILURE | mission=FAILURE | navigation=FAILURE
[o] root [x]
    [-] emergency [x]
        [o] emergency_condition [x]
            --> IsBatteryLow [x]
            --> IsEmergencyStopTriggered [x]
            --> IsProximityTooClose [x]
            --> IsSystemOverheated [x]
        --> Stop [-]
    [-] mission [x]
        --> MissionActive [x]
        [o] mission_selector [-]
            [-] mission_object_response [-]
                --> ObjectSeen [-]
                --> HandleObjectAction [-]
            [-] mission_progress [-]
                --> PublishMoveGoal [-]
                --> GoToObject [-]
                --> CheckStopCondition [-]
                --> AdvanceMove [-]
    [-] navigation [x]
        --> HasMpcGoal [x]

[INFO] [1791035683.365784960] [behavior_executor_node]: BT snapshot -- root=FAILURE, lanes: emergency=FAILURE | mission=FAILURE | navigation=FAILURE
[o] root [x]
    [-] emergency [x]
        [o] emergency_condition [x]
            --> IsBatteryLow [x]
            --> IsEmergencyStopTriggered [x]
            --> IsProximityTooClose [x]
            --> IsSystemOverheated [x]
        --> Stop [-]
    [-] mission [x]
        --> MissionActive [x]
        [o] mission_selector [-]
            [-] mission_object_response [-]
                --> ObjectSeen [-]
                --> HandleObjectAction [-]
            [-] mission_progress [-]
                --> PublishMoveGoal [-]
                --> GoToObject [-]
                --> CheckStopCondition [-]
                --> AdvanceMove [-]
    [-] navigation [x]
        --> HasMpcGoal [x]

[INFO] [1791035683.367638803] [behavior_executor_node]: [IsProximityTooClose] DIAG scan: total=1081 in_window=721 excluded_by_filter=0 min_in_window=0.552 front_min=1.673
[INFO] [1791035684.486196345] [behavior_executor_node]: BT snapshot -- root=FAILURE, lanes: emergency=FAILURE | mission=FAILURE | navigation=FAILURE
[o] root [x]
    [-] emergency [x]
        [o] emergency_condition [x]
            --> IsBatteryLow [x]
            --> IsEmergencyStopTriggered [x]
            --> IsProximityTooClose [x]
            --> IsSystemOverheated [x]
        --> Stop [-]
    [-] mission [x]
        --> MissionActive [x]
        [o] mission_selector [-]
            [-] mission_object_response [-]
                --> ObjectSeen [-]
                --> HandleObjectAction [-]
            [-] mission_progress [-]
                --> PublishMoveGoal [-]
                --> GoToObject [-]
                --> CheckStopCondition [-]
                --> AdvanceMove [-]
    [-] navigation [x]
        --> HasMpcGoal [x]

[INFO] [1791035685.382387499] [behavior_executor_node]: [IsProximityTooClose] DIAG scan: total=1081 in_window=721 excluded_by_filter=0 min_in_window=0.640 front_min=1.647
[INFO] [1791035685.549994451] [behavior_executor_node]: BT snapshot -- root=FAILURE, lanes: emergency=FAILURE | mission=FAILURE | navigation=FAILURE
[o] root [x]
    [-] emergency [x]
        [o] emergency_condition [x]
            --> IsBatteryLow [x]
            --> IsEmergencyStopTriggered [x]
            --> IsProximityTooClose [x]
            --> IsSystemOverheated [x]
        --> Stop [-]
    [-] mission [x]
        --> MissionActive [x]
        [o] mission_selector [-]
            [-] mission_object_response [-]
                --> ObjectSeen [-]
                --> HandleObjectAction [-]
            [-] mission_progress [-]
                --> PublishMoveGoal [-]
                --> GoToObject [-]
                --> CheckStopCondition [-]
                --> AdvanceMove [-]
    [-] navigation [x]
        --> HasMpcGoal [x]

[INFO] [1791035686.550090829] [behavior_executor_node]: BT snapshot -- root=FAILURE, lanes: emergency=FAILURE | mission=FAILURE | navigation=FAILURE
[o] root [x]
    [-] emergency [x]
        [o] emergency_condition [x]
            --> IsBatteryLow [x]
            --> IsEmergencyStopTriggered [x]
            --> IsProximityTooClose [x]
            --> IsSystemOverheated [x]
        --> Stop [-]
    [-] mission [x]
        --> MissionActive [x]
        [o] mission_selector [-]
            [-] mission_object_response [-]
                --> ObjectSeen [-]
                --> HandleObjectAction [-]
            [-] mission_progress [-]
                --> PublishMoveGoal [-]
                --> GoToObject [-]
                --> CheckStopCondition [-]
                --> AdvanceMove [-]
    [-] navigation [x]
        --> HasMpcGoal [x]

[INFO] [1791035687.416425038] [behavior_executor_node]: [IsProximityTooClose] DIAG scan: total=1081 in_window=721 excluded_by_filter=0 min_in_window=0.562 front_min=1.539
[INFO] [1791035687.552540001] [behavior_executor_node]: BT snapshot -- root=FAILURE, lanes: emergency=FAILURE | mission=FAILURE | navigation=FAILURE
[o] root [x]
    [-] emergency [x]
        [o] emergency_condition [x]
            --> IsBatteryLow [x]
            --> IsEmergencyStopTriggered [x]
            --> IsProximityTooClose [x]
            --> IsSystemOverheated [x]
        --> Stop [-]
    [-] mission [x]
        --> MissionActive [x]
        [o] mission_selector [-]
            [-] mission_object_response [-]
                --> ObjectSeen [-]
                --> HandleObjectAction [-]
            [-] mission_progress [-]
                --> PublishMoveGoal [-]
                --> GoToObject [-]
                --> CheckStopCondition [-]
                --> AdvanceMove [-]
    [-] navigation [x]
        --> HasMpcGoal [x]

[INFO] [1791035688.650953695] [behavior_executor_node]: BT snapshot -- root=FAILURE, lanes: emergency=FAILURE | mission=FAILURE | navigation=FAILURE
[o] root [x]
    [-] emergency [x]
        [o] emergency_condition [x]
            --> IsBatteryLow [x]
            --> IsEmergencyStopTriggered [x]
            --> IsProximityTooClose [x]
            --> IsSystemOverheated [x]
        --> Stop [-]
    [-] mission [x]
        --> MissionActive [x]
        [o] mission_selector [-]
            [-] mission_object_response [-]
                --> ObjectSeen [-]
                --> HandleObjectAction [-]
            [-] mission_progress [-]
                --> PublishMoveGoal [-]
                --> GoToObject [-]
                --> CheckStopCondition [-]
                --> AdvanceMove [-]
    [-] navigation [x]
        --> HasMpcGoal [x]

[INFO] [1791035689.422840296] [behavior_executor_node]: [IsProximityTooClose] DIAG scan: total=1081 in_window=721 excluded_by_filter=0 min_in_window=0.599 front_min=1.502
[INFO] [1791035689.749996331] [behavior_executor_node]: BT snapshot -- root=FAILURE, lanes: emergency=FAILURE | mission=FAILURE | navigation=FAILURE
[o] root [x]
    [-] emergency [x]
        [o] emergency_condition [x]
            --> IsBatteryLow [x]
            --> IsEmergencyStopTriggered [x]
            --> IsProximityTooClose [x]
            --> IsSystemOverheated [x]
        --> Stop [-]
    [-] mission [x]
        --> MissionActive [x]
        [o] mission_selector [-]
            [-] mission_object_response [-]
                --> ObjectSeen [-]
                --> HandleObjectAction [-]
            [-] mission_progress [-]
                --> PublishMoveGoal [-]
                --> GoToObject [-]
                --> CheckStopCondition [-]
                --> AdvanceMove [-]
    [-] navigation [x]
        --> HasMpcGoal [x]

[INFO] [1791035690.753182559] [behavior_executor_node]: BT snapshot -- root=FAILURE, lanes: emergency=FAILURE | mission=FAILURE | navigation=FAILURE
[o] root [x]
    [-] emergency [x]
        [o] emergency_condition [x]
            --> IsBatteryLow [x]
            --> IsEmergencyStopTriggered [x]
            --> IsProximityTooClose [x]
            --> IsSystemOverheated [x]
        --> Stop [-]
    [-] mission [x]
        --> MissionActive [x]
        [o] mission_selector [-]
            [-] mission_object_response [-]
                --> ObjectSeen [-]
                --> HandleObjectAction [-]
            [-] mission_progress [-]
                --> PublishMoveGoal [-]
                --> GoToObject [-]
                --> CheckStopCondition [-]
                --> AdvanceMove [-]
    [-] navigation [x]
        --> HasMpcGoal [x]

[INFO] [1791035691.446604350] [behavior_executor_node]: [IsProximityTooClose] DIAG scan: total=1081 in_window=721 excluded_by_filter=0 min_in_window=0.504 front_min=1.367
[INFO] [1791035691.850047082] [behavior_executor_node]: BT snapshot -- root=FAILURE, lanes: emergency=FAILURE | mission=FAILURE | navigation=FAILURE
[o] root [x]
    [-] emergency [x]
        [o] emergency_condition [x]
            --> IsBatteryLow [x]
            --> IsEmergencyStopTriggered [x]
            --> IsProximityTooClose [x]
            --> IsSystemOverheated [x]
        --> Stop [-]
    [-] mission [x]
        --> MissionActive [x]
        [o] mission_selector [-]
            [-] mission_object_response [-]
                --> ObjectSeen [-]
                --> HandleObjectAction [-]
            [-] mission_progress [-]
                --> PublishMoveGoal [-]
                --> GoToObject [-]
                --> CheckStopCondition [-]
                --> AdvanceMove [-]
    [-] navigation [x]
        --> HasMpcGoal [x]

[INFO] [1791035692.950008407] [behavior_executor_node]: BT snapshot -- root=FAILURE, lanes: emergency=FAILURE | mission=FAILURE | navigation=FAILURE
[o] root [x]
    [-] emergency [x]
        [o] emergency_condition [x]
            --> IsBatteryLow [x]
            --> IsEmergencyStopTriggered [x]
            --> IsProximityTooClose [x]
            --> IsSystemOverheated [x]
        --> Stop [-]
    [-] mission [x]
        --> MissionActive [x]
        [o] mission_selector [-]
            [-] mission_object_response [-]
                --> ObjectSeen [-]
                --> HandleObjectAction [-]
            [-] mission_progress [-]
                --> PublishMoveGoal [-]
                --> GoToObject [-]
                --> CheckStopCondition [-]
                --> AdvanceMove [-]
    [-] navigation [x]
        --> HasMpcGoal [x]

[INFO] [1791035693.552098199] [behavior_executor_node]: [IsProximityTooClose] DIAG scan: total=1081 in_window=721 excluded_by_filter=0 min_in_window=0.985 front_min=1.331
[INFO] [1791035693.954186089] [behavior_executor_node]: BT snapshot -- root=FAILURE, lanes: emergency=FAILURE | mission=FAILURE | navigation=FAILURE
[o] root [x]
    [-] emergency [x]
        [o] emergency_condition [x]
            --> IsBatteryLow [x]
            --> IsEmergencyStopTriggered [x]
            --> IsProximityTooClose [x]
            --> IsSystemOverheated [x]
        --> Stop [-]
    [-] mission [x]
        --> MissionActive [x]
        [o] mission_selector [-]
            [-] mission_object_response [-]
                --> ObjectSeen [-]
                --> HandleObjectAction [-]
            [-] mission_progress [-]
                --> PublishMoveGoal [-]
                --> GoToObject [-]
                --> CheckStopCondition [-]
                --> AdvanceMove [-]
    [-] navigation [x]
        --> HasMpcGoal [x]

[INFO] [1791035694.954268426] [behavior_executor_node]: BT snapshot -- root=FAILURE, lanes: emergency=FAILURE | mission=FAILURE | navigation=FAILURE
[o] root [x]
    [-] emergency [x]
        [o] emergency_condition [x]
            --> IsBatteryLow [x]
            --> IsEmergencyStopTriggered [x]
            --> IsProximityTooClose [x]
            --> IsSystemOverheated [x]
        --> Stop [-]
    [-] mission [x]
        --> MissionActive [x]
        [o] mission_selector [-]
            [-] mission_object_response [-]
                --> ObjectSeen [-]
                --> HandleObjectAction [-]
            [-] mission_progress [-]
                --> PublishMoveGoal [-]
                --> GoToObject [-]
                --> CheckStopCondition [-]
                --> AdvanceMove [-]
    [-] navigation [x]
        --> HasMpcGoal [x]

[INFO] [1791035695.553037281] [behavior_executor_node]: [IsProximityTooClose] DIAG scan: total=1081 in_window=721 excluded_by_filter=0 min_in_window=0.815 front_min=1.089
[INFO] [1791035696.051554558] [behavior_executor_node]: BT snapshot -- root=FAILURE, lanes: emergency=FAILURE | mission=FAILURE | navigation=FAILURE
[o] root [x]
    [-] emergency [x]
        [o] emergency_condition [x]
            --> IsBatteryLow [x]
            --> IsEmergencyStopTriggered [x]
            --> IsProximityTooClose [x]
            --> IsSystemOverheated [x]
        --> Stop [-]
    [-] mission [x]
        --> MissionActive [x]
        [o] mission_selector [-]
            [-] mission_object_response [-]
                --> ObjectSeen [-]
                --> HandleObjectAction [-]
            [-] mission_progress [-]
                --> PublishMoveGoal [-]
                --> GoToObject [-]
                --> CheckStopCondition [-]
                --> AdvanceMove [-]
    [-] navigation [x]
        --> HasMpcGoal [x]

[INFO] [1791035697.160430423] [behavior_executor_node]: BT snapshot -- root=FAILURE, lanes: emergency=FAILURE | mission=FAILURE | navigation=FAILURE
[o] root [x]
    [-] emergency [x]
        [o] emergency_condition [x]
            --> IsBatteryLow [x]
            --> IsEmergencyStopTriggered [x]
            --> IsProximityTooClose [x]
            --> IsSystemOverheated [x]
        --> Stop [-]
    [-] mission [x]
        --> MissionActive [x]
        [o] mission_selector [-]
            [-] mission_object_response [-]
                --> ObjectSeen [-]
                --> HandleObjectAction [-]
            [-] mission_progress [-]
                --> PublishMoveGoal [-]
                --> GoToObject [-]
                --> CheckStopCondition [-]
                --> AdvanceMove [-]
    [-] navigation [x]
        --> HasMpcGoal [x]

[INFO] [1791035697.562178767] [behavior_executor_node]: [IsProximityTooClose] DIAG scan: total=1081 in_window=721 excluded_by_filter=0 min_in_window=0.756 front_min=1.681
[INFO] [1791035698.174882883] [behavior_executor_node]: BT snapshot -- root=FAILURE, lanes: emergency=FAILURE | mission=FAILURE | navigation=FAILURE
[o] root [x]
    [-] emergency [x]
        [o] emergency_condition [x]
            --> IsBatteryLow [x]
            --> IsEmergencyStopTriggered [x]
            --> IsProximityTooClose [x]
            --> IsSystemOverheated [x]
        --> Stop [-]
    [-] mission [x]
        --> MissionActive [x]
        [o] mission_selector [-]
            [-] mission_object_response [-]
                --> ObjectSeen [-]
                --> HandleObjectAction [-]
            [-] mission_progress [-]
                --> PublishMoveGoal [-]
                --> GoToObject [-]
                --> CheckStopCondition [-]
                --> AdvanceMove [-]
    [-] navigation [x]
        --> HasMpcGoal [x]

[INFO] [1791035699.250056506] [behavior_executor_node]: BT snapshot -- root=FAILURE, lanes: emergency=FAILURE | mission=FAILURE | navigation=FAILURE
[o] root [x]
    [-] emergency [x]
        [o] emergency_condition [x]
            --> IsBatteryLow [x]
            --> IsEmergencyStopTriggered [x]
            --> IsProximityTooClose [x]
            --> IsSystemOverheated [x]
        --> Stop [-]
    [-] mission [x]
        --> MissionActive [x]
        [o] mission_selector [-]
            [-] mission_object_response [-]
                --> ObjectSeen [-]
                --> HandleObjectAction [-]
            [-] mission_progress [-]
                --> PublishMoveGoal [-]
                --> GoToObject [-]
                --> CheckStopCondition [-]
                --> AdvanceMove [-]
    [-] navigation [x]
        --> HasMpcGoal [x]

[INFO] [1791035699.563133760] [behavior_executor_node]: [IsProximityTooClose] DIAG scan: total=1081 in_window=721 excluded_by_filter=0 min_in_window=0.978 front_min=1.275
[INFO] [1791035700.250057191] [behavior_executor_node]: BT snapshot -- root=FAILURE, lanes: emergency=FAILURE | mission=FAILURE | navigation=FAILURE
[o] root [x]
    [-] emergency [x]
        [o] emergency_condition [x]
            --> IsBatteryLow [x]
            --> IsEmergencyStopTriggered [x]
            --> IsProximityTooClose [x]
            --> IsSystemOverheated [x]
        --> Stop [-]
    [-] mission [x]
        --> MissionActive [x]
        [o] mission_selector [-]
            [-] mission_object_response [-]
                --> ObjectSeen [-]
                --> HandleObjectAction [-]
            [-] mission_progress [-]
                --> PublishMoveGoal [-]
                --> GoToObject [-]
                --> CheckStopCondition [-]
                --> AdvanceMove [-]
    [-] navigation [x]
        --> HasMpcGoal [x]

[INFO] [1791035701.350009960] [behavior_executor_node]: BT snapshot -- root=FAILURE, lanes: emergency=FAILURE | mission=FAILURE | navigation=FAILURE
[o] root [x]
    [-] emergency [x]
        [o] emergency_condition [x]
            --> IsBatteryLow [x]
            --> IsEmergencyStopTriggered [x]
            --> IsProximityTooClose [x]
            --> IsSystemOverheated [x]
        --> Stop [-]
    [-] mission [x]
        --> MissionActive [x]
        [o] mission_selector [-]
            [-] mission_object_response [-]
                --> ObjectSeen [-]
                --> HandleObjectAction [-]
            [-] mission_progress [-]
                --> PublishMoveGoal [-]
                --> GoToObject [-]
                --> CheckStopCondition [-]
                --> AdvanceMove [-]
    [-] navigation [x]
        --> HasMpcGoal [x]

[INFO] [1791035701.583641909] [behavior_executor_node]: [IsProximityTooClose] DIAG scan: total=1081 in_window=721 excluded_by_filter=0 min_in_window=0.850 front_min=1.293
[INFO] [1791035702.351032657] [behavior_executor_node]: BT snapshot -- root=FAILURE, lanes: emergency=FAILURE | mission=FAILURE | navigation=FAILURE
[o] root [x]
    [-] emergency [x]
        [o] emergency_condition [x]
            --> IsBatteryLow [x]
            --> IsEmergencyStopTriggered [x]
            --> IsProximityTooClose [x]
            --> IsSystemOverheated [x]
        --> Stop [-]
    [-] mission [x]
        --> MissionActive [x]
        [o] mission_selector [-]
            [-] mission_object_response [-]
                --> ObjectSeen [-]
                --> HandleObjectAction [-]
            [-] mission_progress [-]
                --> PublishMoveGoal [-]
                --> GoToObject [-]
                --> CheckStopCondition [-]
                --> AdvanceMove [-]
    [-] navigation [x]
        --> HasMpcGoal [x]

[INFO] [1791035703.449968638] [behavior_executor_node]: BT snapshot -- root=FAILURE, lanes: emergency=FAILURE | mission=FAILURE | navigation=FAILURE
[o] root [x]
    [-] emergency [x]
        [o] emergency_condition [x]
            --> IsBatteryLow [x]
            --> IsEmergencyStopTriggered [x]
            --> IsProximityTooClose [x]
            --> IsSystemOverheated [x]
        --> Stop [-]
    [-] mission [x]
        --> MissionActive [x]
        [o] mission_selector [-]
            [-] mission_object_response [-]
                --> ObjectSeen [-]
                --> HandleObjectAction [-]
            [-] mission_progress [-]
                --> PublishMoveGoal [-]
                --> GoToObject [-]
                --> CheckStopCondition [-]
                --> AdvanceMove [-]
    [-] navigation [x]
        --> HasMpcGoal [x]

[INFO] [1791035703.685483963] [behavior_executor_node]: [IsProximityTooClose] DIAG scan: total=1081 in_window=721 excluded_by_filter=0 min_in_window=0.885 front_min=1.879
[INFO] [1791035704.450113260] [behavior_executor_node]: BT snapshot -- root=FAILURE, lanes: emergency=FAILURE | mission=FAILURE | navigation=FAILURE
[o] root [x]
    [-] emergency [x]
        [o] emergency_condition [x]
            --> IsBatteryLow [x]
            --> IsEmergencyStopTriggered [x]
            --> IsProximityTooClose [x]
            --> IsSystemOverheated [x]
        --> Stop [-]
    [-] mission [x]
        --> MissionActive [x]
        [o] mission_selector [-]
            [-] mission_object_response [-]
                --> ObjectSeen [-]
                --> HandleObjectAction [-]
            [-] mission_progress [-]
                --> PublishMoveGoal [-]
                --> GoToObject [-]
                --> CheckStopCondition [-]
                --> AdvanceMove [-]
    [-] navigation [x]
        --> HasMpcGoal [x]

[INFO] [1791035705.455057783] [behavior_executor_node]: BT snapshot -- root=FAILURE, lanes: emergency=FAILURE | mission=FAILURE | navigation=FAILURE
[o] root [x]
    [-] emergency [x]
        [o] emergency_condition [x]
            --> IsBatteryLow [x]
            --> IsEmergencyStopTriggered [x]
            --> IsProximityTooClose [x]
            --> IsSystemOverheated [x]
        --> Stop [-]
    [-] mission [x]
        --> MissionActive [x]
        [o] mission_selector [-]
            [-] mission_object_response [-]
                --> ObjectSeen [-]
                --> HandleObjectAction [-]
            [-] mission_progress [-]
                --> PublishMoveGoal [-]
                --> GoToObject [-]
                --> CheckStopCondition [-]
                --> AdvanceMove [-]
    [-] navigation [x]
        --> HasMpcGoal [x]

[INFO] [1791035705.702362298] [behavior_executor_node]: [IsProximityTooClose] DIAG scan: total=1081 in_window=721 excluded_by_filter=0 min_in_window=0.915 front_min=2.130
[INFO] [1791035706.550716716] [behavior_executor_node]: BT snapshot -- root=FAILURE, lanes: emergency=FAILURE | mission=FAILURE | navigation=FAILURE
[o] root [x]
    [-] emergency [x]
        [o] emergency_condition [x]
            --> IsBatteryLow [x]
            --> IsEmergencyStopTriggered [x]
            --> IsProximityTooClose [x]
            --> IsSystemOverheated [x]
        --> Stop [-]
    [-] mission [x]
        --> MissionActive [x]
        [o] mission_selector [-]
            [-] mission_object_response [-]
                --> ObjectSeen [-]
                --> HandleObjectAction [-]
            [-] mission_progress [-]
                --> PublishMoveGoal [-]
                --> GoToObject [-]
                --> CheckStopCondition [-]
                --> AdvanceMove [-]
    [-] navigation [x]
        --> HasMpcGoal [x]

[INFO] [1791035707.550775457] [behavior_executor_node]: BT snapshot -- root=FAILURE, lanes: emergency=FAILURE | mission=FAILURE | navigation=FAILURE
[o] root [x]
    [-] emergency [x]
        [o] emergency_condition [x]
            --> IsBatteryLow [x]
            --> IsEmergencyStopTriggered [x]
            --> IsProximityTooClose [x]
            --> IsSystemOverheated [x]
        --> Stop [-]
    [-] mission [x]
        --> MissionActive [x]
        [o] mission_selector [-]
            [-] mission_object_response [-]
                --> ObjectSeen [-]
                --> HandleObjectAction [-]
            [-] mission_progress [-]
                --> PublishMoveGoal [-]
                --> GoToObject [-]
                --> CheckStopCondition [-]
                --> AdvanceMove [-]
    [-] navigation [x]
        --> HasMpcGoal [x]

[INFO] [1791035707.711200708] [behavior_executor_node]: [IsProximityTooClose] DIAG scan: total=1081 in_window=721 excluded_by_filter=0 min_in_window=0.960 front_min=1.475
[INFO] [1791035708.674354271] [behavior_executor_node]: BT snapshot -- root=FAILURE, lanes: emergency=FAILURE | mission=FAILURE | navigation=FAILURE
[o] root [x]
    [-] emergency [x]
        [o] emergency_condition [x]
            --> IsBatteryLow [x]
            --> IsEmergencyStopTriggered [x]
            --> IsProximityTooClose [x]
            --> IsSystemOverheated [x]
        --> Stop [-]
    [-] mission [x]
        --> MissionActive [x]
        [o] mission_selector [-]
            [-] mission_object_response [-]
                --> ObjectSeen [-]
                --> HandleObjectAction [-]
            [-] mission_progress [-]
                --> PublishMoveGoal [-]
                --> GoToObject [-]
                --> CheckStopCondition [-]
                --> AdvanceMove [-]
    [-] navigation [x]
        --> HasMpcGoal [x]

[INFO] [1791035709.720065806] [behavior_executor_node]: [IsProximityTooClose] DIAG scan: total=1081 in_window=721 excluded_by_filter=0 min_in_window=0.982 front_min=1.666
[INFO] [1791035709.750011754] [behavior_executor_node]: BT snapshot -- root=FAILURE, lanes: emergency=FAILURE | mission=FAILURE | navigation=FAILURE
[o] root [x]
    [-] emergency [x]
        [o] emergency_condition [x]
            --> IsBatteryLow [x]
            --> IsEmergencyStopTriggered [x]
            --> IsProximityTooClose [x]
            --> IsSystemOverheated [x]
        --> Stop [-]
    [-] mission [x]
        --> MissionActive [x]
        [o] mission_selector [-]
            [-] mission_object_response [-]
                --> ObjectSeen [-]
                --> HandleObjectAction [-]
            [-] mission_progress [-]
                --> PublishMoveGoal [-]
                --> GoToObject [-]
                --> CheckStopCondition [-]
                --> AdvanceMove [-]
    [-] navigation [x]
        --> HasMpcGoal [x]

[INFO] [1791035710.750204461] [behavior_executor_node]: BT snapshot -- root=FAILURE, lanes: emergency=FAILURE | mission=FAILURE | navigation=FAILURE
[o] root [x]
    [-] emergency [x]
        [o] emergency_condition [x]
            --> IsBatteryLow [x]
            --> IsEmergencyStopTriggered [x]
            --> IsProximityTooClose [x]
            --> IsSystemOverheated [x]
        --> Stop [-]
    [-] mission [x]
        --> MissionActive [x]
        [o] mission_selector [-]
            [-] mission_object_response [-]
                --> ObjectSeen [-]
                --> HandleObjectAction [-]
            [-] mission_progress [-]
                --> PublishMoveGoal [-]
                --> GoToObject [-]
                --> CheckStopCondition [-]
                --> AdvanceMove [-]
    [-] navigation [x]
        --> HasMpcGoal [x]

[INFO] [1791035711.750467558] [behavior_executor_node]: BT snapshot -- root=FAILURE, lanes: emergency=FAILURE | mission=FAILURE | navigation=FAILURE
[o] root [x]
    [-] emergency [x]
        [o] emergency_condition [x]
            --> IsBatteryLow [x]
            --> IsEmergencyStopTriggered [x]
            --> IsProximityTooClose [x]
            --> IsSystemOverheated [x]
        --> Stop [-]
    [-] mission [x]
        --> MissionActive [x]
        [o] mission_selector [-]
            [-] mission_object_response [-]
                --> ObjectSeen [-]
                --> HandleObjectAction [-]
            [-] mission_progress [-]
                --> PublishMoveGoal [-]
                --> GoToObject [-]
                --> CheckStopCondition [-]
                --> AdvanceMove [-]
    [-] navigation [x]
        --> HasMpcGoal [x]

[INFO] [1791035711.752176529] [behavior_executor_node]: [IsProximityTooClose] DIAG scan: total=1081 in_window=721 excluded_by_filter=0 min_in_window=1.066 front_min=2.824
[INFO] [1791035712.755098207] [behavior_executor_node]: BT snapshot -- root=FAILURE, lanes: emergency=FAILURE | mission=FAILURE | navigation=FAILURE
[o] root [x]
    [-] emergency [x]
        [o] emergency_condition [x]
            --> IsBatteryLow [x]
            --> IsEmergencyStopTriggered [x]
            --> IsProximityTooClose [x]
            --> IsSystemOverheated [x]
        --> Stop [-]
    [-] mission [x]
        --> MissionActive [x]
        [o] mission_selector [-]
            [-] mission_object_response [-]
                --> ObjectSeen [-]
                --> HandleObjectAction [-]
            [-] mission_progress [-]
                --> PublishMoveGoal [-]
                --> GoToObject [-]
                --> CheckStopCondition [-]
                --> AdvanceMove [-]
    [-] navigation [x]
        --> HasMpcGoal [x]

[INFO] [1791035713.770323759] [behavior_executor_node]: [IsProximityTooClose] DIAG scan: total=1081 in_window=721 excluded_by_filter=0 min_in_window=1.130 front_min=2.583
[INFO] [1791035713.850458069] [behavior_executor_node]: BT snapshot -- root=FAILURE, lanes: emergency=FAILURE | mission=FAILURE | navigation=FAILURE
[o] root [x]
    [-] emergency [x]
        [o] emergency_condition [x]
            --> IsBatteryLow [x]
            --> IsEmergencyStopTriggered [x]
            --> IsProximityTooClose [x]
            --> IsSystemOverheated [x]
        --> Stop [-]
    [-] mission [x]
        --> MissionActive [x]
        [o] mission_selector [-]
            [-] mission_object_response [-]
                --> ObjectSeen [-]
                --> HandleObjectAction [-]
            [-] mission_progress [-]
                --> PublishMoveGoal [-]
                --> GoToObject [-]
                --> CheckStopCondition [-]
                --> AdvanceMove [-]
    [-] navigation [x]
        --> HasMpcGoal [x]

[INFO] [1791035714.949982520] [behavior_executor_node]: BT snapshot -- root=FAILURE, lanes: emergency=FAILURE | mission=FAILURE | navigation=FAILURE
[o] root [x]
    [-] emergency [x]
        [o] emergency_condition [x]
            --> IsBatteryLow [x]
            --> IsEmergencyStopTriggered [x]
            --> IsProximityTooClose [x]
            --> IsSystemOverheated [x]
        --> Stop [-]
    [-] mission [x]
        --> MissionActive [x]
        [o] mission_selector [-]
            [-] mission_object_response [-]
                --> ObjectSeen [-]
                --> HandleObjectAction [-]
            [-] mission_progress [-]
                --> PublishMoveGoal [-]
                --> GoToObject [-]
                --> CheckStopCondition [-]
                --> AdvanceMove [-]
    [-] navigation [x]
        --> HasMpcGoal [x]

[INFO] [1791035715.791497908] [behavior_executor_node]: [IsProximityTooClose] DIAG scan: total=1081 in_window=721 excluded_by_filter=0 min_in_window=1.585 front_min=1.857
[INFO] [1791035715.950223164] [behavior_executor_node]: BT snapshot -- root=FAILURE, lanes: emergency=FAILURE | mission=FAILURE | navigation=FAILURE
[o] root [x]
    [-] emergency [x]
        [o] emergency_condition [x]
            --> IsBatteryLow [x]
            --> IsEmergencyStopTriggered [x]
            --> IsProximityTooClose [x]
            --> IsSystemOverheated [x]
        --> Stop [-]
    [-] mission [x]
        --> MissionActive [x]
        [o] mission_selector [-]
            [-] mission_object_response [-]
                --> ObjectSeen [-]
                --> HandleObjectAction [-]
            [-] mission_progress [-]
                --> PublishMoveGoal [-]
                --> GoToObject [-]
                --> CheckStopCondition [-]
                --> AdvanceMove [-]
    [-] navigation [x]
        --> HasMpcGoal [x]

[INFO] [1791035717.077887837] [behavior_executor_node]: BT snapshot -- root=FAILURE, lanes: emergency=FAILURE | mission=FAILURE | navigation=FAILURE
[o] root [x]
    [-] emergency [x]
        [o] emergency_condition [x]
            --> IsBatteryLow [x]
            --> IsEmergencyStopTriggered [x]
            --> IsProximityTooClose [x]
            --> IsSystemOverheated [x]
        --> Stop [-]
    [-] mission [x]
        --> MissionActive [x]
        [o] mission_selector [-]
            [-] mission_object_response [-]
                --> ObjectSeen [-]
                --> HandleObjectAction [-]
            [-] mission_progress [-]
                --> PublishMoveGoal [-]
                --> GoToObject [-]
                --> CheckStopCondition [-]
                --> AdvanceMove [-]
    [-] navigation [x]
        --> HasMpcGoal [x]

[INFO] [1791035717.800464533] [behavior_executor_node]: [IsProximityTooClose] DIAG scan: total=1081 in_window=721 excluded_by_filter=0 min_in_window=1.163 front_min=1.990
[INFO] [1791035718.158257150] [behavior_executor_node]: BT snapshot -- root=FAILURE, lanes: emergency=FAILURE | mission=FAILURE | navigation=FAILURE
[o] root [x]
    [-] emergency [x]
        [o] emergency_condition [x]
            --> IsBatteryLow [x]
            --> IsEmergencyStopTriggered [x]
            --> IsProximityTooClose [x]
            --> IsSystemOverheated [x]
        --> Stop [-]
    [-] mission [x]
        --> MissionActive [x]
        [o] mission_selector [-]
            [-] mission_object_response [-]
                --> ObjectSeen [-]
                --> HandleObjectAction [-]
            [-] mission_progress [-]
                --> PublishMoveGoal [-]
                --> GoToObject [-]
                --> CheckStopCondition [-]
                --> AdvanceMove [-]
    [-] navigation [x]
        --> HasMpcGoal [x]

[INFO] [1791035719.250268840] [behavior_executor_node]: BT snapshot -- root=FAILURE, lanes: emergency=FAILURE | mission=FAILURE | navigation=FAILURE
[o] root [x]
    [-] emergency [x]
        [o] emergency_condition [x]
            --> IsBatteryLow [x]
            --> IsEmergencyStopTriggered [x]
            --> IsProximityTooClose [x]
            --> IsSystemOverheated [x]
        --> Stop [-]
    [-] mission [x]
        --> MissionActive [x]
        [o] mission_selector [-]
            [-] mission_object_response [-]
                --> ObjectSeen [-]
                --> HandleObjectAction [-]
            [-] mission_progress [-]
                --> PublishMoveGoal [-]
                --> GoToObject [-]
                --> CheckStopCondition [-]
                --> AdvanceMove [-]
    [-] navigation [x]
        --> HasMpcGoal [x]

[INFO] [1791035719.804587522] [behavior_executor_node]: [IsProximityTooClose] DIAG scan: total=1081 in_window=721 excluded_by_filter=0 min_in_window=1.214 front_min=1.819
[INFO] [1791035720.354388972] [behavior_executor_node]: BT snapshot -- root=FAILURE, lanes: emergency=FAILURE | mission=FAILURE | navigation=FAILURE
[o] root [x]
    [-] emergency [x]
        [o] emergency_condition [x]
            --> IsBatteryLow [x]
            --> IsEmergencyStopTriggered [x]
            --> IsProximityTooClose [x]
            --> IsSystemOverheated [x]
        --> Stop [-]
    [-] mission [x]
        --> MissionActive [x]
        [o] mission_selector [-]
            [-] mission_object_response [-]
                --> ObjectSeen [-]
                --> HandleObjectAction [-]
            [-] mission_progress [-]
                --> PublishMoveGoal [-]
                --> GoToObject [-]
                --> CheckStopCondition [-]
                --> AdvanceMove [-]
    [-] navigation [x]
        --> HasMpcGoal [x]

[INFO] [1791035721.450409582] [behavior_executor_node]: BT snapshot -- root=FAILURE, lanes: emergency=FAILURE | mission=FAILURE | navigation=FAILURE
[o] root [x]
    [-] emergency [x]
        [o] emergency_condition [x]
            --> IsBatteryLow [x]
            --> IsEmergencyStopTriggered [x]
            --> IsProximityTooClose [x]
            --> IsSystemOverheated [x]
        --> Stop [-]
    [-] mission [x]
        --> MissionActive [x]
        [o] mission_selector [-]
            [-] mission_object_response [-]
                --> ObjectSeen [-]
                --> HandleObjectAction [-]
            [-] mission_progress [-]
                --> PublishMoveGoal [-]
                --> GoToObject [-]
                --> CheckStopCondition [-]
                --> AdvanceMove [-]
    [-] navigation [x]
        --> HasMpcGoal [x]

[INFO] [1791035721.830679808] [behavior_executor_node]: [IsProximityTooClose] DIAG scan: total=1081 in_window=721 excluded_by_filter=0 min_in_window=1.256 front_min=1.410
[INFO] [1791035722.452154073] [behavior_executor_node]: BT snapshot -- root=FAILURE, lanes: emergency=FAILURE | mission=FAILURE | navigation=FAILURE
[o] root [x]
    [-] emergency [x]
        [o] emergency_condition [x]
            --> IsBatteryLow [x]
            --> IsEmergencyStopTriggered [x]
            --> IsProximityTooClose [x]
            --> IsSystemOverheated [x]
        --> Stop [-]
    [-] mission [x]
        --> MissionActive [x]
        [o] mission_selector [-]
            [-] mission_object_response [-]
                --> ObjectSeen [-]
                --> HandleObjectAction [-]
            [-] mission_progress [-]
                --> PublishMoveGoal [-]
                --> GoToObject [-]
                --> CheckStopCondition [-]
                --> AdvanceMove [-]
    [-] navigation [x]
        --> HasMpcGoal [x]

[INFO] [1791035723.550101268] [behavior_executor_node]: BT snapshot -- root=FAILURE, lanes: emergency=FAILURE | mission=FAILURE | navigation=FAILURE
[o] root [x]
    [-] emergency [x]
        [o] emergency_condition [x]
            --> IsBatteryLow [x]
            --> IsEmergencyStopTriggered [x]
            --> IsProximityTooClose [x]
            --> IsSystemOverheated [x]
        --> Stop [-]
    [-] mission [x]
        --> MissionActive [x]
        [o] mission_selector [-]
            [-] mission_object_response [-]
                --> ObjectSeen [-]
                --> HandleObjectAction [-]
            [-] mission_progress [-]
                --> PublishMoveGoal [-]
                --> GoToObject [-]
                --> CheckStopCondition [-]
                --> AdvanceMove [-]
    [-] navigation [x]
        --> HasMpcGoal [x]

[INFO] [1791035723.853664112] [behavior_executor_node]: [IsProximityTooClose] DIAG scan: total=1081 in_window=721 excluded_by_filter=0 min_in_window=0.888 front_min=1.885
[INFO] [1791035724.551429003] [behavior_executor_node]: BT snapshot -- root=FAILURE, lanes: emergency=FAILURE | mission=FAILURE | navigation=FAILURE
[o] root [x]
    [-] emergency [x]
        [o] emergency_condition [x]
            --> IsBatteryLow [x]
            --> IsEmergencyStopTriggered [x]
            --> IsProximityTooClose [x]
            --> IsSystemOverheated [x]
        --> Stop [-]
    [-] mission [x]
        --> MissionActive [x]
        [o] mission_selector [-]
            [-] mission_object_response [-]
                --> ObjectSeen [-]
                --> HandleObjectAction [-]
            [-] mission_progress [-]
                --> PublishMoveGoal [-]
                --> GoToObject [-]
                --> CheckStopCondition [-]
                --> AdvanceMove [-]
    [-] navigation [x]
        --> HasMpcGoal [x]

[INFO] [1791035725.666138831] [behavior_executor_node]: BT snapshot -- root=FAILURE, lanes: emergency=FAILURE | mission=FAILURE | navigation=FAILURE
[o] root [x]
    [-] emergency [x]
        [o] emergency_condition [x]
            --> IsBatteryLow [x]
            --> IsEmergencyStopTriggered [x]
            --> IsProximityTooClose [x]
            --> IsSystemOverheated [x]
        --> Stop [-]
    [-] mission [x]
        --> MissionActive [x]
        [o] mission_selector [-]
            [-] mission_object_response [-]
                --> ObjectSeen [-]
                --> HandleObjectAction [-]
            [-] mission_progress [-]
                --> PublishMoveGoal [-]
                --> GoToObject [-]
                --> CheckStopCondition [-]
                --> AdvanceMove [-]
    [-] navigation [x]
        --> HasMpcGoal [x]

[INFO] [1791035725.880302496] [behavior_executor_node]: [IsProximityTooClose] DIAG scan: total=1081 in_window=721 excluded_by_filter=0 min_in_window=0.554 front_min=1.675
[INFO] [1791035726.750085379] [behavior_executor_node]: BT snapshot -- root=FAILURE, lanes: emergency=FAILURE | mission=FAILURE | navigation=FAILURE
[o] root [x]
    [-] emergency [x]
        [o] emergency_condition [x]
            --> IsBatteryLow [x]
            --> IsEmergencyStopTriggered [x]
            --> IsProximityTooClose [x]
            --> IsSystemOverheated [x]
        --> Stop [-]
    [-] mission [x]
        --> MissionActive [x]
        [o] mission_selector [-]
            [-] mission_object_response [-]
                --> ObjectSeen [-]
                --> HandleObjectAction [-]
            [-] mission_progress [-]
                --> PublishMoveGoal [-]
                --> GoToObject [-]
                --> CheckStopCondition [-]
                --> AdvanceMove [-]
    [-] navigation [x]
        --> HasMpcGoal [x]

[INFO] [1791035727.849888538] [behavior_executor_node]: BT snapshot -- root=FAILURE, lanes: emergency=FAILURE | mission=FAILURE | navigation=FAILURE
[o] root [x]
    [-] emergency [x]
        [o] emergency_condition [x]
            --> IsBatteryLow [x]
            --> IsEmergencyStopTriggered [x]
            --> IsProximityTooClose [x]
            --> IsSystemOverheated [x]
        --> Stop [-]
    [-] mission [x]
        --> MissionActive [x]
        [o] mission_selector [-]
            [-] mission_object_response [-]
                --> ObjectSeen [-]
                --> HandleObjectAction [-]
            [-] mission_progress [-]
                --> PublishMoveGoal [-]
                --> GoToObject [-]
                --> CheckStopCondition [-]
                --> AdvanceMove [-]
    [-] navigation [x]
        --> HasMpcGoal [x]

[INFO] [1791035727.953627601] [behavior_executor_node]: [IsProximityTooClose] DIAG scan: total=1081 in_window=721 excluded_by_filter=0 min_in_window=0.641 front_min=1.644
[INFO] [1791035728.853927806] [behavior_executor_node]: BT snapshot -- root=FAILURE, lanes: emergency=FAILURE | mission=FAILURE | navigation=FAILURE
[o] root [x]
    [-] emergency [x]
        [o] emergency_condition [x]
            --> IsBatteryLow [x]
            --> IsEmergencyStopTriggered [x]
            --> IsProximityTooClose [x]
            --> IsSystemOverheated [x]
        --> Stop [-]
    [-] mission [x]
        --> MissionActive [x]
        [o] mission_selector [-]
            [-] mission_object_response [-]
                --> ObjectSeen [-]
                --> HandleObjectAction [-]
            [-] mission_progress [-]
                --> PublishMoveGoal [-]
                --> GoToObject [-]
                --> CheckStopCondition [-]
                --> AdvanceMove [-]
    [-] navigation [x]
        --> HasMpcGoal [x]

[INFO] [1791035729.950181205] [behavior_executor_node]: BT snapshot -- root=FAILURE, lanes: emergency=FAILURE | mission=FAILURE | navigation=FAILURE
[o] root [x]
    [-] emergency [x]
        [o] emergency_condition [x]
            --> IsBatteryLow [x]
            --> IsEmergencyStopTriggered [x]
            --> IsProximityTooClose [x]
            --> IsSystemOverheated [x]
        --> Stop [-]
    [-] mission [x]
        --> MissionActive [x]
        [o] mission_selector [-]
            [-] mission_object_response [-]
                --> ObjectSeen [-]
                --> HandleObjectAction [-]
            [-] mission_progress [-]
                --> PublishMoveGoal [-]
                --> GoToObject [-]
                --> CheckStopCondition [-]
                --> AdvanceMove [-]
    [-] navigation [x]
        --> HasMpcGoal [x]

[INFO] [1791035729.961499651] [behavior_executor_node]: [IsProximityTooClose] DIAG scan: total=1081 in_window=721 excluded_by_filter=0 min_in_window=0.572 front_min=1.524
[INFO] [1791035730.950367018] [behavior_executor_node]: BT snapshot -- root=FAILURE, lanes: emergency=FAILURE | mission=FAILURE | navigation=FAILURE
[o] root [x]
    [-] emergency [x]
        [o] emergency_condition [x]
            --> IsBatteryLow [x]
            --> IsEmergencyStopTriggered [x]
            --> IsProximityTooClose [x]
            --> IsSystemOverheated [x]
        --> Stop [-]
    [-] mission [x]
        --> MissionActive [x]
        [o] mission_selector [-]
            [-] mission_object_response [-]
                --> ObjectSeen [-]
                --> HandleObjectAction [-]
            [-] mission_progress [-]
                --> PublishMoveGoal [-]
                --> GoToObject [-]
                --> CheckStopCondition [-]
                --> AdvanceMove [-]
    [-] navigation [x]
        --> HasMpcGoal [x]

[INFO] [1791035731.987613864] [behavior_executor_node]: [IsProximityTooClose] DIAG scan: total=1081 in_window=721 excluded_by_filter=0 min_in_window=0.597 front_min=1.495
[INFO] [1791035732.050607246] [behavior_executor_node]: BT snapshot -- root=FAILURE, lanes: emergency=FAILURE | mission=FAILURE | navigation=FAILURE
[o] root [x]
    [-] emergency [x]
        [o] emergency_condition [x]
            --> IsBatteryLow [x]
            --> IsEmergencyStopTriggered [x]
            --> IsProximityTooClose [x]
            --> IsSystemOverheated [x]
        --> Stop [-]
    [-] mission [x]
        --> MissionActive [x]
        [o] mission_selector [-]
            [-] mission_object_response [-]
                --> ObjectSeen [-]
                --> HandleObjectAction [-]
            [-] mission_progress [-]
                --> PublishMoveGoal [-]
                --> GoToObject [-]
                --> CheckStopCondition [-]
                --> AdvanceMove [-]
    [-] navigation [x]
        --> HasMpcGoal [x]

[INFO] [1791035733.052279912] [behavior_executor_node]: BT snapshot -- root=FAILURE, lanes: emergency=FAILURE | mission=FAILURE | navigation=FAILURE
[o] root [x]
    [-] emergency [x]
        [o] emergency_condition [x]
            --> IsBatteryLow [x]
            --> IsEmergencyStopTriggered [x]
            --> IsProximityTooClose [x]
            --> IsSystemOverheated [x]
        --> Stop [-]
    [-] mission [x]
        --> MissionActive [x]
        [o] mission_selector [-]
            [-] mission_object_response [-]
                --> ObjectSeen [-]
                --> HandleObjectAction [-]
            [-] mission_progress [-]
                --> PublishMoveGoal [-]
                --> GoToObject [-]
                --> CheckStopCondition [-]
                --> AdvanceMove [-]
    [-] navigation [x]
        --> HasMpcGoal [x]

[INFO] [1791035734.057057318] [behavior_executor_node]: BT snapshot -- root=FAILURE, lanes: emergency=FAILURE | mission=FAILURE | navigation=FAILURE
[o] root [x]
    [-] emergency [x]
        [o] emergency_condition [x]
            --> IsBatteryLow [x]
            --> IsEmergencyStopTriggered [x]
            --> IsProximityTooClose [x]
            --> IsSystemOverheated [x]
        --> Stop [-]
    [-] mission [x]
        --> MissionActive [x]
        [o] mission_selector [-]
            [-] mission_object_response [-]
                --> ObjectSeen [-]
                --> HandleObjectAction [-]
            [-] mission_progress [-]
                --> PublishMoveGoal [-]
                --> GoToObject [-]
                --> CheckStopCondition [-]
                --> AdvanceMove [-]
    [-] navigation [x]
        --> HasMpcGoal [x]

[INFO] [1791035734.059065607] [behavior_executor_node]: [IsProximityTooClose] DIAG scan: total=1081 in_window=721 excluded_by_filter=0 min_in_window=0.414 front_min=1.359
[INFO] [1791035735.150009363] [behavior_executor_node]: BT snapshot -- root=FAILURE, lanes: emergency=FAILURE | mission=FAILURE | navigation=FAILURE
[o] root [x]
    [-] emergency [x]
        [o] emergency_condition [x]
            --> IsBatteryLow [x]
            --> IsEmergencyStopTriggered [x]
            --> IsProximityTooClose [x]
            --> IsSystemOverheated [x]
        --> Stop [-]
    [-] mission [x]
        --> MissionActive [x]
        [o] mission_selector [-]
            [-] mission_object_response [-]
                --> ObjectSeen [-]
                --> HandleObjectAction [-]
            [-] mission_progress [-]
                --> PublishMoveGoal [-]
                --> GoToObject [-]
                --> CheckStopCondition [-]
                --> AdvanceMove [-]
    [-] navigation [x]
        --> HasMpcGoal [x]

[INFO] [1791035736.065549815] [behavior_executor_node]: [IsProximityTooClose] DIAG scan: total=1081 in_window=721 excluded_by_filter=0 min_in_window=0.973 front_min=1.289
[INFO] [1791035736.150375861] [behavior_executor_node]: BT snapshot -- root=FAILURE, lanes: emergency=FAILURE | mission=FAILURE | navigation=FAILURE
[o] root [x]
    [-] emergency [x]
        [o] emergency_condition [x]
            --> IsBatteryLow [x]
            --> IsEmergencyStopTriggered [x]
            --> IsProximityTooClose [x]
            --> IsSystemOverheated [x]
        --> Stop [-]
    [-] mission [x]
        --> MissionActive [x]
        [o] mission_selector [-]
            [-] mission_object_response [-]
                --> ObjectSeen [-]
                --> HandleObjectAction [-]
            [-] mission_progress [-]
                --> PublishMoveGoal [-]
                --> GoToObject [-]
                --> CheckStopCondition [-]
                --> AdvanceMove [-]
    [-] navigation [x]
        --> HasMpcGoal [x]

[INFO] [1791035737.163390874] [behavior_executor_node]: BT snapshot -- root=FAILURE, lanes: emergency=FAILURE | mission=FAILURE | navigation=FAILURE
[o] root [x]
    [-] emergency [x]
        [o] emergency_condition [x]
            --> IsBatteryLow [x]
            --> IsEmergencyStopTriggered [x]
            --> IsProximityTooClose [x]
            --> IsSystemOverheated [x]
        --> Stop [-]
    [-] mission [x]
        --> MissionActive [x]
        [o] mission_selector [-]
            [-] mission_object_response [-]
                --> ObjectSeen [-]
                --> HandleObjectAction [-]
            [-] mission_progress [-]
                --> PublishMoveGoal [-]
                --> GoToObject [-]
                --> CheckStopCondition [-]
                --> AdvanceMove [-]
    [-] navigation [x]
        --> HasMpcGoal [x]

[INFO] [1791035738.283565283] [behavior_executor_node]: BT snapshot -- root=FAILURE, lanes: emergency=FAILURE | mission=FAILURE | navigation=FAILURE
[o] root [x]
    [-] emergency [x]
        [o] emergency_condition [x]
            --> IsBatteryLow [x]
            --> IsEmergencyStopTriggered [x]
            --> IsProximityTooClose [x]
            --> IsSystemOverheated [x]
        --> Stop [-]
    [-] mission [x]
        --> MissionActive [x]
        [o] mission_selector [-]
            [-] mission_object_response [-]
                --> ObjectSeen [-]
                --> HandleObjectAction [-]
            [-] mission_progress [-]
                --> PublishMoveGoal [-]
                --> GoToObject [-]
                --> CheckStopCondition [-]
                --> AdvanceMove [-]
    [-] navigation [x]
        --> HasMpcGoal [x]

[INFO] [1791035738.285225191] [behavior_executor_node]: [IsProximityTooClose] DIAG scan: total=1081 in_window=721 excluded_by_filter=0 min_in_window=0.813 front_min=1.080
[INFO] [1791035739.350007259] [behavior_executor_node]: BT snapshot -- root=FAILURE, lanes: emergency=FAILURE | mission=FAILURE | navigation=FAILURE
[o] root [x]
    [-] emergency [x]
        [o] emergency_condition [x]
            --> IsBatteryLow [x]
            --> IsEmergencyStopTriggered [x]
            --> IsProximityTooClose [x]
            --> IsSystemOverheated [x]
        --> Stop [-]
    [-] mission [x]
        --> MissionActive [x]
        [o] mission_selector [-]
            [-] mission_object_response [-]
                --> ObjectSeen [-]
                --> HandleObjectAction [-]
            [-] mission_progress [-]
                --> PublishMoveGoal [-]
                --> GoToObject [-]
                --> CheckStopCondition [-]
                --> AdvanceMove [-]
    [-] navigation [x]
        --> HasMpcGoal [x]

[INFO] [1791035740.296699644] [behavior_executor_node]: [IsProximityTooClose] DIAG scan: total=1081 in_window=721 excluded_by_filter=0 min_in_window=0.822 front_min=1.610
[INFO] [1791035740.350033289] [behavior_executor_node]: BT snapshot -- root=FAILURE, lanes: emergency=FAILURE | mission=FAILURE | navigation=FAILURE
[o] root [x]
    [-] emergency [x]
        [o] emergency_condition [x]
            --> IsBatteryLow [x]
            --> IsEmergencyStopTriggered [x]
            --> IsProximityTooClose [x]
            --> IsSystemOverheated [x]
        --> Stop [-]
    [-] mission [x]
        --> MissionActive [x]
        [o] mission_selector [-]
            [-] mission_object_response [-]
                --> ObjectSeen [-]
                --> HandleObjectAction [-]
            [-] mission_progress [-]
                --> PublishMoveGoal [-]
                --> GoToObject [-]
                --> CheckStopCondition [-]
                --> AdvanceMove [-]
    [-] navigation [x]
        --> HasMpcGoal [x]

[INFO] [1791035741.351364678] [behavior_executor_node]: BT snapshot -- root=FAILURE, lanes: emergency=FAILURE | mission=FAILURE | navigation=FAILURE
[o] root [x]
    [-] emergency [x]
        [o] emergency_condition [x]
            --> IsBatteryLow [x]
            --> IsEmergencyStopTriggered [x]
            --> IsProximityTooClose [x]
            --> IsSystemOverheated [x]
        --> Stop [-]
    [-] mission [x]
        --> MissionActive [x]
        [o] mission_selector [-]
            [-] mission_object_response [-]
                --> ObjectSeen [-]
                --> HandleObjectAction [-]
            [-] mission_progress [-]
                --> PublishMoveGoal [-]
                --> GoToObject [-]
                --> CheckStopCondition [-]
                --> AdvanceMove [-]
    [-] navigation [x]
        --> HasMpcGoal [x]

[INFO] [1791035742.325014577] [behavior_executor_node]: [IsProximityTooClose] DIAG scan: total=1081 in_window=721 excluded_by_filter=0 min_in_window=1.031 front_min=1.275
[INFO] [1791035742.450200701] [behavior_executor_node]: BT snapshot -- root=FAILURE, lanes: emergency=FAILURE | mission=FAILURE | navigation=FAILURE
[o] root [x]
    [-] emergency [x]
        [o] emergency_condition [x]
            --> IsBatteryLow [x]
            --> IsEmergencyStopTriggered [x]
            --> IsProximityTooClose [x]
            --> IsSystemOverheated [x]
        --> Stop [-]
    [-] mission [x]
        --> MissionActive [x]
        [o] mission_selector [-]
            [-] mission_object_response [-]
                --> ObjectSeen [-]
                --> HandleObjectAction [-]
            [-] mission_progress [-]
                --> PublishMoveGoal [-]
                --> GoToObject [-]
                --> CheckStopCondition [-]
                --> AdvanceMove [-]
    [-] navigation [x]
        --> HasMpcGoal [x]

[INFO] [1791035743.550180422] [behavior_executor_node]: BT snapshot -- root=FAILURE, lanes: emergency=FAILURE | mission=FAILURE | navigation=FAILURE
[o] root [x]
    [-] emergency [x]
        [o] emergency_condition [x]
            --> IsBatteryLow [x]
            --> IsEmergencyStopTriggered [x]
            --> IsProximityTooClose [x]
            --> IsSystemOverheated [x]
        --> Stop [-]
    [-] mission [x]
        --> MissionActive [x]
        [o] mission_selector [-]
            [-] mission_object_response [-]
                --> ObjectSeen [-]
                --> HandleObjectAction [-]
            [-] mission_progress [-]
                --> PublishMoveGoal [-]
                --> GoToObject [-]
                --> CheckStopCondition [-]
                --> AdvanceMove [-]
    [-] navigation [x]
        --> HasMpcGoal [x]

[INFO] [1791035744.355647225] [behavior_executor_node]: [IsProximityTooClose] DIAG scan: total=1081 in_window=721 excluded_by_filter=0 min_in_window=0.841 front_min=1.291
[INFO] [1791035744.557599364] [behavior_executor_node]: BT snapshot -- root=FAILURE, lanes: emergency=FAILURE | mission=FAILURE | navigation=FAILURE
[o] root [x]
    [-] emergency [x]
        [o] emergency_condition [x]
            --> IsBatteryLow [x]
            --> IsEmergencyStopTriggered [x]
            --> IsProximityTooClose [x]
            --> IsSystemOverheated [x]
        --> Stop [-]
    [-] mission [x]
        --> MissionActive [x]
        [o] mission_selector [-]
            [-] mission_object_response [-]
                --> ObjectSeen [-]
                --> HandleObjectAction [-]
            [-] mission_progress [-]
                --> PublishMoveGoal [-]
                --> GoToObject [-]
                --> CheckStopCondition [-]
                --> AdvanceMove [-]
    [-] navigation [x]
        --> HasMpcGoal [x]

[INFO] [1791035745.650147857] [behavior_executor_node]: BT snapshot -- root=FAILURE, lanes: emergency=FAILURE | mission=FAILURE | navigation=FAILURE
[o] root [x]
    [-] emergency [x]
        [o] emergency_condition [x]
            --> IsBatteryLow [x]
            --> IsEmergencyStopTriggered [x]
            --> IsProximityTooClose [x]
            --> IsSystemOverheated [x]
        --> Stop [-]
    [-] mission [x]
        --> MissionActive [x]
        [o] mission_selector [-]
            [-] mission_object_response [-]
                --> ObjectSeen [-]
                --> HandleObjectAction [-]
            [-] mission_progress [-]
                --> PublishMoveGoal [-]
                --> GoToObject [-]
                --> CheckStopCondition [-]
                --> AdvanceMove [-]
    [-] navigation [x]
        --> HasMpcGoal [x]

[INFO] [1791035746.574901578] [behavior_executor_node]: [IsProximityTooClose] DIAG scan: total=1081 in_window=721 excluded_by_filter=0 min_in_window=0.886 front_min=1.749
[INFO] [1791035746.750359296] [behavior_executor_node]: BT snapshot -- root=FAILURE, lanes: emergency=FAILURE | mission=FAILURE | navigation=FAILURE
[o] root [x]
    [-] emergency [x]
        [o] emergency_condition [x]
            --> IsBatteryLow [x]
            --> IsEmergencyStopTriggered [x]
            --> IsProximityTooClose [x]
            --> IsSystemOverheated [x]
        --> Stop [-]
    [-] mission [x]
        --> MissionActive [x]
        [o] mission_selector [-]
            [-] mission_object_response [-]
                --> ObjectSeen [-]
                --> HandleObjectAction [-]
            [-] mission_progress [-]
                --> PublishMoveGoal [-]
                --> GoToObject [-]
                --> CheckStopCondition [-]
                --> AdvanceMove [-]
    [-] navigation [x]
        --> HasMpcGoal [x]

[INFO] [1791035747.750647354] [behavior_executor_node]: BT snapshot -- root=FAILURE, lanes: emergency=FAILURE | mission=FAILURE | navigation=FAILURE
[o] root [x]
    [-] emergency [x]
        [o] emergency_condition [x]
            --> IsBatteryLow [x]
            --> IsEmergencyStopTriggered [x]
            --> IsProximityTooClose [x]
            --> IsSystemOverheated [x]
        --> Stop [-]
    [-] mission [x]
        --> MissionActive [x]
        [o] mission_selector [-]
            [-] mission_object_response [-]
                --> ObjectSeen [-]
                --> HandleObjectAction [-]
            [-] mission_progress [-]
                --> PublishMoveGoal [-]
                --> GoToObject [-]
                --> CheckStopCondition [-]
                --> AdvanceMove [-]
    [-] navigation [x]
        --> HasMpcGoal [x]

[INFO] [1791035748.575485178] [behavior_executor_node]: [IsProximityTooClose] DIAG scan: total=1081 in_window=721 excluded_by_filter=0 min_in_window=0.904 front_min=1.965
[INFO] [1791035748.757610684] [behavior_executor_node]: BT snapshot -- root=FAILURE, lanes: emergency=FAILURE | mission=FAILURE | navigation=FAILURE
[o] root [x]
    [-] emergency [x]
        [o] emergency_condition [x]
            --> IsBatteryLow [x]
            --> IsEmergencyStopTriggered [x]
            --> IsProximityTooClose [x]
            --> IsSystemOverheated [x]
        --> Stop [-]
    [-] mission [x]
        --> MissionActive [x]
        [o] mission_selector [-]
            [-] mission_object_response [-]
                --> ObjectSeen [-]
                --> HandleObjectAction [-]
            [-] mission_progress [-]
                --> PublishMoveGoal [-]
                --> GoToObject [-]
                --> CheckStopCondition [-]
                --> AdvanceMove [-]
    [-] navigation [x]
        --> HasMpcGoal [x]

[INFO] [1791035749.849917917] [behavior_executor_node]: BT snapshot -- root=FAILURE, lanes: emergency=FAILURE | mission=FAILURE | navigation=FAILURE
[o] root [x]
    [-] emergency [x]
        [o] emergency_condition [x]
            --> IsBatteryLow [x]
            --> IsEmergencyStopTriggered [x]
            --> IsProximityTooClose [x]
            --> IsSystemOverheated [x]
        --> Stop [-]
    [-] mission [x]
        --> MissionActive [x]
        [o] mission_selector [-]
            [-] mission_object_response [-]
                --> ObjectSeen [-]
                --> HandleObjectAction [-]
            [-] mission_progress [-]
                --> PublishMoveGoal [-]
                --> GoToObject [-]
                --> CheckStopCondition [-]
                --> AdvanceMove [-]
    [-] navigation [x]
        --> HasMpcGoal [x]

[INFO] [1791035750.586781048] [behavior_executor_node]: [IsProximityTooClose] DIAG scan: total=1081 in_window=721 excluded_by_filter=0 min_in_window=0.961 front_min=2.271
[INFO] [1791035750.850200691] [behavior_executor_node]: BT snapshot -- root=FAILURE, lanes: emergency=FAILURE | mission=FAILURE | navigation=FAILURE
[o] root [x]
    [-] emergency [x]
        [o] emergency_condition [x]
            --> IsBatteryLow [x]
            --> IsEmergencyStopTriggered [x]
            --> IsProximityTooClose [x]
            --> IsSystemOverheated [x]
        --> Stop [-]
    [-] mission [x]
        --> MissionActive [x]
        [o] mission_selector [-]
            [-] mission_object_response [-]
                --> ObjectSeen [-]
                --> HandleObjectAction [-]
            [-] mission_progress [-]
                --> PublishMoveGoal [-]
                --> GoToObject [-]
                --> CheckStopCondition [-]
                --> AdvanceMove [-]
    [-] navigation [x]
        --> HasMpcGoal [x]

[INFO] [1791035751.851140359] [behavior_executor_node]: BT snapshot -- root=FAILURE, lanes: emergency=FAILURE | mission=FAILURE | navigation=FAILURE
[o] root [x]
    [-] emergency [x]
        [o] emergency_condition [x]
            --> IsBatteryLow [x]
            --> IsEmergencyStopTriggered [x]
            --> IsProximityTooClose [x]
            --> IsSystemOverheated [x]
        --> Stop [-]
    [-] mission [x]
        --> MissionActive [x]
        [o] mission_selector [-]
            [-] mission_object_response [-]
                --> ObjectSeen [-]
                --> HandleObjectAction [-]
            [-] mission_progress [-]
                --> PublishMoveGoal [-]
                --> GoToObject [-]
                --> CheckStopCondition [-]
                --> AdvanceMove [-]
    [-] navigation [x]
        --> HasMpcGoal [x]

[INFO] [1791035752.606067392] [behavior_executor_node]: [IsProximityTooClose] DIAG scan: total=1081 in_window=721 excluded_by_filter=0 min_in_window=1.016 front_min=1.577
[INFO] [1791035752.949804091] [behavior_executor_node]: BT snapshot -- root=FAILURE, lanes: emergency=FAILURE | mission=FAILURE | navigation=FAILURE
[o] root [x]
    [-] emergency [x]
        [o] emergency_condition [x]
            --> IsBatteryLow [x]
            --> IsEmergencyStopTriggered [x]
            --> IsProximityTooClose [x]
            --> IsSystemOverheated [x]
        --> Stop [-]
    [-] mission [x]
        --> MissionActive [x]
        [o] mission_selector [-]
            [-] mission_object_response [-]
                --> ObjectSeen [-]
                --> HandleObjectAction [-]
            [-] mission_progress [-]
                --> PublishMoveGoal [-]
                --> GoToObject [-]
                --> CheckStopCondition [-]
                --> AdvanceMove [-]
    [-] navigation [x]
        --> HasMpcGoal [x]

[INFO] [1791035753.950238703] [behavior_executor_node]: BT snapshot -- root=FAILURE, lanes: emergency=FAILURE | mission=FAILURE | navigation=FAILURE
[o] root [x]
    [-] emergency [x]
        [o] emergency_condition [x]
            --> IsBatteryLow [x]
            --> IsEmergencyStopTriggered [x]
            --> IsProximityTooClose [x]
            --> IsSystemOverheated [x]
        --> Stop [-]
    [-] mission [x]
        --> MissionActive [x]
        [o] mission_selector [-]
            [-] mission_object_response [-]
                --> ObjectSeen [-]
                --> HandleObjectAction [-]
            [-] mission_progress [-]
                --> PublishMoveGoal [-]
                --> GoToObject [-]
                --> CheckStopCondition [-]
                --> AdvanceMove [-]
    [-] navigation [x]
        --> HasMpcGoal [x]

[INFO] [1791035754.660554914] [behavior_executor_node]: [IsProximityTooClose] DIAG scan: total=1081 in_window=721 excluded_by_filter=0 min_in_window=1.061 front_min=2.085
[INFO] [1791035755.050259382] [behavior_executor_node]: BT snapshot -- root=FAILURE, lanes: emergency=FAILURE | mission=FAILURE | navigation=FAILURE
[o] root [x]
    [-] emergency [x]
        [o] emergency_condition [x]
            --> IsBatteryLow [x]
            --> IsEmergencyStopTriggered [x]
            --> IsProximityTooClose [x]
            --> IsSystemOverheated [x]
        --> Stop [-]
    [-] mission [x]
        --> MissionActive [x]
        [o] mission_selector [-]
            [-] mission_object_response [-]
                --> ObjectSeen [-]
                --> HandleObjectAction [-]
            [-] mission_progress [-]
                --> PublishMoveGoal [-]
                --> GoToObject [-]
                --> CheckStopCondition [-]
                --> AdvanceMove [-]
    [-] navigation [x]
        --> HasMpcGoal [x]

[INFO] [1791035756.051888828] [behavior_executor_node]: BT snapshot -- root=FAILURE, lanes: emergency=FAILURE | mission=FAILURE | navigation=FAILURE
[o] root [x]
    [-] emergency [x]
        [o] emergency_condition [x]
            --> IsBatteryLow [x]
            --> IsEmergencyStopTriggered [x]
            --> IsProximityTooClose [x]
            --> IsSystemOverheated [x]
        --> Stop [-]
    [-] mission [x]
        --> MissionActive [x]
        [o] mission_selector [-]
            [-] mission_object_response [-]
                --> ObjectSeen [-]
                --> HandleObjectAction [-]
            [-] mission_progress [-]
                --> PublishMoveGoal [-]
                --> GoToObject [-]
                --> CheckStopCondition [-]
                --> AdvanceMove [-]
    [-] navigation [x]
        --> HasMpcGoal [x]

[INFO] [1791035756.664135862] [behavior_executor_node]: [IsProximityTooClose] DIAG scan: total=1081 in_window=721 excluded_by_filter=0 min_in_window=1.089 front_min=2.478
[INFO] [1791035757.291625131] [behavior_executor_node]: BT snapshot -- root=FAILURE, lanes: emergency=FAILURE | mission=FAILURE | navigation=FAILURE
[o] root [x]
    [-] emergency [x]
        [o] emergency_condition [x]
            --> IsBatteryLow [x]
            --> IsEmergencyStopTriggered [x]
            --> IsProximityTooClose [x]
            --> IsSystemOverheated [x]
        --> Stop [-]
    [-] mission [x]
        --> MissionActive [x]
        [o] mission_selector [-]
            [-] mission_object_response [-]
                --> ObjectSeen [-]
                --> HandleObjectAction [-]
            [-] mission_progress [-]
                --> PublishMoveGoal [-]
                --> GoToObject [-]
                --> CheckStopCondition [-]
                --> AdvanceMove [-]
    [-] navigation [x]
        --> HasMpcGoal [x]

[INFO] [1791035758.350079785] [behavior_executor_node]: BT snapshot -- root=FAILURE, lanes: emergency=FAILURE | mission=FAILURE | navigation=FAILURE
[o] root [x]
    [-] emergency [x]
        [o] emergency_condition [x]
            --> IsBatteryLow [x]
            --> IsEmergencyStopTriggered [x]
            --> IsProximityTooClose [x]
            --> IsSystemOverheated [x]
        --> Stop [-]
    [-] mission [x]
        --> MissionActive [x]
        [o] mission_selector [-]
            [-] mission_object_response [-]
                --> ObjectSeen [-]
                --> HandleObjectAction [-]
            [-] mission_progress [-]
                --> PublishMoveGoal [-]
                --> GoToObject [-]
                --> CheckStopCondition [-]
                --> AdvanceMove [-]
    [-] navigation [x]
        --> HasMpcGoal [x]

[INFO] [1791035758.665494160] [behavior_executor_node]: [IsProximityTooClose] DIAG scan: total=1081 in_window=721 excluded_by_filter=0 min_in_window=1.520 front_min=1.761
[INFO] [1791035759.350155031] [behavior_executor_node]: BT snapshot -- root=FAILURE, lanes: emergency=FAILURE | mission=FAILURE | navigation=FAILURE
[o] root [x]
    [-] emergency [x]
        [o] emergency_condition [x]
            --> IsBatteryLow [x]
            --> IsEmergencyStopTriggered [x]
            --> IsProximityTooClose [x]
            --> IsSystemOverheated [x]
        --> Stop [-]
    [-] mission [x]
        --> MissionActive [x]
        [o] mission_selector [-]
            [-] mission_object_response [-]
                --> ObjectSeen [-]
                --> HandleObjectAction [-]
            [-] mission_progress [-]
                --> PublishMoveGoal [-]
                --> GoToObject [-]
                --> CheckStopCondition [-]
                --> AdvanceMove [-]
    [-] navigation [x]
        --> HasMpcGoal [x]

[INFO] [1791035760.355184962] [behavior_executor_node]: BT snapshot -- root=FAILURE, lanes: emergency=FAILURE | mission=FAILURE | navigation=FAILURE
[o] root [x]
    [-] emergency [x]
        [o] emergency_condition [x]
            --> IsBatteryLow [x]
            --> IsEmergencyStopTriggered [x]
            --> IsProximityTooClose [x]
            --> IsSystemOverheated [x]
        --> Stop [-]
    [-] mission [x]
        --> MissionActive [x]
        [o] mission_selector [-]
            [-] mission_object_response [-]
                --> ObjectSeen [-]
                --> HandleObjectAction [-]
            [-] mission_progress [-]
                --> PublishMoveGoal [-]
                --> GoToObject [-]
                --> CheckStopCondition [-]
                --> AdvanceMove [-]
    [-] navigation [x]
        --> HasMpcGoal [x]

[INFO] [1791035760.751685396] [behavior_executor_node]: [IsProximityTooClose] DIAG scan: total=1081 in_window=721 excluded_by_filter=0 min_in_window=1.186 front_min=1.996
[INFO] [1791035761.450177780] [behavior_executor_node]: BT snapshot -- root=FAILURE, lanes: emergency=FAILURE | mission=FAILURE | navigation=FAILURE
[o] root [x]
    [-] emergency [x]
        [o] emergency_condition [x]
            --> IsBatteryLow [x]
            --> IsEmergencyStopTriggered [x]
            --> IsProximityTooClose [x]
            --> IsSystemOverheated [x]
        --> Stop [-]
    [-] mission [x]
        --> MissionActive [x]
        [o] mission_selector [-]
            [-] mission_object_response [-]
                --> ObjectSeen [-]
                --> HandleObjectAction [-]
            [-] mission_progress [-]
                --> PublishMoveGoal [-]
                --> GoToObject [-]
                --> CheckStopCondition [-]
                --> AdvanceMove [-]
    [-] navigation [x]
        --> HasMpcGoal [x]

[INFO] [1791035762.572175617] [behavior_executor_node]: BT snapshot -- root=FAILURE, lanes: emergency=FAILURE | mission=FAILURE | navigation=FAILURE
[o] root [x]
    [-] emergency [x]
        [o] emergency_condition [x]
            --> IsBatteryLow [x]
            --> IsEmergencyStopTriggered [x]
            --> IsProximityTooClose [x]
            --> IsSystemOverheated [x]
        --> Stop [-]
    [-] mission [x]
        --> MissionActive [x]
        [o] mission_selector [-]
            [-] mission_object_response [-]
                --> ObjectSeen [-]
                --> HandleObjectAction [-]
            [-] mission_progress [-]
                --> PublishMoveGoal [-]
                --> GoToObject [-]
                --> CheckStopCondition [-]
                --> AdvanceMove [-]
    [-] navigation [x]
        --> HasMpcGoal [x]

[INFO] [1791035762.775157470] [behavior_executor_node]: [IsProximityTooClose] DIAG scan: total=1081 in_window=721 excluded_by_filter=0 min_in_window=1.226 front_min=1.833
[INFO] [1791035763.650371351] [behavior_executor_node]: BT snapshot -- root=FAILURE, lanes: emergency=FAILURE | mission=FAILURE | navigation=FAILURE
[o] root [x]
    [-] emergency [x]
        [o] emergency_condition [x]
            --> IsBatteryLow [x]
            --> IsEmergencyStopTriggered [x]
            --> IsProximityTooClose [x]
            --> IsSystemOverheated [x]
        --> Stop [-]
    [-] mission [x]
        --> MissionActive [x]
        [o] mission_selector [-]
            [-] mission_object_response [-]
                --> ObjectSeen [-]
                --> HandleObjectAction [-]
            [-] mission_progress [-]
                --> PublishMoveGoal [-]
                --> GoToObject [-]
                --> CheckStopCondition [-]
                --> AdvanceMove [-]
    [-] navigation [x]
        --> HasMpcGoal [x]

[INFO] [1791035764.870942924] [behavior_executor_node]: BT snapshot -- root=FAILURE, lanes: emergency=FAILURE | mission=FAILURE | navigation=FAILURE
[o] root [x]
    [-] emergency [x]
        [o] emergency_condition [x]
            --> IsBatteryLow [x]
            --> IsEmergencyStopTriggered [x]
            --> IsProximityTooClose [x]
            --> IsSystemOverheated [x]
        --> Stop [-]
    [-] mission [x]
        --> MissionActive [x]
        [o] mission_selector [-]
            [-] mission_object_response [-]
                --> ObjectSeen [-]
                --> HandleObjectAction [-]
            [-] mission_progress [-]
                --> PublishMoveGoal [-]
                --> GoToObject [-]
                --> CheckStopCondition [-]
                --> AdvanceMove [-]
    [-] navigation [x]
        --> HasMpcGoal [x]

[INFO] [1791035764.872675990] [behavior_executor_node]: [IsProximityTooClose] DIAG scan: total=1081 in_window=721 excluded_by_filter=0 min_in_window=1.249 front_min=1.277
[INFO] [1791035765.950005627] [behavior_executor_node]: BT snapshot -- root=FAILURE, lanes: emergency=FAILURE | mission=FAILURE | navigation=FAILURE
[o] root [x]
    [-] emergency [x]
        [o] emergency_condition [x]
            --> IsBatteryLow [x]
            --> IsEmergencyStopTriggered [x]
            --> IsProximityTooClose [x]
            --> IsSystemOverheated [x]
        --> Stop [-]
    [-] mission [x]
        --> MissionActive [x]
        [o] mission_selector [-]
            [-] mission_object_response [-]
                --> ObjectSeen [-]
                --> HandleObjectAction [-]
            [-] mission_progress [-]
                --> PublishMoveGoal [-]
                --> GoToObject [-]
                --> CheckStopCondition [-]
                --> AdvanceMove [-]
    [-] navigation [x]
        --> HasMpcGoal [x]

[INFO] [1791035766.876918063] [behavior_executor_node]: [IsProximityTooClose] DIAG scan: total=1081 in_window=721 excluded_by_filter=0 min_in_window=0.837 front_min=1.892
[INFO] [1791035766.950300458] [behavior_executor_node]: BT snapshot -- root=FAILURE, lanes: emergency=FAILURE | mission=FAILURE | navigation=FAILURE
[o] root [x]
    [-] emergency [x]
        [o] emergency_condition [x]
            --> IsBatteryLow [x]
            --> IsEmergencyStopTriggered [x]
            --> IsProximityTooClose [x]
            --> IsSystemOverheated [x]
        --> Stop [-]
    [-] mission [x]
        --> MissionActive [x]
        [o] mission_selector [-]
            [-] mission_object_response [-]
                --> ObjectSeen [-]
                --> HandleObjectAction [-]
            [-] mission_progress [-]
                --> PublishMoveGoal [-]
                --> GoToObject [-]
                --> CheckStopCondition [-]
                --> AdvanceMove [-]
    [-] navigation [x]
        --> HasMpcGoal [x]

[INFO] [1791035767.952153838] [behavior_executor_node]: BT snapshot -- root=FAILURE, lanes: emergency=FAILURE | mission=FAILURE | navigation=FAILURE
[o] root [x]
    [-] emergency [x]
        [o] emergency_condition [x]
            --> IsBatteryLow [x]
            --> IsEmergencyStopTriggered [x]
            --> IsProximityTooClose [x]
            --> IsSystemOverheated [x]
        --> Stop [-]
    [-] mission [x]
        --> MissionActive [x]
        [o] mission_selector [-]
            [-] mission_object_response [-]
                --> ObjectSeen [-]
                --> HandleObjectAction [-]
            [-] mission_progress [-]
                --> PublishMoveGoal [-]
                --> GoToObject [-]
                --> CheckStopCondition [-]
                --> AdvanceMove [-]
    [-] navigation [x]
        --> HasMpcGoal [x]

[INFO] [1791035768.890411265] [behavior_executor_node]: [IsProximityTooClose] DIAG scan: total=1081 in_window=721 excluded_by_filter=0 min_in_window=0.571 front_min=1.656
[INFO] [1791035769.050444313] [behavior_executor_node]: BT snapshot -- root=FAILURE, lanes: emergency=FAILURE | mission=FAILURE | navigation=FAILURE
[o] root [x]
    [-] emergency [x]
        [o] emergency_condition [x]
            --> IsBatteryLow [x]
            --> IsEmergencyStopTriggered [x]
            --> IsProximityTooClose [x]
            --> IsSystemOverheated [x]
        --> Stop [-]
    [-] mission [x]
        --> MissionActive [x]
        [o] mission_selector [-]
            [-] mission_object_response [-]
                --> ObjectSeen [-]
                --> HandleObjectAction [-]
            [-] mission_progress [-]
                --> PublishMoveGoal [-]
                --> GoToObject [-]
                --> CheckStopCondition [-]
                --> AdvanceMove [-]
    [-] navigation [x]
        --> HasMpcGoal [x]

[INFO] [1791035770.285252417] [behavior_executor_node]: BT snapshot -- root=FAILURE, lanes: emergency=FAILURE | mission=FAILURE | navigation=FAILURE
[o] root [x]
    [-] emergency [x]
        [o] emergency_condition [x]
            --> IsBatteryLow [x]
            --> IsEmergencyStopTriggered [x]
            --> IsProximityTooClose [x]
            --> IsSystemOverheated [x]
        --> Stop [-]
    [-] mission [x]
        --> MissionActive [x]
        [o] mission_selector [-]
            [-] mission_object_response [-]
                --> ObjectSeen [-]
                --> HandleObjectAction [-]
            [-] mission_progress [-]
                --> PublishMoveGoal [-]
                --> GoToObject [-]
                --> CheckStopCondition [-]
                --> AdvanceMove [-]
    [-] navigation [x]
        --> HasMpcGoal [x]

[INFO] [1791035770.899820436] [behavior_executor_node]: [IsProximityTooClose] DIAG scan: total=1081 in_window=721 excluded_by_filter=0 min_in_window=0.640 front_min=1.645
[INFO] [1791035771.350303848] [behavior_executor_node]: BT snapshot -- root=FAILURE, lanes: emergency=FAILURE | mission=FAILURE | navigation=FAILURE
[o] root [x]
    [-] emergency [x]
        [o] emergency_condition [x]
            --> IsBatteryLow [x]
            --> IsEmergencyStopTriggered [x]
            --> IsProximityTooClose [x]
            --> IsSystemOverheated [x]
        --> Stop [-]
    [-] mission [x]
        --> MissionActive [x]
        [o] mission_selector [-]
            [-] mission_object_response [-]
                --> ObjectSeen [-]
                --> HandleObjectAction [-]
            [-] mission_progress [-]
                --> PublishMoveGoal [-]
                --> GoToObject [-]
                --> CheckStopCondition [-]
                --> AdvanceMove [-]
    [-] navigation [x]
        --> HasMpcGoal [x]

[INFO] [1791035772.450318087] [behavior_executor_node]: BT snapshot -- root=FAILURE, lanes: emergency=FAILURE | mission=FAILURE | navigation=FAILURE
[o] root [x]
    [-] emergency [x]
        [o] emergency_condition [x]
            --> IsBatteryLow [x]
            --> IsEmergencyStopTriggered [x]
            --> IsProximityTooClose [x]
            --> IsSystemOverheated [x]
        --> Stop [-]
    [-] mission [x]
        --> MissionActive [x]
        [o] mission_selector [-]
            [-] mission_object_response [-]
                --> ObjectSeen [-]
                --> HandleObjectAction [-]
            [-] mission_progress [-]
                --> PublishMoveGoal [-]
                --> GoToObject [-]
                --> CheckStopCondition [-]
                --> AdvanceMove [-]
    [-] navigation [x]
        --> HasMpcGoal [x]

[INFO] [1791035772.901775925] [behavior_executor_node]: [IsProximityTooClose] DIAG scan: total=1081 in_window=721 excluded_by_filter=0 min_in_window=0.551 front_min=1.514
[INFO] [1791035773.558548942] [behavior_executor_node]: BT snapshot -- root=FAILURE, lanes: emergency=FAILURE | mission=FAILURE | navigation=FAILURE
[o] root [x]
    [-] emergency [x]
        [o] emergency_condition [x]
            --> IsBatteryLow [x]
            --> IsEmergencyStopTriggered [x]
            --> IsProximityTooClose [x]
            --> IsSystemOverheated [x]
        --> Stop [-]
    [-] mission [x]
        --> MissionActive [x]
        [o] mission_selector [-]
            [-] mission_object_response [-]
                --> ObjectSeen [-]
                --> HandleObjectAction [-]
            [-] mission_progress [-]
                --> PublishMoveGoal [-]
                --> GoToObject [-]
                --> CheckStopCondition [-]
                --> AdvanceMove [-]
    [-] navigation [x]
        --> HasMpcGoal [x]

[INFO] [1791035774.651039883] [behavior_executor_node]: BT snapshot -- root=FAILURE, lanes: emergency=FAILURE | mission=FAILURE | navigation=FAILURE
[o] root [x]
    [-] emergency [x]
        [o] emergency_condition [x]
            --> IsBatteryLow [x]
            --> IsEmergencyStopTriggered [x]
            --> IsProximityTooClose [x]
            --> IsSystemOverheated [x]
        --> Stop [-]
    [-] mission [x]
        --> MissionActive [x]
        [o] mission_selector [-]
            [-] mission_object_response [-]
                --> ObjectSeen [-]
                --> HandleObjectAction [-]
            [-] mission_progress [-]
                --> PublishMoveGoal [-]
                --> GoToObject [-]
                --> CheckStopCondition [-]
                --> AdvanceMove [-]
    [-] navigation [x]
        --> HasMpcGoal [x]

[INFO] [1791035774.954301403] [behavior_executor_node]: [IsProximityTooClose] DIAG scan: total=1081 in_window=721 excluded_by_filter=0 min_in_window=0.603 front_min=1.479
[INFO] [1791035775.651525388] [behavior_executor_node]: BT snapshot -- root=FAILURE, lanes: emergency=FAILURE | mission=FAILURE | navigation=FAILURE
[o] root [x]
    [-] emergency [x]
        [o] emergency_condition [x]
            --> IsBatteryLow [x]
            --> IsEmergencyStopTriggered [x]
            --> IsProximityTooClose [x]
            --> IsSystemOverheated [x]
        --> Stop [-]
    [-] mission [x]
        --> MissionActive [x]
        [o] mission_selector [-]
            [-] mission_object_response [-]
                --> ObjectSeen [-]
                --> HandleObjectAction [-]
            [-] mission_progress [-]
                --> PublishMoveGoal [-]
                --> GoToObject [-]
                --> CheckStopCondition [-]
                --> AdvanceMove [-]
    [-] navigation [x]
        --> HasMpcGoal [x]

[INFO] [1791035776.667468006] [behavior_executor_node]: BT snapshot -- root=FAILURE, lanes: emergency=FAILURE | mission=FAILURE | navigation=FAILURE
[o] root [x]
    [-] emergency [x]
        [o] emergency_condition [x]
            --> IsBatteryLow [x]
            --> IsEmergencyStopTriggered [x]
            --> IsProximityTooClose [x]
            --> IsSystemOverheated [x]
        --> Stop [-]
    [-] mission [x]
        --> MissionActive [x]
        [o] mission_selector [-]
            [-] mission_object_response [-]
                --> ObjectSeen [-]
                --> HandleObjectAction [-]
            [-] mission_progress [-]
                --> PublishMoveGoal [-]
                --> GoToObject [-]
                --> CheckStopCondition [-]
                --> AdvanceMove [-]
    [-] navigation [x]
        --> HasMpcGoal [x]

[INFO] [1791035776.963225025] [behavior_executor_node]: [IsProximityTooClose] DIAG scan: total=1081 in_window=721 excluded_by_filter=0 min_in_window=0.697 front_min=1.273
[INFO] [1791035777.668924749] [behavior_executor_node]: BT snapshot -- root=FAILURE, lanes: emergency=FAILURE | mission=FAILURE | navigation=FAILURE
[o] root [x]
    [-] emergency [x]
        [o] emergency_condition [x]
            --> IsBatteryLow [x]
            --> IsEmergencyStopTriggered [x]
            --> IsProximityTooClose [x]
            --> IsSystemOverheated [x]
        --> Stop [-]
    [-] mission [x]
        --> MissionActive [x]
        [o] mission_selector [-]
            [-] mission_object_response [-]
                --> ObjectSeen [-]
                --> HandleObjectAction [-]
            [-] mission_progress [-]
                --> PublishMoveGoal [-]
                --> GoToObject [-]
                --> CheckStopCondition [-]
                --> AdvanceMove [-]
    [-] navigation [x]
        --> HasMpcGoal [x]

[INFO] [1791035778.750498835] [behavior_executor_node]: BT snapshot -- root=FAILURE, lanes: emergency=FAILURE | mission=FAILURE | navigation=FAILURE
[o] root [x]
    [-] emergency [x]
        [o] emergency_condition [x]
            --> IsBatteryLow [x]
            --> IsEmergencyStopTriggered [x]
            --> IsProximityTooClose [x]
            --> IsSystemOverheated [x]
        --> Stop [-]
    [-] mission [x]
        --> MissionActive [x]
        [o] mission_selector [-]
            [-] mission_object_response [-]
                --> ObjectSeen [-]
                --> HandleObjectAction [-]
            [-] mission_progress [-]
                --> PublishMoveGoal [-]
                --> GoToObject [-]
                --> CheckStopCondition [-]
                --> AdvanceMove [-]
    [-] navigation [x]
        --> HasMpcGoal [x]

[INFO] [1791035778.989510852] [behavior_executor_node]: [IsProximityTooClose] DIAG scan: total=1081 in_window=721 excluded_by_filter=0 min_in_window=0.931 front_min=1.168
[INFO] [1791035779.750342824] [behavior_executor_node]: BT snapshot -- root=FAILURE, lanes: emergency=FAILURE | mission=FAILURE | navigation=FAILURE
[o] root [x]
    [-] emergency [x]
        [o] emergency_condition [x]
            --> IsBatteryLow [x]
            --> IsEmergencyStopTriggered [x]
            --> IsProximityTooClose [x]
            --> IsSystemOverheated [x]
        --> Stop [-]
    [-] mission [x]
        --> MissionActive [x]
        [o] mission_selector [-]
            [-] mission_object_response [-]
                --> ObjectSeen [-]
                --> HandleObjectAction [-]
            [-] mission_progress [-]
                --> PublishMoveGoal [-]
                --> GoToObject [-]
                --> CheckStopCondition [-]
                --> AdvanceMove [-]
    [-] navigation [x]
        --> HasMpcGoal [x]

[INFO] [1791035780.850364942] [behavior_executor_node]: BT snapshot -- root=FAILURE, lanes: emergency=FAILURE | mission=FAILURE | navigation=FAILURE
[o] root [x]
    [-] emergency [x]
        [o] emergency_condition [x]
            --> IsBatteryLow [x]
            --> IsEmergencyStopTriggered [x]
            --> IsProximityTooClose [x]
            --> IsSystemOverheated [x]
        --> Stop [-]
    [-] mission [x]
        --> MissionActive [x]
        [o] mission_selector [-]
            [-] mission_object_response [-]
                --> ObjectSeen [-]
                --> HandleObjectAction [-]
            [-] mission_progress [-]
                --> PublishMoveGoal [-]
                --> GoToObject [-]
                --> CheckStopCondition [-]
                --> AdvanceMove [-]
    [-] navigation [x]
        --> HasMpcGoal [x]

[INFO] [1791035780.992165456] [behavior_executor_node]: [IsProximityTooClose] DIAG scan: total=1081 in_window=721 excluded_by_filter=0 min_in_window=0.787 front_min=1.561
[INFO] [1791035781.949861641] [behavior_executor_node]: BT snapshot -- root=FAILURE, lanes: emergency=FAILURE | mission=FAILURE | navigation=FAILURE
[o] root [x]
    [-] emergency [x]
        [o] emergency_condition [x]
            --> IsBatteryLow [x]
            --> IsEmergencyStopTriggered [x]
            --> IsProximityTooClose [x]
            --> IsSystemOverheated [x]
        --> Stop [-]
    [-] mission [x]
        --> MissionActive [x]
        [o] mission_selector [-]
            [-] mission_object_response [-]
                --> ObjectSeen [-]
                --> HandleObjectAction [-]
            [-] mission_progress [-]
                --> PublishMoveGoal [-]
                --> GoToObject [-]
                --> CheckStopCondition [-]
                --> AdvanceMove [-]
    [-] navigation [x]
        --> HasMpcGoal [x]

[INFO] [1791035782.950212590] [behavior_executor_node]: BT snapshot -- root=FAILURE, lanes: emergency=FAILURE | mission=FAILURE | navigation=FAILURE
[o] root [x]
    [-] emergency [x]
        [o] emergency_condition [x]
            --> IsBatteryLow [x]
            --> IsEmergencyStopTriggered [x]
            --> IsProximityTooClose [x]
            --> IsSystemOverheated [x]
        --> Stop [-]
    [-] mission [x]
        --> MissionActive [x]
        [o] mission_selector [-]
            [-] mission_object_response [-]
                --> ObjectSeen [-]
                --> HandleObjectAction [-]
            [-] mission_progress [-]
                --> PublishMoveGoal [-]
                --> GoToObject [-]
                --> CheckStopCondition [-]
                --> AdvanceMove [-]
    [-] navigation [x]
        --> HasMpcGoal [x]

[INFO] [1791035782.992382412] [behavior_executor_node]: [IsProximityTooClose] DIAG scan: total=1081 in_window=721 excluded_by_filter=0 min_in_window=0.817 front_min=1.568
[INFO] [1791035784.051358808] [behavior_executor_node]: BT snapshot -- root=FAILURE, lanes: emergency=FAILURE | mission=FAILURE | navigation=FAILURE
[o] root [x]
    [-] emergency [x]
        [o] emergency_condition [x]
            --> IsBatteryLow [x]
            --> IsEmergencyStopTriggered [x]
            --> IsProximityTooClose [x]
            --> IsSystemOverheated [x]
        --> Stop [-]
    [-] mission [x]
        --> MissionActive [x]
        [o] mission_selector [-]
            [-] mission_object_response [-]
                --> ObjectSeen [-]
                --> HandleObjectAction [-]
            [-] mission_progress [-]
                --> PublishMoveGoal [-]
                --> GoToObject [-]
                --> CheckStopCondition [-]
                --> AdvanceMove [-]
    [-] navigation [x]
        --> HasMpcGoal [x]

[INFO] [1791035785.019559017] [behavior_executor_node]: [IsProximityTooClose] DIAG scan: total=1081 in_window=721 excluded_by_filter=0 min_in_window=1.031 front_min=1.275
[INFO] [1791035785.166260860] [behavior_executor_node]: BT snapshot -- root=FAILURE, lanes: emergency=FAILURE | mission=FAILURE | navigation=FAILURE
[o] root [x]
    [-] emergency [x]
        [o] emergency_condition [x]
            --> IsBatteryLow [x]
            --> IsEmergencyStopTriggered [x]
            --> IsProximityTooClose [x]
            --> IsSystemOverheated [x]
        --> Stop [-]
    [-] mission [x]
        --> MissionActive [x]
        [o] mission_selector [-]
            [-] mission_object_response [-]
                --> ObjectSeen [-]
                --> HandleObjectAction [-]
            [-] mission_progress [-]
                --> PublishMoveGoal [-]
                --> GoToObject [-]
                --> CheckStopCondition [-]
                --> AdvanceMove [-]
    [-] navigation [x]
        --> HasMpcGoal [x]

[INFO] [1791035786.167994087] [behavior_executor_node]: BT snapshot -- root=FAILURE, lanes: emergency=FAILURE | mission=FAILURE | navigation=FAILURE
[o] root [x]
    [-] emergency [x]
        [o] emergency_condition [x]
            --> IsBatteryLow [x]
            --> IsEmergencyStopTriggered [x]
            --> IsProximityTooClose [x]
            --> IsSystemOverheated [x]
        --> Stop [-]
    [-] mission [x]
        --> MissionActive [x]
        [o] mission_selector [-]
            [-] mission_object_response [-]
                --> ObjectSeen [-]
                --> HandleObjectAction [-]
            [-] mission_progress [-]
                --> PublishMoveGoal [-]
                --> GoToObject [-]
                --> CheckStopCondition [-]
                --> AdvanceMove [-]
    [-] navigation [x]
        --> HasMpcGoal [x]

[INFO] [1791035787.021083164] [behavior_executor_node]: [IsProximityTooClose] DIAG scan: total=1081 in_window=721 excluded_by_filter=0 min_in_window=0.849 front_min=1.301
[INFO] [1791035787.250300822] [behavior_executor_node]: BT snapshot -- root=FAILURE, lanes: emergency=FAILURE | mission=FAILURE | navigation=FAILURE
[o] root [x]
    [-] emergency [x]
        [o] emergency_condition [x]
            --> IsBatteryLow [x]
            --> IsEmergencyStopTriggered [x]
            --> IsProximityTooClose [x]
            --> IsSystemOverheated [x]
        --> Stop [-]
    [-] mission [x]
        --> MissionActive [x]
        [o] mission_selector [-]
            [-] mission_object_response [-]
                --> ObjectSeen [-]
                --> HandleObjectAction [-]
            [-] mission_progress [-]
                --> PublishMoveGoal [-]
                --> GoToObject [-]
                --> CheckStopCondition [-]
                --> AdvanceMove [-]
    [-] navigation [x]
        --> HasMpcGoal [x]

[INFO] [1791035788.349891336] [behavior_executor_node]: BT snapshot -- root=FAILURE, lanes: emergency=FAILURE | mission=FAILURE | navigation=FAILURE
[o] root [x]
    [-] emergency [x]
        [o] emergency_condition [x]
            --> IsBatteryLow [x]
            --> IsEmergencyStopTriggered [x]
            --> IsProximityTooClose [x]
            --> IsSystemOverheated [x]
        --> Stop [-]
    [-] mission [x]
        --> MissionActive [x]
        [o] mission_selector [-]
            [-] mission_object_response [-]
                --> ObjectSeen [-]
                --> HandleObjectAction [-]
            [-] mission_progress [-]
                --> PublishMoveGoal [-]
                --> GoToObject [-]
                --> CheckStopCondition [-]
                --> AdvanceMove [-]
    [-] navigation [x]
        --> HasMpcGoal [x]

[INFO] [1791035789.162373070] [behavior_executor_node]: [IsProximityTooClose] DIAG scan: total=1081 in_window=721 excluded_by_filter=0 min_in_window=0.888 front_min=1.674
[INFO] [1791035789.350752042] [behavior_executor_node]: BT snapshot -- root=FAILURE, lanes: emergency=FAILURE | mission=FAILURE | navigation=FAILURE
[o] root [x]
    [-] emergency [x]
        [o] emergency_condition [x]
            --> IsBatteryLow [x]
            --> IsEmergencyStopTriggered [x]
            --> IsProximityTooClose [x]
            --> IsSystemOverheated [x]
        --> Stop [-]
    [-] mission [x]
        --> MissionActive [x]
        [o] mission_selector [-]
            [-] mission_object_response [-]
                --> ObjectSeen [-]
                --> HandleObjectAction [-]
            [-] mission_progress [-]
                --> PublishMoveGoal [-]
                --> GoToObject [-]
                --> CheckStopCondition [-]
                --> AdvanceMove [-]
    [-] navigation [x]
        --> HasMpcGoal [x]

[INFO] [1791035790.450359941] [behavior_executor_node]: BT snapshot -- root=FAILURE, lanes: emergency=FAILURE | mission=FAILURE | navigation=FAILURE
[o] root [x]
    [-] emergency [x]
        [o] emergency_condition [x]
            --> IsBatteryLow [x]
            --> IsEmergencyStopTriggered [x]
            --> IsProximityTooClose [x]
            --> IsSystemOverheated [x]
        --> Stop [-]
    [-] mission [x]
        --> MissionActive [x]
        [o] mission_selector [-]
            [-] mission_object_response [-]
                --> ObjectSeen [-]
                --> HandleObjectAction [-]
            [-] mission_progress [-]
                --> PublishMoveGoal [-]
                --> GoToObject [-]
                --> CheckStopCondition [-]
                --> AdvanceMove [-]
    [-] navigation [x]
        --> HasMpcGoal [x]

[INFO] [1791035791.165605691] [behavior_executor_node]: [IsProximityTooClose] DIAG scan: total=1081 in_window=721 excluded_by_filter=0 min_in_window=0.904 front_min=1.965
[INFO] [1791035791.550748227] [behavior_executor_node]: BT snapshot -- root=FAILURE, lanes: emergency=FAILURE | mission=FAILURE | navigation=FAILURE
[o] root [x]
    [-] emergency [x]
        [o] emergency_condition [x]
            --> IsBatteryLow [x]
            --> IsEmergencyStopTriggered [x]
            --> IsProximityTooClose [x]
            --> IsSystemOverheated [x]
        --> Stop [-]
    [-] mission [x]
        --> MissionActive [x]
        [o] mission_selector [-]
            [-] mission_object_response [-]
                --> ObjectSeen [-]
                --> HandleObjectAction [-]
            [-] mission_progress [-]
                --> PublishMoveGoal [-]
                --> GoToObject [-]
                --> CheckStopCondition [-]
                --> AdvanceMove [-]
    [-] navigation [x]
        --> HasMpcGoal [x]

[INFO] [1791035792.550866797] [behavior_executor_node]: BT snapshot -- root=FAILURE, lanes: emergency=FAILURE | mission=FAILURE | navigation=FAILURE
[o] root [x]
    [-] emergency [x]
        [o] emergency_condition [x]
            --> IsBatteryLow [x]
            --> IsEmergencyStopTriggered [x]
            --> IsProximityTooClose [x]
            --> IsSystemOverheated [x]
        --> Stop [-]
    [-] mission [x]
        --> MissionActive [x]
        [o] mission_selector [-]
            [-] mission_object_response [-]
                --> ObjectSeen [-]
                --> HandleObjectAction [-]
            [-] mission_progress [-]
                --> PublishMoveGoal [-]
                --> GoToObject [-]
                --> CheckStopCondition [-]
                --> AdvanceMove [-]
    [-] navigation [x]
        --> HasMpcGoal [x]

[INFO] [1791035793.167668650] [behavior_executor_node]: [IsProximityTooClose] DIAG scan: total=1081 in_window=721 excluded_by_filter=0 min_in_window=0.964 front_min=2.250
[INFO] [1791035793.556213179] [behavior_executor_node]: BT snapshot -- root=FAILURE, lanes: emergency=FAILURE | mission=FAILURE | navigation=FAILURE
[o] root [x]
    [-] emergency [x]
        [o] emergency_condition [x]
            --> IsBatteryLow [x]
            --> IsEmergencyStopTriggered [x]
            --> IsProximityTooClose [x]
            --> IsSystemOverheated [x]
        --> Stop [-]
    [-] mission [x]
        --> MissionActive [x]
        [o] mission_selector [-]
            [-] mission_object_response [-]
                --> ObjectSeen [-]
                --> HandleObjectAction [-]
            [-] mission_progress [-]
                --> PublishMoveGoal [-]
                --> GoToObject [-]
                --> CheckStopCondition [-]
                --> AdvanceMove [-]
    [-] navigation [x]
        --> HasMpcGoal [x]

[INFO] [1791035794.650836508] [behavior_executor_node]: BT snapshot -- root=FAILURE, lanes: emergency=FAILURE | mission=FAILURE | navigation=FAILURE
[o] root [x]
    [-] emergency [x]
        [o] emergency_condition [x]
            --> IsBatteryLow [x]
            --> IsEmergencyStopTriggered [x]
            --> IsProximityTooClose [x]
            --> IsSystemOverheated [x]
        --> Stop [-]
    [-] mission [x]
        --> MissionActive [x]
        [o] mission_selector [-]
            [-] mission_object_response [-]
                --> ObjectSeen [-]
                --> HandleObjectAction [-]
            [-] mission_progress [-]
                --> PublishMoveGoal [-]
                --> GoToObject [-]
                --> CheckStopCondition [-]
                --> AdvanceMove [-]
    [-] navigation [x]
        --> HasMpcGoal [x]

[INFO] [1791035795.178855239] [behavior_executor_node]: [IsProximityTooClose] DIAG scan: total=1081 in_window=721 excluded_by_filter=0 min_in_window=1.013 front_min=1.577
[INFO] [1791035795.651360733] [behavior_executor_node]: BT snapshot -- root=FAILURE, lanes: emergency=FAILURE | mission=FAILURE | navigation=FAILURE
[o] root [x]
    [-] emergency [x]
        [o] emergency_condition [x]
            --> IsBatteryLow [x]
            --> IsEmergencyStopTriggered [x]
            --> IsProximityTooClose [x]
            --> IsSystemOverheated [x]
        --> Stop [-]
    [-] mission [x]
        --> MissionActive [x]
        [o] mission_selector [-]
            [-] mission_object_response [-]
                --> ObjectSeen [-]
                --> HandleObjectAction [-]
            [-] mission_progress [-]
                --> PublishMoveGoal [-]
                --> GoToObject [-]
                --> CheckStopCondition [-]
                --> AdvanceMove [-]
    [-] navigation [x]
        --> HasMpcGoal [x]

[INFO] [1791035796.663877028] [behavior_executor_node]: BT snapshot -- root=FAILURE, lanes: emergency=FAILURE | mission=FAILURE | navigation=FAILURE
[o] root [x]
    [-] emergency [x]
        [o] emergency_condition [x]
            --> IsBatteryLow [x]
            --> IsEmergencyStopTriggered [x]
            --> IsProximityTooClose [x]
            --> IsSystemOverheated [x]
        --> Stop [-]
    [-] mission [x]
        --> MissionActive [x]
        [o] mission_selector [-]
            [-] mission_object_response [-]
                --> ObjectSeen [-]
                --> HandleObjectAction [-]
            [-] mission_progress [-]
                --> PublishMoveGoal [-]
                --> GoToObject [-]
                --> CheckStopCondition [-]
                --> AdvanceMove [-]
    [-] navigation [x]
        --> HasMpcGoal [x]

[INFO] [1791035797.179351868] [behavior_executor_node]: [IsProximityTooClose] DIAG scan: total=1081 in_window=721 excluded_by_filter=0 min_in_window=1.082 front_min=2.146
[INFO] [1791035797.664593816] [behavior_executor_node]: BT snapshot -- root=FAILURE, lanes: emergency=FAILURE | mission=FAILURE | navigation=FAILURE
[o] root [x]
    [-] emergency [x]
        [o] emergency_condition [x]
            --> IsBatteryLow [x]
            --> IsEmergencyStopTriggered [x]
            --> IsProximityTooClose [x]
            --> IsSystemOverheated [x]
        --> Stop [-]
    [-] mission [x]
        --> MissionActive [x]
        [o] mission_selector [-]
            [-] mission_object_response [-]
                --> ObjectSeen [-]
                --> HandleObjectAction [-]
            [-] mission_progress [-]
                --> PublishMoveGoal [-]
                --> GoToObject [-]
                --> CheckStopCondition [-]
                --> AdvanceMove [-]
    [-] navigation [x]
        --> HasMpcGoal [x]

[INFO] [1791035798.798657036] [behavior_executor_node]: BT snapshot -- root=FAILURE, lanes: emergency=FAILURE | mission=FAILURE | navigation=FAILURE
[o] root [x]
    [-] emergency [x]
        [o] emergency_condition [x]
            --> IsBatteryLow [x]
            --> IsEmergencyStopTriggered [x]
            --> IsProximityTooClose [x]
            --> IsSystemOverheated [x]
        --> Stop [-]
    [-] mission [x]
        --> MissionActive [x]
        [o] mission_selector [-]
            [-] mission_object_response [-]
                --> ObjectSeen [-]
                --> HandleObjectAction [-]
            [-] mission_progress [-]
                --> PublishMoveGoal [-]
                --> GoToObject [-]
                --> CheckStopCondition [-]
                --> AdvanceMove [-]
    [-] navigation [x]
        --> HasMpcGoal [x]

[INFO] [1791035799.189717356] [behavior_executor_node]: [IsProximityTooClose] DIAG scan: total=1081 in_window=721 excluded_by_filter=0 min_in_window=1.131 front_min=2.430
[INFO] [1791035799.850532233] [behavior_executor_node]: BT snapshot -- root=FAILURE, lanes: emergency=FAILURE | mission=FAILURE | navigation=FAILURE
[o] root [x]
    [-] emergency [x]
        [o] emergency_condition [x]
            --> IsBatteryLow [x]
            --> IsEmergencyStopTriggered [x]
            --> IsProximityTooClose [x]
            --> IsSystemOverheated [x]
        --> Stop [-]
    [-] mission [x]
        --> MissionActive [x]
        [o] mission_selector [-]
            [-] mission_object_response [-]
                --> ObjectSeen [-]
                --> HandleObjectAction [-]
            [-] mission_progress [-]
                --> PublishMoveGoal [-]
                --> GoToObject [-]
                --> CheckStopCondition [-]
                --> AdvanceMove [-]
    [-] navigation [x]
        --> HasMpcGoal [x]

[INFO] [1791035801.070152024] [behavior_executor_node]: BT snapshot -- root=FAILURE, lanes: emergency=FAILURE | mission=FAILURE | navigation=FAILURE
[o] root [x]
    [-] emergency [x]
        [o] emergency_condition [x]
            --> IsBatteryLow [x]
            --> IsEmergencyStopTriggered [x]
            --> IsProximityTooClose [x]
            --> IsSystemOverheated [x]
        --> Stop [-]
    [-] mission [x]
        --> MissionActive [x]
        [o] mission_selector [-]
            [-] mission_object_response [-]
                --> ObjectSeen [-]
                --> HandleObjectAction [-]
            [-] mission_progress [-]
                --> PublishMoveGoal [-]
                --> GoToObject [-]
                --> CheckStopCondition [-]
                --> AdvanceMove [-]
    [-] navigation [x]
        --> HasMpcGoal [x]

[INFO] [1791035801.191785766] [behavior_executor_node]: [IsProximityTooClose] DIAG scan: total=1081 in_window=721 excluded_by_filter=0 min_in_window=1.559 front_min=1.740
[INFO] [1791035802.150097509] [behavior_executor_node]: BT snapshot -- root=FAILURE, lanes: emergency=FAILURE | mission=FAILURE | navigation=FAILURE
[o] root [x]
    [-] emergency [x]
        [o] emergency_condition [x]
            --> IsBatteryLow [x]
            --> IsEmergencyStopTriggered [x]
            --> IsProximityTooClose [x]
            --> IsSystemOverheated [x]
        --> Stop [-]
    [-] mission [x]
        --> MissionActive [x]
        [o] mission_selector [-]
            [-] mission_object_response [-]
                --> ObjectSeen [-]
                --> HandleObjectAction [-]
            [-] mission_progress [-]
                --> PublishMoveGoal [-]
                --> GoToObject [-]
                --> CheckStopCondition [-]
                --> AdvanceMove [-]
    [-] navigation [x]
        --> HasMpcGoal [x]

[INFO] [1791035803.165917651] [behavior_executor_node]: BT snapshot -- root=FAILURE, lanes: emergency=FAILURE | mission=FAILURE | navigation=FAILURE
[o] root [x]
    [-] emergency [x]
        [o] emergency_condition [x]
            --> IsBatteryLow [x]
            --> IsEmergencyStopTriggered [x]
            --> IsProximityTooClose [x]
            --> IsSystemOverheated [x]
        --> Stop [-]
    [-] mission [x]
        --> MissionActive [x]
        [o] mission_selector [-]
            [-] mission_object_response [-]
                --> ObjectSeen [-]
                --> HandleObjectAction [-]
            [-] mission_progress [-]
                --> PublishMoveGoal [-]
                --> GoToObject [-]
                --> CheckStopCondition [-]
                --> AdvanceMove [-]
    [-] navigation [x]
        --> HasMpcGoal [x]

[INFO] [1791035803.209920199] [behavior_executor_node]: [IsProximityTooClose] DIAG scan: total=1081 in_window=721 excluded_by_filter=0 min_in_window=1.248 front_min=1.992
[INFO] [1791035804.299578369] [behavior_executor_node]: BT snapshot -- root=FAILURE, lanes: emergency=FAILURE | mission=FAILURE | navigation=FAILURE
[o] root [x]
    [-] emergency [x]
        [o] emergency_condition [x]
            --> IsBatteryLow [x]
            --> IsEmergencyStopTriggered [x]
            --> IsProximityTooClose [x]
            --> IsSystemOverheated [x]
        --> Stop [-]
    [-] mission [x]
        --> MissionActive [x]
        [o] mission_selector [-]
            [-] mission_object_response [-]
                --> ObjectSeen [-]
                --> HandleObjectAction [-]
            [-] mission_progress [-]
                --> PublishMoveGoal [-]
                --> GoToObject [-]
                --> CheckStopCondition [-]
                --> AdvanceMove [-]
    [-] navigation [x]
        --> HasMpcGoal [x]

[INFO] [1791035805.217679504] [behavior_executor_node]: [IsProximityTooClose] DIAG scan: total=1081 in_window=721 excluded_by_filter=0 min_in_window=1.225 front_min=1.827
[INFO] [1791035805.349845569] [behavior_executor_node]: BT snapshot -- root=FAILURE, lanes: emergency=FAILURE | mission=FAILURE | navigation=FAILURE
[o] root [x]
    [-] emergency [x]
        [o] emergency_condition [x]
            --> IsBatteryLow [x]
            --> IsEmergencyStopTriggered [x]
            --> IsProximityTooClose [x]
            --> IsSystemOverheated [x]
        --> Stop [-]
    [-] mission [x]
        --> MissionActive [x]
        [o] mission_selector [-]
            [-] mission_object_response [-]
                --> ObjectSeen [-]
                --> HandleObjectAction [-]
            [-] mission_progress [-]
                --> PublishMoveGoal [-]
                --> GoToObject [-]
                --> CheckStopCondition [-]
                --> AdvanceMove [-]
    [-] navigation [x]
        --> HasMpcGoal [x]

[INFO] [1791035806.350440955] [behavior_executor_node]: BT snapshot -- root=FAILURE, lanes: emergency=FAILURE | mission=FAILURE | navigation=FAILURE
[o] root [x]
    [-] emergency [x]
        [o] emergency_condition [x]
            --> IsBatteryLow [x]
            --> IsEmergencyStopTriggered [x]
            --> IsProximityTooClose [x]
            --> IsSystemOverheated [x]
        --> Stop [-]
    [-] mission [x]
        --> MissionActive [x]
        [o] mission_selector [-]
            [-] mission_object_response [-]
                --> ObjectSeen [-]
                --> HandleObjectAction [-]
            [-] mission_progress [-]
                --> PublishMoveGoal [-]
                --> GoToObject [-]
                --> CheckStopCondition [-]
                --> AdvanceMove [-]
    [-] navigation [x]
        --> HasMpcGoal [x]

[INFO] [1791035807.218735988] [behavior_executor_node]: [IsProximityTooClose] DIAG scan: total=1081 in_window=721 excluded_by_filter=0 min_in_window=1.253 front_min=1.263
[INFO] [1791035807.356185339] [behavior_executor_node]: BT snapshot -- root=FAILURE, lanes: emergency=FAILURE | mission=FAILURE | navigation=FAILURE
[o] root [x]
    [-] emergency [x]
        [o] emergency_condition [x]
            --> IsBatteryLow [x]
            --> IsEmergencyStopTriggered [x]
            --> IsProximityTooClose [x]
            --> IsSystemOverheated [x]
        --> Stop [-]
    [-] mission [x]
        --> MissionActive [x]
        [o] mission_selector [-]
            [-] mission_object_response [-]
                --> ObjectSeen [-]
                --> HandleObjectAction [-]
            [-] mission_progress [-]
                --> PublishMoveGoal [-]
                --> GoToObject [-]
                --> CheckStopCondition [-]
                --> AdvanceMove [-]
    [-] navigation [x]
        --> HasMpcGoal [x]

[INFO] [1791035808.449920034] [behavior_executor_node]: BT snapshot -- root=FAILURE, lanes: emergency=FAILURE | mission=FAILURE | navigation=FAILURE
[o] root [x]
    [-] emergency [x]
        [o] emergency_condition [x]
            --> IsBatteryLow [x]
            --> IsEmergencyStopTriggered [x]
            --> IsProximityTooClose [x]
            --> IsSystemOverheated [x]
        --> Stop [-]
    [-] mission [x]
        --> MissionActive [x]
        [o] mission_selector [-]
            [-] mission_object_response [-]
                --> ObjectSeen [-]
                --> HandleObjectAction [-]
            [-] mission_progress [-]
                --> PublishMoveGoal [-]
                --> GoToObject [-]
                --> CheckStopCondition [-]
                --> AdvanceMove [-]
    [-] navigation [x]
        --> HasMpcGoal [x]

[INFO] [1791035809.233884528] [behavior_executor_node]: [IsProximityTooClose] DIAG scan: total=1081 in_window=721 excluded_by_filter=0 min_in_window=0.802 front_min=1.893
[INFO] [1791035809.452088983] [behavior_executor_node]: BT snapshot -- root=FAILURE, lanes: emergency=FAILURE | mission=FAILURE | navigation=FAILURE
[o] root [x]
    [-] emergency [x]
        [o] emergency_condition [x]
            --> IsBatteryLow [x]
            --> IsEmergencyStopTriggered [x]
            --> IsProximityTooClose [x]
            --> IsSystemOverheated [x]
        --> Stop [-]
    [-] mission [x]
        --> MissionActive [x]
        [o] mission_selector [-]
            [-] mission_object_response [-]
                --> ObjectSeen [-]
                --> HandleObjectAction [-]
            [-] mission_progress [-]
                --> PublishMoveGoal [-]
                --> GoToObject [-]
                --> CheckStopCondition [-]
                --> AdvanceMove [-]
    [-] navigation [x]
        --> HasMpcGoal [x]

[INFO] [1791035810.552420682] [behavior_executor_node]: BT snapshot -- root=FAILURE, lanes: emergency=FAILURE | mission=FAILURE | navigation=FAILURE
[o] root [x]
    [-] emergency [x]
        [o] emergency_condition [x]
            --> IsBatteryLow [x]
            --> IsEmergencyStopTriggered [x]
            --> IsProximityTooClose [x]
            --> IsSystemOverheated [x]
        --> Stop [-]
    [-] mission [x]
        --> MissionActive [x]
        [o] mission_selector [-]
            [-] mission_object_response [-]
                --> ObjectSeen [-]
                --> HandleObjectAction [-]
            [-] mission_progress [-]
                --> PublishMoveGoal [-]
                --> GoToObject [-]
                --> CheckStopCondition [-]
                --> AdvanceMove [-]
    [-] navigation [x]
        --> HasMpcGoal [x]

[INFO] [1791035811.263212296] [behavior_executor_node]: [IsProximityTooClose] DIAG scan: total=1081 in_window=721 excluded_by_filter=0 min_in_window=0.557 front_min=1.653
[INFO] [1791035811.794832119] [behavior_executor_node]: BT snapshot -- root=FAILURE, lanes: emergency=FAILURE | mission=FAILURE | navigation=FAILURE
[o] root [x]
    [-] emergency [x]
        [o] emergency_condition [x]
            --> IsBatteryLow [x]
            --> IsEmergencyStopTriggered [x]
            --> IsProximityTooClose [x]
            --> IsSystemOverheated [x]
        --> Stop [-]
    [-] mission [x]
        --> MissionActive [x]
        [o] mission_selector [-]
            [-] mission_object_response [-]
                --> ObjectSeen [-]
                --> HandleObjectAction [-]
            [-] mission_progress [-]
                --> PublishMoveGoal [-]
                --> GoToObject [-]
                --> CheckStopCondition [-]
                --> AdvanceMove [-]
    [-] navigation [x]
        --> HasMpcGoal [x]

[INFO] [1791035812.850284367] [behavior_executor_node]: BT snapshot -- root=FAILURE, lanes: emergency=FAILURE | mission=FAILURE | navigation=FAILURE
[o] root [x]
    [-] emergency [x]
        [o] emergency_condition [x]
            --> IsBatteryLow [x]
            --> IsEmergencyStopTriggered [x]
            --> IsProximityTooClose [x]
            --> IsSystemOverheated [x]
        --> Stop [-]
    [-] mission [x]
        --> MissionActive [x]
        [o] mission_selector [-]
            [-] mission_object_response [-]
                --> ObjectSeen [-]
                --> HandleObjectAction [-]
            [-] mission_progress [-]
                --> PublishMoveGoal [-]
                --> GoToObject [-]
                --> CheckStopCondition [-]
                --> AdvanceMove [-]
    [-] navigation [x]
        --> HasMpcGoal [x]

[INFO] [1791035813.265286837] [behavior_executor_node]: [IsProximityTooClose] DIAG scan: total=1081 in_window=721 excluded_by_filter=0 min_in_window=0.640 front_min=1.643
[INFO] [1791035813.949992440] [behavior_executor_node]: BT snapshot -- root=FAILURE, lanes: emergency=FAILURE | mission=FAILURE | navigation=FAILURE
[o] root [x]
    [-] emergency [x]
        [o] emergency_condition [x]
            --> IsBatteryLow [x]
            --> IsEmergencyStopTriggered [x]
            --> IsProximityTooClose [x]
            --> IsSystemOverheated [x]
        --> Stop [-]
    [-] mission [x]
        --> MissionActive [x]
        [o] mission_selector [-]
            [-] mission_object_response [-]
                --> ObjectSeen [-]
                --> HandleObjectAction [-]
            [-] mission_progress [-]
                --> PublishMoveGoal [-]
                --> GoToObject [-]
                --> CheckStopCondition [-]
                --> AdvanceMove [-]
    [-] navigation [x]
        --> HasMpcGoal [x]

[INFO] [1791035814.949915390] [behavior_executor_node]: BT snapshot -- root=FAILURE, lanes: emergency=FAILURE | mission=FAILURE | navigation=FAILURE
[o] root [x]
    [-] emergency [x]
        [o] emergency_condition [x]
            --> IsBatteryLow [x]
            --> IsEmergencyStopTriggered [x]
            --> IsProximityTooClose [x]
            --> IsSystemOverheated [x]
        --> Stop [-]
    [-] mission [x]
        --> MissionActive [x]
        [o] mission_selector [-]
            [-] mission_object_response [-]
                --> ObjectSeen [-]
                --> HandleObjectAction [-]
            [-] mission_progress [-]
                --> PublishMoveGoal [-]
                --> GoToObject [-]
                --> CheckStopCondition [-]
                --> AdvanceMove [-]
    [-] navigation [x]
        --> HasMpcGoal [x]

[INFO] [1791035815.274699877] [behavior_executor_node]: [IsProximityTooClose] DIAG scan: total=1081 in_window=721 excluded_by_filter=0 min_in_window=0.514 front_min=1.506
[INFO] [1791035815.953525637] [behavior_executor_node]: BT snapshot -- root=FAILURE, lanes: emergency=FAILURE | mission=FAILURE | navigation=FAILURE
[o] root [x]
    [-] emergency [x]
        [o] emergency_condition [x]
            --> IsBatteryLow [x]
            --> IsEmergencyStopTriggered [x]
            --> IsProximityTooClose [x]
            --> IsSystemOverheated [x]
        --> Stop [-]
    [-] mission [x]
        --> MissionActive [x]
        [o] mission_selector [-]
            [-] mission_object_response [-]
                --> ObjectSeen [-]
                --> HandleObjectAction [-]
            [-] mission_progress [-]
                --> PublishMoveGoal [-]
                --> GoToObject [-]
                --> CheckStopCondition [-]
                --> AdvanceMove [-]
    [-] navigation [x]
        --> HasMpcGoal [x]

[INFO] [1791035817.061947537] [behavior_executor_node]: BT snapshot -- root=FAILURE, lanes: emergency=FAILURE | mission=FAILURE | navigation=FAILURE
[o] root [x]
    [-] emergency [x]
        [o] emergency_condition [x]
            --> IsBatteryLow [x]
            --> IsEmergencyStopTriggered [x]
            --> IsProximityTooClose [x]
            --> IsSystemOverheated [x]
        --> Stop [-]
    [-] mission [x]
        --> MissionActive [x]
        [o] mission_selector [-]
            [-] mission_object_response [-]
                --> ObjectSeen [-]
                --> HandleObjectAction [-]
            [-] mission_progress [-]
                --> PublishMoveGoal [-]
                --> GoToObject [-]
                --> CheckStopCondition [-]
                --> AdvanceMove [-]
    [-] navigation [x]
        --> HasMpcGoal [x]

[INFO] [1791035817.353091320] [behavior_executor_node]: [IsProximityTooClose] DIAG scan: total=1081 in_window=721 excluded_by_filter=0 min_in_window=0.596 front_min=1.485
[INFO] [1791035818.150179396] [behavior_executor_node]: BT snapshot -- root=FAILURE, lanes: emergency=FAILURE | mission=FAILURE | navigation=FAILURE
[o] root [x]
    [-] emergency [x]
        [o] emergency_condition [x]
            --> IsBatteryLow [x]
            --> IsEmergencyStopTriggered [x]
            --> IsProximityTooClose [x]
            --> IsSystemOverheated [x]
        --> Stop [-]
    [-] mission [x]
        --> MissionActive [x]
        [o] mission_selector [-]
            [-] mission_object_response [-]
                --> ObjectSeen [-]
                --> HandleObjectAction [-]
            [-] mission_progress [-]
                --> PublishMoveGoal [-]
                --> GoToObject [-]
                --> CheckStopCondition [-]
                --> AdvanceMove [-]
    [-] navigation [x]
        --> HasMpcGoal [x]

[INFO] [1791035819.264802612] [behavior_executor_node]: BT snapshot -- root=FAILURE, lanes: emergency=FAILURE | mission=FAILURE | navigation=FAILURE
[o] root [x]
    [-] emergency [x]
        [o] emergency_condition [x]
            --> IsBatteryLow [x]
            --> IsEmergencyStopTriggered [x]
            --> IsProximityTooClose [x]
            --> IsSystemOverheated [x]
        --> Stop [-]
    [-] mission [x]
        --> MissionActive [x]
        [o] mission_selector [-]
            [-] mission_object_response [-]
                --> ObjectSeen [-]
                --> HandleObjectAction [-]
            [-] mission_progress [-]
                --> PublishMoveGoal [-]
                --> GoToObject [-]
                --> CheckStopCondition [-]
                --> AdvanceMove [-]
    [-] navigation [x]
        --> HasMpcGoal [x]

[INFO] [1791035819.354864548] [behavior_executor_node]: [IsProximityTooClose] DIAG scan: total=1081 in_window=721 excluded_by_filter=0 min_in_window=0.635 front_min=1.291
[INFO] [1791035820.297188652] [behavior_executor_node]: BT snapshot -- root=FAILURE, lanes: emergency=FAILURE | mission=FAILURE | navigation=FAILURE
[o] root [x]
    [-] emergency [x]
        [o] emergency_condition [x]
            --> IsBatteryLow [x]
            --> IsEmergencyStopTriggered [x]
            --> IsProximityTooClose [x]
            --> IsSystemOverheated [x]
        --> Stop [-]
    [-] mission [x]
        --> MissionActive [x]
        [o] mission_selector [-]
            [-] mission_object_response [-]
                --> ObjectSeen [-]
                --> HandleObjectAction [-]
            [-] mission_progress [-]
                --> PublishMoveGoal [-]
                --> GoToObject [-]
                --> CheckStopCondition [-]
                --> AdvanceMove [-]
    [-] navigation [x]
        --> HasMpcGoal [x]

[INFO] [1791035821.350523559] [behavior_executor_node]: BT snapshot -- root=FAILURE, lanes: emergency=FAILURE | mission=FAILURE | navigation=FAILURE
[o] root [x]
    [-] emergency [x]
        [o] emergency_condition [x]
            --> IsBatteryLow [x]
            --> IsEmergencyStopTriggered [x]
            --> IsProximityTooClose [x]
            --> IsSystemOverheated [x]
        --> Stop [-]
    [-] mission [x]
        --> MissionActive [x]
        [o] mission_selector [-]
            [-] mission_object_response [-]
                --> ObjectSeen [-]
                --> HandleObjectAction [-]
            [-] mission_progress [-]
                --> PublishMoveGoal [-]
                --> GoToObject [-]
                --> CheckStopCondition [-]
                --> AdvanceMove [-]
    [-] navigation [x]
        --> HasMpcGoal [x]

[INFO] [1791035821.355113575] [behavior_executor_node]: [IsProximityTooClose] DIAG scan: total=1081 in_window=721 excluded_by_filter=0 min_in_window=0.915 front_min=1.200
[INFO] [1791035822.450222650] [behavior_executor_node]: BT snapshot -- root=FAILURE, lanes: emergency=FAILURE | mission=FAILURE | navigation=FAILURE
[o] root [x]
    [-] emergency [x]
        [o] emergency_condition [x]
            --> IsBatteryLow [x]
            --> IsEmergencyStopTriggered [x]
            --> IsProximityTooClose [x]
            --> IsSystemOverheated [x]
        --> Stop [-]
    [-] mission [x]
        --> MissionActive [x]
        [o] mission_selector [-]
            [-] mission_object_response [-]
                --> ObjectSeen [-]
                --> HandleObjectAction [-]
            [-] mission_progress [-]
                --> PublishMoveGoal [-]
                --> GoToObject [-]
                --> CheckStopCondition [-]
                --> AdvanceMove [-]
    [-] navigation [x]
        --> HasMpcGoal [x]

[INFO] [1791035823.459923055] [behavior_executor_node]: BT snapshot -- root=FAILURE, lanes: emergency=FAILURE | mission=FAILURE | navigation=FAILURE
[o] root [x]
    [-] emergency [x]
        [o] emergency_condition [x]
            --> IsBatteryLow [x]
            --> IsEmergencyStopTriggered [x]
            --> IsProximityTooClose [x]
            --> IsSystemOverheated [x]
        --> Stop [-]
    [-] mission [x]
        --> MissionActive [x]
        [o] mission_selector [-]
            [-] mission_object_response [-]
                --> ObjectSeen [-]
                --> HandleObjectAction [-]
            [-] mission_progress [-]
                --> PublishMoveGoal [-]
                --> GoToObject [-]
                --> CheckStopCondition [-]
                --> AdvanceMove [-]
    [-] navigation [x]
        --> HasMpcGoal [x]

[INFO] [1791035823.461920767] [behavior_executor_node]: [IsProximityTooClose] DIAG scan: total=1081 in_window=721 excluded_by_filter=0 min_in_window=0.790 front_min=1.607
[INFO] [1791035824.551081164] [behavior_executor_node]: BT snapshot -- root=FAILURE, lanes: emergency=FAILURE | mission=FAILURE | navigation=FAILURE
[o] root [x]
    [-] emergency [x]
        [o] emergency_condition [x]
            --> IsBatteryLow [x]
            --> IsEmergencyStopTriggered [x]
            --> IsProximityTooClose [x]
            --> IsSystemOverheated [x]
        --> Stop [-]
    [-] mission [x]
        --> MissionActive [x]
        [o] mission_selector [-]
            [-] mission_object_response [-]
                --> ObjectSeen [-]
                --> HandleObjectAction [-]
            [-] mission_progress [-]
                --> PublishMoveGoal [-]
                --> GoToObject [-]
                --> CheckStopCondition [-]
                --> AdvanceMove [-]
    [-] navigation [x]
        --> HasMpcGoal [x]

[INFO] [1791035825.463794070] [behavior_executor_node]: [IsProximityTooClose] DIAG scan: total=1081 in_window=721 excluded_by_filter=0 min_in_window=0.834 front_min=1.566
[INFO] [1791035825.665053054] [behavior_executor_node]: BT snapshot -- root=FAILURE, lanes: emergency=FAILURE | mission=FAILURE | navigation=FAILURE
[o] root [x]
    [-] emergency [x]
        [o] emergency_condition [x]
            --> IsBatteryLow [x]
            --> IsEmergencyStopTriggered [x]
            --> IsProximityTooClose [x]
            --> IsSystemOverheated [x]
        --> Stop [-]
    [-] mission [x]
        --> MissionActive [x]
        [o] mission_selector [-]
            [-] mission_object_response [-]
                --> ObjectSeen [-]
                --> HandleObjectAction [-]
            [-] mission_progress [-]
                --> PublishMoveGoal [-]
                --> GoToObject [-]
                --> CheckStopCondition [-]
                --> AdvanceMove [-]
    [-] navigation [x]
        --> HasMpcGoal [x]

[INFO] [1791035826.668528139] [behavior_executor_node]: BT snapshot -- root=FAILURE, lanes: emergency=FAILURE | mission=FAILURE | navigation=FAILURE
[o] root [x]
    [-] emergency [x]
        [o] emergency_condition [x]
            --> IsBatteryLow [x]
            --> IsEmergencyStopTriggered [x]
            --> IsProximityTooClose [x]
            --> IsSystemOverheated [x]
        --> Stop [-]
    [-] mission [x]
        --> MissionActive [x]
        [o] mission_selector [-]
            [-] mission_object_response [-]
                --> ObjectSeen [-]
                --> HandleObjectAction [-]
            [-] mission_progress [-]
                --> PublishMoveGoal [-]
                --> GoToObject [-]
                --> CheckStopCondition [-]
                --> AdvanceMove [-]
    [-] navigation [x]
        --> HasMpcGoal [x]

[INFO] [1791035827.464694001] [behavior_executor_node]: [IsProximityTooClose] DIAG scan: total=1081 in_window=721 excluded_by_filter=0 min_in_window=1.049 front_min=1.271
[INFO] [1791035827.669548191] [behavior_executor_node]: BT snapshot -- root=FAILURE, lanes: emergency=FAILURE | mission=FAILURE | navigation=FAILURE
[o] root [x]
    [-] emergency [x]
        [o] emergency_condition [x]
            --> IsBatteryLow [x]
            --> IsEmergencyStopTriggered [x]
            --> IsProximityTooClose [x]
            --> IsSystemOverheated [x]
        --> Stop [-]
    [-] mission [x]
        --> MissionActive [x]
        [o] mission_selector [-]
            [-] mission_object_response [-]
                --> ObjectSeen [-]
                --> HandleObjectAction [-]
            [-] mission_progress [-]
                --> PublishMoveGoal [-]
                --> GoToObject [-]
                --> CheckStopCondition [-]
                --> AdvanceMove [-]
    [-] navigation [x]
        --> HasMpcGoal [x]

[INFO] [1791035828.750369833] [behavior_executor_node]: BT snapshot -- root=FAILURE, lanes: emergency=FAILURE | mission=FAILURE | navigation=FAILURE
[o] root [x]
    [-] emergency [x]
        [o] emergency_condition [x]
            --> IsBatteryLow [x]
            --> IsEmergencyStopTriggered [x]
            --> IsProximityTooClose [x]
            --> IsSystemOverheated [x]
        --> Stop [-]
    [-] mission [x]
        --> MissionActive [x]
        [o] mission_selector [-]
            [-] mission_object_response [-]
                --> ObjectSeen [-]
                --> HandleObjectAction [-]
            [-] mission_progress [-]
                --> PublishMoveGoal [-]
                --> GoToObject [-]
                --> CheckStopCondition [-]
                --> AdvanceMove [-]
    [-] navigation [x]
        --> HasMpcGoal [x]

[INFO] [1791035829.467398748] [behavior_executor_node]: [IsProximityTooClose] DIAG scan: total=1081 in_window=721 excluded_by_filter=0 min_in_window=0.836 front_min=1.298
[INFO] [1791035829.850455942] [behavior_executor_node]: BT snapshot -- root=FAILURE, lanes: emergency=FAILURE | mission=FAILURE | navigation=FAILURE
[o] root [x]
    [-] emergency [x]
        [o] emergency_condition [x]
            --> IsBatteryLow [x]
            --> IsEmergencyStopTriggered [x]
            --> IsProximityTooClose [x]
            --> IsSystemOverheated [x]
        --> Stop [-]
    [-] mission [x]
        --> MissionActive [x]
        [o] mission_selector [-]
            [-] mission_object_response [-]
                --> ObjectSeen [-]
                --> HandleObjectAction [-]
            [-] mission_progress [-]
                --> PublishMoveGoal [-]
                --> GoToObject [-]
                --> CheckStopCondition [-]
                --> AdvanceMove [-]
    [-] navigation [x]
        --> HasMpcGoal [x]

[INFO] [1791035830.850630490] [behavior_executor_node]: BT snapshot -- root=FAILURE, lanes: emergency=FAILURE | mission=FAILURE | navigation=FAILURE
[o] root [x]
    [-] emergency [x]
        [o] emergency_condition [x]
            --> IsBatteryLow [x]
            --> IsEmergencyStopTriggered [x]
            --> IsProximityTooClose [x]
            --> IsSystemOverheated [x]
        --> Stop [-]
    [-] mission [x]
        --> MissionActive [x]
        [o] mission_selector [-]
            [-] mission_object_response [-]
                --> ObjectSeen [-]
                --> HandleObjectAction [-]
            [-] mission_progress [-]
                --> PublishMoveGoal [-]
                --> GoToObject [-]
                --> CheckStopCondition [-]
                --> AdvanceMove [-]
    [-] navigation [x]
        --> HasMpcGoal [x]

[INFO] [1791035831.474740411] [behavior_executor_node]: [IsProximityTooClose] DIAG scan: total=1081 in_window=721 excluded_by_filter=0 min_in_window=0.889 front_min=1.704
[INFO] [1791035831.950020316] [behavior_executor_node]: BT snapshot -- root=FAILURE, lanes: emergency=FAILURE | mission=FAILURE | navigation=FAILURE
[o] root [x]
    [-] emergency [x]
        [o] emergency_condition [x]
            --> IsBatteryLow [x]
            --> IsEmergencyStopTriggered [x]
            --> IsProximityTooClose [x]
            --> IsSystemOverheated [x]
        --> Stop [-]
    [-] mission [x]
        --> MissionActive [x]
        [o] mission_selector [-]
            [-] mission_object_response [-]
                --> ObjectSeen [-]
                --> HandleObjectAction [-]
            [-] mission_progress [-]
                --> PublishMoveGoal [-]
                --> GoToObject [-]
                --> CheckStopCondition [-]
                --> AdvanceMove [-]
    [-] navigation [x]
        --> HasMpcGoal [x]

[INFO] [1791035833.055488772] [behavior_executor_node]: BT snapshot -- root=FAILURE, lanes: emergency=FAILURE | mission=FAILURE | navigation=FAILURE
[o] root [x]
    [-] emergency [x]
        [o] emergency_condition [x]
            --> IsBatteryLow [x]
            --> IsEmergencyStopTriggered [x]
            --> IsProximityTooClose [x]
            --> IsSystemOverheated [x]
        --> Stop [-]
    [-] mission [x]
        --> MissionActive [x]
        [o] mission_selector [-]
            [-] mission_object_response [-]
                --> ObjectSeen [-]
                --> HandleObjectAction [-]
            [-] mission_progress [-]
                --> PublishMoveGoal [-]
                --> GoToObject [-]
                --> CheckStopCondition [-]
                --> AdvanceMove [-]
    [-] navigation [x]
        --> HasMpcGoal [x]

[INFO] [1791035833.493032015] [behavior_executor_node]: [IsProximityTooClose] DIAG scan: total=1081 in_window=721 excluded_by_filter=0 min_in_window=0.905 front_min=2.009
[INFO] [1791035834.078115435] [behavior_executor_node]: BT snapshot -- root=FAILURE, lanes: emergency=FAILURE | mission=FAILURE | navigation=FAILURE
[o] root [x]
    [-] emergency [x]
        [o] emergency_condition [x]
            --> IsBatteryLow [x]
            --> IsEmergencyStopTriggered [x]
            --> IsProximityTooClose [x]
            --> IsSystemOverheated [x]
        --> Stop [-]
    [-] mission [x]
        --> MissionActive [x]
        [o] mission_selector [-]
            [-] mission_object_response [-]
                --> ObjectSeen [-]
                --> HandleObjectAction [-]
            [-] mission_progress [-]
                --> PublishMoveGoal [-]
                --> GoToObject [-]
                --> CheckStopCondition [-]
                --> AdvanceMove [-]
    [-] navigation [x]
        --> HasMpcGoal [x]

[INFO] [1791035835.150349491] [behavior_executor_node]: BT snapshot -- root=FAILURE, lanes: emergency=FAILURE | mission=FAILURE | navigation=FAILURE
[o] root [x]
    [-] emergency [x]
        [o] emergency_condition [x]
            --> IsBatteryLow [x]
            --> IsEmergencyStopTriggered [x]
            --> IsProximityTooClose [x]
            --> IsSystemOverheated [x]
        --> Stop [-]
    [-] mission [x]
        --> MissionActive [x]
        [o] mission_selector [-]
            [-] mission_object_response [-]
                --> ObjectSeen [-]
                --> HandleObjectAction [-]
            [-] mission_progress [-]
                --> PublishMoveGoal [-]
                --> GoToObject [-]
                --> CheckStopCondition [-]
                --> AdvanceMove [-]
    [-] navigation [x]
        --> HasMpcGoal [x]

[INFO] [1791035835.510797145] [behavior_executor_node]: [IsProximityTooClose] DIAG scan: total=1081 in_window=721 excluded_by_filter=0 min_in_window=0.959 front_min=2.303
[INFO] [1791035836.250104941] [behavior_executor_node]: BT snapshot -- root=FAILURE, lanes: emergency=FAILURE | mission=FAILURE | navigation=FAILURE
[o] root [x]
    [-] emergency [x]
        [o] emergency_condition [x]
            --> IsBatteryLow [x]
            --> IsEmergencyStopTriggered [x]
            --> IsProximityTooClose [x]
            --> IsSystemOverheated [x]
        --> Stop [-]
    [-] mission [x]
        --> MissionActive [x]
        [o] mission_selector [-]
            [-] mission_object_response [-]
                --> ObjectSeen [-]
                --> HandleObjectAction [-]
            [-] mission_progress [-]
                --> PublishMoveGoal [-]
                --> GoToObject [-]
                --> CheckStopCondition [-]
                --> AdvanceMove [-]
    [-] navigation [x]
        --> HasMpcGoal [x]

[INFO] [1791035837.355619907] [behavior_executor_node]: BT snapshot -- root=FAILURE, lanes: emergency=FAILURE | mission=FAILURE | navigation=FAILURE
[o] root [x]
    [-] emergency [x]
        [o] emergency_condition [x]
            --> IsBatteryLow [x]
            --> IsEmergencyStopTriggered [x]
            --> IsProximityTooClose [x]
            --> IsSystemOverheated [x]
        --> Stop [-]
    [-] mission [x]
        --> MissionActive [x]
        [o] mission_selector [-]
            [-] mission_object_response [-]
                --> ObjectSeen [-]
                --> HandleObjectAction [-]
            [-] mission_progress [-]
                --> PublishMoveGoal [-]
                --> GoToObject [-]
                --> CheckStopCondition [-]
                --> AdvanceMove [-]
    [-] navigation [x]
        --> HasMpcGoal [x]

[INFO] [1791035837.524361154] [behavior_executor_node]: [IsProximityTooClose] DIAG scan: total=1081 in_window=721 excluded_by_filter=0 min_in_window=1.001 front_min=1.572
