[INFO] [launch]: All log files can be found below /home/andre/dev_ws/f1tenth_more/output/phase5/step4/ros_log/2026-10-03-11-00-53-521485-thor-352098
[INFO] [launch]: Default logging verbosity is set to INFO
[INFO] [launch.user]: [behavior_bringup] enable_nav2 is false -- skipping the Nav2 readiness gate, launching behavior_executor_node and twist_to_ackermann_node immediately (navigation lane will stay idle until enable_nav2 is turned back on).
[INFO] [taskset-1]: process started with pid [352161]
[INFO] [twist_to_ackermann_node-2]: process started with pid [352164]
[taskset-1] [INFO] [1791018055.724437721] [behavior_executor_node]: [mission] mission_file_name parameter not set -- waiting for a path on /mission/load_path, or a call to /mission/load_mission (mission.state stays IDLE until then).
[taskset-1] [INFO] [1791018055.726175839] [behavior_executor_node]: No goal pose received yet -- waiting on /goal_pose (see HasGoalPose).
[taskset-1] [INFO] [1791018055.728635169] [behavior_executor_node]: BT safety config: camera_obstacle_stop=False lidar_safety_stop=True (front=0.15m side=0.15m) sys_obs_load_trip=False (needs 3 consecutive samples); camera obstacles reach the MPC via /perception/obstacles_2d regardless.
[taskset-1] [INFO] [1791018055.832692331] [behavior_executor_node]: BT snapshot -- root=FAILURE, lanes: emergency=FAILURE | mission=FAILURE | navigation=FAILURE
[taskset-1] [o] root [x]
[taskset-1]     [-] emergency [x]
[taskset-1]         [o] emergency_condition [x]
[taskset-1]             --> IsBatteryLow [x]
[taskset-1]             --> IsEmergencyStopTriggered [x]
[taskset-1]             --> IsProximityTooClose [x]
[taskset-1]             --> IsSystemOverheated [x]
[taskset-1]         --> Stop [-]
[taskset-1]     [-] mission [x]
[taskset-1]         --> MissionActive [x]
[taskset-1]         [o] mission_selector [-]
[taskset-1]             [-] mission_object_response [-]
[taskset-1]                 --> ObjectSeen [-]
[taskset-1]                 --> HandleObjectAction [-]
[taskset-1]             [-] mission_progress [-]
[taskset-1]                 --> PublishMoveGoal [-]
[taskset-1]                 --> GoToObject [-]
[taskset-1]                 --> CheckStopCondition [-]
[taskset-1]                 --> AdvanceMove [-]
[taskset-1]     [-] navigation [x]
[taskset-1]         --> HasMpcGoal [x]
[taskset-1] 
[taskset-1] [INFO] [1791018056.931325908] [behavior_executor_node]: BT snapshot -- root=FAILURE, lanes: emergency=FAILURE | mission=FAILURE | navigation=FAILURE
[taskset-1] [o] root [x]
[taskset-1]     [-] emergency [x]
[taskset-1]         [o] emergency_condition [x]
[taskset-1]             --> IsBatteryLow [x]
[taskset-1]             --> IsEmergencyStopTriggered [x]
[taskset-1]             --> IsProximityTooClose [x]
[taskset-1]             --> IsSystemOverheated [x]
[taskset-1]         --> Stop [-]
[taskset-1]     [-] mission [x]
[taskset-1]         --> MissionActive [x]
[taskset-1]         [o] mission_selector [-]
[taskset-1]             [-] mission_object_response [-]
[taskset-1]                 --> ObjectSeen [-]
[taskset-1]                 --> HandleObjectAction [-]
[taskset-1]             [-] mission_progress [-]
[taskset-1]                 --> PublishMoveGoal [-]
[taskset-1]                 --> GoToObject [-]
[taskset-1]                 --> CheckStopCondition [-]
[taskset-1]                 --> AdvanceMove [-]
[taskset-1]     [-] navigation [x]
[taskset-1]         --> HasMpcGoal [x]
[taskset-1] 
[taskset-1] [INFO] [1791018057.931483191] [behavior_executor_node]: BT snapshot -- root=FAILURE, lanes: emergency=FAILURE | mission=FAILURE | navigation=FAILURE
[taskset-1] [o] root [x]
[taskset-1]     [-] emergency [x]
[taskset-1]         [o] emergency_condition [x]
[taskset-1]             --> IsBatteryLow [x]
[taskset-1]             --> IsEmergencyStopTriggered [x]
[taskset-1]             --> IsProximityTooClose [x]
[taskset-1]             --> IsSystemOverheated [x]
[taskset-1]         --> Stop [-]
[taskset-1]     [-] mission [x]
[taskset-1]         --> MissionActive [x]
[taskset-1]         [o] mission_selector [-]
[taskset-1]             [-] mission_object_response [-]
[taskset-1]                 --> ObjectSeen [-]
[taskset-1]                 --> HandleObjectAction [-]
[taskset-1]             [-] mission_progress [-]
[taskset-1]                 --> PublishMoveGoal [-]
[taskset-1]                 --> GoToObject [-]
[taskset-1]                 --> CheckStopCondition [-]
[taskset-1]                 --> AdvanceMove [-]
[taskset-1]     [-] navigation [x]
[taskset-1]         --> HasMpcGoal [x]
[taskset-1] 
[taskset-1] [INFO] [1791018058.932054001] [behavior_executor_node]: BT snapshot -- root=FAILURE, lanes: emergency=FAILURE | mission=FAILURE | navigation=FAILURE
[taskset-1] [o] root [x]
[taskset-1]     [-] emergency [x]
[taskset-1]         [o] emergency_condition [x]
[taskset-1]             --> IsBatteryLow [x]
[taskset-1]             --> IsEmergencyStopTriggered [x]
[taskset-1]             --> IsProximityTooClose [x]
[taskset-1]             --> IsSystemOverheated [x]
[taskset-1]         --> Stop [-]
[taskset-1]     [-] mission [x]
[taskset-1]         --> MissionActive [x]
[taskset-1]         [o] mission_selector [-]
[taskset-1]             [-] mission_object_response [-]
[taskset-1]                 --> ObjectSeen [-]
[taskset-1]                 --> HandleObjectAction [-]
[taskset-1]             [-] mission_progress [-]
[taskset-1]                 --> PublishMoveGoal [-]
[taskset-1]                 --> GoToObject [-]
[taskset-1]                 --> CheckStopCondition [-]
[taskset-1]                 --> AdvanceMove [-]
[taskset-1]     [-] navigation [x]
[taskset-1]         --> HasMpcGoal [x]
[taskset-1] 
[taskset-1] [INFO] [1791018060.031999852] [behavior_executor_node]: BT snapshot -- root=FAILURE, lanes: emergency=FAILURE | mission=FAILURE | navigation=FAILURE
[taskset-1] [o] root [x]
[taskset-1]     [-] emergency [x]
[taskset-1]         [o] emergency_condition [x]
[taskset-1]             --> IsBatteryLow [x]
[taskset-1]             --> IsEmergencyStopTriggered [x]
[taskset-1]             --> IsProximityTooClose [x]
[taskset-1]             --> IsSystemOverheated [x]
[taskset-1]         --> Stop [-]
[taskset-1]     [-] mission [x]
[taskset-1]         --> MissionActive [x]
[taskset-1]         [o] mission_selector [-]
[taskset-1]             [-] mission_object_response [-]
[taskset-1]                 --> ObjectSeen [-]
[taskset-1]                 --> HandleObjectAction [-]
[taskset-1]             [-] mission_progress [-]
[taskset-1]                 --> PublishMoveGoal [-]
[taskset-1]                 --> GoToObject [-]
[taskset-1]                 --> CheckStopCondition [-]
[taskset-1]                 --> AdvanceMove [-]
[taskset-1]     [-] navigation [x]
[taskset-1]         --> HasMpcGoal [x]
[taskset-1] 
[taskset-1] [INFO] [1791018061.131629101] [behavior_executor_node]: BT snapshot -- root=FAILURE, lanes: emergency=FAILURE | mission=FAILURE | navigation=FAILURE
[taskset-1] [o] root [x]
[taskset-1]     [-] emergency [x]
[taskset-1]         [o] emergency_condition [x]
[taskset-1]             --> IsBatteryLow [x]
[taskset-1]             --> IsEmergencyStopTriggered [x]
[taskset-1]             --> IsProximityTooClose [x]
[taskset-1]             --> IsSystemOverheated [x]
[taskset-1]         --> Stop [-]
[taskset-1]     [-] mission [x]
[taskset-1]         --> MissionActive [x]
[taskset-1]         [o] mission_selector [-]
[taskset-1]             [-] mission_object_response [-]
[taskset-1]                 --> ObjectSeen [-]
[taskset-1]                 --> HandleObjectAction [-]
[taskset-1]             [-] mission_progress [-]
[taskset-1]                 --> PublishMoveGoal [-]
[taskset-1]                 --> GoToObject [-]
[taskset-1]                 --> CheckStopCondition [-]
[taskset-1]                 --> AdvanceMove [-]
[taskset-1]     [-] navigation [x]
[taskset-1]         --> HasMpcGoal [x]
[taskset-1] 
[taskset-1] [INFO] [1791018062.232156285] [behavior_executor_node]: BT snapshot -- root=FAILURE, lanes: emergency=FAILURE | mission=FAILURE | navigation=FAILURE
[taskset-1] [o] root [x]
[taskset-1]     [-] emergency [x]
[taskset-1]         [o] emergency_condition [x]
[taskset-1]             --> IsBatteryLow [x]
[taskset-1]             --> IsEmergencyStopTriggered [x]
[taskset-1]             --> IsProximityTooClose [x]
[taskset-1]             --> IsSystemOverheated [x]
[taskset-1]         --> Stop [-]
[taskset-1]     [-] mission [x]
[taskset-1]         --> MissionActive [x]
[taskset-1]         [o] mission_selector [-]
[taskset-1]             [-] mission_object_response [-]
[taskset-1]                 --> ObjectSeen [-]
[taskset-1]                 --> HandleObjectAction [-]
[taskset-1]             [-] mission_progress [-]
[taskset-1]                 --> PublishMoveGoal [-]
[taskset-1]                 --> GoToObject [-]
[taskset-1]                 --> CheckStopCondition [-]
[taskset-1]                 --> AdvanceMove [-]
[taskset-1]     [-] navigation [x]
[taskset-1]         --> HasMpcGoal [x]
[taskset-1] 
[taskset-1] [INFO] [1791018063.232245291] [behavior_executor_node]: BT snapshot -- root=FAILURE, lanes: emergency=FAILURE | mission=FAILURE | navigation=FAILURE
[taskset-1] [o] root [x]
[taskset-1]     [-] emergency [x]
[taskset-1]         [o] emergency_condition [x]
[taskset-1]             --> IsBatteryLow [x]
[taskset-1]             --> IsEmergencyStopTriggered [x]
[taskset-1]             --> IsProximityTooClose [x]
[taskset-1]             --> IsSystemOverheated [x]
[taskset-1]         --> Stop [-]
[taskset-1]     [-] mission [x]
[taskset-1]         --> MissionActive [x]
[taskset-1]         [o] mission_selector [-]
[taskset-1]             [-] mission_object_response [-]
[taskset-1]                 --> ObjectSeen [-]
[taskset-1]                 --> HandleObjectAction [-]
[taskset-1]             [-] mission_progress [-]
[taskset-1]                 --> PublishMoveGoal [-]
[taskset-1]                 --> GoToObject [-]
[taskset-1]                 --> CheckStopCondition [-]
[taskset-1]                 --> AdvanceMove [-]
[taskset-1]     [-] navigation [x]
[taskset-1]         --> HasMpcGoal [x]
[taskset-1] 
[taskset-1] [INFO] [1791018064.238654213] [behavior_executor_node]: BT snapshot -- root=FAILURE, lanes: emergency=FAILURE | mission=FAILURE | navigation=FAILURE
[taskset-1] [o] root [x]
[taskset-1]     [-] emergency [x]
[taskset-1]         [o] emergency_condition [x]
[taskset-1]             --> IsBatteryLow [x]
[taskset-1]             --> IsEmergencyStopTriggered [x]
[taskset-1]             --> IsProximityTooClose [x]
[taskset-1]             --> IsSystemOverheated [x]
[taskset-1]         --> Stop [-]
[taskset-1]     [-] mission [x]
[taskset-1]         --> MissionActive [x]
[taskset-1]         [o] mission_selector [-]
[taskset-1]             [-] mission_object_response [-]
[taskset-1]                 --> ObjectSeen [-]
[taskset-1]                 --> HandleObjectAction [-]
[taskset-1]             [-] mission_progress [-]
[taskset-1]                 --> PublishMoveGoal [-]
[taskset-1]                 --> GoToObject [-]
[taskset-1]                 --> CheckStopCondition [-]
[taskset-1]                 --> AdvanceMove [-]
[taskset-1]     [-] navigation [x]
[taskset-1]         --> HasMpcGoal [x]
[taskset-1] 
[taskset-1] [INFO] [1791018065.241649927] [behavior_executor_node]: BT snapshot -- root=FAILURE, lanes: emergency=FAILURE | mission=FAILURE | navigation=FAILURE
[taskset-1] [o] root [x]
[taskset-1]     [-] emergency [x]
[taskset-1]         [o] emergency_condition [x]
[taskset-1]             --> IsBatteryLow [x]
[taskset-1]             --> IsEmergencyStopTriggered [x]
[taskset-1]             --> IsProximityTooClose [x]
[taskset-1]             --> IsSystemOverheated [x]
[taskset-1]         --> Stop [-]
[taskset-1]     [-] mission [x]
[taskset-1]         --> MissionActive [x]
[taskset-1]         [o] mission_selector [-]
[taskset-1]             [-] mission_object_response [-]
[taskset-1]                 --> ObjectSeen [-]
[taskset-1]                 --> HandleObjectAction [-]
[taskset-1]             [-] mission_progress [-]
[taskset-1]                 --> PublishMoveGoal [-]
[taskset-1]                 --> GoToObject [-]
[taskset-1]                 --> CheckStopCondition [-]
[taskset-1]                 --> AdvanceMove [-]
[taskset-1]     [-] navigation [x]
[taskset-1]         --> HasMpcGoal [x]
[taskset-1] 
[taskset-1] [INFO] [1791018066.332235746] [behavior_executor_node]: BT snapshot -- root=FAILURE, lanes: emergency=FAILURE | mission=FAILURE | navigation=FAILURE
[taskset-1] [o] root [x]
[taskset-1]     [-] emergency [x]
[taskset-1]         [o] emergency_condition [x]
[taskset-1]             --> IsBatteryLow [x]
[taskset-1]             --> IsEmergencyStopTriggered [x]
[taskset-1]             --> IsProximityTooClose [x]
[taskset-1]             --> IsSystemOverheated [x]
[taskset-1]         --> Stop [-]
[taskset-1]     [-] mission [x]
[taskset-1]         --> MissionActive [x]
[taskset-1]         [o] mission_selector [-]
[taskset-1]             [-] mission_object_response [-]
[taskset-1]                 --> ObjectSeen [-]
[taskset-1]                 --> HandleObjectAction [-]
[taskset-1]             [-] mission_progress [-]
[taskset-1]                 --> PublishMoveGoal [-]
[taskset-1]                 --> GoToObject [-]
[taskset-1]                 --> CheckStopCondition [-]
[taskset-1]                 --> AdvanceMove [-]
[taskset-1]     [-] navigation [x]
[taskset-1]         --> HasMpcGoal [x]
[taskset-1] 
[taskset-1] [INFO] [1791018067.438335181] [behavior_executor_node]: BT snapshot -- root=FAILURE, lanes: emergency=FAILURE | mission=FAILURE | navigation=FAILURE
[taskset-1] [o] root [x]
[taskset-1]     [-] emergency [x]
[taskset-1]         [o] emergency_condition [x]
[taskset-1]             --> IsBatteryLow [x]
[taskset-1]             --> IsEmergencyStopTriggered [x]
[taskset-1]             --> IsProximityTooClose [x]
[taskset-1]             --> IsSystemOverheated [x]
[taskset-1]         --> Stop [-]
[taskset-1]     [-] mission [x]
[taskset-1]         --> MissionActive [x]
[taskset-1]         [o] mission_selector [-]
[taskset-1]             [-] mission_object_response [-]
[taskset-1]                 --> ObjectSeen [-]
[taskset-1]                 --> HandleObjectAction [-]
[taskset-1]             [-] mission_progress [-]
[taskset-1]                 --> PublishMoveGoal [-]
[taskset-1]                 --> GoToObject [-]
[taskset-1]                 --> CheckStopCondition [-]
[taskset-1]                 --> AdvanceMove [-]
[taskset-1]     [-] navigation [x]
[taskset-1]         --> HasMpcGoal [x]
[taskset-1] 
[taskset-1] [INFO] [1791018068.532108855] [behavior_executor_node]: BT snapshot -- root=FAILURE, lanes: emergency=FAILURE | mission=FAILURE | navigation=FAILURE
[taskset-1] [o] root [x]
[taskset-1]     [-] emergency [x]
[taskset-1]         [o] emergency_condition [x]
[taskset-1]             --> IsBatteryLow [x]
[taskset-1]             --> IsEmergencyStopTriggered [x]
[taskset-1]             --> IsProximityTooClose [x]
[taskset-1]             --> IsSystemOverheated [x]
[taskset-1]         --> Stop [-]
[taskset-1]     [-] mission [x]
[taskset-1]         --> MissionActive [x]
[taskset-1]         [o] mission_selector [-]
[taskset-1]             [-] mission_object_response [-]
[taskset-1]                 --> ObjectSeen [-]
[taskset-1]                 --> HandleObjectAction [-]
[taskset-1]             [-] mission_progress [-]
[taskset-1]                 --> PublishMoveGoal [-]
[taskset-1]                 --> GoToObject [-]
[taskset-1]                 --> CheckStopCondition [-]
[taskset-1]                 --> AdvanceMove [-]
[taskset-1]     [-] navigation [x]
[taskset-1]         --> HasMpcGoal [x]
[taskset-1] 
[taskset-1] [INFO] [1791018069.541695902] [behavior_executor_node]: BT snapshot -- root=FAILURE, lanes: emergency=FAILURE | mission=FAILURE | navigation=FAILURE
[taskset-1] [o] root [x]
[taskset-1]     [-] emergency [x]
[taskset-1]         [o] emergency_condition [x]
[taskset-1]             --> IsBatteryLow [x]
[taskset-1]             --> IsEmergencyStopTriggered [x]
[taskset-1]             --> IsProximityTooClose [x]
[taskset-1]             --> IsSystemOverheated [x]
[taskset-1]         --> Stop [-]
[taskset-1]     [-] mission [x]
[taskset-1]         --> MissionActive [x]
[taskset-1]         [o] mission_selector [-]
[taskset-1]             [-] mission_object_response [-]
[taskset-1]                 --> ObjectSeen [-]
[taskset-1]                 --> HandleObjectAction [-]
[taskset-1]             [-] mission_progress [-]
[taskset-1]                 --> PublishMoveGoal [-]
[taskset-1]                 --> GoToObject [-]
[taskset-1]                 --> CheckStopCondition [-]
[taskset-1]                 --> AdvanceMove [-]
[taskset-1]     [-] navigation [x]
[taskset-1]         --> HasMpcGoal [x]
[taskset-1] 
[taskset-1] [INFO] [1791018070.546166643] [behavior_executor_node]: BT snapshot -- root=FAILURE, lanes: emergency=FAILURE | mission=FAILURE | navigation=FAILURE
[taskset-1] [o] root [x]
[taskset-1]     [-] emergency [x]
[taskset-1]         [o] emergency_condition [x]
[taskset-1]             --> IsBatteryLow [x]
[taskset-1]             --> IsEmergencyStopTriggered [x]
[taskset-1]             --> IsProximityTooClose [x]
[taskset-1]             --> IsSystemOverheated [x]
[taskset-1]         --> Stop [-]
[taskset-1]     [-] mission [x]
[taskset-1]         --> MissionActive [x]
[taskset-1]         [o] mission_selector [-]
[taskset-1]             [-] mission_object_response [-]
[taskset-1]                 --> ObjectSeen [-]
[taskset-1]                 --> HandleObjectAction [-]
[taskset-1]             [-] mission_progress [-]
[taskset-1]                 --> PublishMoveGoal [-]
[taskset-1]                 --> GoToObject [-]
[taskset-1]                 --> CheckStopCondition [-]
[taskset-1]                 --> AdvanceMove [-]
[taskset-1]     [-] navigation [x]
[taskset-1]         --> HasMpcGoal [x]
[taskset-1] 
[taskset-1] [INFO] [1791018071.632102541] [behavior_executor_node]: BT snapshot -- root=FAILURE, lanes: emergency=FAILURE | mission=FAILURE | navigation=FAILURE
[taskset-1] [o] root [x]
[taskset-1]     [-] emergency [x]
[taskset-1]         [o] emergency_condition [x]
[taskset-1]             --> IsBatteryLow [x]
[taskset-1]             --> IsEmergencyStopTriggered [x]
[taskset-1]             --> IsProximityTooClose [x]
[taskset-1]             --> IsSystemOverheated [x]
[taskset-1]         --> Stop [-]
[taskset-1]     [-] mission [x]
[taskset-1]         --> MissionActive [x]
[taskset-1]         [o] mission_selector [-]
[taskset-1]             [-] mission_object_response [-]
[taskset-1]                 --> ObjectSeen [-]
[taskset-1]                 --> HandleObjectAction [-]
[taskset-1]             [-] mission_progress [-]
[taskset-1]                 --> PublishMoveGoal [-]
[taskset-1]                 --> GoToObject [-]
[taskset-1]                 --> CheckStopCondition [-]
[taskset-1]                 --> AdvanceMove [-]
[taskset-1]     [-] navigation [x]
[taskset-1]         --> HasMpcGoal [x]
[taskset-1] 
[taskset-1] [INFO] [1791018072.632184298] [behavior_executor_node]: BT snapshot -- root=FAILURE, lanes: emergency=FAILURE | mission=FAILURE | navigation=FAILURE
[taskset-1] [o] root [x]
[taskset-1]     [-] emergency [x]
[taskset-1]         [o] emergency_condition [x]
[taskset-1]             --> IsBatteryLow [x]
[taskset-1]             --> IsEmergencyStopTriggered [x]
[taskset-1]             --> IsProximityTooClose [x]
[taskset-1]             --> IsSystemOverheated [x]
[taskset-1]         --> Stop [-]
[taskset-1]     [-] mission [x]
[taskset-1]         --> MissionActive [x]
[taskset-1]         [o] mission_selector [-]
[taskset-1]             [-] mission_object_response [-]
[taskset-1]                 --> ObjectSeen [-]
[taskset-1]                 --> HandleObjectAction [-]
[taskset-1]             [-] mission_progress [-]
[taskset-1]                 --> PublishMoveGoal [-]
[taskset-1]                 --> GoToObject [-]
[taskset-1]                 --> CheckStopCondition [-]
[taskset-1]                 --> AdvanceMove [-]
[taskset-1]     [-] navigation [x]
[taskset-1]         --> HasMpcGoal [x]
[taskset-1] 
[taskset-1] [INFO] [1791018073.732137225] [behavior_executor_node]: BT snapshot -- root=FAILURE, lanes: emergency=FAILURE | mission=FAILURE | navigation=FAILURE
[taskset-1] [o] root [x]
[taskset-1]     [-] emergency [x]
[taskset-1]         [o] emergency_condition [x]
[taskset-1]             --> IsBatteryLow [x]
[taskset-1]             --> IsEmergencyStopTriggered [x]
[taskset-1]             --> IsProximityTooClose [x]
[taskset-1]             --> IsSystemOverheated [x]
[taskset-1]         --> Stop [-]
[taskset-1]     [-] mission [x]
[taskset-1]         --> MissionActive [x]
[taskset-1]         [o] mission_selector [-]
[taskset-1]             [-] mission_object_response [-]
[taskset-1]                 --> ObjectSeen [-]
[taskset-1]                 --> HandleObjectAction [-]
[taskset-1]             [-] mission_progress [-]
[taskset-1]                 --> PublishMoveGoal [-]
[taskset-1]                 --> GoToObject [-]
[taskset-1]                 --> CheckStopCondition [-]
[taskset-1]                 --> AdvanceMove [-]
[taskset-1]     [-] navigation [x]
[taskset-1]         --> HasMpcGoal [x]
[taskset-1] 
[taskset-1] [INFO] [1791018074.741385227] [behavior_executor_node]: BT snapshot -- root=FAILURE, lanes: emergency=FAILURE | mission=FAILURE | navigation=FAILURE
[taskset-1] [o] root [x]
[taskset-1]     [-] emergency [x]
[taskset-1]         [o] emergency_condition [x]
[taskset-1]             --> IsBatteryLow [x]
[taskset-1]             --> IsEmergencyStopTriggered [x]
[taskset-1]             --> IsProximityTooClose [x]
[taskset-1]             --> IsSystemOverheated [x]
[taskset-1]         --> Stop [-]
[taskset-1]     [-] mission [x]
[taskset-1]         --> MissionActive [x]
[taskset-1]         [o] mission_selector [-]
[taskset-1]             [-] mission_object_response [-]
[taskset-1]                 --> ObjectSeen [-]
[taskset-1]                 --> HandleObjectAction [-]
[taskset-1]             [-] mission_progress [-]
[taskset-1]                 --> PublishMoveGoal [-]
[taskset-1]                 --> GoToObject [-]
[taskset-1]                 --> CheckStopCondition [-]
[taskset-1]                 --> AdvanceMove [-]
[taskset-1]     [-] navigation [x]
[taskset-1]         --> HasMpcGoal [x]
[taskset-1] 
[taskset-1] [INFO] [1791018075.832345082] [behavior_executor_node]: BT snapshot -- root=FAILURE, lanes: emergency=FAILURE | mission=FAILURE | navigation=FAILURE
[taskset-1] [o] root [x]
[taskset-1]     [-] emergency [x]
[taskset-1]         [o] emergency_condition [x]
[taskset-1]             --> IsBatteryLow [x]
[taskset-1]             --> IsEmergencyStopTriggered [x]
[taskset-1]             --> IsProximityTooClose [x]
[taskset-1]             --> IsSystemOverheated [x]
[taskset-1]         --> Stop [-]
[taskset-1]     [-] mission [x]
[taskset-1]         --> MissionActive [x]
[taskset-1]         [o] mission_selector [-]
[taskset-1]             [-] mission_object_response [-]
[taskset-1]                 --> ObjectSeen [-]
[taskset-1]                 --> HandleObjectAction [-]
[taskset-1]             [-] mission_progress [-]
[taskset-1]                 --> PublishMoveGoal [-]
[taskset-1]                 --> GoToObject [-]
[taskset-1]                 --> CheckStopCondition [-]
[taskset-1]                 --> AdvanceMove [-]
[taskset-1]     [-] navigation [x]
[taskset-1]         --> HasMpcGoal [x]
[taskset-1] 
[taskset-1] [INFO] [1791018076.832471375] [behavior_executor_node]: BT snapshot -- root=FAILURE, lanes: emergency=FAILURE | mission=FAILURE | navigation=FAILURE
[taskset-1] [o] root [x]
[taskset-1]     [-] emergency [x]
[taskset-1]         [o] emergency_condition [x]
[taskset-1]             --> IsBatteryLow [x]
[taskset-1]             --> IsEmergencyStopTriggered [x]
[taskset-1]             --> IsProximityTooClose [x]
[taskset-1]             --> IsSystemOverheated [x]
[taskset-1]         --> Stop [-]
[taskset-1]     [-] mission [x]
[taskset-1]         --> MissionActive [x]
[taskset-1]         [o] mission_selector [-]
[taskset-1]             [-] mission_object_response [-]
[taskset-1]                 --> ObjectSeen [-]
[taskset-1]                 --> HandleObjectAction [-]
[taskset-1]             [-] mission_progress [-]
[taskset-1]                 --> PublishMoveGoal [-]
[taskset-1]                 --> GoToObject [-]
[taskset-1]                 --> CheckStopCondition [-]
[taskset-1]                 --> AdvanceMove [-]
[taskset-1]     [-] navigation [x]
[taskset-1]         --> HasMpcGoal [x]
[taskset-1] 
[taskset-1] [INFO] [1791018077.674252960] [behavior_executor_node]: [IsProximityTooClose] DIAG /scan layout (first message): angle_min=-2.3562 rad (-135.0 deg), angle_max=2.3562 rad (+135.0 deg), angle_increment=0.004363 rad (0.2500 deg), range_min=0.020 m, len(ranges)=1081
[taskset-1] [INFO] [1791018077.675406561] [behavior_executor_node]: [IsProximityTooClose] DIAG scan: total=1081 in_window=721 excluded_by_filter=0 min_in_window=0.557 front_min=1.657
[taskset-1] [INFO] [1791018077.845564342] [behavior_executor_node]: BT snapshot -- root=FAILURE, lanes: emergency=FAILURE | mission=FAILURE | navigation=FAILURE
[taskset-1] [o] root [x]
[taskset-1]     [-] emergency [x]
[taskset-1]         [o] emergency_condition [x]
[taskset-1]             --> IsBatteryLow [x]
[taskset-1]             --> IsEmergencyStopTriggered [x]
[taskset-1]             --> IsProximityTooClose [x]
[taskset-1]             --> IsSystemOverheated [x]
[taskset-1]         --> Stop [-]
[taskset-1]     [-] mission [x]
[taskset-1]         --> MissionActive [x]
[taskset-1]         [o] mission_selector [-]
[taskset-1]             [-] mission_object_response [-]
[taskset-1]                 --> ObjectSeen [-]
[taskset-1]                 --> HandleObjectAction [-]
[taskset-1]             [-] mission_progress [-]
[taskset-1]                 --> PublishMoveGoal [-]
[taskset-1]                 --> GoToObject [-]
[taskset-1]                 --> CheckStopCondition [-]
[taskset-1]                 --> AdvanceMove [-]
[taskset-1]     [-] navigation [x]
[taskset-1]         --> HasMpcGoal [x]
[taskset-1] 
[taskset-1] [INFO] [1791018078.939824720] [behavior_executor_node]: BT snapshot -- root=FAILURE, lanes: emergency=FAILURE | mission=FAILURE | navigation=FAILURE
[taskset-1] [o] root [x]
[taskset-1]     [-] emergency [x]
[taskset-1]         [o] emergency_condition [x]
[taskset-1]             --> IsBatteryLow [x]
[taskset-1]             --> IsEmergencyStopTriggered [x]
[taskset-1]             --> IsProximityTooClose [x]
[taskset-1]             --> IsSystemOverheated [x]
[taskset-1]         --> Stop [-]
[taskset-1]     [-] mission [x]
[taskset-1]         --> MissionActive [x]
[taskset-1]         [o] mission_selector [-]
[taskset-1]             [-] mission_object_response [-]
[taskset-1]                 --> ObjectSeen [-]
[taskset-1]                 --> HandleObjectAction [-]
[taskset-1]             [-] mission_progress [-]
[taskset-1]                 --> PublishMoveGoal [-]
[taskset-1]                 --> GoToObject [-]
[taskset-1]                 --> CheckStopCondition [-]
[taskset-1]                 --> AdvanceMove [-]
[taskset-1]     [-] navigation [x]
[taskset-1]         --> HasMpcGoal [x]
[taskset-1] 
[taskset-1] [INFO] [1791018079.686905842] [behavior_executor_node]: [IsProximityTooClose] DIAG scan: total=1081 in_window=721 excluded_by_filter=0 min_in_window=0.642 front_min=1.644
[taskset-1] [INFO] [1791018080.031104139] [behavior_executor_node]: BT snapshot -- root=FAILURE, lanes: emergency=FAILURE | mission=FAILURE | navigation=FAILURE
[taskset-1] [o] root [x]
[taskset-1]     [-] emergency [x]
[taskset-1]         [o] emergency_condition [x]
[taskset-1]             --> IsBatteryLow [x]
[taskset-1]             --> IsEmergencyStopTriggered [x]
[taskset-1]             --> IsProximityTooClose [x]
[taskset-1]             --> IsSystemOverheated [x]
[taskset-1]         --> Stop [-]
[taskset-1]     [-] mission [x]
[taskset-1]         --> MissionActive [x]
[taskset-1]         [o] mission_selector [-]
[taskset-1]             [-] mission_object_response [-]
[taskset-1]                 --> ObjectSeen [-]
[taskset-1]                 --> HandleObjectAction [-]
[taskset-1]             [-] mission_progress [-]
[taskset-1]                 --> PublishMoveGoal [-]
[taskset-1]                 --> GoToObject [-]
[taskset-1]                 --> CheckStopCondition [-]
[taskset-1]                 --> AdvanceMove [-]
[taskset-1]     [-] navigation [x]
[taskset-1]         --> HasMpcGoal [x]
[taskset-1] 
[taskset-1] [INFO] [1791018081.041127607] [behavior_executor_node]: BT snapshot -- root=FAILURE, lanes: emergency=FAILURE | mission=FAILURE | navigation=FAILURE
[taskset-1] [o] root [x]
[taskset-1]     [-] emergency [x]
[taskset-1]         [o] emergency_condition [x]
[taskset-1]             --> IsBatteryLow [x]
[taskset-1]             --> IsEmergencyStopTriggered [x]
[taskset-1]             --> IsProximityTooClose [x]
[taskset-1]             --> IsSystemOverheated [x]
[taskset-1]         --> Stop [-]
[taskset-1]     [-] mission [x]
[taskset-1]         --> MissionActive [x]
[taskset-1]         [o] mission_selector [-]
[taskset-1]             [-] mission_object_response [-]
[taskset-1]                 --> ObjectSeen [-]
[taskset-1]                 --> HandleObjectAction [-]
[taskset-1]             [-] mission_progress [-]
[taskset-1]                 --> PublishMoveGoal [-]
[taskset-1]                 --> GoToObject [-]
[taskset-1]                 --> CheckStopCondition [-]
[taskset-1]                 --> AdvanceMove [-]
[taskset-1]     [-] navigation [x]
[taskset-1]         --> HasMpcGoal [x]
[taskset-1] 
[taskset-1] [INFO] [1791018081.701670240] [behavior_executor_node]: [IsProximityTooClose] DIAG scan: total=1081 in_window=721 excluded_by_filter=0 min_in_window=0.579 front_min=1.506
[taskset-1] [INFO] [1791018082.131259303] [behavior_executor_node]: BT snapshot -- root=FAILURE, lanes: emergency=FAILURE | mission=FAILURE | navigation=FAILURE
[taskset-1] [o] root [x]
[taskset-1]     [-] emergency [x]
[taskset-1]         [o] emergency_condition [x]
[taskset-1]             --> IsBatteryLow [x]
[taskset-1]             --> IsEmergencyStopTriggered [x]
[taskset-1]             --> IsProximityTooClose [x]
[taskset-1]             --> IsSystemOverheated [x]
[taskset-1]         --> Stop [-]
[taskset-1]     [-] mission [x]
[taskset-1]         --> MissionActive [x]
[taskset-1]         [o] mission_selector [-]
[taskset-1]             [-] mission_object_response [-]
[taskset-1]                 --> ObjectSeen [-]
[taskset-1]                 --> HandleObjectAction [-]
[taskset-1]             [-] mission_progress [-]
[taskset-1]                 --> PublishMoveGoal [-]
[taskset-1]                 --> GoToObject [-]
[taskset-1]                 --> CheckStopCondition [-]
[taskset-1]                 --> AdvanceMove [-]
[taskset-1]     [-] navigation [x]
[taskset-1]         --> HasMpcGoal [x]
[taskset-1] 
[taskset-1] [INFO] [1791018083.131261265] [behavior_executor_node]: BT snapshot -- root=FAILURE, lanes: emergency=FAILURE | mission=FAILURE | navigation=FAILURE
[taskset-1] [o] root [x]
[taskset-1]     [-] emergency [x]
[taskset-1]         [o] emergency_condition [x]
[taskset-1]             --> IsBatteryLow [x]
[taskset-1]             --> IsEmergencyStopTriggered [x]
[taskset-1]             --> IsProximityTooClose [x]
[taskset-1]             --> IsSystemOverheated [x]
[taskset-1]         --> Stop [-]
[taskset-1]     [-] mission [x]
[taskset-1]         --> MissionActive [x]
[taskset-1]         [o] mission_selector [-]
[taskset-1]             [-] mission_object_response [-]
[taskset-1]                 --> ObjectSeen [-]
[taskset-1]                 --> HandleObjectAction [-]
[taskset-1]             [-] mission_progress [-]
[taskset-1]                 --> PublishMoveGoal [-]
[taskset-1]                 --> GoToObject [-]
[taskset-1]                 --> CheckStopCondition [-]
[taskset-1]                 --> AdvanceMove [-]
[taskset-1]     [-] navigation [x]
[taskset-1]         --> HasMpcGoal [x]
[taskset-1] 
[taskset-1] [INFO] [1791018083.713521006] [behavior_executor_node]: [IsProximityTooClose] DIAG scan: total=1081 in_window=721 excluded_by_filter=0 min_in_window=0.598 front_min=1.487
[taskset-1] [INFO] [1791018084.348484501] [behavior_executor_node]: BT snapshot -- root=FAILURE, lanes: emergency=FAILURE | mission=FAILURE | navigation=FAILURE
[taskset-1] [o] root [x]
[taskset-1]     [-] emergency [x]
[taskset-1]         [o] emergency_condition [x]
[taskset-1]             --> IsBatteryLow [x]
[taskset-1]             --> IsEmergencyStopTriggered [x]
[taskset-1]             --> IsProximityTooClose [x]
[taskset-1]             --> IsSystemOverheated [x]
[taskset-1]         --> Stop [-]
[taskset-1]     [-] mission [x]
[taskset-1]         --> MissionActive [x]
[taskset-1]         [o] mission_selector [-]
[taskset-1]             [-] mission_object_response [-]
[taskset-1]                 --> ObjectSeen [-]
[taskset-1]                 --> HandleObjectAction [-]
[taskset-1]             [-] mission_progress [-]
[taskset-1]                 --> PublishMoveGoal [-]
[taskset-1]                 --> GoToObject [-]
[taskset-1]                 --> CheckStopCondition [-]
[taskset-1]                 --> AdvanceMove [-]
[taskset-1]     [-] navigation [x]
[taskset-1]         --> HasMpcGoal [x]
[taskset-1] 
[taskset-1] [INFO] [1791018085.438648054] [behavior_executor_node]: BT snapshot -- root=FAILURE, lanes: emergency=FAILURE | mission=FAILURE | navigation=FAILURE
[taskset-1] [o] root [x]
[taskset-1]     [-] emergency [x]
[taskset-1]         [o] emergency_condition [x]
[taskset-1]             --> IsBatteryLow [x]
[taskset-1]             --> IsEmergencyStopTriggered [x]
[taskset-1]             --> IsProximityTooClose [x]
[taskset-1]             --> IsSystemOverheated [x]
[taskset-1]         --> Stop [-]
[taskset-1]     [-] mission [x]
[taskset-1]         --> MissionActive [x]
[taskset-1]         [o] mission_selector [-]
[taskset-1]             [-] mission_object_response [-]
[taskset-1]                 --> ObjectSeen [-]
[taskset-1]                 --> HandleObjectAction [-]
[taskset-1]             [-] mission_progress [-]
[taskset-1]                 --> PublishMoveGoal [-]
[taskset-1]                 --> GoToObject [-]
[taskset-1]                 --> CheckStopCondition [-]
[taskset-1]                 --> AdvanceMove [-]
[taskset-1]     [-] navigation [x]
[taskset-1]         --> HasMpcGoal [x]
[taskset-1] 
[taskset-1] [INFO] [1791018085.743113557] [behavior_executor_node]: [IsProximityTooClose] DIAG scan: total=1081 in_window=721 excluded_by_filter=0 min_in_window=0.635 front_min=1.304
[taskset-1] [INFO] [1791018086.560232846] [behavior_executor_node]: BT snapshot -- root=FAILURE, lanes: emergency=FAILURE | mission=FAILURE | navigation=FAILURE
[taskset-1] [o] root [x]
[taskset-1]     [-] emergency [x]
[taskset-1]         [o] emergency_condition [x]
[taskset-1]             --> IsBatteryLow [x]
[taskset-1]             --> IsEmergencyStopTriggered [x]
[taskset-1]             --> IsProximityTooClose [x]
[taskset-1]             --> IsSystemOverheated [x]
[taskset-1]         --> Stop [-]
[taskset-1]     [-] mission [x]
[taskset-1]         --> MissionActive [x]
[taskset-1]         [o] mission_selector [-]
[taskset-1]             [-] mission_object_response [-]
[taskset-1]                 --> ObjectSeen [-]
[taskset-1]                 --> HandleObjectAction [-]
[taskset-1]             [-] mission_progress [-]
[taskset-1]                 --> PublishMoveGoal [-]
[taskset-1]                 --> GoToObject [-]
[taskset-1]                 --> CheckStopCondition [-]
[taskset-1]                 --> AdvanceMove [-]
[taskset-1]     [-] navigation [x]
[taskset-1]         --> HasMpcGoal [x]
[taskset-1] 
[taskset-1] [INFO] [1791018087.631128326] [behavior_executor_node]: BT snapshot -- root=FAILURE, lanes: emergency=FAILURE | mission=FAILURE | navigation=FAILURE
[taskset-1] [o] root [x]
[taskset-1]     [-] emergency [x]
[taskset-1]         [o] emergency_condition [x]
[taskset-1]             --> IsBatteryLow [x]
[taskset-1]             --> IsEmergencyStopTriggered [x]
[taskset-1]             --> IsProximityTooClose [x]
[taskset-1]             --> IsSystemOverheated [x]
[taskset-1]         --> Stop [-]
[taskset-1]     [-] mission [x]
[taskset-1]         --> MissionActive [x]
[taskset-1]         [o] mission_selector [-]
[taskset-1]             [-] mission_object_response [-]
[taskset-1]                 --> ObjectSeen [-]
[taskset-1]                 --> HandleObjectAction [-]
[taskset-1]             [-] mission_progress [-]
[taskset-1]                 --> PublishMoveGoal [-]
[taskset-1]                 --> GoToObject [-]
[taskset-1]                 --> CheckStopCondition [-]
[taskset-1]                 --> AdvanceMove [-]
[taskset-1]     [-] navigation [x]
[taskset-1]         --> HasMpcGoal [x]
[taskset-1] 
[taskset-1] [INFO] [1791018087.743217178] [behavior_executor_node]: [IsProximityTooClose] DIAG scan: total=1081 in_window=721 excluded_by_filter=0 min_in_window=0.956 front_min=1.247
[taskset-1] [INFO] [1791018088.631353526] [behavior_executor_node]: BT snapshot -- root=FAILURE, lanes: emergency=FAILURE | mission=FAILURE | navigation=FAILURE
[taskset-1] [o] root [x]
[taskset-1]     [-] emergency [x]
[taskset-1]         [o] emergency_condition [x]
[taskset-1]             --> IsBatteryLow [x]
[taskset-1]             --> IsEmergencyStopTriggered [x]
[taskset-1]             --> IsProximityTooClose [x]
[taskset-1]             --> IsSystemOverheated [x]
[taskset-1]         --> Stop [-]
[taskset-1]     [-] mission [x]
[taskset-1]         --> MissionActive [x]
[taskset-1]         [o] mission_selector [-]
[taskset-1]             [-] mission_object_response [-]
[taskset-1]                 --> ObjectSeen [-]
[taskset-1]                 --> HandleObjectAction [-]
[taskset-1]             [-] mission_progress [-]
[taskset-1]                 --> PublishMoveGoal [-]
[taskset-1]                 --> GoToObject [-]
[taskset-1]                 --> CheckStopCondition [-]
[taskset-1]                 --> AdvanceMove [-]
[taskset-1]     [-] navigation [x]
[taskset-1]         --> HasMpcGoal [x]
[taskset-1] 
[taskset-1] [INFO] [1791018089.731963535] [behavior_executor_node]: BT snapshot -- root=FAILURE, lanes: emergency=FAILURE | mission=FAILURE | navigation=FAILURE
[taskset-1] [o] root [x]
[taskset-1]     [-] emergency [x]
[taskset-1]         [o] emergency_condition [x]
[taskset-1]             --> IsBatteryLow [x]
[taskset-1]             --> IsEmergencyStopTriggered [x]
[taskset-1]             --> IsProximityTooClose [x]
[taskset-1]             --> IsSystemOverheated [x]
[taskset-1]         --> Stop [-]
[taskset-1]     [-] mission [x]
[taskset-1]         --> MissionActive [x]
[taskset-1]         [o] mission_selector [-]
[taskset-1]             [-] mission_object_response [-]
[taskset-1]                 --> ObjectSeen [-]
[taskset-1]                 --> HandleObjectAction [-]
[taskset-1]             [-] mission_progress [-]
[taskset-1]                 --> PublishMoveGoal [-]
[taskset-1]                 --> GoToObject [-]
[taskset-1]                 --> CheckStopCondition [-]
[taskset-1]                 --> AdvanceMove [-]
[taskset-1]     [-] navigation [x]
[taskset-1]         --> HasMpcGoal [x]
[taskset-1] 
[taskset-1] [INFO] [1791018089.750698036] [behavior_executor_node]: [IsProximityTooClose] DIAG scan: total=1081 in_window=721 excluded_by_filter=0 min_in_window=0.793 front_min=1.634
[taskset-1] [INFO] [1791018090.831051539] [behavior_executor_node]: BT snapshot -- root=FAILURE, lanes: emergency=FAILURE | mission=FAILURE | navigation=FAILURE
[taskset-1] [o] root [x]
[taskset-1]     [-] emergency [x]
[taskset-1]         [o] emergency_condition [x]
[taskset-1]             --> IsBatteryLow [x]
[taskset-1]             --> IsEmergencyStopTriggered [x]
[taskset-1]             --> IsProximityTooClose [x]
[taskset-1]             --> IsSystemOverheated [x]
[taskset-1]         --> Stop [-]
[taskset-1]     [-] mission [x]
[taskset-1]         --> MissionActive [x]
[taskset-1]         [o] mission_selector [-]
[taskset-1]             [-] mission_object_response [-]
[taskset-1]                 --> ObjectSeen [-]
[taskset-1]                 --> HandleObjectAction [-]
[taskset-1]             [-] mission_progress [-]
[taskset-1]                 --> PublishMoveGoal [-]
[taskset-1]                 --> GoToObject [-]
[taskset-1]                 --> CheckStopCondition [-]
[taskset-1]                 --> AdvanceMove [-]
[taskset-1]     [-] navigation [x]
[taskset-1]         --> HasMpcGoal [x]
[taskset-1] 
[taskset-1] [INFO] [1791018091.751766025] [behavior_executor_node]: [IsProximityTooClose] DIAG scan: total=1081 in_window=721 excluded_by_filter=0 min_in_window=0.769 front_min=1.612
[taskset-1] [INFO] [1791018091.831232452] [behavior_executor_node]: BT snapshot -- root=FAILURE, lanes: emergency=FAILURE | mission=FAILURE | navigation=FAILURE
[taskset-1] [o] root [x]
[taskset-1]     [-] emergency [x]
[taskset-1]         [o] emergency_condition [x]
[taskset-1]             --> IsBatteryLow [x]
[taskset-1]             --> IsEmergencyStopTriggered [x]
[taskset-1]             --> IsProximityTooClose [x]
[taskset-1]             --> IsSystemOverheated [x]
[taskset-1]         --> Stop [-]
[taskset-1]     [-] mission [x]
[taskset-1]         --> MissionActive [x]
[taskset-1]         [o] mission_selector [-]
[taskset-1]             [-] mission_object_response [-]
[taskset-1]                 --> ObjectSeen [-]
[taskset-1]                 --> HandleObjectAction [-]
[taskset-1]             [-] mission_progress [-]
[taskset-1]                 --> PublishMoveGoal [-]
[taskset-1]                 --> GoToObject [-]
[taskset-1]                 --> CheckStopCondition [-]
[taskset-1]                 --> AdvanceMove [-]
[taskset-1]     [-] navigation [x]
[taskset-1]         --> HasMpcGoal [x]
[taskset-1] 
[taskset-1] [INFO] [1791018092.833425097] [behavior_executor_node]: BT snapshot -- root=FAILURE, lanes: emergency=FAILURE | mission=FAILURE | navigation=FAILURE
[taskset-1] [o] root [x]
[taskset-1]     [-] emergency [x]
[taskset-1]         [o] emergency_condition [x]
[taskset-1]             --> IsBatteryLow [x]
[taskset-1]             --> IsEmergencyStopTriggered [x]
[taskset-1]             --> IsProximityTooClose [x]
[taskset-1]             --> IsSystemOverheated [x]
[taskset-1]         --> Stop [-]
[taskset-1]     [-] mission [x]
[taskset-1]         --> MissionActive [x]
[taskset-1]         [o] mission_selector [-]
[taskset-1]             [-] mission_object_response [-]
[taskset-1]                 --> ObjectSeen [-]
[taskset-1]                 --> HandleObjectAction [-]
[taskset-1]             [-] mission_progress [-]
[taskset-1]                 --> PublishMoveGoal [-]
[taskset-1]                 --> GoToObject [-]
[taskset-1]                 --> CheckStopCondition [-]
[taskset-1]                 --> AdvanceMove [-]
[taskset-1]     [-] navigation [x]
[taskset-1]         --> HasMpcGoal [x]
[taskset-1] 
[taskset-1] [INFO] [1791018093.753403369] [behavior_executor_node]: [IsProximityTooClose] DIAG scan: total=1081 in_window=721 excluded_by_filter=0 min_in_window=0.999 front_min=1.275
[taskset-1] [INFO] [1791018093.932643937] [behavior_executor_node]: BT snapshot -- root=FAILURE, lanes: emergency=FAILURE | mission=FAILURE | navigation=FAILURE
[taskset-1] [o] root [x]
[taskset-1]     [-] emergency [x]
[taskset-1]         [o] emergency_condition [x]
[taskset-1]             --> IsBatteryLow [x]
[taskset-1]             --> IsEmergencyStopTriggered [x]
[taskset-1]             --> IsProximityTooClose [x]
[taskset-1]             --> IsSystemOverheated [x]
[taskset-1]         --> Stop [-]
[taskset-1]     [-] mission [x]
[taskset-1]         --> MissionActive [x]
[taskset-1]         [o] mission_selector [-]
[taskset-1]             [-] mission_object_response [-]
[taskset-1]                 --> ObjectSeen [-]
[taskset-1]                 --> HandleObjectAction [-]
[taskset-1]             [-] mission_progress [-]
[taskset-1]                 --> PublishMoveGoal [-]
[taskset-1]                 --> GoToObject [-]
[taskset-1]                 --> CheckStopCondition [-]
[taskset-1]                 --> AdvanceMove [-]
[taskset-1]     [-] navigation [x]
[taskset-1]         --> HasMpcGoal [x]
[taskset-1] 
[taskset-1] [INFO] [1791018095.031299803] [behavior_executor_node]: BT snapshot -- root=FAILURE, lanes: emergency=FAILURE | mission=FAILURE | navigation=FAILURE
[taskset-1] [o] root [x]
[taskset-1]     [-] emergency [x]
[taskset-1]         [o] emergency_condition [x]
[taskset-1]             --> IsBatteryLow [x]
[taskset-1]             --> IsEmergencyStopTriggered [x]
[taskset-1]             --> IsProximityTooClose [x]
[taskset-1]             --> IsSystemOverheated [x]
[taskset-1]         --> Stop [-]
[taskset-1]     [-] mission [x]
[taskset-1]         --> MissionActive [x]
[taskset-1]         [o] mission_selector [-]
[taskset-1]             [-] mission_object_response [-]
[taskset-1]                 --> ObjectSeen [-]
[taskset-1]                 --> HandleObjectAction [-]
[taskset-1]             [-] mission_progress [-]
[taskset-1]                 --> PublishMoveGoal [-]
[taskset-1]                 --> GoToObject [-]
[taskset-1]                 --> CheckStopCondition [-]
[taskset-1]                 --> AdvanceMove [-]
[taskset-1]     [-] navigation [x]
[taskset-1]         --> HasMpcGoal [x]
[taskset-1] 
[taskset-1] [INFO] [1791018095.782653965] [behavior_executor_node]: [IsProximityTooClose] DIAG scan: total=1081 in_window=721 excluded_by_filter=0 min_in_window=0.844 front_min=1.293
[taskset-1] [INFO] [1791018096.034104424] [behavior_executor_node]: BT snapshot -- root=FAILURE, lanes: emergency=FAILURE | mission=FAILURE | navigation=FAILURE
[taskset-1] [o] root [x]
[taskset-1]     [-] emergency [x]
[taskset-1]         [o] emergency_condition [x]
[taskset-1]             --> IsBatteryLow [x]
[taskset-1]             --> IsEmergencyStopTriggered [x]
[taskset-1]             --> IsProximityTooClose [x]
[taskset-1]             --> IsSystemOverheated [x]
[taskset-1]         --> Stop [-]
[taskset-1]     [-] mission [x]
[taskset-1]         --> MissionActive [x]
[taskset-1]         [o] mission_selector [-]
[taskset-1]             [-] mission_object_response [-]
[taskset-1]                 --> ObjectSeen [-]
[taskset-1]                 --> HandleObjectAction [-]
[taskset-1]             [-] mission_progress [-]
[taskset-1]                 --> PublishMoveGoal [-]
[taskset-1]                 --> GoToObject [-]
[taskset-1]                 --> CheckStopCondition [-]
[taskset-1]                 --> AdvanceMove [-]
[taskset-1]     [-] navigation [x]
[taskset-1]         --> HasMpcGoal [x]
[taskset-1] 
[taskset-1] [INFO] [1791018097.132652564] [behavior_executor_node]: BT snapshot -- root=FAILURE, lanes: emergency=FAILURE | mission=FAILURE | navigation=FAILURE
[taskset-1] [o] root [x]
[taskset-1]     [-] emergency [x]
[taskset-1]         [o] emergency_condition [x]
[taskset-1]             --> IsBatteryLow [x]
[taskset-1]             --> IsEmergencyStopTriggered [x]
[taskset-1]             --> IsProximityTooClose [x]
[taskset-1]             --> IsSystemOverheated [x]
[taskset-1]         --> Stop [-]
[taskset-1]     [-] mission [x]
[taskset-1]         --> MissionActive [x]
[taskset-1]         [o] mission_selector [-]
[taskset-1]             [-] mission_object_response [-]
[taskset-1]                 --> ObjectSeen [-]
[taskset-1]                 --> HandleObjectAction [-]
[taskset-1]             [-] mission_progress [-]
[taskset-1]                 --> PublishMoveGoal [-]
[taskset-1]                 --> GoToObject [-]
[taskset-1]                 --> CheckStopCondition [-]
[taskset-1]                 --> AdvanceMove [-]
[taskset-1]     [-] navigation [x]
[taskset-1]         --> HasMpcGoal [x]
[taskset-1] 
[taskset-1] [INFO] [1791018097.844691497] [behavior_executor_node]: [IsProximityTooClose] DIAG scan: total=1081 in_window=721 excluded_by_filter=0 min_in_window=0.882 front_min=1.782
[taskset-1] [INFO] [1791018098.231210316] [behavior_executor_node]: BT snapshot -- root=FAILURE, lanes: emergency=FAILURE | mission=FAILURE | navigation=FAILURE
[taskset-1] [o] root [x]
[taskset-1]     [-] emergency [x]
[taskset-1]         [o] emergency_condition [x]
[taskset-1]             --> IsBatteryLow [x]
[taskset-1]             --> IsEmergencyStopTriggered [x]
[taskset-1]             --> IsProximityTooClose [x]
[taskset-1]             --> IsSystemOverheated [x]
[taskset-1]         --> Stop [-]
[taskset-1]     [-] mission [x]
[taskset-1]         --> MissionActive [x]
[taskset-1]         [o] mission_selector [-]
[taskset-1]             [-] mission_object_response [-]
[taskset-1]                 --> ObjectSeen [-]
[taskset-1]                 --> HandleObjectAction [-]
[taskset-1]             [-] mission_progress [-]
[taskset-1]                 --> PublishMoveGoal [-]
[taskset-1]                 --> GoToObject [-]
[taskset-1]                 --> CheckStopCondition [-]
[taskset-1]                 --> AdvanceMove [-]
[taskset-1]     [-] navigation [x]
[taskset-1]         --> HasMpcGoal [x]
[taskset-1] 
[taskset-1] [INFO] [1791018099.235004399] [behavior_executor_node]: BT snapshot -- root=FAILURE, lanes: emergency=FAILURE | mission=FAILURE | navigation=FAILURE
[taskset-1] [o] root [x]
[taskset-1]     [-] emergency [x]
[taskset-1]         [o] emergency_condition [x]
[taskset-1]             --> IsBatteryLow [x]
[taskset-1]             --> IsEmergencyStopTriggered [x]
[taskset-1]             --> IsProximityTooClose [x]
[taskset-1]             --> IsSystemOverheated [x]
[taskset-1]         --> Stop [-]
[taskset-1]     [-] mission [x]
[taskset-1]         --> MissionActive [x]
[taskset-1]         [o] mission_selector [-]
[taskset-1]             [-] mission_object_response [-]
[taskset-1]                 --> ObjectSeen [-]
[taskset-1]                 --> HandleObjectAction [-]
[taskset-1]             [-] mission_progress [-]
[taskset-1]                 --> PublishMoveGoal [-]
[taskset-1]                 --> GoToObject [-]
[taskset-1]                 --> CheckStopCondition [-]
[taskset-1]                 --> AdvanceMove [-]
[taskset-1]     [-] navigation [x]
[taskset-1]         --> HasMpcGoal [x]
[taskset-1] 
[taskset-1] [INFO] [1791018099.845975653] [behavior_executor_node]: [IsProximityTooClose] DIAG scan: total=1081 in_window=721 excluded_by_filter=0 min_in_window=0.912 front_min=2.094
[taskset-1] [INFO] [1791018100.332383355] [behavior_executor_node]: BT snapshot -- root=FAILURE, lanes: emergency=FAILURE | mission=FAILURE | navigation=FAILURE
[taskset-1] [o] root [x]
[taskset-1]     [-] emergency [x]
[taskset-1]         [o] emergency_condition [x]
[taskset-1]             --> IsBatteryLow [x]
[taskset-1]             --> IsEmergencyStopTriggered [x]
[taskset-1]             --> IsProximityTooClose [x]
[taskset-1]             --> IsSystemOverheated [x]
[taskset-1]         --> Stop [-]
[taskset-1]     [-] mission [x]
[taskset-1]         --> MissionActive [x]
[taskset-1]         [o] mission_selector [-]
[taskset-1]             [-] mission_object_response [-]
[taskset-1]                 --> ObjectSeen [-]
[taskset-1]                 --> HandleObjectAction [-]
[taskset-1]             [-] mission_progress [-]
[taskset-1]                 --> PublishMoveGoal [-]
[taskset-1]                 --> GoToObject [-]
[taskset-1]                 --> CheckStopCondition [-]
[taskset-1]                 --> AdvanceMove [-]
[taskset-1]     [-] navigation [x]
[taskset-1]         --> HasMpcGoal [x]
[taskset-1] 
[taskset-1] [INFO] [1791018101.431380642] [behavior_executor_node]: BT snapshot -- root=FAILURE, lanes: emergency=FAILURE | mission=FAILURE | navigation=FAILURE
[taskset-1] [o] root [x]
[taskset-1]     [-] emergency [x]
[taskset-1]         [o] emergency_condition [x]
[taskset-1]             --> IsBatteryLow [x]
[taskset-1]             --> IsEmergencyStopTriggered [x]
[taskset-1]             --> IsProximityTooClose [x]
[taskset-1]             --> IsSystemOverheated [x]
[taskset-1]         --> Stop [-]
[taskset-1]     [-] mission [x]
[taskset-1]         --> MissionActive [x]
[taskset-1]         [o] mission_selector [-]
[taskset-1]             [-] mission_object_response [-]
[taskset-1]                 --> ObjectSeen [-]
[taskset-1]                 --> HandleObjectAction [-]
[taskset-1]             [-] mission_progress [-]
[taskset-1]                 --> PublishMoveGoal [-]
[taskset-1]                 --> GoToObject [-]
[taskset-1]                 --> CheckStopCondition [-]
[taskset-1]                 --> AdvanceMove [-]
[taskset-1]     [-] navigation [x]
[taskset-1]         --> HasMpcGoal [x]
[taskset-1] 
[taskset-1] [INFO] [1791018101.875238764] [behavior_executor_node]: [IsProximityTooClose] DIAG scan: total=1081 in_window=721 excluded_by_filter=0 min_in_window=0.954 front_min=2.353
[taskset-1] [INFO] [1791018102.434509736] [behavior_executor_node]: BT snapshot -- root=FAILURE, lanes: emergency=FAILURE | mission=FAILURE | navigation=FAILURE
[taskset-1] [o] root [x]
[taskset-1]     [-] emergency [x]
[taskset-1]         [o] emergency_condition [x]
[taskset-1]             --> IsBatteryLow [x]
[taskset-1]             --> IsEmergencyStopTriggered [x]
[taskset-1]             --> IsProximityTooClose [x]
[taskset-1]             --> IsSystemOverheated [x]
[taskset-1]         --> Stop [-]
[taskset-1]     [-] mission [x]
[taskset-1]         --> MissionActive [x]
[taskset-1]         [o] mission_selector [-]
[taskset-1]             [-] mission_object_response [-]
[taskset-1]                 --> ObjectSeen [-]
[taskset-1]                 --> HandleObjectAction [-]
[taskset-1]             [-] mission_progress [-]
[taskset-1]                 --> PublishMoveGoal [-]
[taskset-1]                 --> GoToObject [-]
[taskset-1]                 --> CheckStopCondition [-]
[taskset-1]                 --> AdvanceMove [-]
[taskset-1]     [-] navigation [x]
[taskset-1]         --> HasMpcGoal [x]
[taskset-1] 
[taskset-1] [INFO] [1791018103.438002476] [behavior_executor_node]: BT snapshot -- root=FAILURE, lanes: emergency=FAILURE | mission=FAILURE | navigation=FAILURE
[taskset-1] [o] root [x]
[taskset-1]     [-] emergency [x]
[taskset-1]         [o] emergency_condition [x]
[taskset-1]             --> IsBatteryLow [x]
[taskset-1]             --> IsEmergencyStopTriggered [x]
[taskset-1]             --> IsProximityTooClose [x]
[taskset-1]             --> IsSystemOverheated [x]
[taskset-1]         --> Stop [-]
[taskset-1]     [-] mission [x]
[taskset-1]         --> MissionActive [x]
[taskset-1]         [o] mission_selector [-]
[taskset-1]             [-] mission_object_response [-]
[taskset-1]                 --> ObjectSeen [-]
[taskset-1]                 --> HandleObjectAction [-]
[taskset-1]             [-] mission_progress [-]
[taskset-1]                 --> PublishMoveGoal [-]
[taskset-1]                 --> GoToObject [-]
[taskset-1]                 --> CheckStopCondition [-]
[taskset-1]                 --> AdvanceMove [-]
[taskset-1]     [-] navigation [x]
[taskset-1]         --> HasMpcGoal [x]
[taskset-1] 
[taskset-1] [INFO] [1791018103.940892311] [behavior_executor_node]: [IsProximityTooClose] DIAG scan: total=1081 in_window=721 excluded_by_filter=0 min_in_window=0.985 front_min=1.606
[taskset-1] [INFO] [1791018104.531164245] [behavior_executor_node]: BT snapshot -- root=FAILURE, lanes: emergency=FAILURE | mission=FAILURE | navigation=FAILURE
[taskset-1] [o] root [x]
[taskset-1]     [-] emergency [x]
[taskset-1]         [o] emergency_condition [x]
[taskset-1]             --> IsBatteryLow [x]
[taskset-1]             --> IsEmergencyStopTriggered [x]
[taskset-1]             --> IsProximityTooClose [x]
[taskset-1]             --> IsSystemOverheated [x]
[taskset-1]         --> Stop [-]
[taskset-1]     [-] mission [x]
[taskset-1]         --> MissionActive [x]
[taskset-1]         [o] mission_selector [-]
[taskset-1]             [-] mission_object_response [-]
[taskset-1]                 --> ObjectSeen [-]
[taskset-1]                 --> HandleObjectAction [-]
[taskset-1]             [-] mission_progress [-]
[taskset-1]                 --> PublishMoveGoal [-]
[taskset-1]                 --> GoToObject [-]
[taskset-1]                 --> CheckStopCondition [-]
[taskset-1]                 --> AdvanceMove [-]
[taskset-1]     [-] navigation [x]
[taskset-1]         --> HasMpcGoal [x]
[taskset-1] 
[taskset-1] [INFO] [1791018105.631216372] [behavior_executor_node]: BT snapshot -- root=FAILURE, lanes: emergency=FAILURE | mission=FAILURE | navigation=FAILURE
[taskset-1] [o] root [x]
[taskset-1]     [-] emergency [x]
[taskset-1]         [o] emergency_condition [x]
[taskset-1]             --> IsBatteryLow [x]
[taskset-1]             --> IsEmergencyStopTriggered [x]
[taskset-1]             --> IsProximityTooClose [x]
[taskset-1]             --> IsSystemOverheated [x]
[taskset-1]         --> Stop [-]
[taskset-1]     [-] mission [x]
[taskset-1]         --> MissionActive [x]
[taskset-1]         [o] mission_selector [-]
[taskset-1]             [-] mission_object_response [-]
[taskset-1]                 --> ObjectSeen [-]
[taskset-1]                 --> HandleObjectAction [-]
[taskset-1]             [-] mission_progress [-]
[taskset-1]                 --> PublishMoveGoal [-]
[taskset-1]                 --> GoToObject [-]
[taskset-1]                 --> CheckStopCondition [-]
[taskset-1]                 --> AdvanceMove [-]
[taskset-1]     [-] navigation [x]
[taskset-1]         --> HasMpcGoal [x]
[taskset-1] 
[taskset-1] [INFO] [1791018105.941576922] [behavior_executor_node]: [IsProximityTooClose] DIAG scan: total=1081 in_window=721 excluded_by_filter=0 min_in_window=1.075 front_min=2.149
[taskset-1] [INFO] [1791018106.732947934] [behavior_executor_node]: BT snapshot -- root=FAILURE, lanes: emergency=FAILURE | mission=FAILURE | navigation=FAILURE
[taskset-1] [o] root [x]
[taskset-1]     [-] emergency [x]
[taskset-1]         [o] emergency_condition [x]
[taskset-1]             --> IsBatteryLow [x]
[taskset-1]             --> IsEmergencyStopTriggered [x]
[taskset-1]             --> IsProximityTooClose [x]
[taskset-1]             --> IsSystemOverheated [x]
[taskset-1]         --> Stop [-]
[taskset-1]     [-] mission [x]
[taskset-1]         --> MissionActive [x]
[taskset-1]         [o] mission_selector [-]
[taskset-1]             [-] mission_object_response [-]
[taskset-1]                 --> ObjectSeen [-]
[taskset-1]                 --> HandleObjectAction [-]
[taskset-1]             [-] mission_progress [-]
[taskset-1]                 --> PublishMoveGoal [-]
[taskset-1]                 --> GoToObject [-]
[taskset-1]                 --> CheckStopCondition [-]
[taskset-1]                 --> AdvanceMove [-]
[taskset-1]     [-] navigation [x]
[taskset-1]         --> HasMpcGoal [x]
[taskset-1] 
[taskset-1] [INFO] [1791018107.849946982] [behavior_executor_node]: BT snapshot -- root=FAILURE, lanes: emergency=FAILURE | mission=FAILURE | navigation=FAILURE
[taskset-1] [o] root [x]
[taskset-1]     [-] emergency [x]
[taskset-1]         [o] emergency_condition [x]
[taskset-1]             --> IsBatteryLow [x]
[taskset-1]             --> IsEmergencyStopTriggered [x]
[taskset-1]             --> IsProximityTooClose [x]
[taskset-1]             --> IsSystemOverheated [x]
[taskset-1]         --> Stop [-]
[taskset-1]     [-] mission [x]
[taskset-1]         --> MissionActive [x]
[taskset-1]         [o] mission_selector [-]
[taskset-1]             [-] mission_object_response [-]
[taskset-1]                 --> ObjectSeen [-]
[taskset-1]                 --> HandleObjectAction [-]
[taskset-1]             [-] mission_progress [-]
[taskset-1]                 --> PublishMoveGoal [-]
[taskset-1]                 --> GoToObject [-]
[taskset-1]                 --> CheckStopCondition [-]
[taskset-1]                 --> AdvanceMove [-]
[taskset-1]     [-] navigation [x]
[taskset-1]         --> HasMpcGoal [x]
[taskset-1] 
[taskset-1] [INFO] [1791018107.942977838] [behavior_executor_node]: [IsProximityTooClose] DIAG scan: total=1081 in_window=721 excluded_by_filter=0 min_in_window=1.133 front_min=2.512
[taskset-1] [INFO] [1791018108.931469322] [behavior_executor_node]: BT snapshot -- root=FAILURE, lanes: emergency=FAILURE | mission=FAILURE | navigation=FAILURE
[taskset-1] [o] root [x]
[taskset-1]     [-] emergency [x]
[taskset-1]         [o] emergency_condition [x]
[taskset-1]             --> IsBatteryLow [x]
[taskset-1]             --> IsEmergencyStopTriggered [x]
[taskset-1]             --> IsProximityTooClose [x]
[taskset-1]             --> IsSystemOverheated [x]
[taskset-1]         --> Stop [-]
[taskset-1]     [-] mission [x]
[taskset-1]         --> MissionActive [x]
[taskset-1]         [o] mission_selector [-]
[taskset-1]             [-] mission_object_response [-]
[taskset-1]                 --> ObjectSeen [-]
[taskset-1]                 --> HandleObjectAction [-]
[taskset-1]             [-] mission_progress [-]
[taskset-1]                 --> PublishMoveGoal [-]
[taskset-1]                 --> GoToObject [-]
[taskset-1]                 --> CheckStopCondition [-]
[taskset-1]                 --> AdvanceMove [-]
[taskset-1]     [-] navigation [x]
[taskset-1]         --> HasMpcGoal [x]
[taskset-1] 
[taskset-1] [INFO] [1791018109.934737119] [behavior_executor_node]: BT snapshot -- root=FAILURE, lanes: emergency=FAILURE | mission=FAILURE | navigation=FAILURE
[taskset-1] [o] root [x]
[taskset-1]     [-] emergency [x]
[taskset-1]         [o] emergency_condition [x]
[taskset-1]             --> IsBatteryLow [x]
[taskset-1]             --> IsEmergencyStopTriggered [x]
[taskset-1]             --> IsProximityTooClose [x]
[taskset-1]             --> IsSystemOverheated [x]
[taskset-1]         --> Stop [-]
[taskset-1]     [-] mission [x]
[taskset-1]         --> MissionActive [x]
[taskset-1]         [o] mission_selector [-]
[taskset-1]             [-] mission_object_response [-]
[taskset-1]                 --> ObjectSeen [-]
[taskset-1]                 --> HandleObjectAction [-]
[taskset-1]             [-] mission_progress [-]
[taskset-1]                 --> PublishMoveGoal [-]
[taskset-1]                 --> GoToObject [-]
[taskset-1]                 --> CheckStopCondition [-]
[taskset-1]                 --> AdvanceMove [-]
[taskset-1]     [-] navigation [x]
[taskset-1]         --> HasMpcGoal [x]
[taskset-1] 
[taskset-1] [INFO] [1791018109.944287967] [behavior_executor_node]: [IsProximityTooClose] DIAG scan: total=1081 in_window=721 excluded_by_filter=0 min_in_window=1.585 front_min=1.801
[taskset-1] [INFO] [1791018111.031268855] [behavior_executor_node]: BT snapshot -- root=FAILURE, lanes: emergency=FAILURE | mission=FAILURE | navigation=FAILURE
[taskset-1] [o] root [x]
[taskset-1]     [-] emergency [x]
[taskset-1]         [o] emergency_condition [x]
[taskset-1]             --> IsBatteryLow [x]
[taskset-1]             --> IsEmergencyStopTriggered [x]
[taskset-1]             --> IsProximityTooClose [x]
[taskset-1]             --> IsSystemOverheated [x]
[taskset-1]         --> Stop [-]
[taskset-1]     [-] mission [x]
[taskset-1]         --> MissionActive [x]
[taskset-1]         [o] mission_selector [-]
[taskset-1]             [-] mission_object_response [-]
[taskset-1]                 --> ObjectSeen [-]
[taskset-1]                 --> HandleObjectAction [-]
[taskset-1]             [-] mission_progress [-]
[taskset-1]                 --> PublishMoveGoal [-]
[taskset-1]                 --> GoToObject [-]
[taskset-1]                 --> CheckStopCondition [-]
[taskset-1]                 --> AdvanceMove [-]
[taskset-1]     [-] navigation [x]
[taskset-1]         --> HasMpcGoal [x]
[taskset-1] 
[taskset-1] [INFO] [1791018111.947767987] [behavior_executor_node]: [IsProximityTooClose] DIAG scan: total=1081 in_window=721 excluded_by_filter=0 min_in_window=1.186 front_min=1.978
[taskset-1] [INFO] [1791018112.131264946] [behavior_executor_node]: BT snapshot -- root=FAILURE, lanes: emergency=FAILURE | mission=FAILURE | navigation=FAILURE
[taskset-1] [o] root [x]
[taskset-1]     [-] emergency [x]
[taskset-1]         [o] emergency_condition [x]
[taskset-1]             --> IsBatteryLow [x]
[taskset-1]             --> IsEmergencyStopTriggered [x]
[taskset-1]             --> IsProximityTooClose [x]
[taskset-1]             --> IsSystemOverheated [x]
[taskset-1]         --> Stop [-]
[taskset-1]     [-] mission [x]
[taskset-1]         --> MissionActive [x]
[taskset-1]         [o] mission_selector [-]
[taskset-1]             [-] mission_object_response [-]
[taskset-1]                 --> ObjectSeen [-]
[taskset-1]                 --> HandleObjectAction [-]
[taskset-1]             [-] mission_progress [-]
[taskset-1]                 --> PublishMoveGoal [-]
[taskset-1]                 --> GoToObject [-]
[taskset-1]                 --> CheckStopCondition [-]
[taskset-1]                 --> AdvanceMove [-]
[taskset-1]     [-] navigation [x]
[taskset-1]         --> HasMpcGoal [x]
[taskset-1] 
[taskset-1] [INFO] [1791018113.132171490] [behavior_executor_node]: BT snapshot -- root=FAILURE, lanes: emergency=FAILURE | mission=FAILURE | navigation=FAILURE
[taskset-1] [o] root [x]
[taskset-1]     [-] emergency [x]
[taskset-1]         [o] emergency_condition [x]
[taskset-1]             --> IsBatteryLow [x]
[taskset-1]             --> IsEmergencyStopTriggered [x]
[taskset-1]             --> IsProximityTooClose [x]
[taskset-1]             --> IsSystemOverheated [x]
[taskset-1]         --> Stop [-]
[taskset-1]     [-] mission [x]
[taskset-1]         --> MissionActive [x]
[taskset-1]         [o] mission_selector [-]
[taskset-1]             [-] mission_object_response [-]
[taskset-1]                 --> ObjectSeen [-]
[taskset-1]                 --> HandleObjectAction [-]
[taskset-1]             [-] mission_progress [-]
[taskset-1]                 --> PublishMoveGoal [-]
[taskset-1]                 --> GoToObject [-]
[taskset-1]                 --> CheckStopCondition [-]
[taskset-1]                 --> AdvanceMove [-]
[taskset-1]     [-] navigation [x]
[taskset-1]         --> HasMpcGoal [x]
[taskset-1] 
[taskset-1] [INFO] [1791018114.032879744] [behavior_executor_node]: [IsProximityTooClose] DIAG scan: total=1081 in_window=721 excluded_by_filter=0 min_in_window=1.221 front_min=1.824
[taskset-1] [INFO] [1791018114.230985093] [behavior_executor_node]: BT snapshot -- root=FAILURE, lanes: emergency=FAILURE | mission=FAILURE | navigation=FAILURE
[taskset-1] [o] root [x]
[taskset-1]     [-] emergency [x]
[taskset-1]         [o] emergency_condition [x]
[taskset-1]             --> IsBatteryLow [x]
[taskset-1]             --> IsEmergencyStopTriggered [x]
[taskset-1]             --> IsProximityTooClose [x]
[taskset-1]             --> IsSystemOverheated [x]
[taskset-1]         --> Stop [-]
[taskset-1]     [-] mission [x]
[taskset-1]         --> MissionActive [x]
[taskset-1]         [o] mission_selector [-]
[taskset-1]             [-] mission_object_response [-]
[taskset-1]                 --> ObjectSeen [-]
[taskset-1]                 --> HandleObjectAction [-]
[taskset-1]             [-] mission_progress [-]
[taskset-1]                 --> PublishMoveGoal [-]
[taskset-1]                 --> GoToObject [-]
[taskset-1]                 --> CheckStopCondition [-]
[taskset-1]                 --> AdvanceMove [-]
[taskset-1]     [-] navigation [x]
[taskset-1]         --> HasMpcGoal [x]
[taskset-1] 
[taskset-1] [INFO] [1791018115.231270070] [behavior_executor_node]: BT snapshot -- root=FAILURE, lanes: emergency=FAILURE | mission=FAILURE | navigation=FAILURE
[taskset-1] [o] root [x]
[taskset-1]     [-] emergency [x]
[taskset-1]         [o] emergency_condition [x]
[taskset-1]             --> IsBatteryLow [x]
[taskset-1]             --> IsEmergencyStopTriggered [x]
[taskset-1]             --> IsProximityTooClose [x]
[taskset-1]             --> IsSystemOverheated [x]
[taskset-1]         --> Stop [-]
[taskset-1]     [-] mission [x]
[taskset-1]         --> MissionActive [x]
[taskset-1]         [o] mission_selector [-]
[taskset-1]             [-] mission_object_response [-]
[taskset-1]                 --> ObjectSeen [-]
[taskset-1]                 --> HandleObjectAction [-]
[taskset-1]             [-] mission_progress [-]
[taskset-1]                 --> PublishMoveGoal [-]
[taskset-1]                 --> GoToObject [-]
[taskset-1]                 --> CheckStopCondition [-]
[taskset-1]                 --> AdvanceMove [-]
[taskset-1]     [-] navigation [x]
[taskset-1]         --> HasMpcGoal [x]
[taskset-1] 
[taskset-1] [INFO] [1791018116.050787061] [behavior_executor_node]: [IsProximityTooClose] DIAG scan: total=1081 in_window=721 excluded_by_filter=0 min_in_window=1.250 front_min=1.310
[taskset-1] [INFO] [1791018116.232680538] [behavior_executor_node]: BT snapshot -- root=FAILURE, lanes: emergency=FAILURE | mission=FAILURE | navigation=FAILURE
[taskset-1] [o] root [x]
[taskset-1]     [-] emergency [x]
[taskset-1]         [o] emergency_condition [x]
[taskset-1]             --> IsBatteryLow [x]
[taskset-1]             --> IsEmergencyStopTriggered [x]
[taskset-1]             --> IsProximityTooClose [x]
[taskset-1]             --> IsSystemOverheated [x]
[taskset-1]         --> Stop [-]
[taskset-1]     [-] mission [x]
[taskset-1]         --> MissionActive [x]
[taskset-1]         [o] mission_selector [-]
[taskset-1]             [-] mission_object_response [-]
[taskset-1]                 --> ObjectSeen [-]
[taskset-1]                 --> HandleObjectAction [-]
[taskset-1]             [-] mission_progress [-]
[taskset-1]                 --> PublishMoveGoal [-]
[taskset-1]                 --> GoToObject [-]
[taskset-1]                 --> CheckStopCondition [-]
[taskset-1]                 --> AdvanceMove [-]
[taskset-1]     [-] navigation [x]
[taskset-1]         --> HasMpcGoal [x]
[taskset-1] 
[taskset-1] [INFO] [1791018117.235539122] [behavior_executor_node]: BT snapshot -- root=FAILURE, lanes: emergency=FAILURE | mission=FAILURE | navigation=FAILURE
[taskset-1] [o] root [x]
[taskset-1]     [-] emergency [x]
[taskset-1]         [o] emergency_condition [x]
[taskset-1]             --> IsBatteryLow [x]
[taskset-1]             --> IsEmergencyStopTriggered [x]
[taskset-1]             --> IsProximityTooClose [x]
[taskset-1]             --> IsSystemOverheated [x]
[taskset-1]         --> Stop [-]
[taskset-1]     [-] mission [x]
[taskset-1]         --> MissionActive [x]
[taskset-1]         [o] mission_selector [-]
[taskset-1]             [-] mission_object_response [-]
[taskset-1]                 --> ObjectSeen [-]
[taskset-1]                 --> HandleObjectAction [-]
[taskset-1]             [-] mission_progress [-]
[taskset-1]                 --> PublishMoveGoal [-]
[taskset-1]                 --> GoToObject [-]
[taskset-1]                 --> CheckStopCondition [-]
[taskset-1]                 --> AdvanceMove [-]
[taskset-1]     [-] navigation [x]
[taskset-1]         --> HasMpcGoal [x]
[taskset-1] 
[taskset-1] [INFO] [1791018118.073557335] [behavior_executor_node]: [IsProximityTooClose] DIAG scan: total=1081 in_window=721 excluded_by_filter=0 min_in_window=0.845 front_min=1.883
[taskset-1] [INFO] [1791018118.347611317] [behavior_executor_node]: BT snapshot -- root=FAILURE, lanes: emergency=FAILURE | mission=FAILURE | navigation=FAILURE
[taskset-1] [o] root [x]
[taskset-1]     [-] emergency [x]
[taskset-1]         [o] emergency_condition [x]
[taskset-1]             --> IsBatteryLow [x]
[taskset-1]             --> IsEmergencyStopTriggered [x]
[taskset-1]             --> IsProximityTooClose [x]
[taskset-1]             --> IsSystemOverheated [x]
[taskset-1]         --> Stop [-]
[taskset-1]     [-] mission [x]
[taskset-1]         --> MissionActive [x]
[taskset-1]         [o] mission_selector [-]
[taskset-1]             [-] mission_object_response [-]
[taskset-1]                 --> ObjectSeen [-]
[taskset-1]                 --> HandleObjectAction [-]
[taskset-1]             [-] mission_progress [-]
[taskset-1]                 --> PublishMoveGoal [-]
[taskset-1]                 --> GoToObject [-]
[taskset-1]                 --> CheckStopCondition [-]
[taskset-1]                 --> AdvanceMove [-]
[taskset-1]     [-] navigation [x]
[taskset-1]         --> HasMpcGoal [x]
[taskset-1] 
[taskset-1] [INFO] [1791018119.431670097] [behavior_executor_node]: BT snapshot -- root=FAILURE, lanes: emergency=FAILURE | mission=FAILURE | navigation=FAILURE
[taskset-1] [o] root [x]
[taskset-1]     [-] emergency [x]
[taskset-1]         [o] emergency_condition [x]
[taskset-1]             --> IsBatteryLow [x]
[taskset-1]             --> IsEmergencyStopTriggered [x]
[taskset-1]             --> IsProximityTooClose [x]
[taskset-1]             --> IsSystemOverheated [x]
[taskset-1]         --> Stop [-]
[taskset-1]     [-] mission [x]
[taskset-1]         --> MissionActive [x]
[taskset-1]         [o] mission_selector [-]
[taskset-1]             [-] mission_object_response [-]
[taskset-1]                 --> ObjectSeen [-]
[taskset-1]                 --> HandleObjectAction [-]
[taskset-1]             [-] mission_progress [-]
[taskset-1]                 --> PublishMoveGoal [-]
[taskset-1]                 --> GoToObject [-]
[taskset-1]                 --> CheckStopCondition [-]
[taskset-1]                 --> AdvanceMove [-]
[taskset-1]     [-] navigation [x]
[taskset-1]         --> HasMpcGoal [x]
[taskset-1] 
[taskset-1] [INFO] [1791018120.096562052] [behavior_executor_node]: [IsProximityTooClose] DIAG scan: total=1081 in_window=721 excluded_by_filter=0 min_in_window=0.551 front_min=1.662
[taskset-1] [INFO] [1791018120.440960533] [behavior_executor_node]: BT snapshot -- root=FAILURE, lanes: emergency=FAILURE | mission=FAILURE | navigation=FAILURE
[taskset-1] [o] root [x]
[taskset-1]     [-] emergency [x]
[taskset-1]         [o] emergency_condition [x]
[taskset-1]             --> IsBatteryLow [x]
[taskset-1]             --> IsEmergencyStopTriggered [x]
[taskset-1]             --> IsProximityTooClose [x]
[taskset-1]             --> IsSystemOverheated [x]
[taskset-1]         --> Stop [-]
[taskset-1]     [-] mission [x]
[taskset-1]         --> MissionActive [x]
[taskset-1]         [o] mission_selector [-]
[taskset-1]             [-] mission_object_response [-]
[taskset-1]                 --> ObjectSeen [-]
[taskset-1]                 --> HandleObjectAction [-]
[taskset-1]             [-] mission_progress [-]
[taskset-1]                 --> PublishMoveGoal [-]
[taskset-1]                 --> GoToObject [-]
[taskset-1]                 --> CheckStopCondition [-]
[taskset-1]                 --> AdvanceMove [-]
[taskset-1]     [-] navigation [x]
[taskset-1]         --> HasMpcGoal [x]
[taskset-1] 
[taskset-1] [INFO] [1791018121.531126685] [behavior_executor_node]: BT snapshot -- root=FAILURE, lanes: emergency=FAILURE | mission=FAILURE | navigation=FAILURE
[taskset-1] [o] root [x]
[taskset-1]     [-] emergency [x]
[taskset-1]         [o] emergency_condition [x]
[taskset-1]             --> IsBatteryLow [x]
[taskset-1]             --> IsEmergencyStopTriggered [x]
[taskset-1]             --> IsProximityTooClose [x]
[taskset-1]             --> IsSystemOverheated [x]
[taskset-1]         --> Stop [-]
[taskset-1]     [-] mission [x]
[taskset-1]         --> MissionActive [x]
[taskset-1]         [o] mission_selector [-]
[taskset-1]             [-] mission_object_response [-]
[taskset-1]                 --> ObjectSeen [-]
[taskset-1]                 --> HandleObjectAction [-]
[taskset-1]             [-] mission_progress [-]
[taskset-1]                 --> PublishMoveGoal [-]
[taskset-1]                 --> GoToObject [-]
[taskset-1]                 --> CheckStopCondition [-]
[taskset-1]                 --> AdvanceMove [-]
[taskset-1]     [-] navigation [x]
[taskset-1]         --> HasMpcGoal [x]
[taskset-1] 
[taskset-1] [INFO] [1791018122.116518418] [behavior_executor_node]: [IsProximityTooClose] DIAG scan: total=1081 in_window=721 excluded_by_filter=0 min_in_window=0.643 front_min=1.643
[taskset-1] [INFO] [1791018122.631393325] [behavior_executor_node]: BT snapshot -- root=FAILURE, lanes: emergency=FAILURE | mission=FAILURE | navigation=FAILURE
[taskset-1] [o] root [x]
[taskset-1]     [-] emergency [x]
[taskset-1]         [o] emergency_condition [x]
[taskset-1]             --> IsBatteryLow [x]
[taskset-1]             --> IsEmergencyStopTriggered [x]
[taskset-1]             --> IsProximityTooClose [x]
[taskset-1]             --> IsSystemOverheated [x]
[taskset-1]         --> Stop [-]
[taskset-1]     [-] mission [x]
[taskset-1]         --> MissionActive [x]
[taskset-1]         [o] mission_selector [-]
[taskset-1]             [-] mission_object_response [-]
[taskset-1]                 --> ObjectSeen [-]
[taskset-1]                 --> HandleObjectAction [-]
[taskset-1]             [-] mission_progress [-]
[taskset-1]                 --> PublishMoveGoal [-]
[taskset-1]                 --> GoToObject [-]
[taskset-1]                 --> CheckStopCondition [-]
[taskset-1]                 --> AdvanceMove [-]
[taskset-1]     [-] navigation [x]
[taskset-1]         --> HasMpcGoal [x]
[taskset-1] 
[taskset-1] [INFO] [1791018123.847322706] [behavior_executor_node]: BT snapshot -- root=FAILURE, lanes: emergency=FAILURE | mission=FAILURE | navigation=FAILURE
[taskset-1] [o] root [x]
[taskset-1]     [-] emergency [x]
[taskset-1]         [o] emergency_condition [x]
[taskset-1]             --> IsBatteryLow [x]
[taskset-1]             --> IsEmergencyStopTriggered [x]
[taskset-1]             --> IsProximityTooClose [x]
[taskset-1]             --> IsSystemOverheated [x]
[taskset-1]         --> Stop [-]
[taskset-1]     [-] mission [x]
[taskset-1]         --> MissionActive [x]
[taskset-1]         [o] mission_selector [-]
[taskset-1]             [-] mission_object_response [-]
[taskset-1]                 --> ObjectSeen [-]
[taskset-1]                 --> HandleObjectAction [-]
[taskset-1]             [-] mission_progress [-]
[taskset-1]                 --> PublishMoveGoal [-]
[taskset-1]                 --> GoToObject [-]
[taskset-1]                 --> CheckStopCondition [-]
[taskset-1]                 --> AdvanceMove [-]
[taskset-1]     [-] navigation [x]
[taskset-1]         --> HasMpcGoal [x]
[taskset-1] 
[taskset-1] [INFO] [1791018124.138185886] [behavior_executor_node]: [IsProximityTooClose] DIAG scan: total=1081 in_window=721 excluded_by_filter=0 min_in_window=0.576 front_min=1.510
[taskset-1] [INFO] [1791018124.940020869] [behavior_executor_node]: BT snapshot -- root=FAILURE, lanes: emergency=FAILURE | mission=FAILURE | navigation=FAILURE
[taskset-1] [o] root [x]
[taskset-1]     [-] emergency [x]
[taskset-1]         [o] emergency_condition [x]
[taskset-1]             --> IsBatteryLow [x]
[taskset-1]             --> IsEmergencyStopTriggered [x]
[taskset-1]             --> IsProximityTooClose [x]
[taskset-1]             --> IsSystemOverheated [x]
[taskset-1]         --> Stop [-]
[taskset-1]     [-] mission [x]
[taskset-1]         --> MissionActive [x]
[taskset-1]         [o] mission_selector [-]
[taskset-1]             [-] mission_object_response [-]
[taskset-1]                 --> ObjectSeen [-]
[taskset-1]                 --> HandleObjectAction [-]
[taskset-1]             [-] mission_progress [-]
[taskset-1]                 --> PublishMoveGoal [-]
[taskset-1]                 --> GoToObject [-]
[taskset-1]                 --> CheckStopCondition [-]
[taskset-1]                 --> AdvanceMove [-]
[taskset-1]     [-] navigation [x]
[taskset-1]         --> HasMpcGoal [x]
[taskset-1] 
[taskset-1] [INFO] [1791018126.031830459] [behavior_executor_node]: BT snapshot -- root=FAILURE, lanes: emergency=FAILURE | mission=FAILURE | navigation=FAILURE
[taskset-1] [o] root [x]
[taskset-1]     [-] emergency [x]
[taskset-1]         [o] emergency_condition [x]
[taskset-1]             --> IsBatteryLow [x]
[taskset-1]             --> IsEmergencyStopTriggered [x]
[taskset-1]             --> IsProximityTooClose [x]
[taskset-1]             --> IsSystemOverheated [x]
[taskset-1]         --> Stop [-]
[taskset-1]     [-] mission [x]
[taskset-1]         --> MissionActive [x]
[taskset-1]         [o] mission_selector [-]
[taskset-1]             [-] mission_object_response [-]
[taskset-1]                 --> ObjectSeen [-]
[taskset-1]                 --> HandleObjectAction [-]
[taskset-1]             [-] mission_progress [-]
[taskset-1]                 --> PublishMoveGoal [-]
[taskset-1]                 --> GoToObject [-]
[taskset-1]                 --> CheckStopCondition [-]
[taskset-1]                 --> AdvanceMove [-]
[taskset-1]     [-] navigation [x]
[taskset-1]         --> HasMpcGoal [x]
[taskset-1] 
[taskset-1] [INFO] [1791018126.155287067] [behavior_executor_node]: [IsProximityTooClose] DIAG scan: total=1081 in_window=721 excluded_by_filter=0 min_in_window=0.534 front_min=1.485
[taskset-1] [INFO] [1791018127.131748995] [behavior_executor_node]: BT snapshot -- root=FAILURE, lanes: emergency=FAILURE | mission=FAILURE | navigation=FAILURE
[taskset-1] [o] root [x]
[taskset-1]     [-] emergency [x]
[taskset-1]         [o] emergency_condition [x]
[taskset-1]             --> IsBatteryLow [x]
[taskset-1]             --> IsEmergencyStopTriggered [x]
[taskset-1]             --> IsProximityTooClose [x]
[taskset-1]             --> IsSystemOverheated [x]
[taskset-1]         --> Stop [-]
[taskset-1]     [-] mission [x]
[taskset-1]         --> MissionActive [x]
[taskset-1]         [o] mission_selector [-]
[taskset-1]             [-] mission_object_response [-]
[taskset-1]                 --> ObjectSeen [-]
[taskset-1]                 --> HandleObjectAction [-]
[taskset-1]             [-] mission_progress [-]
[taskset-1]                 --> PublishMoveGoal [-]
[taskset-1]                 --> GoToObject [-]
[taskset-1]                 --> CheckStopCondition [-]
[taskset-1]                 --> AdvanceMove [-]
[taskset-1]     [-] navigation [x]
[taskset-1]         --> HasMpcGoal [x]
[taskset-1] 
[taskset-1] [INFO] [1791018128.135444384] [behavior_executor_node]: BT snapshot -- root=FAILURE, lanes: emergency=FAILURE | mission=FAILURE | navigation=FAILURE
[taskset-1] [o] root [x]
[taskset-1]     [-] emergency [x]
[taskset-1]         [o] emergency_condition [x]
[taskset-1]             --> IsBatteryLow [x]
[taskset-1]             --> IsEmergencyStopTriggered [x]
[taskset-1]             --> IsProximityTooClose [x]
[taskset-1]             --> IsSystemOverheated [x]
[taskset-1]         --> Stop [-]
[taskset-1]     [-] mission [x]
[taskset-1]         --> MissionActive [x]
[taskset-1]         [o] mission_selector [-]
[taskset-1]             [-] mission_object_response [-]
[taskset-1]                 --> ObjectSeen [-]
[taskset-1]                 --> HandleObjectAction [-]
[taskset-1]             [-] mission_progress [-]
[taskset-1]                 --> PublishMoveGoal [-]
[taskset-1]                 --> GoToObject [-]
[taskset-1]                 --> CheckStopCondition [-]
[taskset-1]                 --> AdvanceMove [-]
[taskset-1]     [-] navigation [x]
[taskset-1]         --> HasMpcGoal [x]
[taskset-1] 
[taskset-1] [INFO] [1791018128.185493292] [behavior_executor_node]: [IsProximityTooClose] DIAG scan: total=1081 in_window=721 excluded_by_filter=0 min_in_window=0.620 front_min=1.325
[taskset-1] [INFO] [1791018129.245174128] [behavior_executor_node]: BT snapshot -- root=FAILURE, lanes: emergency=FAILURE | mission=FAILURE | navigation=FAILURE
[taskset-1] [o] root [x]
[taskset-1]     [-] emergency [x]
[taskset-1]         [o] emergency_condition [x]
[taskset-1]             --> IsBatteryLow [x]
[taskset-1]             --> IsEmergencyStopTriggered [x]
[taskset-1]             --> IsProximityTooClose [x]
[taskset-1]             --> IsSystemOverheated [x]
[taskset-1]         --> Stop [-]
[taskset-1]     [-] mission [x]
[taskset-1]         --> MissionActive [x]
[taskset-1]         [o] mission_selector [-]
[taskset-1]             [-] mission_object_response [-]
[taskset-1]                 --> ObjectSeen [-]
[taskset-1]                 --> HandleObjectAction [-]
[taskset-1]             [-] mission_progress [-]
[taskset-1]                 --> PublishMoveGoal [-]
[taskset-1]                 --> GoToObject [-]
[taskset-1]                 --> CheckStopCondition [-]
[taskset-1]                 --> AdvanceMove [-]
[taskset-1]     [-] navigation [x]
[taskset-1]         --> HasMpcGoal [x]
[taskset-1] 
[taskset-1] [INFO] [1791018130.214653621] [behavior_executor_node]: [IsProximityTooClose] DIAG scan: total=1081 in_window=721 excluded_by_filter=0 min_in_window=0.957 front_min=1.262
[taskset-1] [INFO] [1791018130.331455683] [behavior_executor_node]: BT snapshot -- root=FAILURE, lanes: emergency=FAILURE | mission=FAILURE | navigation=FAILURE
[taskset-1] [o] root [x]
[taskset-1]     [-] emergency [x]
[taskset-1]         [o] emergency_condition [x]
[taskset-1]             --> IsBatteryLow [x]
[taskset-1]             --> IsEmergencyStopTriggered [x]
[taskset-1]             --> IsProximityTooClose [x]
[taskset-1]             --> IsSystemOverheated [x]
[taskset-1]         --> Stop [-]
[taskset-1]     [-] mission [x]
[taskset-1]         --> MissionActive [x]
[taskset-1]         [o] mission_selector [-]
[taskset-1]             [-] mission_object_response [-]
[taskset-1]                 --> ObjectSeen [-]
[taskset-1]                 --> HandleObjectAction [-]
[taskset-1]             [-] mission_progress [-]
[taskset-1]                 --> PublishMoveGoal [-]
[taskset-1]                 --> GoToObject [-]
[taskset-1]                 --> CheckStopCondition [-]
[taskset-1]                 --> AdvanceMove [-]
[taskset-1]     [-] navigation [x]
[taskset-1]         --> HasMpcGoal [x]
[taskset-1] 
[taskset-1] [INFO] [1791018131.331546716] [behavior_executor_node]: BT snapshot -- root=FAILURE, lanes: emergency=FAILURE | mission=FAILURE | navigation=FAILURE
[taskset-1] [o] root [x]
[taskset-1]     [-] emergency [x]
[taskset-1]         [o] emergency_condition [x]
[taskset-1]             --> IsBatteryLow [x]
[taskset-1]             --> IsEmergencyStopTriggered [x]
[taskset-1]             --> IsProximityTooClose [x]
[taskset-1]             --> IsSystemOverheated [x]
[taskset-1]         --> Stop [-]
[taskset-1]     [-] mission [x]
[taskset-1]         --> MissionActive [x]
[taskset-1]         [o] mission_selector [-]
[taskset-1]             [-] mission_object_response [-]
[taskset-1]                 --> ObjectSeen [-]
[taskset-1]                 --> HandleObjectAction [-]
[taskset-1]             [-] mission_progress [-]
[taskset-1]                 --> PublishMoveGoal [-]
[taskset-1]                 --> GoToObject [-]
[taskset-1]                 --> CheckStopCondition [-]
[taskset-1]                 --> AdvanceMove [-]
[taskset-1]     [-] navigation [x]
[taskset-1]         --> HasMpcGoal [x]
[taskset-1] 
[taskset-1] [INFO] [1791018132.215268589] [behavior_executor_node]: [IsProximityTooClose] DIAG scan: total=1081 in_window=721 excluded_by_filter=0 min_in_window=0.802 front_min=1.155
[taskset-1] [INFO] [1791018132.331497198] [behavior_executor_node]: BT snapshot -- root=FAILURE, lanes: emergency=FAILURE | mission=FAILURE | navigation=FAILURE
[taskset-1] [o] root [x]
[taskset-1]     [-] emergency [x]
[taskset-1]         [o] emergency_condition [x]
[taskset-1]             --> IsBatteryLow [x]
[taskset-1]             --> IsEmergencyStopTriggered [x]
[taskset-1]             --> IsProximityTooClose [x]
[taskset-1]             --> IsSystemOverheated [x]
[taskset-1]         --> Stop [-]
[taskset-1]     [-] mission [x]
[taskset-1]         --> MissionActive [x]
[taskset-1]         [o] mission_selector [-]
[taskset-1]             [-] mission_object_response [-]
[taskset-1]                 --> ObjectSeen [-]
[taskset-1]                 --> HandleObjectAction [-]
[taskset-1]             [-] mission_progress [-]
[taskset-1]                 --> PublishMoveGoal [-]
[taskset-1]                 --> GoToObject [-]
[taskset-1]                 --> CheckStopCondition [-]
[taskset-1]                 --> AdvanceMove [-]
[taskset-1]     [-] navigation [x]
[taskset-1]         --> HasMpcGoal [x]
[taskset-1] 
[taskset-1] [INFO] [1791018133.438335159] [behavior_executor_node]: BT snapshot -- root=FAILURE, lanes: emergency=FAILURE | mission=FAILURE | navigation=FAILURE
[taskset-1] [o] root [x]
[taskset-1]     [-] emergency [x]
[taskset-1]         [o] emergency_condition [x]
[taskset-1]             --> IsBatteryLow [x]
[taskset-1]             --> IsEmergencyStopTriggered [x]
[taskset-1]             --> IsProximityTooClose [x]
[taskset-1]             --> IsSystemOverheated [x]
[taskset-1]         --> Stop [-]
[taskset-1]     [-] mission [x]
[taskset-1]         --> MissionActive [x]
[taskset-1]         [o] mission_selector [-]
[taskset-1]             [-] mission_object_response [-]
[taskset-1]                 --> ObjectSeen [-]
[taskset-1]                 --> HandleObjectAction [-]
[taskset-1]             [-] mission_progress [-]
[taskset-1]                 --> PublishMoveGoal [-]
[taskset-1]                 --> GoToObject [-]
[taskset-1]                 --> CheckStopCondition [-]
[taskset-1]                 --> AdvanceMove [-]
[taskset-1]     [-] navigation [x]
[taskset-1]         --> HasMpcGoal [x]
[taskset-1] 
[taskset-1] [INFO] [1791018134.228940236] [behavior_executor_node]: [IsProximityTooClose] DIAG scan: total=1081 in_window=721 excluded_by_filter=0 min_in_window=0.753 front_min=1.629
[taskset-1] [INFO] [1791018134.531342840] [behavior_executor_node]: BT snapshot -- root=FAILURE, lanes: emergency=FAILURE | mission=FAILURE | navigation=FAILURE
[taskset-1] [o] root [x]
[taskset-1]     [-] emergency [x]
[taskset-1]         [o] emergency_condition [x]
[taskset-1]             --> IsBatteryLow [x]
[taskset-1]             --> IsEmergencyStopTriggered [x]
[taskset-1]             --> IsProximityTooClose [x]
[taskset-1]             --> IsSystemOverheated [x]
[taskset-1]         --> Stop [-]
[taskset-1]     [-] mission [x]
[taskset-1]         --> MissionActive [x]
[taskset-1]         [o] mission_selector [-]
[taskset-1]             [-] mission_object_response [-]
[taskset-1]                 --> ObjectSeen [-]
[taskset-1]                 --> HandleObjectAction [-]
[taskset-1]             [-] mission_progress [-]
[taskset-1]                 --> PublishMoveGoal [-]
[taskset-1]                 --> GoToObject [-]
[taskset-1]                 --> CheckStopCondition [-]
[taskset-1]                 --> AdvanceMove [-]
[taskset-1]     [-] navigation [x]
[taskset-1]         --> HasMpcGoal [x]
[taskset-1] 
[taskset-1] [INFO] [1791018135.631127044] [behavior_executor_node]: BT snapshot -- root=FAILURE, lanes: emergency=FAILURE | mission=FAILURE | navigation=FAILURE
[taskset-1] [o] root [x]
[taskset-1]     [-] emergency [x]
[taskset-1]         [o] emergency_condition [x]
[taskset-1]             --> IsBatteryLow [x]
[taskset-1]             --> IsEmergencyStopTriggered [x]
[taskset-1]             --> IsProximityTooClose [x]
[taskset-1]             --> IsSystemOverheated [x]
[taskset-1]         --> Stop [-]
[taskset-1]     [-] mission [x]
[taskset-1]         --> MissionActive [x]
[taskset-1]         [o] mission_selector [-]
[taskset-1]             [-] mission_object_response [-]
[taskset-1]                 --> ObjectSeen [-]
[taskset-1]                 --> HandleObjectAction [-]
[taskset-1]             [-] mission_progress [-]
[taskset-1]                 --> PublishMoveGoal [-]
[taskset-1]                 --> GoToObject [-]
[taskset-1]                 --> CheckStopCondition [-]
[taskset-1]                 --> AdvanceMove [-]
[taskset-1]     [-] navigation [x]
[taskset-1]         --> HasMpcGoal [x]
[taskset-1] 
[taskset-1] [INFO] [1791018136.247732951] [behavior_executor_node]: [IsProximityTooClose] DIAG scan: total=1081 in_window=721 excluded_by_filter=0 min_in_window=0.939 front_min=1.273
[taskset-1] [INFO] [1791018136.631075811] [behavior_executor_node]: BT snapshot -- root=FAILURE, lanes: emergency=FAILURE | mission=FAILURE | navigation=FAILURE
[taskset-1] [o] root [x]
[taskset-1]     [-] emergency [x]
[taskset-1]         [o] emergency_condition [x]
[taskset-1]             --> IsBatteryLow [x]
[taskset-1]             --> IsEmergencyStopTriggered [x]
[taskset-1]             --> IsProximityTooClose [x]
[taskset-1]             --> IsSystemOverheated [x]
[taskset-1]         --> Stop [-]
[taskset-1]     [-] mission [x]
[taskset-1]         --> MissionActive [x]
[taskset-1]         [o] mission_selector [-]
[taskset-1]             [-] mission_object_response [-]
[taskset-1]                 --> ObjectSeen [-]
[taskset-1]                 --> HandleObjectAction [-]
[taskset-1]             [-] mission_progress [-]
[taskset-1]                 --> PublishMoveGoal [-]
[taskset-1]                 --> GoToObject [-]
[taskset-1]                 --> CheckStopCondition [-]
[taskset-1]                 --> AdvanceMove [-]
[taskset-1]     [-] navigation [x]
[taskset-1]         --> HasMpcGoal [x]
[taskset-1] 
[taskset-1] [INFO] [1791018137.643924843] [behavior_executor_node]: BT snapshot -- root=FAILURE, lanes: emergency=FAILURE | mission=FAILURE | navigation=FAILURE
[taskset-1] [o] root [x]
[taskset-1]     [-] emergency [x]
[taskset-1]         [o] emergency_condition [x]
[taskset-1]             --> IsBatteryLow [x]
[taskset-1]             --> IsEmergencyStopTriggered [x]
[taskset-1]             --> IsProximityTooClose [x]
[taskset-1]             --> IsSystemOverheated [x]
[taskset-1]         --> Stop [-]
[taskset-1]     [-] mission [x]
[taskset-1]         --> MissionActive [x]
[taskset-1]         [o] mission_selector [-]
[taskset-1]             [-] mission_object_response [-]
[taskset-1]                 --> ObjectSeen [-]
[taskset-1]                 --> HandleObjectAction [-]
[taskset-1]             [-] mission_progress [-]
[taskset-1]                 --> PublishMoveGoal [-]
[taskset-1]                 --> GoToObject [-]
[taskset-1]                 --> CheckStopCondition [-]
[taskset-1]                 --> AdvanceMove [-]
[taskset-1]     [-] navigation [x]
[taskset-1]         --> HasMpcGoal [x]
[taskset-1] 
[taskset-1] [INFO] [1791018138.341307408] [behavior_executor_node]: [IsProximityTooClose] DIAG scan: total=1081 in_window=721 excluded_by_filter=0 min_in_window=0.852 front_min=1.283
[taskset-1] [INFO] [1791018138.731162027] [behavior_executor_node]: BT snapshot -- root=FAILURE, lanes: emergency=FAILURE | mission=FAILURE | navigation=FAILURE
[taskset-1] [o] root [x]
[taskset-1]     [-] emergency [x]
[taskset-1]         [o] emergency_condition [x]
[taskset-1]             --> IsBatteryLow [x]
[taskset-1]             --> IsEmergencyStopTriggered [x]
[taskset-1]             --> IsProximityTooClose [x]
[taskset-1]             --> IsSystemOverheated [x]
[taskset-1]         --> Stop [-]
[taskset-1]     [-] mission [x]
[taskset-1]         --> MissionActive [x]
[taskset-1]         [o] mission_selector [-]
[taskset-1]             [-] mission_object_response [-]
[taskset-1]                 --> ObjectSeen [-]
[taskset-1]                 --> HandleObjectAction [-]
[taskset-1]             [-] mission_progress [-]
[taskset-1]                 --> PublishMoveGoal [-]
[taskset-1]                 --> GoToObject [-]
[taskset-1]                 --> CheckStopCondition [-]
[taskset-1]                 --> AdvanceMove [-]
[taskset-1]     [-] navigation [x]
[taskset-1]         --> HasMpcGoal [x]
[taskset-1] 
[taskset-1] [INFO] [1791018139.731544402] [behavior_executor_node]: BT snapshot -- root=FAILURE, lanes: emergency=FAILURE | mission=FAILURE | navigation=FAILURE
[taskset-1] [o] root [x]
[taskset-1]     [-] emergency [x]
[taskset-1]         [o] emergency_condition [x]
[taskset-1]             --> IsBatteryLow [x]
[taskset-1]             --> IsEmergencyStopTriggered [x]
[taskset-1]             --> IsProximityTooClose [x]
[taskset-1]             --> IsSystemOverheated [x]
[taskset-1]         --> Stop [-]
[taskset-1]     [-] mission [x]
[taskset-1]         --> MissionActive [x]
[taskset-1]         [o] mission_selector [-]
[taskset-1]             [-] mission_object_response [-]
[taskset-1]                 --> ObjectSeen [-]
[taskset-1]                 --> HandleObjectAction [-]
[taskset-1]             [-] mission_progress [-]
[taskset-1]                 --> PublishMoveGoal [-]
[taskset-1]                 --> GoToObject [-]
[taskset-1]                 --> CheckStopCondition [-]
[taskset-1]                 --> AdvanceMove [-]
[taskset-1]     [-] navigation [x]
[taskset-1]         --> HasMpcGoal [x]
[taskset-1] 
[taskset-1] [INFO] [1791018140.455367531] [behavior_executor_node]: [IsProximityTooClose] DIAG scan: total=1081 in_window=721 excluded_by_filter=0 min_in_window=0.885 front_min=1.812
[taskset-1] [INFO] [1791018140.731612407] [behavior_executor_node]: BT snapshot -- root=FAILURE, lanes: emergency=FAILURE | mission=FAILURE | navigation=FAILURE
[taskset-1] [o] root [x]
[taskset-1]     [-] emergency [x]
[taskset-1]         [o] emergency_condition [x]
[taskset-1]             --> IsBatteryLow [x]
[taskset-1]             --> IsEmergencyStopTriggered [x]
[taskset-1]             --> IsProximityTooClose [x]
[taskset-1]             --> IsSystemOverheated [x]
[taskset-1]         --> Stop [-]
[taskset-1]     [-] mission [x]
[taskset-1]         --> MissionActive [x]
[taskset-1]         [o] mission_selector [-]
[taskset-1]             [-] mission_object_response [-]
[taskset-1]                 --> ObjectSeen [-]
[taskset-1]                 --> HandleObjectAction [-]
[taskset-1]             [-] mission_progress [-]
[taskset-1]                 --> PublishMoveGoal [-]
[taskset-1]                 --> GoToObject [-]
[taskset-1]                 --> CheckStopCondition [-]
[taskset-1]                 --> AdvanceMove [-]
[taskset-1]     [-] navigation [x]
[taskset-1]         --> HasMpcGoal [x]
[taskset-1] 
[taskset-1] [INFO] [1791018141.841018854] [behavior_executor_node]: BT snapshot -- root=FAILURE, lanes: emergency=FAILURE | mission=FAILURE | navigation=FAILURE
[taskset-1] [o] root [x]
[taskset-1]     [-] emergency [x]
[taskset-1]         [o] emergency_condition [x]
[taskset-1]             --> IsBatteryLow [x]
[taskset-1]             --> IsEmergencyStopTriggered [x]
[taskset-1]             --> IsProximityTooClose [x]
[taskset-1]             --> IsSystemOverheated [x]
[taskset-1]         --> Stop [-]
[taskset-1]     [-] mission [x]
[taskset-1]         --> MissionActive [x]
[taskset-1]         [o] mission_selector [-]
[taskset-1]             [-] mission_object_response [-]
[taskset-1]                 --> ObjectSeen [-]
[taskset-1]                 --> HandleObjectAction [-]
[taskset-1]             [-] mission_progress [-]
[taskset-1]                 --> PublishMoveGoal [-]
[taskset-1]                 --> GoToObject [-]
[taskset-1]                 --> CheckStopCondition [-]
[taskset-1]                 --> AdvanceMove [-]
[taskset-1]     [-] navigation [x]
[taskset-1]         --> HasMpcGoal [x]
[taskset-1] 
[taskset-1] [INFO] [1791018142.455627327] [behavior_executor_node]: [IsProximityTooClose] DIAG scan: total=1081 in_window=721 excluded_by_filter=0 min_in_window=0.909 front_min=2.014
[taskset-1] [INFO] [1791018142.931586737] [behavior_executor_node]: BT snapshot -- root=FAILURE, lanes: emergency=FAILURE | mission=FAILURE | navigation=FAILURE
[taskset-1] [o] root [x]
[taskset-1]     [-] emergency [x]
[taskset-1]         [o] emergency_condition [x]
[taskset-1]             --> IsBatteryLow [x]
[taskset-1]             --> IsEmergencyStopTriggered [x]
[taskset-1]             --> IsProximityTooClose [x]
[taskset-1]             --> IsSystemOverheated [x]
[taskset-1]         --> Stop [-]
[taskset-1]     [-] mission [x]
[taskset-1]         --> MissionActive [x]
[taskset-1]         [o] mission_selector [-]
[taskset-1]             [-] mission_object_response [-]
[taskset-1]                 --> ObjectSeen [-]
[taskset-1]                 --> HandleObjectAction [-]
[taskset-1]             [-] mission_progress [-]
[taskset-1]                 --> PublishMoveGoal [-]
[taskset-1]                 --> GoToObject [-]
[taskset-1]                 --> CheckStopCondition [-]
[taskset-1]                 --> AdvanceMove [-]
[taskset-1]     [-] navigation [x]
[taskset-1]         --> HasMpcGoal [x]
[taskset-1] 
[taskset-1] [INFO] [1791018144.031230171] [behavior_executor_node]: BT snapshot -- root=FAILURE, lanes: emergency=FAILURE | mission=FAILURE | navigation=FAILURE
[taskset-1] [o] root [x]
[taskset-1]     [-] emergency [x]
[taskset-1]         [o] emergency_condition [x]
[taskset-1]             --> IsBatteryLow [x]
[taskset-1]             --> IsEmergencyStopTriggered [x]
[taskset-1]             --> IsProximityTooClose [x]
[taskset-1]             --> IsSystemOverheated [x]
[taskset-1]         --> Stop [-]
[taskset-1]     [-] mission [x]
[taskset-1]         --> MissionActive [x]
[taskset-1]         [o] mission_selector [-]
[taskset-1]             [-] mission_object_response [-]
[taskset-1]                 --> ObjectSeen [-]
[taskset-1]                 --> HandleObjectAction [-]
[taskset-1]             [-] mission_progress [-]
[taskset-1]                 --> PublishMoveGoal [-]
[taskset-1]                 --> GoToObject [-]
[taskset-1]                 --> CheckStopCondition [-]
[taskset-1]                 --> AdvanceMove [-]
[taskset-1]     [-] navigation [x]
[taskset-1]         --> HasMpcGoal [x]
[taskset-1] 
[taskset-1] [INFO] [1791018144.457286793] [behavior_executor_node]: [IsProximityTooClose] DIAG scan: total=1081 in_window=721 excluded_by_filter=0 min_in_window=0.942 front_min=2.328
[taskset-1] [INFO] [1791018145.040037192] [behavior_executor_node]: BT snapshot -- root=FAILURE, lanes: emergency=FAILURE | mission=FAILURE | navigation=FAILURE
[taskset-1] [o] root [x]
[taskset-1]     [-] emergency [x]
[taskset-1]         [o] emergency_condition [x]
[taskset-1]             --> IsBatteryLow [x]
[taskset-1]             --> IsEmergencyStopTriggered [x]
[taskset-1]             --> IsProximityTooClose [x]
[taskset-1]             --> IsSystemOverheated [x]
[taskset-1]         --> Stop [-]
[taskset-1]     [-] mission [x]
[taskset-1]         --> MissionActive [x]
[taskset-1]         [o] mission_selector [-]
[taskset-1]             [-] mission_object_response [-]
[taskset-1]                 --> ObjectSeen [-]
[taskset-1]                 --> HandleObjectAction [-]
[taskset-1]             [-] mission_progress [-]
[taskset-1]                 --> PublishMoveGoal [-]
[taskset-1]                 --> GoToObject [-]
[taskset-1]                 --> CheckStopCondition [-]
[taskset-1]                 --> AdvanceMove [-]
[taskset-1]     [-] navigation [x]
[taskset-1]         --> HasMpcGoal [x]
[taskset-1] 
[taskset-1] [INFO] [1791018146.157355378] [behavior_executor_node]: BT snapshot -- root=FAILURE, lanes: emergency=FAILURE | mission=FAILURE | navigation=FAILURE
[taskset-1] [o] root [x]
[taskset-1]     [-] emergency [x]
[taskset-1]         [o] emergency_condition [x]
[taskset-1]             --> IsBatteryLow [x]
[taskset-1]             --> IsEmergencyStopTriggered [x]
[taskset-1]             --> IsProximityTooClose [x]
[taskset-1]             --> IsSystemOverheated [x]
[taskset-1]         --> Stop [-]
[taskset-1]     [-] mission [x]
[taskset-1]         --> MissionActive [x]
[taskset-1]         [o] mission_selector [-]
[taskset-1]             [-] mission_object_response [-]
[taskset-1]                 --> ObjectSeen [-]
[taskset-1]                 --> HandleObjectAction [-]
[taskset-1]             [-] mission_progress [-]
[taskset-1]                 --> PublishMoveGoal [-]
[taskset-1]                 --> GoToObject [-]
[taskset-1]                 --> CheckStopCondition [-]
[taskset-1]                 --> AdvanceMove [-]
[taskset-1]     [-] navigation [x]
[taskset-1]         --> HasMpcGoal [x]
[taskset-1] 
[taskset-1] [INFO] [1791018146.533479887] [behavior_executor_node]: [IsProximityTooClose] DIAG scan: total=1081 in_window=721 excluded_by_filter=0 min_in_window=1.013 front_min=1.591
[taskset-1] [INFO] [1791018147.232249792] [behavior_executor_node]: BT snapshot -- root=FAILURE, lanes: emergency=FAILURE | mission=FAILURE | navigation=FAILURE
[taskset-1] [o] root [x]
[taskset-1]     [-] emergency [x]
[taskset-1]         [o] emergency_condition [x]
[taskset-1]             --> IsBatteryLow [x]
[taskset-1]             --> IsEmergencyStopTriggered [x]
[taskset-1]             --> IsProximityTooClose [x]
[taskset-1]             --> IsSystemOverheated [x]
[taskset-1]         --> Stop [-]
[taskset-1]     [-] mission [x]
[taskset-1]         --> MissionActive [x]
[taskset-1]         [o] mission_selector [-]
[taskset-1]             [-] mission_object_response [-]
[taskset-1]                 --> ObjectSeen [-]
[taskset-1]                 --> HandleObjectAction [-]
[taskset-1]             [-] mission_progress [-]
[taskset-1]                 --> PublishMoveGoal [-]
[taskset-1]                 --> GoToObject [-]
[taskset-1]                 --> CheckStopCondition [-]
[taskset-1]                 --> AdvanceMove [-]
[taskset-1]     [-] navigation [x]
[taskset-1]         --> HasMpcGoal [x]
[taskset-1] 
[taskset-1] [INFO] [1791018148.243844901] [behavior_executor_node]: BT snapshot -- root=FAILURE, lanes: emergency=FAILURE | mission=FAILURE | navigation=FAILURE
[taskset-1] [o] root [x]
[taskset-1]     [-] emergency [x]
[taskset-1]         [o] emergency_condition [x]
[taskset-1]             --> IsBatteryLow [x]
[taskset-1]             --> IsEmergencyStopTriggered [x]
[taskset-1]             --> IsProximityTooClose [x]
[taskset-1]             --> IsSystemOverheated [x]
[taskset-1]         --> Stop [-]
[taskset-1]     [-] mission [x]
[taskset-1]         --> MissionActive [x]
[taskset-1]         [o] mission_selector [-]
[taskset-1]             [-] mission_object_response [-]
[taskset-1]                 --> ObjectSeen [-]
[taskset-1]                 --> HandleObjectAction [-]
[taskset-1]             [-] mission_progress [-]
[taskset-1]                 --> PublishMoveGoal [-]
[taskset-1]                 --> GoToObject [-]
[taskset-1]                 --> CheckStopCondition [-]
[taskset-1]                 --> AdvanceMove [-]
[taskset-1]     [-] navigation [x]
[taskset-1]         --> HasMpcGoal [x]
[taskset-1] 
[taskset-1] [INFO] [1791018148.535830541] [behavior_executor_node]: [IsProximityTooClose] DIAG scan: total=1081 in_window=721 excluded_by_filter=0 min_in_window=1.074 front_min=2.125
[taskset-1] [INFO] [1791018149.331460362] [behavior_executor_node]: BT snapshot -- root=FAILURE, lanes: emergency=FAILURE | mission=FAILURE | navigation=FAILURE
[taskset-1] [o] root [x]
[taskset-1]     [-] emergency [x]
[taskset-1]         [o] emergency_condition [x]
[taskset-1]             --> IsBatteryLow [x]
[taskset-1]             --> IsEmergencyStopTriggered [x]
[taskset-1]             --> IsProximityTooClose [x]
[taskset-1]             --> IsSystemOverheated [x]
[taskset-1]         --> Stop [-]
[taskset-1]     [-] mission [x]
[taskset-1]         --> MissionActive [x]
[taskset-1]         [o] mission_selector [-]
[taskset-1]             [-] mission_object_response [-]
[taskset-1]                 --> ObjectSeen [-]
[taskset-1]                 --> HandleObjectAction [-]
[taskset-1]             [-] mission_progress [-]
[taskset-1]                 --> PublishMoveGoal [-]
[taskset-1]                 --> GoToObject [-]
[taskset-1]                 --> CheckStopCondition [-]
[taskset-1]                 --> AdvanceMove [-]
[taskset-1]     [-] navigation [x]
[taskset-1]         --> HasMpcGoal [x]
[taskset-1] 
[taskset-1] [INFO] [1791018150.331664153] [behavior_executor_node]: BT snapshot -- root=FAILURE, lanes: emergency=FAILURE | mission=FAILURE | navigation=FAILURE
[taskset-1] [o] root [x]
[taskset-1]     [-] emergency [x]
[taskset-1]         [o] emergency_condition [x]
[taskset-1]             --> IsBatteryLow [x]
[taskset-1]             --> IsEmergencyStopTriggered [x]
[taskset-1]             --> IsProximityTooClose [x]
[taskset-1]             --> IsSystemOverheated [x]
[taskset-1]         --> Stop [-]
[taskset-1]     [-] mission [x]
[taskset-1]         --> MissionActive [x]
[taskset-1]         [o] mission_selector [-]
[taskset-1]             [-] mission_object_response [-]
[taskset-1]                 --> ObjectSeen [-]
[taskset-1]                 --> HandleObjectAction [-]
[taskset-1]             [-] mission_progress [-]
[taskset-1]                 --> PublishMoveGoal [-]
[taskset-1]                 --> GoToObject [-]
[taskset-1]                 --> CheckStopCondition [-]
[taskset-1]                 --> AdvanceMove [-]
[taskset-1]     [-] navigation [x]
[taskset-1]         --> HasMpcGoal [x]
[taskset-1] 
[taskset-1] [INFO] [1791018150.640402288] [behavior_executor_node]: [IsProximityTooClose] DIAG scan: total=1081 in_window=721 excluded_by_filter=0 min_in_window=1.124 front_min=2.500
[taskset-1] [INFO] [1791018151.431944022] [behavior_executor_node]: BT snapshot -- root=FAILURE, lanes: emergency=FAILURE | mission=FAILURE | navigation=FAILURE
[taskset-1] [o] root [x]
[taskset-1]     [-] emergency [x]
[taskset-1]         [o] emergency_condition [x]
[taskset-1]             --> IsBatteryLow [x]
[taskset-1]             --> IsEmergencyStopTriggered [x]
[taskset-1]             --> IsProximityTooClose [x]
[taskset-1]             --> IsSystemOverheated [x]
[taskset-1]         --> Stop [-]
[taskset-1]     [-] mission [x]
[taskset-1]         --> MissionActive [x]
[taskset-1]         [o] mission_selector [-]
[taskset-1]             [-] mission_object_response [-]
[taskset-1]                 --> ObjectSeen [-]
[taskset-1]                 --> HandleObjectAction [-]
[taskset-1]             [-] mission_progress [-]
[taskset-1]                 --> PublishMoveGoal [-]
[taskset-1]                 --> GoToObject [-]
[taskset-1]                 --> CheckStopCondition [-]
[taskset-1]                 --> AdvanceMove [-]
[taskset-1]     [-] navigation [x]
[taskset-1]         --> HasMpcGoal [x]
[taskset-1] 
[taskset-1] [INFO] [1791018152.540347426] [behavior_executor_node]: BT snapshot -- root=FAILURE, lanes: emergency=FAILURE | mission=FAILURE | navigation=FAILURE
[taskset-1] [o] root [x]
[taskset-1]     [-] emergency [x]
[taskset-1]         [o] emergency_condition [x]
[taskset-1]             --> IsBatteryLow [x]
[taskset-1]             --> IsEmergencyStopTriggered [x]
[taskset-1]             --> IsProximityTooClose [x]
[taskset-1]             --> IsSystemOverheated [x]
[taskset-1]         --> Stop [-]
[taskset-1]     [-] mission [x]
[taskset-1]         --> MissionActive [x]
[taskset-1]         [o] mission_selector [-]
[taskset-1]             [-] mission_object_response [-]
[taskset-1]                 --> ObjectSeen [-]
[taskset-1]                 --> HandleObjectAction [-]
[taskset-1]             [-] mission_progress [-]
[taskset-1]                 --> PublishMoveGoal [-]
[taskset-1]                 --> GoToObject [-]
[taskset-1]                 --> CheckStopCondition [-]
[taskset-1]                 --> AdvanceMove [-]
[taskset-1]     [-] navigation [x]
[taskset-1]         --> HasMpcGoal [x]
[taskset-1] 
[taskset-1] [INFO] [1791018152.664791549] [behavior_executor_node]: [IsProximityTooClose] DIAG scan: total=1081 in_window=721 excluded_by_filter=0 min_in_window=1.516 front_min=1.751
[taskset-1] [INFO] [1791018153.631058649] [behavior_executor_node]: BT snapshot -- root=FAILURE, lanes: emergency=FAILURE | mission=FAILURE | navigation=FAILURE
[taskset-1] [o] root [x]
[taskset-1]     [-] emergency [x]
[taskset-1]         [o] emergency_condition [x]
[taskset-1]             --> IsBatteryLow [x]
[taskset-1]             --> IsEmergencyStopTriggered [x]
[taskset-1]             --> IsProximityTooClose [x]
[taskset-1]             --> IsSystemOverheated [x]
[taskset-1]         --> Stop [-]
[taskset-1]     [-] mission [x]
[taskset-1]         --> MissionActive [x]
[taskset-1]         [o] mission_selector [-]
[taskset-1]             [-] mission_object_response [-]
[taskset-1]                 --> ObjectSeen [-]
[taskset-1]                 --> HandleObjectAction [-]
[taskset-1]             [-] mission_progress [-]
[taskset-1]                 --> PublishMoveGoal [-]
[taskset-1]                 --> GoToObject [-]
[taskset-1]                 --> CheckStopCondition [-]
[taskset-1]                 --> AdvanceMove [-]
[taskset-1]     [-] navigation [x]
[taskset-1]         --> HasMpcGoal [x]
[taskset-1] 
[taskset-1] [INFO] [1791018154.631355619] [behavior_executor_node]: BT snapshot -- root=FAILURE, lanes: emergency=FAILURE | mission=FAILURE | navigation=FAILURE
[taskset-1] [o] root [x]
[taskset-1]     [-] emergency [x]
[taskset-1]         [o] emergency_condition [x]
[taskset-1]             --> IsBatteryLow [x]
[taskset-1]             --> IsEmergencyStopTriggered [x]
[taskset-1]             --> IsProximityTooClose [x]
[taskset-1]             --> IsSystemOverheated [x]
[taskset-1]         --> Stop [-]
[taskset-1]     [-] mission [x]
[taskset-1]         --> MissionActive [x]
[taskset-1]         [o] mission_selector [-]
[taskset-1]             [-] mission_object_response [-]
[taskset-1]                 --> ObjectSeen [-]
[taskset-1]                 --> HandleObjectAction [-]
[taskset-1]             [-] mission_progress [-]
[taskset-1]                 --> PublishMoveGoal [-]
[taskset-1]                 --> GoToObject [-]
[taskset-1]                 --> CheckStopCondition [-]
[taskset-1]                 --> AdvanceMove [-]
[taskset-1]     [-] navigation [x]
[taskset-1]         --> HasMpcGoal [x]
[taskset-1] 
[taskset-1] [INFO] [1791018154.668709480] [behavior_executor_node]: [IsProximityTooClose] DIAG scan: total=1081 in_window=721 excluded_by_filter=0 min_in_window=1.186 front_min=1.996
[taskset-1] [INFO] [1791018155.631404626] [behavior_executor_node]: BT snapshot -- root=FAILURE, lanes: emergency=FAILURE | mission=FAILURE | navigation=FAILURE
[taskset-1] [o] root [x]
[taskset-1]     [-] emergency [x]
[taskset-1]         [o] emergency_condition [x]
[taskset-1]             --> IsBatteryLow [x]
[taskset-1]             --> IsEmergencyStopTriggered [x]
[taskset-1]             --> IsProximityTooClose [x]
[taskset-1]             --> IsSystemOverheated [x]
[taskset-1]         --> Stop [-]
[taskset-1]     [-] mission [x]
[taskset-1]         --> MissionActive [x]
[taskset-1]         [o] mission_selector [-]
[taskset-1]             [-] mission_object_response [-]
[taskset-1]                 --> ObjectSeen [-]
[taskset-1]                 --> HandleObjectAction [-]
[taskset-1]             [-] mission_progress [-]
[taskset-1]                 --> PublishMoveGoal [-]
[taskset-1]                 --> GoToObject [-]
[taskset-1]                 --> CheckStopCondition [-]
[taskset-1]                 --> AdvanceMove [-]
[taskset-1]     [-] navigation [x]
[taskset-1]         --> HasMpcGoal [x]
[taskset-1] 
[taskset-1] [INFO] [1791018156.237866296] [behavior_executor_node]: [mission] Loaded '/home/andre/dev_ws/f1tenth_more/output/phase5/step4/phase5_hold.json': mission_id='phase5_logger_hold' 1 move(s) -- state=LOADED, waiting for /mission/start_mission.
[taskset-1] [INFO] [1791018156.250881203] [behavior_executor_node]: [mission] 'phase5_logger_hold' starting in 3.0 s -- state stays LOADED until then, /mpc/hold still engaged, emergency stop armed.
[taskset-1] [INFO] [1791018156.735427786] [behavior_executor_node]: BT snapshot -- root=FAILURE, lanes: emergency=FAILURE | mission=FAILURE | navigation=FAILURE
[taskset-1] [o] root [x]
[taskset-1]     [-] emergency [x]
[taskset-1]         [o] emergency_condition [x]
[taskset-1]             --> IsBatteryLow [x]
[taskset-1]             --> IsEmergencyStopTriggered [x]
[taskset-1]             --> IsProximityTooClose [x]
[taskset-1]             --> IsSystemOverheated [x]
[taskset-1]         --> Stop [-]
[taskset-1]     [-] mission [x]
[taskset-1]         --> MissionActive [x]
[taskset-1]         [o] mission_selector [-]
[taskset-1]             [-] mission_object_response [-]
[taskset-1]                 --> ObjectSeen [-]
[taskset-1]                 --> HandleObjectAction [-]
[taskset-1]             [-] mission_progress [-]
[taskset-1]                 --> PublishMoveGoal [-]
[taskset-1]                 --> GoToObject [-]
[taskset-1]                 --> CheckStopCondition [-]
[taskset-1]                 --> AdvanceMove [-]
[taskset-1]     [-] navigation [x]
[taskset-1]         --> HasMpcGoal [x]
[taskset-1] 
[taskset-1] [INFO] [1791018156.736963775] [behavior_executor_node]: [IsProximityTooClose] DIAG scan: total=1081 in_window=721 excluded_by_filter=0 min_in_window=1.224 front_min=1.824
[taskset-1] [INFO] [1791018157.831299735] [behavior_executor_node]: BT snapshot -- root=FAILURE, lanes: emergency=FAILURE | mission=FAILURE | navigation=FAILURE
[taskset-1] [o] root [x]
[taskset-1]     [-] emergency [x]
[taskset-1]         [o] emergency_condition [x]
[taskset-1]             --> IsBatteryLow [x]
[taskset-1]             --> IsEmergencyStopTriggered [x]
[taskset-1]             --> IsProximityTooClose [x]
[taskset-1]             --> IsSystemOverheated [x]
[taskset-1]         --> Stop [-]
[taskset-1]     [-] mission [x]
[taskset-1]         --> MissionActive [x]
[taskset-1]         [o] mission_selector [-]
[taskset-1]             [-] mission_object_response [-]
[taskset-1]                 --> ObjectSeen [-]
[taskset-1]                 --> HandleObjectAction [-]
[taskset-1]             [-] mission_progress [-]
[taskset-1]                 --> PublishMoveGoal [-]
[taskset-1]                 --> GoToObject [-]
[taskset-1]                 --> CheckStopCondition [-]
[taskset-1]                 --> AdvanceMove [-]
[taskset-1]     [-] navigation [x]
[taskset-1]         --> HasMpcGoal [x]
[taskset-1] 
[taskset-1] [INFO] [1791018158.743906653] [behavior_executor_node]: [IsProximityTooClose] DIAG scan: total=1081 in_window=721 excluded_by_filter=0 min_in_window=1.253 front_min=1.263
[taskset-1] [INFO] [1791018158.831510008] [behavior_executor_node]: BT snapshot -- root=FAILURE, lanes: emergency=FAILURE | mission=FAILURE | navigation=FAILURE
[taskset-1] [o] root [x]
[taskset-1]     [-] emergency [x]
[taskset-1]         [o] emergency_condition [x]
[taskset-1]             --> IsBatteryLow [x]
[taskset-1]             --> IsEmergencyStopTriggered [x]
[taskset-1]             --> IsProximityTooClose [x]
[taskset-1]             --> IsSystemOverheated [x]
[taskset-1]         --> Stop [-]
[taskset-1]     [-] mission [x]
[taskset-1]         --> MissionActive [x]
[taskset-1]         [o] mission_selector [-]
[taskset-1]             [-] mission_object_response [-]
[taskset-1]                 --> ObjectSeen [-]
[taskset-1]                 --> HandleObjectAction [-]
[taskset-1]             [-] mission_progress [-]
[taskset-1]                 --> PublishMoveGoal [-]
[taskset-1]                 --> GoToObject [-]
[taskset-1]                 --> CheckStopCondition [-]
[taskset-1]                 --> AdvanceMove [-]
[taskset-1]     [-] navigation [x]
[taskset-1]         --> HasMpcGoal [x]
[taskset-1] 
[taskset-1] [INFO] [1791018159.251636365] [behavior_executor_node]: [mission] 'phase5_logger_hold' STARTED -- state=RUNNING from move 0 ('hold_12s') -- /mpc/hold released.
[taskset-1] [INFO] [1791018159.331657091] [behavior_executor_node]: [mission] Move 'hold_12s': published goal_distance=0.0 to /mpc/goal_distance.
[taskset-1] [INFO] [1791018159.832445937] [behavior_executor_node]: BT snapshot -- root=RUNNING, lanes: emergency=FAILURE | mission=RUNNING | navigation=INVALID
[taskset-1] [o] root [*]
[taskset-1]     [-] emergency [x]
[taskset-1]         [o] emergency_condition [x]
[taskset-1]             --> IsBatteryLow [x]
[taskset-1]             --> IsEmergencyStopTriggered [x]
[taskset-1]             --> IsProximityTooClose [x]
[taskset-1]             --> IsSystemOverheated [x]
[taskset-1]         --> Stop [-]
[taskset-1]     [-] mission [*]
[taskset-1]         --> MissionActive [o]
[taskset-1]         [o] mission_selector [*]
[taskset-1]             [-] mission_object_response [x]
[taskset-1]                 --> ObjectSeen [x]
[taskset-1]                 --> HandleObjectAction [-]
[taskset-1]             [-] mission_progress [*]
[taskset-1]                 --> PublishMoveGoal [o]
[taskset-1]                 --> GoToObject [o]
[taskset-1]                 --> CheckStopCondition [*]
[taskset-1]                 --> AdvanceMove [-]
[taskset-1]     [-] navigation [-]
[taskset-1]         --> HasMpcGoal [-]
[taskset-1] 
[taskset-1] [INFO] [1791018160.758367781] [behavior_executor_node]: [IsProximityTooClose] DIAG scan: total=1081 in_window=721 excluded_by_filter=0 min_in_window=0.802 front_min=1.893
[taskset-1] [INFO] [1791018160.933519064] [behavior_executor_node]: BT snapshot -- root=RUNNING, lanes: emergency=FAILURE | mission=RUNNING | navigation=INVALID
[taskset-1] [o] root [*]
[taskset-1]     [-] emergency [x]
[taskset-1]         [o] emergency_condition [x]
[taskset-1]             --> IsBatteryLow [x]
[taskset-1]             --> IsEmergencyStopTriggered [x]
[taskset-1]             --> IsProximityTooClose [x]
[taskset-1]             --> IsSystemOverheated [x]
[taskset-1]         --> Stop [-]
[taskset-1]     [-] mission [*]
[taskset-1]         --> MissionActive [o]
[taskset-1]         [o] mission_selector [*]
[taskset-1]             [-] mission_object_response [x]
[taskset-1]                 --> ObjectSeen [x]
[taskset-1]                 --> HandleObjectAction [-]
[taskset-1]             [-] mission_progress [*]
[taskset-1]                 --> PublishMoveGoal [o]
[taskset-1]                 --> GoToObject [o]
[taskset-1]                 --> CheckStopCondition [*]
[taskset-1]                 --> AdvanceMove [-]
[taskset-1]     [-] navigation [-]
[taskset-1]         --> HasMpcGoal [-]
[taskset-1] 
[taskset-1] [INFO] [1791018161.938117136] [behavior_executor_node]: BT snapshot -- root=RUNNING, lanes: emergency=FAILURE | mission=RUNNING | navigation=INVALID
[taskset-1] [o] root [*]
[taskset-1]     [-] emergency [x]
[taskset-1]         [o] emergency_condition [x]
[taskset-1]             --> IsBatteryLow [x]
[taskset-1]             --> IsEmergencyStopTriggered [x]
[taskset-1]             --> IsProximityTooClose [x]
[taskset-1]             --> IsSystemOverheated [x]
[taskset-1]         --> Stop [-]
[taskset-1]     [-] mission [*]
[taskset-1]         --> MissionActive [o]
[taskset-1]         [o] mission_selector [*]
[taskset-1]             [-] mission_object_response [x]
[taskset-1]                 --> ObjectSeen [x]
[taskset-1]                 --> HandleObjectAction [-]
[taskset-1]             [-] mission_progress [*]
[taskset-1]                 --> PublishMoveGoal [o]
[taskset-1]                 --> GoToObject [o]
[taskset-1]                 --> CheckStopCondition [*]
[taskset-1]                 --> AdvanceMove [-]
[taskset-1]     [-] navigation [-]
[taskset-1]         --> HasMpcGoal [-]
[taskset-1] 
[taskset-1] [INFO] [1791018162.838895034] [behavior_executor_node]: [IsProximityTooClose] DIAG scan: total=1081 in_window=721 excluded_by_filter=0 min_in_window=0.557 front_min=1.653
[taskset-1] [INFO] [1791018163.031324700] [behavior_executor_node]: BT snapshot -- root=RUNNING, lanes: emergency=FAILURE | mission=RUNNING | navigation=INVALID
[taskset-1] [o] root [*]
[taskset-1]     [-] emergency [x]
[taskset-1]         [o] emergency_condition [x]
[taskset-1]             --> IsBatteryLow [x]
[taskset-1]             --> IsEmergencyStopTriggered [x]
[taskset-1]             --> IsProximityTooClose [x]
[taskset-1]             --> IsSystemOverheated [x]
[taskset-1]         --> Stop [-]
[taskset-1]     [-] mission [*]
[taskset-1]         --> MissionActive [o]
[taskset-1]         [o] mission_selector [*]
[taskset-1]             [-] mission_object_response [x]
[taskset-1]                 --> ObjectSeen [x]
[taskset-1]                 --> HandleObjectAction [-]
[taskset-1]             [-] mission_progress [*]
[taskset-1]                 --> PublishMoveGoal [o]
[taskset-1]                 --> GoToObject [o]
[taskset-1]                 --> CheckStopCondition [*]
[taskset-1]                 --> AdvanceMove [-]
[taskset-1]     [-] navigation [-]
[taskset-1]         --> HasMpcGoal [-]
[taskset-1] 
[taskset-1] [INFO] [1791018164.031264527] [behavior_executor_node]: BT snapshot -- root=RUNNING, lanes: emergency=FAILURE | mission=RUNNING | navigation=INVALID
[taskset-1] [o] root [*]
[taskset-1]     [-] emergency [x]
[taskset-1]         [o] emergency_condition [x]
[taskset-1]             --> IsBatteryLow [x]
[taskset-1]             --> IsEmergencyStopTriggered [x]
[taskset-1]             --> IsProximityTooClose [x]
[taskset-1]             --> IsSystemOverheated [x]
[taskset-1]         --> Stop [-]
[taskset-1]     [-] mission [*]
[taskset-1]         --> MissionActive [o]
[taskset-1]         [o] mission_selector [*]
[taskset-1]             [-] mission_object_response [x]
[taskset-1]                 --> ObjectSeen [x]
[taskset-1]                 --> HandleObjectAction [-]
[taskset-1]             [-] mission_progress [*]
[taskset-1]                 --> PublishMoveGoal [o]
[taskset-1]                 --> GoToObject [o]
[taskset-1]                 --> CheckStopCondition [*]
[taskset-1]                 --> AdvanceMove [-]
[taskset-1]     [-] navigation [-]
[taskset-1]         --> HasMpcGoal [-]
[taskset-1] 
[taskset-1] [INFO] [1791018164.892177433] [behavior_executor_node]: [IsProximityTooClose] DIAG scan: total=1081 in_window=721 excluded_by_filter=0 min_in_window=0.642 front_min=1.651
[taskset-1] [INFO] [1791018165.037384701] [behavior_executor_node]: BT snapshot -- root=RUNNING, lanes: emergency=FAILURE | mission=RUNNING | navigation=INVALID
[taskset-1] [o] root [*]
[taskset-1]     [-] emergency [x]
[taskset-1]         [o] emergency_condition [x]
[taskset-1]             --> IsBatteryLow [x]
[taskset-1]             --> IsEmergencyStopTriggered [x]
[taskset-1]             --> IsProximityTooClose [x]
[taskset-1]             --> IsSystemOverheated [x]
[taskset-1]         --> Stop [-]
[taskset-1]     [-] mission [*]
[taskset-1]         --> MissionActive [o]
[taskset-1]         [o] mission_selector [*]
[taskset-1]             [-] mission_object_response [x]
[taskset-1]                 --> ObjectSeen [x]
[taskset-1]                 --> HandleObjectAction [-]
[taskset-1]             [-] mission_progress [*]
[taskset-1]                 --> PublishMoveGoal [o]
[taskset-1]                 --> GoToObject [o]
[taskset-1]                 --> CheckStopCondition [*]
[taskset-1]                 --> AdvanceMove [-]
[taskset-1]     [-] navigation [-]
[taskset-1]         --> HasMpcGoal [-]
[taskset-1] 
[taskset-1] [INFO] [1791018166.131686301] [behavior_executor_node]: BT snapshot -- root=RUNNING, lanes: emergency=FAILURE | mission=RUNNING | navigation=INVALID
[taskset-1] [o] root [*]
[taskset-1]     [-] emergency [x]
[taskset-1]         [o] emergency_condition [x]
[taskset-1]             --> IsBatteryLow [x]
[taskset-1]             --> IsEmergencyStopTriggered [x]
[taskset-1]             --> IsProximityTooClose [x]
[taskset-1]             --> IsSystemOverheated [x]
[taskset-1]         --> Stop [-]
[taskset-1]     [-] mission [*]
[taskset-1]         --> MissionActive [o]
[taskset-1]         [o] mission_selector [*]
[taskset-1]             [-] mission_object_response [x]
[taskset-1]                 --> ObjectSeen [x]
[taskset-1]                 --> HandleObjectAction [-]
[taskset-1]             [-] mission_progress [*]
[taskset-1]                 --> PublishMoveGoal [o]
[taskset-1]                 --> GoToObject [o]
[taskset-1]                 --> CheckStopCondition [*]
[taskset-1]                 --> AdvanceMove [-]
[taskset-1]     [-] navigation [-]
[taskset-1]         --> HasMpcGoal [-]
[taskset-1] 
[taskset-1] [INFO] [1791018166.899029378] [behavior_executor_node]: [IsProximityTooClose] DIAG scan: total=1081 in_window=721 excluded_by_filter=0 min_in_window=0.565 front_min=1.514
[taskset-1] [INFO] [1791018167.231717624] [behavior_executor_node]: BT snapshot -- root=RUNNING, lanes: emergency=FAILURE | mission=RUNNING | navigation=INVALID
[taskset-1] [o] root [*]
[taskset-1]     [-] emergency [x]
[taskset-1]         [o] emergency_condition [x]
[taskset-1]             --> IsBatteryLow [x]
[taskset-1]             --> IsEmergencyStopTriggered [x]
[taskset-1]             --> IsProximityTooClose [x]
[taskset-1]             --> IsSystemOverheated [x]
[taskset-1]         --> Stop [-]
[taskset-1]     [-] mission [*]
[taskset-1]         --> MissionActive [o]
[taskset-1]         [o] mission_selector [*]
[taskset-1]             [-] mission_object_response [x]
[taskset-1]                 --> ObjectSeen [x]
[taskset-1]                 --> HandleObjectAction [-]
[taskset-1]             [-] mission_progress [*]
[taskset-1]                 --> PublishMoveGoal [o]
[taskset-1]                 --> GoToObject [o]
[taskset-1]                 --> CheckStopCondition [*]
[taskset-1]                 --> AdvanceMove [-]
[taskset-1]     [-] navigation [-]
[taskset-1]         --> HasMpcGoal [-]
[taskset-1] 
[taskset-1] [INFO] [1791018168.233323582] [behavior_executor_node]: BT snapshot -- root=RUNNING, lanes: emergency=FAILURE | mission=RUNNING | navigation=INVALID
[taskset-1] [o] root [*]
[taskset-1]     [-] emergency [x]
[taskset-1]         [o] emergency_condition [x]
[taskset-1]             --> IsBatteryLow [x]
[taskset-1]             --> IsEmergencyStopTriggered [x]
[taskset-1]             --> IsProximityTooClose [x]
[taskset-1]             --> IsSystemOverheated [x]
[taskset-1]         --> Stop [-]
[taskset-1]     [-] mission [*]
[taskset-1]         --> MissionActive [o]
[taskset-1]         [o] mission_selector [*]
[taskset-1]             [-] mission_object_response [x]
[taskset-1]                 --> ObjectSeen [x]
[taskset-1]                 --> HandleObjectAction [-]
[taskset-1]             [-] mission_progress [*]
[taskset-1]                 --> PublishMoveGoal [o]
[taskset-1]                 --> GoToObject [o]
[taskset-1]                 --> CheckStopCondition [*]
[taskset-1]                 --> AdvanceMove [-]
[taskset-1]     [-] navigation [-]
[taskset-1]         --> HasMpcGoal [-]
[taskset-1] 
[taskset-1] [INFO] [1791018168.919269654] [behavior_executor_node]: [IsProximityTooClose] DIAG scan: total=1081 in_window=721 excluded_by_filter=0 min_in_window=0.603 front_min=1.479
[taskset-1] [INFO] [1791018169.333802589] [behavior_executor_node]: BT snapshot -- root=RUNNING, lanes: emergency=FAILURE | mission=RUNNING | navigation=INVALID
[taskset-1] [o] root [*]
[taskset-1]     [-] emergency [x]
[taskset-1]         [o] emergency_condition [x]
[taskset-1]             --> IsBatteryLow [x]
[taskset-1]             --> IsEmergencyStopTriggered [x]
[taskset-1]             --> IsProximityTooClose [x]
[taskset-1]             --> IsSystemOverheated [x]
[taskset-1]         --> Stop [-]
[taskset-1]     [-] mission [*]
[taskset-1]         --> MissionActive [o]
[taskset-1]         [o] mission_selector [*]
[taskset-1]             [-] mission_object_response [x]
[taskset-1]                 --> ObjectSeen [x]
[taskset-1]                 --> HandleObjectAction [-]
[taskset-1]             [-] mission_progress [*]
[taskset-1]                 --> PublishMoveGoal [o]
[taskset-1]                 --> GoToObject [o]
[taskset-1]                 --> CheckStopCondition [*]
[taskset-1]                 --> AdvanceMove [-]
[taskset-1]     [-] navigation [-]
[taskset-1]         --> HasMpcGoal [-]
[taskset-1] 
[taskset-1] [INFO] [1791018170.431326674] [behavior_executor_node]: BT snapshot -- root=RUNNING, lanes: emergency=FAILURE | mission=RUNNING | navigation=INVALID
[taskset-1] [o] root [*]
[taskset-1]     [-] emergency [x]
[taskset-1]         [o] emergency_condition [x]
[taskset-1]             --> IsBatteryLow [x]
[taskset-1]             --> IsEmergencyStopTriggered [x]
[taskset-1]             --> IsProximityTooClose [x]
[taskset-1]             --> IsSystemOverheated [x]
[taskset-1]         --> Stop [-]
[taskset-1]     [-] mission [*]
[taskset-1]         --> MissionActive [o]
[taskset-1]         [o] mission_selector [*]
[taskset-1]             [-] mission_object_response [x]
[taskset-1]                 --> ObjectSeen [x]
[taskset-1]                 --> HandleObjectAction [-]
[taskset-1]             [-] mission_progress [*]
[taskset-1]                 --> PublishMoveGoal [o]
[taskset-1]                 --> GoToObject [o]
[taskset-1]                 --> CheckStopCondition [*]
[taskset-1]                 --> AdvanceMove [-]
[taskset-1]     [-] navigation [-]
[taskset-1]         --> HasMpcGoal [-]
[taskset-1] 
[taskset-1] [INFO] [1791018171.064288027] [behavior_executor_node]: [IsProximityTooClose] DIAG scan: total=1081 in_window=721 excluded_by_filter=0 min_in_window=0.639 front_min=1.310
[taskset-1] [INFO] [1791018171.333289739] [behavior_executor_node]: [mission] Move 'hold_12s' outcome: stop_condition.type='time_elapsed' stops on a sensor/time signal, not a predetermined distance -- move.goal_distance is only a safety ceiling here, not scored against
[taskset-1] [INFO] [1791018171.334456274] [behavior_executor_node]: [mission] 'phase5_logger_hold' COMPLETE after move 'hold_12s'.
[taskset-1] [INFO] [1791018171.337867898] [behavior_executor_node]: [mission] 'phase5_logger_hold' summary written to /home/andre/dev_ws/f1tenth_more/src/f1tenth_behavior/mission_reports/phase5_logger_hold_20261003T110239.json (aggregate score=None).
[taskset-1] [INFO] [1791018171.448660209] [behavior_executor_node]: BT snapshot -- root=SUCCESS, lanes: emergency=FAILURE | mission=FAILURE | navigation=SUCCESS
[taskset-1] [o] root [o]
[taskset-1]     [-] emergency [x]
[taskset-1]         [o] emergency_condition [x]
[taskset-1]             --> IsBatteryLow [x]
[taskset-1]             --> IsEmergencyStopTriggered [x]
[taskset-1]             --> IsProximityTooClose [x]
[taskset-1]             --> IsSystemOverheated [x]
[taskset-1]         --> Stop [-]
[taskset-1]     [-] mission [x]
[taskset-1]         --> MissionActive [x]
[taskset-1]         [o] mission_selector [-]
[taskset-1]             [-] mission_object_response [-]
[taskset-1]                 --> ObjectSeen [-]
[taskset-1]                 --> HandleObjectAction [-]
[taskset-1]             [-] mission_progress [-]
[taskset-1]                 --> PublishMoveGoal [-]
[taskset-1]                 --> GoToObject [-]
[taskset-1]                 --> CheckStopCondition [-]
[taskset-1]                 --> AdvanceMove [-]
[taskset-1]     [-] navigation [o]
[taskset-1]         --> HasMpcGoal [o]
[taskset-1] 
[taskset-1] [INFO] [1791018172.532674444] [behavior_executor_node]: BT snapshot -- root=SUCCESS, lanes: emergency=FAILURE | mission=FAILURE | navigation=SUCCESS
[taskset-1] [o] root [o]
[taskset-1]     [-] emergency [x]
[taskset-1]         [o] emergency_condition [x]
[taskset-1]             --> IsBatteryLow [x]
[taskset-1]             --> IsEmergencyStopTriggered [x]
[taskset-1]             --> IsProximityTooClose [x]
[taskset-1]             --> IsSystemOverheated [x]
[taskset-1]         --> Stop [-]
[taskset-1]     [-] mission [x]
[taskset-1]         --> MissionActive [x]
[taskset-1]         [o] mission_selector [-]
[taskset-1]             [-] mission_object_response [-]
[taskset-1]                 --> ObjectSeen [-]
[taskset-1]                 --> HandleObjectAction [-]
[taskset-1]             [-] mission_progress [-]
[taskset-1]                 --> PublishMoveGoal [-]
[taskset-1]                 --> GoToObject [-]
[taskset-1]                 --> CheckStopCondition [-]
[taskset-1]                 --> AdvanceMove [-]
[taskset-1]     [-] navigation [o]
[taskset-1]         --> HasMpcGoal [o]
[taskset-1] 
[taskset-1] [INFO] [1791018173.086216542] [behavior_executor_node]: [IsProximityTooClose] DIAG scan: total=1081 in_window=721 excluded_by_filter=0 min_in_window=0.918 front_min=1.163
[taskset-1] [INFO] [1791018173.632538322] [behavior_executor_node]: BT snapshot -- root=SUCCESS, lanes: emergency=FAILURE | mission=FAILURE | navigation=SUCCESS
[taskset-1] [o] root [o]
[taskset-1]     [-] emergency [x]
[taskset-1]         [o] emergency_condition [x]
[taskset-1]             --> IsBatteryLow [x]
[taskset-1]             --> IsEmergencyStopTriggered [x]
[taskset-1]             --> IsProximityTooClose [x]
[taskset-1]             --> IsSystemOverheated [x]
[taskset-1]         --> Stop [-]
[taskset-1]     [-] mission [x]
[taskset-1]         --> MissionActive [x]
[taskset-1]         [o] mission_selector [-]
[taskset-1]             [-] mission_object_response [-]
[taskset-1]                 --> ObjectSeen [-]
[taskset-1]                 --> HandleObjectAction [-]
[taskset-1]             [-] mission_progress [-]
[taskset-1]                 --> PublishMoveGoal [-]
[taskset-1]                 --> GoToObject [-]
[taskset-1]                 --> CheckStopCondition [-]
[taskset-1]                 --> AdvanceMove [-]
[taskset-1]     [-] navigation [o]
[taskset-1]         --> HasMpcGoal [o]
[taskset-1] 
[taskset-1] [INFO] [1791018174.640205723] [behavior_executor_node]: BT snapshot -- root=SUCCESS, lanes: emergency=FAILURE | mission=FAILURE | navigation=SUCCESS
[taskset-1] [o] root [o]
[taskset-1]     [-] emergency [x]
[taskset-1]         [o] emergency_condition [x]
[taskset-1]             --> IsBatteryLow [x]
[taskset-1]             --> IsEmergencyStopTriggered [x]
[taskset-1]             --> IsProximityTooClose [x]
[taskset-1]             --> IsSystemOverheated [x]
[taskset-1]         --> Stop [-]
[taskset-1]     [-] mission [x]
[taskset-1]         --> MissionActive [x]
[taskset-1]         [o] mission_selector [-]
[taskset-1]             [-] mission_object_response [-]
[taskset-1]                 --> ObjectSeen [-]
[taskset-1]                 --> HandleObjectAction [-]
[taskset-1]             [-] mission_progress [-]
[taskset-1]                 --> PublishMoveGoal [-]
[taskset-1]                 --> GoToObject [-]
[taskset-1]                 --> CheckStopCondition [-]
[taskset-1]                 --> AdvanceMove [-]
[taskset-1]     [-] navigation [o]
[taskset-1]         --> HasMpcGoal [o]
[taskset-1] 
[taskset-1] [INFO] [1791018175.108776018] [behavior_executor_node]: [IsProximityTooClose] DIAG scan: total=1081 in_window=721 excluded_by_filter=0 min_in_window=0.782 front_min=1.578
[taskset-1] [INFO] [1791018175.731151799] [behavior_executor_node]: BT snapshot -- root=SUCCESS, lanes: emergency=FAILURE | mission=FAILURE | navigation=SUCCESS
[taskset-1] [o] root [o]
[taskset-1]     [-] emergency [x]
[taskset-1]         [o] emergency_condition [x]
[taskset-1]             --> IsBatteryLow [x]
[taskset-1]             --> IsEmergencyStopTriggered [x]
[taskset-1]             --> IsProximityTooClose [x]
[taskset-1]             --> IsSystemOverheated [x]
[taskset-1]         --> Stop [-]
[taskset-1]     [-] mission [x]
[taskset-1]         --> MissionActive [x]
[taskset-1]         [o] mission_selector [-]
[taskset-1]             [-] mission_object_response [-]
[taskset-1]                 --> ObjectSeen [-]
[taskset-1]                 --> HandleObjectAction [-]
[taskset-1]             [-] mission_progress [-]
[taskset-1]                 --> PublishMoveGoal [-]
[taskset-1]                 --> GoToObject [-]
[taskset-1]                 --> CheckStopCondition [-]
[taskset-1]                 --> AdvanceMove [-]
[taskset-1]     [-] navigation [o]
[taskset-1]         --> HasMpcGoal [o]
[taskset-1] 
[taskset-1] [INFO] [1791018176.831110307] [behavior_executor_node]: BT snapshot -- root=SUCCESS, lanes: emergency=FAILURE | mission=FAILURE | navigation=SUCCESS
[taskset-1] [o] root [o]
[taskset-1]     [-] emergency [x]
[taskset-1]         [o] emergency_condition [x]
[taskset-1]             --> IsBatteryLow [x]
[taskset-1]             --> IsEmergencyStopTriggered [x]
[taskset-1]             --> IsProximityTooClose [x]
[taskset-1]             --> IsSystemOverheated [x]
[taskset-1]         --> Stop [-]
[taskset-1]     [-] mission [x]
[taskset-1]         --> MissionActive [x]
[taskset-1]         [o] mission_selector [-]
[taskset-1]             [-] mission_object_response [-]
[taskset-1]                 --> ObjectSeen [-]
[taskset-1]                 --> HandleObjectAction [-]
[taskset-1]             [-] mission_progress [-]
[taskset-1]                 --> PublishMoveGoal [-]
[taskset-1]                 --> GoToObject [-]
[taskset-1]                 --> CheckStopCondition [-]
[taskset-1]                 --> AdvanceMove [-]
[taskset-1]     [-] navigation [o]
[taskset-1]         --> HasMpcGoal [o]
[taskset-1] 
[taskset-1] [INFO] [1791018177.114143044] [behavior_executor_node]: [IsProximityTooClose] DIAG scan: total=1081 in_window=721 excluded_by_filter=0 min_in_window=0.838 front_min=1.546
[taskset-1] [INFO] [1791018177.933074728] [behavior_executor_node]: BT snapshot -- root=SUCCESS, lanes: emergency=FAILURE | mission=FAILURE | navigation=SUCCESS
[taskset-1] [o] root [o]
[taskset-1]     [-] emergency [x]
[taskset-1]         [o] emergency_condition [x]
[taskset-1]             --> IsBatteryLow [x]
[taskset-1]             --> IsEmergencyStopTriggered [x]
[taskset-1]             --> IsProximityTooClose [x]
[taskset-1]             --> IsSystemOverheated [x]
[taskset-1]         --> Stop [-]
[taskset-1]     [-] mission [x]
[taskset-1]         --> MissionActive [x]
[taskset-1]         [o] mission_selector [-]
[taskset-1]             [-] mission_object_response [-]
[taskset-1]                 --> ObjectSeen [-]
[taskset-1]                 --> HandleObjectAction [-]
[taskset-1]             [-] mission_progress [-]
[taskset-1]                 --> PublishMoveGoal [-]
[taskset-1]                 --> GoToObject [-]
[taskset-1]                 --> CheckStopCondition [-]
[taskset-1]                 --> AdvanceMove [-]
[taskset-1]     [-] navigation [o]
[taskset-1]         --> HasMpcGoal [o]
[taskset-1] 
[taskset-1] [INFO] [1791018178.934478916] [behavior_executor_node]: BT snapshot -- root=SUCCESS, lanes: emergency=FAILURE | mission=FAILURE | navigation=SUCCESS
[taskset-1] [o] root [o]
[taskset-1]     [-] emergency [x]
[taskset-1]         [o] emergency_condition [x]
[taskset-1]             --> IsBatteryLow [x]
[taskset-1]             --> IsEmergencyStopTriggered [x]
[taskset-1]             --> IsProximityTooClose [x]
[taskset-1]             --> IsSystemOverheated [x]
[taskset-1]         --> Stop [-]
[taskset-1]     [-] mission [x]
[taskset-1]         --> MissionActive [x]
[taskset-1]         [o] mission_selector [-]
[taskset-1]             [-] mission_object_response [-]
[taskset-1]                 --> ObjectSeen [-]
[taskset-1]                 --> HandleObjectAction [-]
[taskset-1]             [-] mission_progress [-]
[taskset-1]                 --> PublishMoveGoal [-]
[taskset-1]                 --> GoToObject [-]
[taskset-1]                 --> CheckStopCondition [-]
[taskset-1]                 --> AdvanceMove [-]
[taskset-1]     [-] navigation [o]
[taskset-1]         --> HasMpcGoal [o]
[taskset-1] 
[taskset-1] [INFO] [1791018179.117727316] [behavior_executor_node]: [IsProximityTooClose] DIAG scan: total=1081 in_window=721 excluded_by_filter=0 min_in_window=1.030 front_min=1.268
[taskset-1] [INFO] [1791018180.031464752] [behavior_executor_node]: BT snapshot -- root=SUCCESS, lanes: emergency=FAILURE | mission=FAILURE | navigation=SUCCESS
[taskset-1] [o] root [o]
[taskset-1]     [-] emergency [x]
[taskset-1]         [o] emergency_condition [x]
[taskset-1]             --> IsBatteryLow [x]
[taskset-1]             --> IsEmergencyStopTriggered [x]
[taskset-1]             --> IsProximityTooClose [x]
[taskset-1]             --> IsSystemOverheated [x]
[taskset-1]         --> Stop [-]
[taskset-1]     [-] mission [x]
[taskset-1]         --> MissionActive [x]
[taskset-1]         [o] mission_selector [-]
[taskset-1]             [-] mission_object_response [-]
[taskset-1]                 --> ObjectSeen [-]
[taskset-1]                 --> HandleObjectAction [-]
[taskset-1]             [-] mission_progress [-]
[taskset-1]                 --> PublishMoveGoal [-]
[taskset-1]                 --> GoToObject [-]
[taskset-1]                 --> CheckStopCondition [-]
[taskset-1]                 --> AdvanceMove [-]
[taskset-1]     [-] navigation [o]
[taskset-1]         --> HasMpcGoal [o]
[taskset-1] 
[taskset-1] [INFO] [1791018181.161185623] [behavior_executor_node]: BT snapshot -- root=SUCCESS, lanes: emergency=FAILURE | mission=FAILURE | navigation=SUCCESS
[taskset-1] [o] root [o]
[taskset-1]     [-] emergency [x]
[taskset-1]         [o] emergency_condition [x]
[taskset-1]             --> IsBatteryLow [x]
[taskset-1]             --> IsEmergencyStopTriggered [x]
[taskset-1]             --> IsProximityTooClose [x]
[taskset-1]             --> IsSystemOverheated [x]
[taskset-1]         --> Stop [-]
[taskset-1]     [-] mission [x]
[taskset-1]         --> MissionActive [x]
[taskset-1]         [o] mission_selector [-]
[taskset-1]             [-] mission_object_response [-]
[taskset-1]                 --> ObjectSeen [-]
[taskset-1]                 --> HandleObjectAction [-]
[taskset-1]             [-] mission_progress [-]
[taskset-1]                 --> PublishMoveGoal [-]
[taskset-1]                 --> GoToObject [-]
[taskset-1]                 --> CheckStopCondition [-]
[taskset-1]                 --> AdvanceMove [-]
[taskset-1]     [-] navigation [o]
[taskset-1]         --> HasMpcGoal [o]
[taskset-1] 
[taskset-1] [INFO] [1791018181.162993344] [behavior_executor_node]: [IsProximityTooClose] DIAG scan: total=1081 in_window=721 excluded_by_filter=0 min_in_window=0.836 front_min=1.293
[taskset-1] [INFO] [1791018182.231181860] [behavior_executor_node]: BT snapshot -- root=SUCCESS, lanes: emergency=FAILURE | mission=FAILURE | navigation=SUCCESS
[taskset-1] [o] root [o]
[taskset-1]     [-] emergency [x]
[taskset-1]         [o] emergency_condition [x]
[taskset-1]             --> IsBatteryLow [x]
[taskset-1]             --> IsEmergencyStopTriggered [x]
[taskset-1]             --> IsProximityTooClose [x]
[taskset-1]             --> IsSystemOverheated [x]
[taskset-1]         --> Stop [-]
[taskset-1]     [-] mission [x]
[taskset-1]         --> MissionActive [x]
[taskset-1]         [o] mission_selector [-]
[taskset-1]             [-] mission_object_response [-]
[taskset-1]                 --> ObjectSeen [-]
[taskset-1]                 --> HandleObjectAction [-]
[taskset-1]             [-] mission_progress [-]
[taskset-1]                 --> PublishMoveGoal [-]
[taskset-1]                 --> GoToObject [-]
[taskset-1]                 --> CheckStopCondition [-]
[taskset-1]                 --> AdvanceMove [-]
[taskset-1]     [-] navigation [o]
[taskset-1]         --> HasMpcGoal [o]
[taskset-1] 
[taskset-1] [INFO] [1791018183.168977251] [behavior_executor_node]: [IsProximityTooClose] DIAG scan: total=1081 in_window=721 excluded_by_filter=0 min_in_window=0.890 front_min=1.654
[taskset-1] [INFO] [1791018183.231452725] [behavior_executor_node]: BT snapshot -- root=SUCCESS, lanes: emergency=FAILURE | mission=FAILURE | navigation=SUCCESS
[taskset-1] [o] root [o]
[taskset-1]     [-] emergency [x]
[taskset-1]         [o] emergency_condition [x]
[taskset-1]             --> IsBatteryLow [x]
[taskset-1]             --> IsEmergencyStopTriggered [x]
[taskset-1]             --> IsProximityTooClose [x]
[taskset-1]             --> IsSystemOverheated [x]
[taskset-1]         --> Stop [-]
[taskset-1]     [-] mission [x]
[taskset-1]         --> MissionActive [x]
[taskset-1]         [o] mission_selector [-]
[taskset-1]             [-] mission_object_response [-]
[taskset-1]                 --> ObjectSeen [-]
[taskset-1]                 --> HandleObjectAction [-]
[taskset-1]             [-] mission_progress [-]
[taskset-1]                 --> PublishMoveGoal [-]
[taskset-1]                 --> GoToObject [-]
[taskset-1]                 --> CheckStopCondition [-]
[taskset-1]                 --> AdvanceMove [-]
[taskset-1]     [-] navigation [o]
[taskset-1]         --> HasMpcGoal [o]
[taskset-1] 
[taskset-1] [INFO] [1791018184.231491749] [behavior_executor_node]: BT snapshot -- root=SUCCESS, lanes: emergency=FAILURE | mission=FAILURE | navigation=SUCCESS
[taskset-1] [o] root [o]
[taskset-1]     [-] emergency [x]
[taskset-1]         [o] emergency_condition [x]
[taskset-1]             --> IsBatteryLow [x]
[taskset-1]             --> IsEmergencyStopTriggered [x]
[taskset-1]             --> IsProximityTooClose [x]
[taskset-1]             --> IsSystemOverheated [x]
[taskset-1]         --> Stop [-]
[taskset-1]     [-] mission [x]
[taskset-1]         --> MissionActive [x]
[taskset-1]         [o] mission_selector [-]
[taskset-1]             [-] mission_object_response [-]
[taskset-1]                 --> ObjectSeen [-]
[taskset-1]                 --> HandleObjectAction [-]
[taskset-1]             [-] mission_progress [-]
[taskset-1]                 --> PublishMoveGoal [-]
[taskset-1]                 --> GoToObject [-]
[taskset-1]                 --> CheckStopCondition [-]
[taskset-1]                 --> AdvanceMove [-]
[taskset-1]     [-] navigation [o]
[taskset-1]         --> HasMpcGoal [o]
[taskset-1] 
[taskset-1] [INFO] [1791018185.181019430] [behavior_executor_node]: [IsProximityTooClose] DIAG scan: total=1081 in_window=721 excluded_by_filter=0 min_in_window=0.896 front_min=1.963
[taskset-1] [INFO] [1791018185.340193937] [behavior_executor_node]: BT snapshot -- root=SUCCESS, lanes: emergency=FAILURE | mission=FAILURE | navigation=SUCCESS
[taskset-1] [o] root [o]
[taskset-1]     [-] emergency [x]
[taskset-1]         [o] emergency_condition [x]
[taskset-1]             --> IsBatteryLow [x]
[taskset-1]             --> IsEmergencyStopTriggered [x]
[taskset-1]             --> IsProximityTooClose [x]
[taskset-1]             --> IsSystemOverheated [x]
[taskset-1]         --> Stop [-]
[taskset-1]     [-] mission [x]
[taskset-1]         --> MissionActive [x]
[taskset-1]         [o] mission_selector [-]
[taskset-1]             [-] mission_object_response [-]
[taskset-1]                 --> ObjectSeen [-]
[taskset-1]                 --> HandleObjectAction [-]
[taskset-1]             [-] mission_progress [-]
[taskset-1]                 --> PublishMoveGoal [-]
[taskset-1]                 --> GoToObject [-]
[taskset-1]                 --> CheckStopCondition [-]
[taskset-1]                 --> AdvanceMove [-]
[taskset-1]     [-] navigation [o]
[taskset-1]         --> HasMpcGoal [o]
[taskset-1] 
[taskset-1] [INFO] [1791018186.433201067] [behavior_executor_node]: BT snapshot -- root=SUCCESS, lanes: emergency=FAILURE | mission=FAILURE | navigation=SUCCESS
[taskset-1] [o] root [o]
[taskset-1]     [-] emergency [x]
[taskset-1]         [o] emergency_condition [x]
[taskset-1]             --> IsBatteryLow [x]
[taskset-1]             --> IsEmergencyStopTriggered [x]
[taskset-1]             --> IsProximityTooClose [x]
[taskset-1]             --> IsSystemOverheated [x]
[taskset-1]         --> Stop [-]
[taskset-1]     [-] mission [x]
[taskset-1]         --> MissionActive [x]
[taskset-1]         [o] mission_selector [-]
[taskset-1]             [-] mission_object_response [-]
[taskset-1]                 --> ObjectSeen [-]
[taskset-1]                 --> HandleObjectAction [-]
[taskset-1]             [-] mission_progress [-]
[taskset-1]                 --> PublishMoveGoal [-]
[taskset-1]                 --> GoToObject [-]
[taskset-1]                 --> CheckStopCondition [-]
[taskset-1]                 --> AdvanceMove [-]
[taskset-1]     [-] navigation [o]
[taskset-1]         --> HasMpcGoal [o]
[taskset-1] 
[taskset-1] [INFO] [1791018187.196318051] [behavior_executor_node]: [IsProximityTooClose] DIAG scan: total=1081 in_window=721 excluded_by_filter=0 min_in_window=0.964 front_min=2.250
[taskset-1] [INFO] [1791018187.438391250] [behavior_executor_node]: BT snapshot -- root=SUCCESS, lanes: emergency=FAILURE | mission=FAILURE | navigation=SUCCESS
[taskset-1] [o] root [o]
[taskset-1]     [-] emergency [x]
[taskset-1]         [o] emergency_condition [x]
[taskset-1]             --> IsBatteryLow [x]
[taskset-1]             --> IsEmergencyStopTriggered [x]
[taskset-1]             --> IsProximityTooClose [x]
[taskset-1]             --> IsSystemOverheated [x]
[taskset-1]         --> Stop [-]
[taskset-1]     [-] mission [x]
[taskset-1]         --> MissionActive [x]
[taskset-1]         [o] mission_selector [-]
[taskset-1]             [-] mission_object_response [-]
[taskset-1]                 --> ObjectSeen [-]
[taskset-1]                 --> HandleObjectAction [-]
[taskset-1]             [-] mission_progress [-]
[taskset-1]                 --> PublishMoveGoal [-]
[taskset-1]                 --> GoToObject [-]
[taskset-1]                 --> CheckStopCondition [-]
[taskset-1]                 --> AdvanceMove [-]
[taskset-1]     [-] navigation [o]
[taskset-1]         --> HasMpcGoal [o]
[taskset-1] 
[taskset-1] [INFO] [1791018188.441380662] [behavior_executor_node]: BT snapshot -- root=SUCCESS, lanes: emergency=FAILURE | mission=FAILURE | navigation=SUCCESS
[taskset-1] [o] root [o]
[taskset-1]     [-] emergency [x]
[taskset-1]         [o] emergency_condition [x]
[taskset-1]             --> IsBatteryLow [x]
[taskset-1]             --> IsEmergencyStopTriggered [x]
[taskset-1]             --> IsProximityTooClose [x]
[taskset-1]             --> IsSystemOverheated [x]
[taskset-1]         --> Stop [-]
[taskset-1]     [-] mission [x]
[taskset-1]         --> MissionActive [x]
[taskset-1]         [o] mission_selector [-]
[taskset-1]             [-] mission_object_response [-]
[taskset-1]                 --> ObjectSeen [-]
[taskset-1]                 --> HandleObjectAction [-]
[taskset-1]             [-] mission_progress [-]
[taskset-1]                 --> PublishMoveGoal [-]
[taskset-1]                 --> GoToObject [-]
[taskset-1]                 --> CheckStopCondition [-]
[taskset-1]                 --> AdvanceMove [-]
[taskset-1]     [-] navigation [o]
[taskset-1]         --> HasMpcGoal [o]
[taskset-1] 
[taskset-1] [INFO] [1791018189.198414371] [behavior_executor_node]: [IsProximityTooClose] DIAG scan: total=1081 in_window=721 excluded_by_filter=0 min_in_window=0.999 front_min=1.580
[taskset-1] [INFO] [1791018189.547890966] [behavior_executor_node]: BT snapshot -- root=SUCCESS, lanes: emergency=FAILURE | mission=FAILURE | navigation=SUCCESS
[taskset-1] [o] root [o]
[taskset-1]     [-] emergency [x]
[taskset-1]         [o] emergency_condition [x]
[taskset-1]             --> IsBatteryLow [x]
[taskset-1]             --> IsEmergencyStopTriggered [x]
[taskset-1]             --> IsProximityTooClose [x]
[taskset-1]             --> IsSystemOverheated [x]
[taskset-1]         --> Stop [-]
[taskset-1]     [-] mission [x]
[taskset-1]         --> MissionActive [x]
[taskset-1]         [o] mission_selector [-]
[taskset-1]             [-] mission_object_response [-]
[taskset-1]                 --> ObjectSeen [-]
[taskset-1]                 --> HandleObjectAction [-]
[taskset-1]             [-] mission_progress [-]
[taskset-1]                 --> PublishMoveGoal [-]
[taskset-1]                 --> GoToObject [-]
[taskset-1]                 --> CheckStopCondition [-]
[taskset-1]                 --> AdvanceMove [-]
[taskset-1]     [-] navigation [o]
[taskset-1]         --> HasMpcGoal [o]
[taskset-1] 
[taskset-1] [INFO] [1791018190.632173114] [behavior_executor_node]: BT snapshot -- root=SUCCESS, lanes: emergency=FAILURE | mission=FAILURE | navigation=SUCCESS
[taskset-1] [o] root [o]
[taskset-1]     [-] emergency [x]
[taskset-1]         [o] emergency_condition [x]
[taskset-1]             --> IsBatteryLow [x]
[taskset-1]             --> IsEmergencyStopTriggered [x]
[taskset-1]             --> IsProximityTooClose [x]
[taskset-1]             --> IsSystemOverheated [x]
[taskset-1]         --> Stop [-]
[taskset-1]     [-] mission [x]
[taskset-1]         --> MissionActive [x]
[taskset-1]         [o] mission_selector [-]
[taskset-1]             [-] mission_object_response [-]
[taskset-1]                 --> ObjectSeen [-]
[taskset-1]                 --> HandleObjectAction [-]
[taskset-1]             [-] mission_progress [-]
[taskset-1]                 --> PublishMoveGoal [-]
[taskset-1]                 --> GoToObject [-]
[taskset-1]                 --> CheckStopCondition [-]
[taskset-1]                 --> AdvanceMove [-]
[taskset-1]     [-] navigation [o]
[taskset-1]         --> HasMpcGoal [o]
[taskset-1] 
[taskset-1] [INFO] [1791018191.244247777] [behavior_executor_node]: [IsProximityTooClose] DIAG scan: total=1081 in_window=721 excluded_by_filter=0 min_in_window=1.081 front_min=2.070
[taskset-1] [INFO] [1791018191.854384089] [behavior_executor_node]: BT snapshot -- root=SUCCESS, lanes: emergency=FAILURE | mission=FAILURE | navigation=SUCCESS
[taskset-1] [o] root [o]
[taskset-1]     [-] emergency [x]
[taskset-1]         [o] emergency_condition [x]
[taskset-1]             --> IsBatteryLow [x]
[taskset-1]             --> IsEmergencyStopTriggered [x]
[taskset-1]             --> IsProximityTooClose [x]
[taskset-1]             --> IsSystemOverheated [x]
[taskset-1]         --> Stop [-]
[taskset-1]     [-] mission [x]
[taskset-1]         --> MissionActive [x]
[taskset-1]         [o] mission_selector [-]
[taskset-1]             [-] mission_object_response [-]
[taskset-1]                 --> ObjectSeen [-]
[taskset-1]                 --> HandleObjectAction [-]
[taskset-1]             [-] mission_progress [-]
[taskset-1]                 --> PublishMoveGoal [-]
[taskset-1]                 --> GoToObject [-]
[taskset-1]                 --> CheckStopCondition [-]
[taskset-1]                 --> AdvanceMove [-]
[taskset-1]     [-] navigation [o]
[taskset-1]         --> HasMpcGoal [o]
[taskset-1] 
[taskset-1] [INFO] [1791018192.931913611] [behavior_executor_node]: BT snapshot -- root=SUCCESS, lanes: emergency=FAILURE | mission=FAILURE | navigation=SUCCESS
[taskset-1] [o] root [o]
[taskset-1]     [-] emergency [x]
[taskset-1]         [o] emergency_condition [x]
[taskset-1]             --> IsBatteryLow [x]
[taskset-1]             --> IsEmergencyStopTriggered [x]
[taskset-1]             --> IsProximityTooClose [x]
[taskset-1]             --> IsSystemOverheated [x]
[taskset-1]         --> Stop [-]
[taskset-1]     [-] mission [x]
[taskset-1]         --> MissionActive [x]
[taskset-1]         [o] mission_selector [-]
[taskset-1]             [-] mission_object_response [-]
[taskset-1]                 --> ObjectSeen [-]
[taskset-1]                 --> HandleObjectAction [-]
[taskset-1]             [-] mission_progress [-]
[taskset-1]                 --> PublishMoveGoal [-]
[taskset-1]                 --> GoToObject [-]
[taskset-1]                 --> CheckStopCondition [-]
[taskset-1]                 --> AdvanceMove [-]
[taskset-1]     [-] navigation [o]
[taskset-1]         --> HasMpcGoal [o]
[taskset-1] 
[taskset-1] [INFO] [1791018193.258703321] [behavior_executor_node]: [IsProximityTooClose] DIAG scan: total=1081 in_window=721 excluded_by_filter=0 min_in_window=1.131 front_min=2.430
[taskset-1] [INFO] [1791018194.031498425] [behavior_executor_node]: BT snapshot -- root=SUCCESS, lanes: emergency=FAILURE | mission=FAILURE | navigation=SUCCESS
[taskset-1] [o] root [o]
[taskset-1]     [-] emergency [x]
[taskset-1]         [o] emergency_condition [x]
[taskset-1]             --> IsBatteryLow [x]
[taskset-1]             --> IsEmergencyStopTriggered [x]
[taskset-1]             --> IsProximityTooClose [x]
[taskset-1]             --> IsSystemOverheated [x]
[taskset-1]         --> Stop [-]
[taskset-1]     [-] mission [x]
[taskset-1]         --> MissionActive [x]
[taskset-1]         [o] mission_selector [-]
[taskset-1]             [-] mission_object_response [-]
[taskset-1]                 --> ObjectSeen [-]
[taskset-1]                 --> HandleObjectAction [-]
[taskset-1]             [-] mission_progress [-]
[taskset-1]                 --> PublishMoveGoal [-]
[taskset-1]                 --> GoToObject [-]
[taskset-1]                 --> CheckStopCondition [-]
[taskset-1]                 --> AdvanceMove [-]
[taskset-1]     [-] navigation [o]
[taskset-1]         --> HasMpcGoal [o]
[taskset-1] 
[taskset-1] [INFO] [1791018195.040212838] [behavior_executor_node]: BT snapshot -- root=SUCCESS, lanes: emergency=FAILURE | mission=FAILURE | navigation=SUCCESS
[taskset-1] [o] root [o]
[taskset-1]     [-] emergency [x]
[taskset-1]         [o] emergency_condition [x]
[taskset-1]             --> IsBatteryLow [x]
[taskset-1]             --> IsEmergencyStopTriggered [x]
[taskset-1]             --> IsProximityTooClose [x]
[taskset-1]             --> IsSystemOverheated [x]
[taskset-1]         --> Stop [-]
[taskset-1]     [-] mission [x]
[taskset-1]         --> MissionActive [x]
[taskset-1]         [o] mission_selector [-]
[taskset-1]             [-] mission_object_response [-]
[taskset-1]                 --> ObjectSeen [-]
[taskset-1]                 --> HandleObjectAction [-]
[taskset-1]             [-] mission_progress [-]
[taskset-1]                 --> PublishMoveGoal [-]
[taskset-1]                 --> GoToObject [-]
[taskset-1]                 --> CheckStopCondition [-]
[taskset-1]                 --> AdvanceMove [-]
[taskset-1]     [-] navigation [o]
[taskset-1]         --> HasMpcGoal [o]
[taskset-1] 
[taskset-1] [INFO] [1791018195.258966719] [behavior_executor_node]: [IsProximityTooClose] DIAG scan: total=1081 in_window=721 excluded_by_filter=0 min_in_window=1.559 front_min=1.740
[taskset-1] [INFO] [1791018196.132185533] [behavior_executor_node]: BT snapshot -- root=SUCCESS, lanes: emergency=FAILURE | mission=FAILURE | navigation=SUCCESS
[taskset-1] [o] root [o]
[taskset-1]     [-] emergency [x]
[taskset-1]         [o] emergency_condition [x]
[taskset-1]             --> IsBatteryLow [x]
[taskset-1]             --> IsEmergencyStopTriggered [x]
[taskset-1]             --> IsProximityTooClose [x]
[taskset-1]             --> IsSystemOverheated [x]
[taskset-1]         --> Stop [-]
[taskset-1]     [-] mission [x]
[taskset-1]         --> MissionActive [x]
[taskset-1]         [o] mission_selector [-]
[taskset-1]             [-] mission_object_response [-]
[taskset-1]                 --> ObjectSeen [-]
[taskset-1]                 --> HandleObjectAction [-]
[taskset-1]             [-] mission_progress [-]
[taskset-1]                 --> PublishMoveGoal [-]
[taskset-1]                 --> GoToObject [-]
[taskset-1]                 --> CheckStopCondition [-]
[taskset-1]                 --> AdvanceMove [-]
[taskset-1]     [-] navigation [o]
[taskset-1]         --> HasMpcGoal [o]
[taskset-1] 
[taskset-1] [INFO] [1791018197.132269436] [behavior_executor_node]: BT snapshot -- root=SUCCESS, lanes: emergency=FAILURE | mission=FAILURE | navigation=SUCCESS
[taskset-1] [o] root [o]
[taskset-1]     [-] emergency [x]
[taskset-1]         [o] emergency_condition [x]
[taskset-1]             --> IsBatteryLow [x]
[taskset-1]             --> IsEmergencyStopTriggered [x]
[taskset-1]             --> IsProximityTooClose [x]
[taskset-1]             --> IsSystemOverheated [x]
[taskset-1]         --> Stop [-]
[taskset-1]     [-] mission [x]
[taskset-1]         --> MissionActive [x]
[taskset-1]         [o] mission_selector [-]
[taskset-1]             [-] mission_object_response [-]
[taskset-1]                 --> ObjectSeen [-]
[taskset-1]                 --> HandleObjectAction [-]
[taskset-1]             [-] mission_progress [-]
[taskset-1]                 --> PublishMoveGoal [-]
[taskset-1]                 --> GoToObject [-]
[taskset-1]                 --> CheckStopCondition [-]
[taskset-1]                 --> AdvanceMove [-]
[taskset-1]     [-] navigation [o]
[taskset-1]         --> HasMpcGoal [o]
[taskset-1] 
[taskset-1] [INFO] [1791018197.360951064] [behavior_executor_node]: [IsProximityTooClose] DIAG scan: total=1081 in_window=721 excluded_by_filter=0 min_in_window=1.202 front_min=1.988
[taskset-1] [INFO] [1791018198.137492007] [behavior_executor_node]: BT snapshot -- root=SUCCESS, lanes: emergency=FAILURE | mission=FAILURE | navigation=SUCCESS
[taskset-1] [o] root [o]
[taskset-1]     [-] emergency [x]
[taskset-1]         [o] emergency_condition [x]
[taskset-1]             --> IsBatteryLow [x]
[taskset-1]             --> IsEmergencyStopTriggered [x]
[taskset-1]             --> IsProximityTooClose [x]
[taskset-1]             --> IsSystemOverheated [x]
[taskset-1]         --> Stop [-]
[taskset-1]     [-] mission [x]
[taskset-1]         --> MissionActive [x]
[taskset-1]         [o] mission_selector [-]
[taskset-1]             [-] mission_object_response [-]
[taskset-1]                 --> ObjectSeen [-]
[taskset-1]                 --> HandleObjectAction [-]
[taskset-1]             [-] mission_progress [-]
[taskset-1]                 --> PublishMoveGoal [-]
[taskset-1]                 --> GoToObject [-]
[taskset-1]                 --> CheckStopCondition [-]
[taskset-1]                 --> AdvanceMove [-]
[taskset-1]     [-] navigation [o]
[taskset-1]         --> HasMpcGoal [o]
[taskset-1] 
[taskset-1] [INFO] [1791018199.140632219] [behavior_executor_node]: BT snapshot -- root=SUCCESS, lanes: emergency=FAILURE | mission=FAILURE | navigation=SUCCESS
[taskset-1] [o] root [o]
[taskset-1]     [-] emergency [x]
[taskset-1]         [o] emergency_condition [x]
[taskset-1]             --> IsBatteryLow [x]
[taskset-1]             --> IsEmergencyStopTriggered [x]
[taskset-1]             --> IsProximityTooClose [x]
[taskset-1]             --> IsSystemOverheated [x]
[taskset-1]         --> Stop [-]
[taskset-1]     [-] mission [x]
[taskset-1]         --> MissionActive [x]
[taskset-1]         [o] mission_selector [-]
[taskset-1]             [-] mission_object_response [-]
[taskset-1]                 --> ObjectSeen [-]
[taskset-1]                 --> HandleObjectAction [-]
[taskset-1]             [-] mission_progress [-]
[taskset-1]                 --> PublishMoveGoal [-]
[taskset-1]                 --> GoToObject [-]
[taskset-1]                 --> CheckStopCondition [-]
[taskset-1]                 --> AdvanceMove [-]
[taskset-1]     [-] navigation [o]
[taskset-1]         --> HasMpcGoal [o]
[taskset-1] 
[taskset-1] [INFO] [1791018199.388673840] [behavior_executor_node]: [IsProximityTooClose] DIAG scan: total=1081 in_window=721 excluded_by_filter=0 min_in_window=1.229 front_min=1.836
[taskset-1] [INFO] [1791018200.164442958] [behavior_executor_node]: BT snapshot -- root=SUCCESS, lanes: emergency=FAILURE | mission=FAILURE | navigation=SUCCESS
[taskset-1] [o] root [o]
[taskset-1]     [-] emergency [x]
[taskset-1]         [o] emergency_condition [x]
[taskset-1]             --> IsBatteryLow [x]
[taskset-1]             --> IsEmergencyStopTriggered [x]
[taskset-1]             --> IsProximityTooClose [x]
[taskset-1]             --> IsSystemOverheated [x]
[taskset-1]         --> Stop [-]
[taskset-1]     [-] mission [x]
[taskset-1]         --> MissionActive [x]
[taskset-1]         [o] mission_selector [-]
[taskset-1]             [-] mission_object_response [-]
[taskset-1]                 --> ObjectSeen [-]
[taskset-1]                 --> HandleObjectAction [-]
[taskset-1]             [-] mission_progress [-]
[taskset-1]                 --> PublishMoveGoal [-]
[taskset-1]                 --> GoToObject [-]
[taskset-1]                 --> CheckStopCondition [-]
[taskset-1]                 --> AdvanceMove [-]
[taskset-1]     [-] navigation [o]
[taskset-1]         --> HasMpcGoal [o]
[taskset-1] 
