[INFO] [launch]: All log files can be found below /home/andre/dev_ws/f1tenth_more/output/fix_batch_2/hold/ros_log/2026-10-03-15-33-48-004928-thor-425504
[INFO] [launch]: Default logging verbosity is set to INFO
[INFO] [launch.user]: [behavior_bringup] enable_nav2 is false -- skipping the Nav2 readiness gate, launching behavior_executor_node and twist_to_ackermann_node immediately (navigation lane will stay idle until enable_nav2 is turned back on).
[INFO] [taskset-1]: process started with pid [425561]
[INFO] [twist_to_ackermann_node-2]: process started with pid [425564]
[taskset-1] [INFO] [1791034430.225528511] [behavior_executor_node]: [mission] mission_file_name parameter not set -- waiting for a path on /mission/load_path, or a call to /mission/load_mission (mission.state stays IDLE until then).
[taskset-1] [INFO] [1791034430.227657875] [behavior_executor_node]: No goal pose received yet -- waiting on /goal_pose (see HasGoalPose).
[taskset-1] [INFO] [1791034430.230274195] [behavior_executor_node]: BT safety config: camera_obstacle_stop=False lidar_safety_stop=True (front=0.15m side=0.15m) sys_obs_load_trip=False (needs 3 consecutive samples); camera obstacles reach the MPC via /perception/obstacles_2d regardless.
[taskset-1] [INFO] [1791034430.335208684] [behavior_executor_node]: BT snapshot -- root=FAILURE, lanes: emergency=FAILURE | mission=FAILURE | navigation=FAILURE
[taskset-1] [o] root [x]
[taskset-1]     [-] emergency [x]
[taskset-1]         [o] emergency_condition [x]
[taskset-1]             --> IsBatteryLow [x]
[taskset-1]             --> IsEmergencyStopTriggered [x]
[taskset-1]             --> IsProximityTooClose [x]
[taskset-1]             --> IsSystemOverheated [x]
[taskset-1]         --> Stop [-]
[taskset-1]     [-] mission [x]
[taskset-1]         --> MissionActive [x]
[taskset-1]         [o] mission_selector [-]
[taskset-1]             [-] mission_object_response [-]
[taskset-1]                 --> ObjectSeen [-]
[taskset-1]                 --> HandleObjectAction [-]
[taskset-1]             [-] mission_progress [-]
[taskset-1]                 --> PublishMoveGoal [-]
[taskset-1]                 --> GoToObject [-]
[taskset-1]                 --> CheckStopCondition [-]
[taskset-1]                 --> AdvanceMove [-]
[taskset-1]     [-] navigation [x]
[taskset-1]         --> HasMpcGoal [x]
[taskset-1] 
[taskset-1] [INFO] [1791034431.432763841] [behavior_executor_node]: BT snapshot -- root=FAILURE, lanes: emergency=FAILURE | mission=FAILURE | navigation=FAILURE
[taskset-1] [o] root [x]
[taskset-1]     [-] emergency [x]
[taskset-1]         [o] emergency_condition [x]
[taskset-1]             --> IsBatteryLow [x]
[taskset-1]             --> IsEmergencyStopTriggered [x]
[taskset-1]             --> IsProximityTooClose [x]
[taskset-1]             --> IsSystemOverheated [x]
[taskset-1]         --> Stop [-]
[taskset-1]     [-] mission [x]
[taskset-1]         --> MissionActive [x]
[taskset-1]         [o] mission_selector [-]
[taskset-1]             [-] mission_object_response [-]
[taskset-1]                 --> ObjectSeen [-]
[taskset-1]                 --> HandleObjectAction [-]
[taskset-1]             [-] mission_progress [-]
[taskset-1]                 --> PublishMoveGoal [-]
[taskset-1]                 --> GoToObject [-]
[taskset-1]                 --> CheckStopCondition [-]
[taskset-1]                 --> AdvanceMove [-]
[taskset-1]     [-] navigation [x]
[taskset-1]         --> HasMpcGoal [x]
[taskset-1] 
[taskset-1] [INFO] [1791034432.433971397] [behavior_executor_node]: BT snapshot -- root=FAILURE, lanes: emergency=FAILURE | mission=FAILURE | navigation=FAILURE
[taskset-1] [o] root [x]
[taskset-1]     [-] emergency [x]
[taskset-1]         [o] emergency_condition [x]
[taskset-1]             --> IsBatteryLow [x]
[taskset-1]             --> IsEmergencyStopTriggered [x]
[taskset-1]             --> IsProximityTooClose [x]
[taskset-1]             --> IsSystemOverheated [x]
[taskset-1]         --> Stop [-]
[taskset-1]     [-] mission [x]
[taskset-1]         --> MissionActive [x]
[taskset-1]         [o] mission_selector [-]
[taskset-1]             [-] mission_object_response [-]
[taskset-1]                 --> ObjectSeen [-]
[taskset-1]                 --> HandleObjectAction [-]
[taskset-1]             [-] mission_progress [-]
[taskset-1]                 --> PublishMoveGoal [-]
[taskset-1]                 --> GoToObject [-]
[taskset-1]                 --> CheckStopCondition [-]
[taskset-1]                 --> AdvanceMove [-]
[taskset-1]     [-] navigation [x]
[taskset-1]         --> HasMpcGoal [x]
[taskset-1] 
[taskset-1] [INFO] [1791034433.533645198] [behavior_executor_node]: BT snapshot -- root=FAILURE, lanes: emergency=FAILURE | mission=FAILURE | navigation=FAILURE
[taskset-1] [o] root [x]
[taskset-1]     [-] emergency [x]
[taskset-1]         [o] emergency_condition [x]
[taskset-1]             --> IsBatteryLow [x]
[taskset-1]             --> IsEmergencyStopTriggered [x]
[taskset-1]             --> IsProximityTooClose [x]
[taskset-1]             --> IsSystemOverheated [x]
[taskset-1]         --> Stop [-]
[taskset-1]     [-] mission [x]
[taskset-1]         --> MissionActive [x]
[taskset-1]         [o] mission_selector [-]
[taskset-1]             [-] mission_object_response [-]
[taskset-1]                 --> ObjectSeen [-]
[taskset-1]                 --> HandleObjectAction [-]
[taskset-1]             [-] mission_progress [-]
[taskset-1]                 --> PublishMoveGoal [-]
[taskset-1]                 --> GoToObject [-]
[taskset-1]                 --> CheckStopCondition [-]
[taskset-1]                 --> AdvanceMove [-]
[taskset-1]     [-] navigation [x]
[taskset-1]         --> HasMpcGoal [x]
[taskset-1] 
[taskset-1] [INFO] [1791034434.534512575] [behavior_executor_node]: BT snapshot -- root=FAILURE, lanes: emergency=FAILURE | mission=FAILURE | navigation=FAILURE
[taskset-1] [o] root [x]
[taskset-1]     [-] emergency [x]
[taskset-1]         [o] emergency_condition [x]
[taskset-1]             --> IsBatteryLow [x]
[taskset-1]             --> IsEmergencyStopTriggered [x]
[taskset-1]             --> IsProximityTooClose [x]
[taskset-1]             --> IsSystemOverheated [x]
[taskset-1]         --> Stop [-]
[taskset-1]     [-] mission [x]
[taskset-1]         --> MissionActive [x]
[taskset-1]         [o] mission_selector [-]
[taskset-1]             [-] mission_object_response [-]
[taskset-1]                 --> ObjectSeen [-]
[taskset-1]                 --> HandleObjectAction [-]
[taskset-1]             [-] mission_progress [-]
[taskset-1]                 --> PublishMoveGoal [-]
[taskset-1]                 --> GoToObject [-]
[taskset-1]                 --> CheckStopCondition [-]
[taskset-1]                 --> AdvanceMove [-]
[taskset-1]     [-] navigation [x]
[taskset-1]         --> HasMpcGoal [x]
[taskset-1] 
[taskset-1] [INFO] [1791034435.633716690] [behavior_executor_node]: BT snapshot -- root=FAILURE, lanes: emergency=FAILURE | mission=FAILURE | navigation=FAILURE
[taskset-1] [o] root [x]
[taskset-1]     [-] emergency [x]
[taskset-1]         [o] emergency_condition [x]
[taskset-1]             --> IsBatteryLow [x]
[taskset-1]             --> IsEmergencyStopTriggered [x]
[taskset-1]             --> IsProximityTooClose [x]
[taskset-1]             --> IsSystemOverheated [x]
[taskset-1]         --> Stop [-]
[taskset-1]     [-] mission [x]
[taskset-1]         --> MissionActive [x]
[taskset-1]         [o] mission_selector [-]
[taskset-1]             [-] mission_object_response [-]
[taskset-1]                 --> ObjectSeen [-]
[taskset-1]                 --> HandleObjectAction [-]
[taskset-1]             [-] mission_progress [-]
[taskset-1]                 --> PublishMoveGoal [-]
[taskset-1]                 --> GoToObject [-]
[taskset-1]                 --> CheckStopCondition [-]
[taskset-1]                 --> AdvanceMove [-]
[taskset-1]     [-] navigation [x]
[taskset-1]         --> HasMpcGoal [x]
[taskset-1] 
[taskset-1] [INFO] [1791034436.633949514] [behavior_executor_node]: BT snapshot -- root=FAILURE, lanes: emergency=FAILURE | mission=FAILURE | navigation=FAILURE
[taskset-1] [o] root [x]
[taskset-1]     [-] emergency [x]
[taskset-1]         [o] emergency_condition [x]
[taskset-1]             --> IsBatteryLow [x]
[taskset-1]             --> IsEmergencyStopTriggered [x]
[taskset-1]             --> IsProximityTooClose [x]
[taskset-1]             --> IsSystemOverheated [x]
[taskset-1]         --> Stop [-]
[taskset-1]     [-] mission [x]
[taskset-1]         --> MissionActive [x]
[taskset-1]         [o] mission_selector [-]
[taskset-1]             [-] mission_object_response [-]
[taskset-1]                 --> ObjectSeen [-]
[taskset-1]                 --> HandleObjectAction [-]
[taskset-1]             [-] mission_progress [-]
[taskset-1]                 --> PublishMoveGoal [-]
[taskset-1]                 --> GoToObject [-]
[taskset-1]                 --> CheckStopCondition [-]
[taskset-1]                 --> AdvanceMove [-]
[taskset-1]     [-] navigation [x]
[taskset-1]         --> HasMpcGoal [x]
[taskset-1] 
[taskset-1] [INFO] [1791034437.733613113] [behavior_executor_node]: BT snapshot -- root=FAILURE, lanes: emergency=FAILURE | mission=FAILURE | navigation=FAILURE
[taskset-1] [o] root [x]
[taskset-1]     [-] emergency [x]
[taskset-1]         [o] emergency_condition [x]
[taskset-1]             --> IsBatteryLow [x]
[taskset-1]             --> IsEmergencyStopTriggered [x]
[taskset-1]             --> IsProximityTooClose [x]
[taskset-1]             --> IsSystemOverheated [x]
[taskset-1]         --> Stop [-]
[taskset-1]     [-] mission [x]
[taskset-1]         --> MissionActive [x]
[taskset-1]         [o] mission_selector [-]
[taskset-1]             [-] mission_object_response [-]
[taskset-1]                 --> ObjectSeen [-]
[taskset-1]                 --> HandleObjectAction [-]
[taskset-1]             [-] mission_progress [-]
[taskset-1]                 --> PublishMoveGoal [-]
[taskset-1]                 --> GoToObject [-]
[taskset-1]                 --> CheckStopCondition [-]
[taskset-1]                 --> AdvanceMove [-]
[taskset-1]     [-] navigation [x]
[taskset-1]         --> HasMpcGoal [x]
[taskset-1] 
[taskset-1] [INFO] [1791034438.833748994] [behavior_executor_node]: BT snapshot -- root=FAILURE, lanes: emergency=FAILURE | mission=FAILURE | navigation=FAILURE
[taskset-1] [o] root [x]
[taskset-1]     [-] emergency [x]
[taskset-1]         [o] emergency_condition [x]
[taskset-1]             --> IsBatteryLow [x]
[taskset-1]             --> IsEmergencyStopTriggered [x]
[taskset-1]             --> IsProximityTooClose [x]
[taskset-1]             --> IsSystemOverheated [x]
[taskset-1]         --> Stop [-]
[taskset-1]     [-] mission [x]
[taskset-1]         --> MissionActive [x]
[taskset-1]         [o] mission_selector [-]
[taskset-1]             [-] mission_object_response [-]
[taskset-1]                 --> ObjectSeen [-]
[taskset-1]                 --> HandleObjectAction [-]
[taskset-1]             [-] mission_progress [-]
[taskset-1]                 --> PublishMoveGoal [-]
[taskset-1]                 --> GoToObject [-]
[taskset-1]                 --> CheckStopCondition [-]
[taskset-1]                 --> AdvanceMove [-]
[taskset-1]     [-] navigation [x]
[taskset-1]         --> HasMpcGoal [x]
[taskset-1] 
[taskset-1] [INFO] [1791034439.833404158] [behavior_executor_node]: BT snapshot -- root=FAILURE, lanes: emergency=FAILURE | mission=FAILURE | navigation=FAILURE
[taskset-1] [o] root [x]
[taskset-1]     [-] emergency [x]
[taskset-1]         [o] emergency_condition [x]
[taskset-1]             --> IsBatteryLow [x]
[taskset-1]             --> IsEmergencyStopTriggered [x]
[taskset-1]             --> IsProximityTooClose [x]
[taskset-1]             --> IsSystemOverheated [x]
[taskset-1]         --> Stop [-]
[taskset-1]     [-] mission [x]
[taskset-1]         --> MissionActive [x]
[taskset-1]         [o] mission_selector [-]
[taskset-1]             [-] mission_object_response [-]
[taskset-1]                 --> ObjectSeen [-]
[taskset-1]                 --> HandleObjectAction [-]
[taskset-1]             [-] mission_progress [-]
[taskset-1]                 --> PublishMoveGoal [-]
[taskset-1]                 --> GoToObject [-]
[taskset-1]                 --> CheckStopCondition [-]
[taskset-1]                 --> AdvanceMove [-]
[taskset-1]     [-] navigation [x]
[taskset-1]         --> HasMpcGoal [x]
[taskset-1] 
[taskset-1] [INFO] [1791034440.934018265] [behavior_executor_node]: BT snapshot -- root=FAILURE, lanes: emergency=FAILURE | mission=FAILURE | navigation=FAILURE
[taskset-1] [o] root [x]
[taskset-1]     [-] emergency [x]
[taskset-1]         [o] emergency_condition [x]
[taskset-1]             --> IsBatteryLow [x]
[taskset-1]             --> IsEmergencyStopTriggered [x]
[taskset-1]             --> IsProximityTooClose [x]
[taskset-1]             --> IsSystemOverheated [x]
[taskset-1]         --> Stop [-]
[taskset-1]     [-] mission [x]
[taskset-1]         --> MissionActive [x]
[taskset-1]         [o] mission_selector [-]
[taskset-1]             [-] mission_object_response [-]
[taskset-1]                 --> ObjectSeen [-]
[taskset-1]                 --> HandleObjectAction [-]
[taskset-1]             [-] mission_progress [-]
[taskset-1]                 --> PublishMoveGoal [-]
[taskset-1]                 --> GoToObject [-]
[taskset-1]                 --> CheckStopCondition [-]
[taskset-1]                 --> AdvanceMove [-]
[taskset-1]     [-] navigation [x]
[taskset-1]         --> HasMpcGoal [x]
[taskset-1] 
[taskset-1] [INFO] [1791034442.033676739] [behavior_executor_node]: BT snapshot -- root=FAILURE, lanes: emergency=FAILURE | mission=FAILURE | navigation=FAILURE
[taskset-1] [o] root [x]
[taskset-1]     [-] emergency [x]
[taskset-1]         [o] emergency_condition [x]
[taskset-1]             --> IsBatteryLow [x]
[taskset-1]             --> IsEmergencyStopTriggered [x]
[taskset-1]             --> IsProximityTooClose [x]
[taskset-1]             --> IsSystemOverheated [x]
[taskset-1]         --> Stop [-]
[taskset-1]     [-] mission [x]
[taskset-1]         --> MissionActive [x]
[taskset-1]         [o] mission_selector [-]
[taskset-1]             [-] mission_object_response [-]
[taskset-1]                 --> ObjectSeen [-]
[taskset-1]                 --> HandleObjectAction [-]
[taskset-1]             [-] mission_progress [-]
[taskset-1]                 --> PublishMoveGoal [-]
[taskset-1]                 --> GoToObject [-]
[taskset-1]                 --> CheckStopCondition [-]
[taskset-1]                 --> AdvanceMove [-]
[taskset-1]     [-] navigation [x]
[taskset-1]         --> HasMpcGoal [x]
[taskset-1] 
[taskset-1] [INFO] [1791034443.133197543] [behavior_executor_node]: BT snapshot -- root=FAILURE, lanes: emergency=FAILURE | mission=FAILURE | navigation=FAILURE
[taskset-1] [o] root [x]
[taskset-1]     [-] emergency [x]
[taskset-1]         [o] emergency_condition [x]
[taskset-1]             --> IsBatteryLow [x]
[taskset-1]             --> IsEmergencyStopTriggered [x]
[taskset-1]             --> IsProximityTooClose [x]
[taskset-1]             --> IsSystemOverheated [x]
[taskset-1]         --> Stop [-]
[taskset-1]     [-] mission [x]
[taskset-1]         --> MissionActive [x]
[taskset-1]         [o] mission_selector [-]
[taskset-1]             [-] mission_object_response [-]
[taskset-1]                 --> ObjectSeen [-]
[taskset-1]                 --> HandleObjectAction [-]
[taskset-1]             [-] mission_progress [-]
[taskset-1]                 --> PublishMoveGoal [-]
[taskset-1]                 --> GoToObject [-]
[taskset-1]                 --> CheckStopCondition [-]
[taskset-1]                 --> AdvanceMove [-]
[taskset-1]     [-] navigation [x]
[taskset-1]         --> HasMpcGoal [x]
[taskset-1] 
[taskset-1] [INFO] [1791034444.233722845] [behavior_executor_node]: BT snapshot -- root=FAILURE, lanes: emergency=FAILURE | mission=FAILURE | navigation=FAILURE
[taskset-1] [o] root [x]
[taskset-1]     [-] emergency [x]
[taskset-1]         [o] emergency_condition [x]
[taskset-1]             --> IsBatteryLow [x]
[taskset-1]             --> IsEmergencyStopTriggered [x]
[taskset-1]             --> IsProximityTooClose [x]
[taskset-1]             --> IsSystemOverheated [x]
[taskset-1]         --> Stop [-]
[taskset-1]     [-] mission [x]
[taskset-1]         --> MissionActive [x]
[taskset-1]         [o] mission_selector [-]
[taskset-1]             [-] mission_object_response [-]
[taskset-1]                 --> ObjectSeen [-]
[taskset-1]                 --> HandleObjectAction [-]
[taskset-1]             [-] mission_progress [-]
[taskset-1]                 --> PublishMoveGoal [-]
[taskset-1]                 --> GoToObject [-]
[taskset-1]                 --> CheckStopCondition [-]
[taskset-1]                 --> AdvanceMove [-]
[taskset-1]     [-] navigation [x]
[taskset-1]         --> HasMpcGoal [x]
[taskset-1] 
[taskset-1] [INFO] [1791034445.233904908] [behavior_executor_node]: BT snapshot -- root=FAILURE, lanes: emergency=FAILURE | mission=FAILURE | navigation=FAILURE
[taskset-1] [o] root [x]
[taskset-1]     [-] emergency [x]
[taskset-1]         [o] emergency_condition [x]
[taskset-1]             --> IsBatteryLow [x]
[taskset-1]             --> IsEmergencyStopTriggered [x]
[taskset-1]             --> IsProximityTooClose [x]
[taskset-1]             --> IsSystemOverheated [x]
[taskset-1]         --> Stop [-]
[taskset-1]     [-] mission [x]
[taskset-1]         --> MissionActive [x]
[taskset-1]         [o] mission_selector [-]
[taskset-1]             [-] mission_object_response [-]
[taskset-1]                 --> ObjectSeen [-]
[taskset-1]                 --> HandleObjectAction [-]
[taskset-1]             [-] mission_progress [-]
[taskset-1]                 --> PublishMoveGoal [-]
[taskset-1]                 --> GoToObject [-]
[taskset-1]                 --> CheckStopCondition [-]
[taskset-1]                 --> AdvanceMove [-]
[taskset-1]     [-] navigation [x]
[taskset-1]         --> HasMpcGoal [x]
[taskset-1] 
[taskset-1] [INFO] [1791034446.333515401] [behavior_executor_node]: BT snapshot -- root=FAILURE, lanes: emergency=FAILURE | mission=FAILURE | navigation=FAILURE
[taskset-1] [o] root [x]
[taskset-1]     [-] emergency [x]
[taskset-1]         [o] emergency_condition [x]
[taskset-1]             --> IsBatteryLow [x]
[taskset-1]             --> IsEmergencyStopTriggered [x]
[taskset-1]             --> IsProximityTooClose [x]
[taskset-1]             --> IsSystemOverheated [x]
[taskset-1]         --> Stop [-]
[taskset-1]     [-] mission [x]
[taskset-1]         --> MissionActive [x]
[taskset-1]         [o] mission_selector [-]
[taskset-1]             [-] mission_object_response [-]
[taskset-1]                 --> ObjectSeen [-]
[taskset-1]                 --> HandleObjectAction [-]
[taskset-1]             [-] mission_progress [-]
[taskset-1]                 --> PublishMoveGoal [-]
[taskset-1]                 --> GoToObject [-]
[taskset-1]                 --> CheckStopCondition [-]
[taskset-1]                 --> AdvanceMove [-]
[taskset-1]     [-] navigation [x]
[taskset-1]         --> HasMpcGoal [x]
[taskset-1] 
[taskset-1] [INFO] [1791034447.420327508] [behavior_executor_node]: BT snapshot -- root=FAILURE, lanes: emergency=FAILURE | mission=FAILURE | navigation=FAILURE
[taskset-1] [o] root [x]
[taskset-1]     [-] emergency [x]
[taskset-1]         [o] emergency_condition [x]
[taskset-1]             --> IsBatteryLow [x]
[taskset-1]             --> IsEmergencyStopTriggered [x]
[taskset-1]             --> IsProximityTooClose [x]
[taskset-1]             --> IsSystemOverheated [x]
[taskset-1]         --> Stop [-]
[taskset-1]     [-] mission [x]
[taskset-1]         --> MissionActive [x]
[taskset-1]         [o] mission_selector [-]
[taskset-1]             [-] mission_object_response [-]
[taskset-1]                 --> ObjectSeen [-]
[taskset-1]                 --> HandleObjectAction [-]
[taskset-1]             [-] mission_progress [-]
[taskset-1]                 --> PublishMoveGoal [-]
[taskset-1]                 --> GoToObject [-]
[taskset-1]                 --> CheckStopCondition [-]
[taskset-1]                 --> AdvanceMove [-]
[taskset-1]     [-] navigation [x]
[taskset-1]         --> HasMpcGoal [x]
[taskset-1] 
[taskset-1] [INFO] [1791034448.433759774] [behavior_executor_node]: BT snapshot -- root=FAILURE, lanes: emergency=FAILURE | mission=FAILURE | navigation=FAILURE
[taskset-1] [o] root [x]
[taskset-1]     [-] emergency [x]
[taskset-1]         [o] emergency_condition [x]
[taskset-1]             --> IsBatteryLow [x]
[taskset-1]             --> IsEmergencyStopTriggered [x]
[taskset-1]             --> IsProximityTooClose [x]
[taskset-1]             --> IsSystemOverheated [x]
[taskset-1]         --> Stop [-]
[taskset-1]     [-] mission [x]
[taskset-1]         --> MissionActive [x]
[taskset-1]         [o] mission_selector [-]
[taskset-1]             [-] mission_object_response [-]
[taskset-1]                 --> ObjectSeen [-]
[taskset-1]                 --> HandleObjectAction [-]
[taskset-1]             [-] mission_progress [-]
[taskset-1]                 --> PublishMoveGoal [-]
[taskset-1]                 --> GoToObject [-]
[taskset-1]                 --> CheckStopCondition [-]
[taskset-1]                 --> AdvanceMove [-]
[taskset-1]     [-] navigation [x]
[taskset-1]         --> HasMpcGoal [x]
[taskset-1] 
[taskset-1] [INFO] [1791034449.534480415] [behavior_executor_node]: BT snapshot -- root=FAILURE, lanes: emergency=FAILURE | mission=FAILURE | navigation=FAILURE
[taskset-1] [o] root [x]
[taskset-1]     [-] emergency [x]
[taskset-1]         [o] emergency_condition [x]
[taskset-1]             --> IsBatteryLow [x]
[taskset-1]             --> IsEmergencyStopTriggered [x]
[taskset-1]             --> IsProximityTooClose [x]
[taskset-1]             --> IsSystemOverheated [x]
[taskset-1]         --> Stop [-]
[taskset-1]     [-] mission [x]
[taskset-1]         --> MissionActive [x]
[taskset-1]         [o] mission_selector [-]
[taskset-1]             [-] mission_object_response [-]
[taskset-1]                 --> ObjectSeen [-]
[taskset-1]                 --> HandleObjectAction [-]
[taskset-1]             [-] mission_progress [-]
[taskset-1]                 --> PublishMoveGoal [-]
[taskset-1]                 --> GoToObject [-]
[taskset-1]                 --> CheckStopCondition [-]
[taskset-1]                 --> AdvanceMove [-]
[taskset-1]     [-] navigation [x]
[taskset-1]         --> HasMpcGoal [x]
[taskset-1] 
[taskset-1] [INFO] [1791034450.535954623] [behavior_executor_node]: BT snapshot -- root=FAILURE, lanes: emergency=FAILURE | mission=FAILURE | navigation=FAILURE
[taskset-1] [o] root [x]
[taskset-1]     [-] emergency [x]
[taskset-1]         [o] emergency_condition [x]
[taskset-1]             --> IsBatteryLow [x]
[taskset-1]             --> IsEmergencyStopTriggered [x]
[taskset-1]             --> IsProximityTooClose [x]
[taskset-1]             --> IsSystemOverheated [x]
[taskset-1]         --> Stop [-]
[taskset-1]     [-] mission [x]
[taskset-1]         --> MissionActive [x]
[taskset-1]         [o] mission_selector [-]
[taskset-1]             [-] mission_object_response [-]
[taskset-1]                 --> ObjectSeen [-]
[taskset-1]                 --> HandleObjectAction [-]
[taskset-1]             [-] mission_progress [-]
[taskset-1]                 --> PublishMoveGoal [-]
[taskset-1]                 --> GoToObject [-]
[taskset-1]                 --> CheckStopCondition [-]
[taskset-1]                 --> AdvanceMove [-]
[taskset-1]     [-] navigation [x]
[taskset-1]         --> HasMpcGoal [x]
[taskset-1] 
[taskset-1] [INFO] [1791034451.634065288] [behavior_executor_node]: BT snapshot -- root=FAILURE, lanes: emergency=FAILURE | mission=FAILURE | navigation=FAILURE
[taskset-1] [o] root [x]
[taskset-1]     [-] emergency [x]
[taskset-1]         [o] emergency_condition [x]
[taskset-1]             --> IsBatteryLow [x]
[taskset-1]             --> IsEmergencyStopTriggered [x]
[taskset-1]             --> IsProximityTooClose [x]
[taskset-1]             --> IsSystemOverheated [x]
[taskset-1]         --> Stop [-]
[taskset-1]     [-] mission [x]
[taskset-1]         --> MissionActive [x]
[taskset-1]         [o] mission_selector [-]
[taskset-1]             [-] mission_object_response [-]
[taskset-1]                 --> ObjectSeen [-]
[taskset-1]                 --> HandleObjectAction [-]
[taskset-1]             [-] mission_progress [-]
[taskset-1]                 --> PublishMoveGoal [-]
[taskset-1]                 --> GoToObject [-]
[taskset-1]                 --> CheckStopCondition [-]
[taskset-1]                 --> AdvanceMove [-]
[taskset-1]     [-] navigation [x]
[taskset-1]         --> HasMpcGoal [x]
[taskset-1] 
[taskset-1] [INFO] [1791034452.734500771] [behavior_executor_node]: BT snapshot -- root=FAILURE, lanes: emergency=FAILURE | mission=FAILURE | navigation=FAILURE
[taskset-1] [o] root [x]
[taskset-1]     [-] emergency [x]
[taskset-1]         [o] emergency_condition [x]
[taskset-1]             --> IsBatteryLow [x]
[taskset-1]             --> IsEmergencyStopTriggered [x]
[taskset-1]             --> IsProximityTooClose [x]
[taskset-1]             --> IsSystemOverheated [x]
[taskset-1]         --> Stop [-]
[taskset-1]     [-] mission [x]
[taskset-1]         --> MissionActive [x]
[taskset-1]         [o] mission_selector [-]
[taskset-1]             [-] mission_object_response [-]
[taskset-1]                 --> ObjectSeen [-]
[taskset-1]                 --> HandleObjectAction [-]
[taskset-1]             [-] mission_progress [-]
[taskset-1]                 --> PublishMoveGoal [-]
[taskset-1]                 --> GoToObject [-]
[taskset-1]                 --> CheckStopCondition [-]
[taskset-1]                 --> AdvanceMove [-]
[taskset-1]     [-] navigation [x]
[taskset-1]         --> HasMpcGoal [x]
[taskset-1] 
[taskset-1] [INFO] [1791034453.112703824] [behavior_executor_node]: [IsProximityTooClose] DIAG /scan layout (first message): angle_min=-2.3562 rad (-135.0 deg), angle_max=2.3562 rad (+135.0 deg), angle_increment=0.004363 rad (0.2500 deg), range_min=0.020 m, len(ranges)=1081
[taskset-1] [INFO] [1791034453.114175777] [behavior_executor_node]: [IsProximityTooClose] DIAG scan: total=1081 in_window=721 excluded_by_filter=0 min_in_window=0.552 front_min=1.673
[taskset-1] [INFO] [1791034453.833220228] [behavior_executor_node]: BT snapshot -- root=FAILURE, lanes: emergency=FAILURE | mission=FAILURE | navigation=FAILURE
[taskset-1] [o] root [x]
[taskset-1]     [-] emergency [x]
[taskset-1]         [o] emergency_condition [x]
[taskset-1]             --> IsBatteryLow [x]
[taskset-1]             --> IsEmergencyStopTriggered [x]
[taskset-1]             --> IsProximityTooClose [x]
[taskset-1]             --> IsSystemOverheated [x]
[taskset-1]         --> Stop [-]
[taskset-1]     [-] mission [x]
[taskset-1]         --> MissionActive [x]
[taskset-1]         [o] mission_selector [-]
[taskset-1]             [-] mission_object_response [-]
[taskset-1]                 --> ObjectSeen [-]
[taskset-1]                 --> HandleObjectAction [-]
[taskset-1]             [-] mission_progress [-]
[taskset-1]                 --> PublishMoveGoal [-]
[taskset-1]                 --> GoToObject [-]
[taskset-1]                 --> CheckStopCondition [-]
[taskset-1]                 --> AdvanceMove [-]
[taskset-1]     [-] navigation [x]
[taskset-1]         --> HasMpcGoal [x]
[taskset-1] 
[taskset-1] [INFO] [1791034454.932759171] [behavior_executor_node]: BT snapshot -- root=FAILURE, lanes: emergency=FAILURE | mission=FAILURE | navigation=FAILURE
[taskset-1] [o] root [x]
[taskset-1]     [-] emergency [x]
[taskset-1]         [o] emergency_condition [x]
[taskset-1]             --> IsBatteryLow [x]
[taskset-1]             --> IsEmergencyStopTriggered [x]
[taskset-1]             --> IsProximityTooClose [x]
[taskset-1]             --> IsSystemOverheated [x]
[taskset-1]         --> Stop [-]
[taskset-1]     [-] mission [x]
[taskset-1]         --> MissionActive [x]
[taskset-1]         [o] mission_selector [-]
[taskset-1]             [-] mission_object_response [-]
[taskset-1]                 --> ObjectSeen [-]
[taskset-1]                 --> HandleObjectAction [-]
[taskset-1]             [-] mission_progress [-]
[taskset-1]                 --> PublishMoveGoal [-]
[taskset-1]                 --> GoToObject [-]
[taskset-1]                 --> CheckStopCondition [-]
[taskset-1]                 --> AdvanceMove [-]
[taskset-1]     [-] navigation [x]
[taskset-1]         --> HasMpcGoal [x]
[taskset-1] 
[taskset-1] [INFO] [1791034455.226746112] [behavior_executor_node]: [IsProximityTooClose] DIAG scan: total=1081 in_window=721 excluded_by_filter=0 min_in_window=0.641 front_min=1.645
[taskset-1] [INFO] [1791034456.032677618] [behavior_executor_node]: BT snapshot -- root=FAILURE, lanes: emergency=FAILURE | mission=FAILURE | navigation=FAILURE
[taskset-1] [o] root [x]
[taskset-1]     [-] emergency [x]
[taskset-1]         [o] emergency_condition [x]
[taskset-1]             --> IsBatteryLow [x]
[taskset-1]             --> IsEmergencyStopTriggered [x]
[taskset-1]             --> IsProximityTooClose [x]
[taskset-1]             --> IsSystemOverheated [x]
[taskset-1]         --> Stop [-]
[taskset-1]     [-] mission [x]
[taskset-1]         --> MissionActive [x]
[taskset-1]         [o] mission_selector [-]
[taskset-1]             [-] mission_object_response [-]
[taskset-1]                 --> ObjectSeen [-]
[taskset-1]                 --> HandleObjectAction [-]
[taskset-1]             [-] mission_progress [-]
[taskset-1]                 --> PublishMoveGoal [-]
[taskset-1]                 --> GoToObject [-]
[taskset-1]                 --> CheckStopCondition [-]
[taskset-1]                 --> AdvanceMove [-]
[taskset-1]     [-] navigation [x]
[taskset-1]         --> HasMpcGoal [x]
[taskset-1] 
[taskset-1] [INFO] [1791034457.032807512] [behavior_executor_node]: BT snapshot -- root=FAILURE, lanes: emergency=FAILURE | mission=FAILURE | navigation=FAILURE
[taskset-1] [o] root [x]
[taskset-1]     [-] emergency [x]
[taskset-1]         [o] emergency_condition [x]
[taskset-1]             --> IsBatteryLow [x]
[taskset-1]             --> IsEmergencyStopTriggered [x]
[taskset-1]             --> IsProximityTooClose [x]
[taskset-1]             --> IsSystemOverheated [x]
[taskset-1]         --> Stop [-]
[taskset-1]     [-] mission [x]
[taskset-1]         --> MissionActive [x]
[taskset-1]         [o] mission_selector [-]
[taskset-1]             [-] mission_object_response [-]
[taskset-1]                 --> ObjectSeen [-]
[taskset-1]                 --> HandleObjectAction [-]
[taskset-1]             [-] mission_progress [-]
[taskset-1]                 --> PublishMoveGoal [-]
[taskset-1]                 --> GoToObject [-]
[taskset-1]                 --> CheckStopCondition [-]
[taskset-1]                 --> AdvanceMove [-]
[taskset-1]     [-] navigation [x]
[taskset-1]         --> HasMpcGoal [x]
[taskset-1] 
[taskset-1] [INFO] [1791034457.538396358] [behavior_executor_node]: [IsProximityTooClose] DIAG scan: total=1081 in_window=721 excluded_by_filter=0 min_in_window=0.555 front_min=1.553
[taskset-1] [INFO] [1791034458.132512301] [behavior_executor_node]: BT snapshot -- root=FAILURE, lanes: emergency=FAILURE | mission=FAILURE | navigation=FAILURE
[taskset-1] [o] root [x]
[taskset-1]     [-] emergency [x]
[taskset-1]         [o] emergency_condition [x]
[taskset-1]             --> IsBatteryLow [x]
[taskset-1]             --> IsEmergencyStopTriggered [x]
[taskset-1]             --> IsProximityTooClose [x]
[taskset-1]             --> IsSystemOverheated [x]
[taskset-1]         --> Stop [-]
[taskset-1]     [-] mission [x]
[taskset-1]         --> MissionActive [x]
[taskset-1]         [o] mission_selector [-]
[taskset-1]             [-] mission_object_response [-]
[taskset-1]                 --> ObjectSeen [-]
[taskset-1]                 --> HandleObjectAction [-]
[taskset-1]             [-] mission_progress [-]
[taskset-1]                 --> PublishMoveGoal [-]
[taskset-1]                 --> GoToObject [-]
[taskset-1]                 --> CheckStopCondition [-]
[taskset-1]                 --> AdvanceMove [-]
[taskset-1]     [-] navigation [x]
[taskset-1]         --> HasMpcGoal [x]
[taskset-1] 
[taskset-1] [INFO] [1791034459.132560365] [behavior_executor_node]: BT snapshot -- root=FAILURE, lanes: emergency=FAILURE | mission=FAILURE | navigation=FAILURE
[taskset-1] [o] root [x]
[taskset-1]     [-] emergency [x]
[taskset-1]         [o] emergency_condition [x]
[taskset-1]             --> IsBatteryLow [x]
[taskset-1]             --> IsEmergencyStopTriggered [x]
[taskset-1]             --> IsProximityTooClose [x]
[taskset-1]             --> IsSystemOverheated [x]
[taskset-1]         --> Stop [-]
[taskset-1]     [-] mission [x]
[taskset-1]         --> MissionActive [x]
[taskset-1]         [o] mission_selector [-]
[taskset-1]             [-] mission_object_response [-]
[taskset-1]                 --> ObjectSeen [-]
[taskset-1]                 --> HandleObjectAction [-]
[taskset-1]             [-] mission_progress [-]
[taskset-1]                 --> PublishMoveGoal [-]
[taskset-1]                 --> GoToObject [-]
[taskset-1]                 --> CheckStopCondition [-]
[taskset-1]                 --> AdvanceMove [-]
[taskset-1]     [-] navigation [x]
[taskset-1]         --> HasMpcGoal [x]
[taskset-1] 
[taskset-1] [INFO] [1791034459.558361186] [behavior_executor_node]: [IsProximityTooClose] DIAG scan: total=1081 in_window=721 excluded_by_filter=0 min_in_window=0.598 front_min=1.485
[taskset-1] [INFO] [1791034460.224500077] [behavior_executor_node]: BT snapshot -- root=FAILURE, lanes: emergency=FAILURE | mission=FAILURE | navigation=FAILURE
[taskset-1] [o] root [x]
[taskset-1]     [-] emergency [x]
[taskset-1]         [o] emergency_condition [x]
[taskset-1]             --> IsBatteryLow [x]
[taskset-1]             --> IsEmergencyStopTriggered [x]
[taskset-1]             --> IsProximityTooClose [x]
[taskset-1]             --> IsSystemOverheated [x]
[taskset-1]         --> Stop [-]
[taskset-1]     [-] mission [x]
[taskset-1]         --> MissionActive [x]
[taskset-1]         [o] mission_selector [-]
[taskset-1]             [-] mission_object_response [-]
[taskset-1]                 --> ObjectSeen [-]
[taskset-1]                 --> HandleObjectAction [-]
[taskset-1]             [-] mission_progress [-]
[taskset-1]                 --> PublishMoveGoal [-]
[taskset-1]                 --> GoToObject [-]
[taskset-1]                 --> CheckStopCondition [-]
[taskset-1]                 --> AdvanceMove [-]
[taskset-1]     [-] navigation [x]
[taskset-1]         --> HasMpcGoal [x]
[taskset-1] 
[taskset-1] [INFO] [1791034461.233624426] [behavior_executor_node]: BT snapshot -- root=FAILURE, lanes: emergency=FAILURE | mission=FAILURE | navigation=FAILURE
[taskset-1] [o] root [x]
[taskset-1]     [-] emergency [x]
[taskset-1]         [o] emergency_condition [x]
[taskset-1]             --> IsBatteryLow [x]
[taskset-1]             --> IsEmergencyStopTriggered [x]
[taskset-1]             --> IsProximityTooClose [x]
[taskset-1]             --> IsSystemOverheated [x]
[taskset-1]         --> Stop [-]
[taskset-1]     [-] mission [x]
[taskset-1]         --> MissionActive [x]
[taskset-1]         [o] mission_selector [-]
[taskset-1]             [-] mission_object_response [-]
[taskset-1]                 --> ObjectSeen [-]
[taskset-1]                 --> HandleObjectAction [-]
[taskset-1]             [-] mission_progress [-]
[taskset-1]                 --> PublishMoveGoal [-]
[taskset-1]                 --> GoToObject [-]
[taskset-1]                 --> CheckStopCondition [-]
[taskset-1]                 --> AdvanceMove [-]
[taskset-1]     [-] navigation [x]
[taskset-1]         --> HasMpcGoal [x]
[taskset-1] 
[taskset-1] [INFO] [1791034461.562044779] [behavior_executor_node]: [IsProximityTooClose] DIAG scan: total=1081 in_window=721 excluded_by_filter=0 min_in_window=0.628 front_min=1.318
[taskset-1] [INFO] [1791034462.233643394] [behavior_executor_node]: BT snapshot -- root=FAILURE, lanes: emergency=FAILURE | mission=FAILURE | navigation=FAILURE
[taskset-1] [o] root [x]
[taskset-1]     [-] emergency [x]
[taskset-1]         [o] emergency_condition [x]
[taskset-1]             --> IsBatteryLow [x]
[taskset-1]             --> IsEmergencyStopTriggered [x]
[taskset-1]             --> IsProximityTooClose [x]
[taskset-1]             --> IsSystemOverheated [x]
[taskset-1]         --> Stop [-]
[taskset-1]     [-] mission [x]
[taskset-1]         --> MissionActive [x]
[taskset-1]         [o] mission_selector [-]
[taskset-1]             [-] mission_object_response [-]
[taskset-1]                 --> ObjectSeen [-]
[taskset-1]                 --> HandleObjectAction [-]
[taskset-1]             [-] mission_progress [-]
[taskset-1]                 --> PublishMoveGoal [-]
[taskset-1]                 --> GoToObject [-]
[taskset-1]                 --> CheckStopCondition [-]
[taskset-1]                 --> AdvanceMove [-]
[taskset-1]     [-] navigation [x]
[taskset-1]         --> HasMpcGoal [x]
[taskset-1] 
[taskset-1] [INFO] [1791034463.333099873] [behavior_executor_node]: BT snapshot -- root=FAILURE, lanes: emergency=FAILURE | mission=FAILURE | navigation=FAILURE
[taskset-1] [o] root [x]
[taskset-1]     [-] emergency [x]
[taskset-1]         [o] emergency_condition [x]
[taskset-1]             --> IsBatteryLow [x]
[taskset-1]             --> IsEmergencyStopTriggered [x]
[taskset-1]             --> IsProximityTooClose [x]
[taskset-1]             --> IsSystemOverheated [x]
[taskset-1]         --> Stop [-]
[taskset-1]     [-] mission [x]
[taskset-1]         --> MissionActive [x]
[taskset-1]         [o] mission_selector [-]
[taskset-1]             [-] mission_object_response [-]
[taskset-1]                 --> ObjectSeen [-]
[taskset-1]                 --> HandleObjectAction [-]
[taskset-1]             [-] mission_progress [-]
[taskset-1]                 --> PublishMoveGoal [-]
[taskset-1]                 --> GoToObject [-]
[taskset-1]                 --> CheckStopCondition [-]
[taskset-1]                 --> AdvanceMove [-]
[taskset-1]     [-] navigation [x]
[taskset-1]         --> HasMpcGoal [x]
[taskset-1] 
[taskset-1] [INFO] [1791034463.562636226] [behavior_executor_node]: [IsProximityTooClose] DIAG scan: total=1081 in_window=721 excluded_by_filter=0 min_in_window=0.957 front_min=1.262
[taskset-1] [INFO] [1791034464.432722473] [behavior_executor_node]: BT snapshot -- root=FAILURE, lanes: emergency=FAILURE | mission=FAILURE | navigation=FAILURE
[taskset-1] [o] root [x]
[taskset-1]     [-] emergency [x]
[taskset-1]         [o] emergency_condition [x]
[taskset-1]             --> IsBatteryLow [x]
[taskset-1]             --> IsEmergencyStopTriggered [x]
[taskset-1]             --> IsProximityTooClose [x]
[taskset-1]             --> IsSystemOverheated [x]
[taskset-1]         --> Stop [-]
[taskset-1]     [-] mission [x]
[taskset-1]         --> MissionActive [x]
[taskset-1]         [o] mission_selector [-]
[taskset-1]             [-] mission_object_response [-]
[taskset-1]                 --> ObjectSeen [-]
[taskset-1]                 --> HandleObjectAction [-]
[taskset-1]             [-] mission_progress [-]
[taskset-1]                 --> PublishMoveGoal [-]
[taskset-1]                 --> GoToObject [-]
[taskset-1]                 --> CheckStopCondition [-]
[taskset-1]                 --> AdvanceMove [-]
[taskset-1]     [-] navigation [x]
[taskset-1]         --> HasMpcGoal [x]
[taskset-1] 
[taskset-1] [INFO] [1791034465.533486031] [behavior_executor_node]: BT snapshot -- root=FAILURE, lanes: emergency=FAILURE | mission=FAILURE | navigation=FAILURE
[taskset-1] [o] root [x]
[taskset-1]     [-] emergency [x]
[taskset-1]         [o] emergency_condition [x]
[taskset-1]             --> IsBatteryLow [x]
[taskset-1]             --> IsEmergencyStopTriggered [x]
[taskset-1]             --> IsProximityTooClose [x]
[taskset-1]             --> IsSystemOverheated [x]
[taskset-1]         --> Stop [-]
[taskset-1]     [-] mission [x]
[taskset-1]         --> MissionActive [x]
[taskset-1]         [o] mission_selector [-]
[taskset-1]             [-] mission_object_response [-]
[taskset-1]                 --> ObjectSeen [-]
[taskset-1]                 --> HandleObjectAction [-]
[taskset-1]             [-] mission_progress [-]
[taskset-1]                 --> PublishMoveGoal [-]
[taskset-1]                 --> GoToObject [-]
[taskset-1]                 --> CheckStopCondition [-]
[taskset-1]                 --> AdvanceMove [-]
[taskset-1]     [-] navigation [x]
[taskset-1]         --> HasMpcGoal [x]
[taskset-1] 
[taskset-1] [INFO] [1791034465.721956542] [behavior_executor_node]: [IsProximityTooClose] DIAG scan: total=1081 in_window=721 excluded_by_filter=0 min_in_window=0.802 front_min=1.155
[taskset-1] [INFO] [1791034466.632692169] [behavior_executor_node]: BT snapshot -- root=FAILURE, lanes: emergency=FAILURE | mission=FAILURE | navigation=FAILURE
[taskset-1] [o] root [x]
[taskset-1]     [-] emergency [x]
[taskset-1]         [o] emergency_condition [x]
[taskset-1]             --> IsBatteryLow [x]
[taskset-1]             --> IsEmergencyStopTriggered [x]
[taskset-1]             --> IsProximityTooClose [x]
[taskset-1]             --> IsSystemOverheated [x]
[taskset-1]         --> Stop [-]
[taskset-1]     [-] mission [x]
[taskset-1]         --> MissionActive [x]
[taskset-1]         [o] mission_selector [-]
[taskset-1]             [-] mission_object_response [-]
[taskset-1]                 --> ObjectSeen [-]
[taskset-1]                 --> HandleObjectAction [-]
[taskset-1]             [-] mission_progress [-]
[taskset-1]                 --> PublishMoveGoal [-]
[taskset-1]                 --> GoToObject [-]
[taskset-1]                 --> CheckStopCondition [-]
[taskset-1]                 --> AdvanceMove [-]
[taskset-1]     [-] navigation [x]
[taskset-1]         --> HasMpcGoal [x]
[taskset-1] 
[taskset-1] [INFO] [1791034467.633973306] [behavior_executor_node]: BT snapshot -- root=FAILURE, lanes: emergency=FAILURE | mission=FAILURE | navigation=FAILURE
[taskset-1] [o] root [x]
[taskset-1]     [-] emergency [x]
[taskset-1]         [o] emergency_condition [x]
[taskset-1]             --> IsBatteryLow [x]
[taskset-1]             --> IsEmergencyStopTriggered [x]
[taskset-1]             --> IsProximityTooClose [x]
[taskset-1]             --> IsSystemOverheated [x]
[taskset-1]         --> Stop [-]
[taskset-1]     [-] mission [x]
[taskset-1]         --> MissionActive [x]
[taskset-1]         [o] mission_selector [-]
[taskset-1]             [-] mission_object_response [-]
[taskset-1]                 --> ObjectSeen [-]
[taskset-1]                 --> HandleObjectAction [-]
[taskset-1]             [-] mission_progress [-]
[taskset-1]                 --> PublishMoveGoal [-]
[taskset-1]                 --> GoToObject [-]
[taskset-1]                 --> CheckStopCondition [-]
[taskset-1]                 --> AdvanceMove [-]
[taskset-1]     [-] navigation [x]
[taskset-1]         --> HasMpcGoal [x]
[taskset-1] 
[taskset-1] [INFO] [1791034467.742995652] [behavior_executor_node]: [IsProximityTooClose] DIAG scan: total=1081 in_window=721 excluded_by_filter=0 min_in_window=0.816 front_min=1.595
[taskset-1] [INFO] [1791034468.732648668] [behavior_executor_node]: BT snapshot -- root=FAILURE, lanes: emergency=FAILURE | mission=FAILURE | navigation=FAILURE
[taskset-1] [o] root [x]
[taskset-1]     [-] emergency [x]
[taskset-1]         [o] emergency_condition [x]
[taskset-1]             --> IsBatteryLow [x]
[taskset-1]             --> IsEmergencyStopTriggered [x]
[taskset-1]             --> IsProximityTooClose [x]
[taskset-1]             --> IsSystemOverheated [x]
[taskset-1]         --> Stop [-]
[taskset-1]     [-] mission [x]
[taskset-1]         --> MissionActive [x]
[taskset-1]         [o] mission_selector [-]
[taskset-1]             [-] mission_object_response [-]
[taskset-1]                 --> ObjectSeen [-]
[taskset-1]                 --> HandleObjectAction [-]
[taskset-1]             [-] mission_progress [-]
[taskset-1]                 --> PublishMoveGoal [-]
[taskset-1]                 --> GoToObject [-]
[taskset-1]                 --> CheckStopCondition [-]
[taskset-1]                 --> AdvanceMove [-]
[taskset-1]     [-] navigation [x]
[taskset-1]         --> HasMpcGoal [x]
[taskset-1] 
[taskset-1] [INFO] [1791034469.732907844] [behavior_executor_node]: BT snapshot -- root=FAILURE, lanes: emergency=FAILURE | mission=FAILURE | navigation=FAILURE
[taskset-1] [o] root [x]
[taskset-1]     [-] emergency [x]
[taskset-1]         [o] emergency_condition [x]
[taskset-1]             --> IsBatteryLow [x]
[taskset-1]             --> IsEmergencyStopTriggered [x]
[taskset-1]             --> IsProximityTooClose [x]
[taskset-1]             --> IsSystemOverheated [x]
[taskset-1]         --> Stop [-]
[taskset-1]     [-] mission [x]
[taskset-1]         --> MissionActive [x]
[taskset-1]         [o] mission_selector [-]
[taskset-1]             [-] mission_object_response [-]
[taskset-1]                 --> ObjectSeen [-]
[taskset-1]                 --> HandleObjectAction [-]
[taskset-1]             [-] mission_progress [-]
[taskset-1]                 --> PublishMoveGoal [-]
[taskset-1]                 --> GoToObject [-]
[taskset-1]                 --> CheckStopCondition [-]
[taskset-1]                 --> AdvanceMove [-]
[taskset-1]     [-] navigation [x]
[taskset-1]         --> HasMpcGoal [x]
[taskset-1] 
[taskset-1] [INFO] [1791034469.770858886] [behavior_executor_node]: [IsProximityTooClose] DIAG scan: total=1081 in_window=721 excluded_by_filter=0 min_in_window=1.022 front_min=1.271
[taskset-1] [INFO] [1791034470.832651904] [behavior_executor_node]: BT snapshot -- root=FAILURE, lanes: emergency=FAILURE | mission=FAILURE | navigation=FAILURE
[taskset-1] [o] root [x]
[taskset-1]     [-] emergency [x]
[taskset-1]         [o] emergency_condition [x]
[taskset-1]             --> IsBatteryLow [x]
[taskset-1]             --> IsEmergencyStopTriggered [x]
[taskset-1]             --> IsProximityTooClose [x]
[taskset-1]             --> IsSystemOverheated [x]
[taskset-1]         --> Stop [-]
[taskset-1]     [-] mission [x]
[taskset-1]         --> MissionActive [x]
[taskset-1]         [o] mission_selector [-]
[taskset-1]             [-] mission_object_response [-]
[taskset-1]                 --> ObjectSeen [-]
[taskset-1]                 --> HandleObjectAction [-]
[taskset-1]             [-] mission_progress [-]
[taskset-1]                 --> PublishMoveGoal [-]
[taskset-1]                 --> GoToObject [-]
[taskset-1]                 --> CheckStopCondition [-]
[taskset-1]                 --> AdvanceMove [-]
[taskset-1]     [-] navigation [x]
[taskset-1]         --> HasMpcGoal [x]
[taskset-1] 
[taskset-1] [INFO] [1791034471.776777128] [behavior_executor_node]: [IsProximityTooClose] DIAG scan: total=1081 in_window=721 excluded_by_filter=0 min_in_window=0.841 front_min=1.295
[taskset-1] [INFO] [1791034471.932661230] [behavior_executor_node]: BT snapshot -- root=FAILURE, lanes: emergency=FAILURE | mission=FAILURE | navigation=FAILURE
[taskset-1] [o] root [x]
[taskset-1]     [-] emergency [x]
[taskset-1]         [o] emergency_condition [x]
[taskset-1]             --> IsBatteryLow [x]
[taskset-1]             --> IsEmergencyStopTriggered [x]
[taskset-1]             --> IsProximityTooClose [x]
[taskset-1]             --> IsSystemOverheated [x]
[taskset-1]         --> Stop [-]
[taskset-1]     [-] mission [x]
[taskset-1]         --> MissionActive [x]
[taskset-1]         [o] mission_selector [-]
[taskset-1]             [-] mission_object_response [-]
[taskset-1]                 --> ObjectSeen [-]
[taskset-1]                 --> HandleObjectAction [-]
[taskset-1]             [-] mission_progress [-]
[taskset-1]                 --> PublishMoveGoal [-]
[taskset-1]                 --> GoToObject [-]
[taskset-1]                 --> CheckStopCondition [-]
[taskset-1]                 --> AdvanceMove [-]
[taskset-1]     [-] navigation [x]
[taskset-1]         --> HasMpcGoal [x]
[taskset-1] 
[taskset-1] [INFO] [1791034472.932617211] [behavior_executor_node]: BT snapshot -- root=FAILURE, lanes: emergency=FAILURE | mission=FAILURE | navigation=FAILURE
[taskset-1] [o] root [x]
[taskset-1]     [-] emergency [x]
[taskset-1]         [o] emergency_condition [x]
[taskset-1]             --> IsBatteryLow [x]
[taskset-1]             --> IsEmergencyStopTriggered [x]
[taskset-1]             --> IsProximityTooClose [x]
[taskset-1]             --> IsSystemOverheated [x]
[taskset-1]         --> Stop [-]
[taskset-1]     [-] mission [x]
[taskset-1]         --> MissionActive [x]
[taskset-1]         [o] mission_selector [-]
[taskset-1]             [-] mission_object_response [-]
[taskset-1]                 --> ObjectSeen [-]
[taskset-1]                 --> HandleObjectAction [-]
[taskset-1]             [-] mission_progress [-]
[taskset-1]                 --> PublishMoveGoal [-]
[taskset-1]                 --> GoToObject [-]
[taskset-1]                 --> CheckStopCondition [-]
[taskset-1]                 --> AdvanceMove [-]
[taskset-1]     [-] navigation [x]
[taskset-1]         --> HasMpcGoal [x]
[taskset-1] 
[taskset-1] [INFO] [1791034473.824427349] [behavior_executor_node]: [IsProximityTooClose] DIAG scan: total=1081 in_window=721 excluded_by_filter=0 min_in_window=0.889 front_min=1.735
[taskset-1] [INFO] [1791034474.032788056] [behavior_executor_node]: BT snapshot -- root=FAILURE, lanes: emergency=FAILURE | mission=FAILURE | navigation=FAILURE
[taskset-1] [o] root [x]
[taskset-1]     [-] emergency [x]
[taskset-1]         [o] emergency_condition [x]
[taskset-1]             --> IsBatteryLow [x]
[taskset-1]             --> IsEmergencyStopTriggered [x]
[taskset-1]             --> IsProximityTooClose [x]
[taskset-1]             --> IsSystemOverheated [x]
[taskset-1]         --> Stop [-]
[taskset-1]     [-] mission [x]
[taskset-1]         --> MissionActive [x]
[taskset-1]         [o] mission_selector [-]
[taskset-1]             [-] mission_object_response [-]
[taskset-1]                 --> ObjectSeen [-]
[taskset-1]                 --> HandleObjectAction [-]
[taskset-1]             [-] mission_progress [-]
[taskset-1]                 --> PublishMoveGoal [-]
[taskset-1]                 --> GoToObject [-]
[taskset-1]                 --> CheckStopCondition [-]
[taskset-1]                 --> AdvanceMove [-]
[taskset-1]     [-] navigation [x]
[taskset-1]         --> HasMpcGoal [x]
[taskset-1] 
[taskset-1] [INFO] [1791034475.132598004] [behavior_executor_node]: BT snapshot -- root=FAILURE, lanes: emergency=FAILURE | mission=FAILURE | navigation=FAILURE
[taskset-1] [o] root [x]
[taskset-1]     [-] emergency [x]
[taskset-1]         [o] emergency_condition [x]
[taskset-1]             --> IsBatteryLow [x]
[taskset-1]             --> IsEmergencyStopTriggered [x]
[taskset-1]             --> IsProximityTooClose [x]
[taskset-1]             --> IsSystemOverheated [x]
[taskset-1]         --> Stop [-]
[taskset-1]     [-] mission [x]
[taskset-1]         --> MissionActive [x]
[taskset-1]         [o] mission_selector [-]
[taskset-1]             [-] mission_object_response [-]
[taskset-1]                 --> ObjectSeen [-]
[taskset-1]                 --> HandleObjectAction [-]
[taskset-1]             [-] mission_progress [-]
[taskset-1]                 --> PublishMoveGoal [-]
[taskset-1]                 --> GoToObject [-]
[taskset-1]                 --> CheckStopCondition [-]
[taskset-1]                 --> AdvanceMove [-]
[taskset-1]     [-] navigation [x]
[taskset-1]         --> HasMpcGoal [x]
[taskset-1] 
[taskset-1] [INFO] [1791034475.852001689] [behavior_executor_node]: [IsProximityTooClose] DIAG scan: total=1081 in_window=721 excluded_by_filter=0 min_in_window=0.903 front_min=2.001
[taskset-1] [INFO] [1791034476.222695064] [behavior_executor_node]: BT snapshot -- root=FAILURE, lanes: emergency=FAILURE | mission=FAILURE | navigation=FAILURE
[taskset-1] [o] root [x]
[taskset-1]     [-] emergency [x]
[taskset-1]         [o] emergency_condition [x]
[taskset-1]             --> IsBatteryLow [x]
[taskset-1]             --> IsEmergencyStopTriggered [x]
[taskset-1]             --> IsProximityTooClose [x]
[taskset-1]             --> IsSystemOverheated [x]
[taskset-1]         --> Stop [-]
[taskset-1]     [-] mission [x]
[taskset-1]         --> MissionActive [x]
[taskset-1]         [o] mission_selector [-]
[taskset-1]             [-] mission_object_response [-]
[taskset-1]                 --> ObjectSeen [-]
[taskset-1]                 --> HandleObjectAction [-]
[taskset-1]             [-] mission_progress [-]
[taskset-1]                 --> PublishMoveGoal [-]
[taskset-1]                 --> GoToObject [-]
[taskset-1]                 --> CheckStopCondition [-]
[taskset-1]                 --> AdvanceMove [-]
[taskset-1]     [-] navigation [x]
[taskset-1]         --> HasMpcGoal [x]
[taskset-1] 
[taskset-1] [INFO] [1791034477.232777381] [behavior_executor_node]: BT snapshot -- root=FAILURE, lanes: emergency=FAILURE | mission=FAILURE | navigation=FAILURE
[taskset-1] [o] root [x]
[taskset-1]     [-] emergency [x]
[taskset-1]         [o] emergency_condition [x]
[taskset-1]             --> IsBatteryLow [x]
[taskset-1]             --> IsEmergencyStopTriggered [x]
[taskset-1]             --> IsProximityTooClose [x]
[taskset-1]             --> IsSystemOverheated [x]
[taskset-1]         --> Stop [-]
[taskset-1]     [-] mission [x]
[taskset-1]         --> MissionActive [x]
[taskset-1]         [o] mission_selector [-]
[taskset-1]             [-] mission_object_response [-]
[taskset-1]                 --> ObjectSeen [-]
[taskset-1]                 --> HandleObjectAction [-]
[taskset-1]             [-] mission_progress [-]
[taskset-1]                 --> PublishMoveGoal [-]
[taskset-1]                 --> GoToObject [-]
[taskset-1]                 --> CheckStopCondition [-]
[taskset-1]                 --> AdvanceMove [-]
[taskset-1]     [-] navigation [x]
[taskset-1]         --> HasMpcGoal [x]
[taskset-1] 
[taskset-1] [INFO] [1791034477.853960253] [behavior_executor_node]: [IsProximityTooClose] DIAG scan: total=1081 in_window=721 excluded_by_filter=0 min_in_window=0.961 front_min=2.308
[taskset-1] [INFO] [1791034478.332600600] [behavior_executor_node]: BT snapshot -- root=FAILURE, lanes: emergency=FAILURE | mission=FAILURE | navigation=FAILURE
[taskset-1] [o] root [x]
[taskset-1]     [-] emergency [x]
[taskset-1]         [o] emergency_condition [x]
[taskset-1]             --> IsBatteryLow [x]
[taskset-1]             --> IsEmergencyStopTriggered [x]
[taskset-1]             --> IsProximityTooClose [x]
[taskset-1]             --> IsSystemOverheated [x]
[taskset-1]         --> Stop [-]
[taskset-1]     [-] mission [x]
[taskset-1]         --> MissionActive [x]
[taskset-1]         [o] mission_selector [-]
[taskset-1]             [-] mission_object_response [-]
[taskset-1]                 --> ObjectSeen [-]
[taskset-1]                 --> HandleObjectAction [-]
[taskset-1]             [-] mission_progress [-]
[taskset-1]                 --> PublishMoveGoal [-]
[taskset-1]                 --> GoToObject [-]
[taskset-1]                 --> CheckStopCondition [-]
[taskset-1]                 --> AdvanceMove [-]
[taskset-1]     [-] navigation [x]
[taskset-1]         --> HasMpcGoal [x]
[taskset-1] 
[taskset-1] [INFO] [1791034479.332689701] [behavior_executor_node]: BT snapshot -- root=FAILURE, lanes: emergency=FAILURE | mission=FAILURE | navigation=FAILURE
[taskset-1] [o] root [x]
[taskset-1]     [-] emergency [x]
[taskset-1]         [o] emergency_condition [x]
[taskset-1]             --> IsBatteryLow [x]
[taskset-1]             --> IsEmergencyStopTriggered [x]
[taskset-1]             --> IsProximityTooClose [x]
[taskset-1]             --> IsSystemOverheated [x]
[taskset-1]         --> Stop [-]
[taskset-1]     [-] mission [x]
[taskset-1]         --> MissionActive [x]
[taskset-1]         [o] mission_selector [-]
[taskset-1]             [-] mission_object_response [-]
[taskset-1]                 --> ObjectSeen [-]
[taskset-1]                 --> HandleObjectAction [-]
[taskset-1]             [-] mission_progress [-]
[taskset-1]                 --> PublishMoveGoal [-]
[taskset-1]                 --> GoToObject [-]
[taskset-1]                 --> CheckStopCondition [-]
[taskset-1]                 --> AdvanceMove [-]
[taskset-1]     [-] navigation [x]
[taskset-1]         --> HasMpcGoal [x]
[taskset-1] 
[taskset-1] [INFO] [1791034479.925405564] [behavior_executor_node]: [IsProximityTooClose] DIAG scan: total=1081 in_window=721 excluded_by_filter=0 min_in_window=0.993 front_min=1.579
[taskset-1] [INFO] [1791034480.432820017] [behavior_executor_node]: BT snapshot -- root=FAILURE, lanes: emergency=FAILURE | mission=FAILURE | navigation=FAILURE
[taskset-1] [o] root [x]
[taskset-1]     [-] emergency [x]
[taskset-1]         [o] emergency_condition [x]
[taskset-1]             --> IsBatteryLow [x]
[taskset-1]             --> IsEmergencyStopTriggered [x]
[taskset-1]             --> IsProximityTooClose [x]
[taskset-1]             --> IsSystemOverheated [x]
[taskset-1]         --> Stop [-]
[taskset-1]     [-] mission [x]
[taskset-1]         --> MissionActive [x]
[taskset-1]         [o] mission_selector [-]
[taskset-1]             [-] mission_object_response [-]
[taskset-1]                 --> ObjectSeen [-]
[taskset-1]                 --> HandleObjectAction [-]
[taskset-1]             [-] mission_progress [-]
[taskset-1]                 --> PublishMoveGoal [-]
[taskset-1]                 --> GoToObject [-]
[taskset-1]                 --> CheckStopCondition [-]
[taskset-1]                 --> AdvanceMove [-]
[taskset-1]     [-] navigation [x]
[taskset-1]         --> HasMpcGoal [x]
[taskset-1] 
[taskset-1] [INFO] [1791034481.532625665] [behavior_executor_node]: BT snapshot -- root=FAILURE, lanes: emergency=FAILURE | mission=FAILURE | navigation=FAILURE
[taskset-1] [o] root [x]
[taskset-1]     [-] emergency [x]
[taskset-1]         [o] emergency_condition [x]
[taskset-1]             --> IsBatteryLow [x]
[taskset-1]             --> IsEmergencyStopTriggered [x]
[taskset-1]             --> IsProximityTooClose [x]
[taskset-1]             --> IsSystemOverheated [x]
[taskset-1]         --> Stop [-]
[taskset-1]     [-] mission [x]
[taskset-1]         --> MissionActive [x]
[taskset-1]         [o] mission_selector [-]
[taskset-1]             [-] mission_object_response [-]
[taskset-1]                 --> ObjectSeen [-]
[taskset-1]                 --> HandleObjectAction [-]
[taskset-1]             [-] mission_progress [-]
[taskset-1]                 --> PublishMoveGoal [-]
[taskset-1]                 --> GoToObject [-]
[taskset-1]                 --> CheckStopCondition [-]
[taskset-1]                 --> AdvanceMove [-]
[taskset-1]     [-] navigation [x]
[taskset-1]         --> HasMpcGoal [x]
[taskset-1] 
[taskset-1] [INFO] [1791034481.931724222] [behavior_executor_node]: [IsProximityTooClose] DIAG scan: total=1081 in_window=721 excluded_by_filter=0 min_in_window=1.061 front_min=2.085
[taskset-1] [INFO] [1791034482.632650807] [behavior_executor_node]: BT snapshot -- root=FAILURE, lanes: emergency=FAILURE | mission=FAILURE | navigation=FAILURE
[taskset-1] [o] root [x]
[taskset-1]     [-] emergency [x]
[taskset-1]         [o] emergency_condition [x]
[taskset-1]             --> IsBatteryLow [x]
[taskset-1]             --> IsEmergencyStopTriggered [x]
[taskset-1]             --> IsProximityTooClose [x]
[taskset-1]             --> IsSystemOverheated [x]
[taskset-1]         --> Stop [-]
[taskset-1]     [-] mission [x]
[taskset-1]         --> MissionActive [x]
[taskset-1]         [o] mission_selector [-]
[taskset-1]             [-] mission_object_response [-]
[taskset-1]                 --> ObjectSeen [-]
[taskset-1]                 --> HandleObjectAction [-]
[taskset-1]             [-] mission_progress [-]
[taskset-1]                 --> PublishMoveGoal [-]
[taskset-1]                 --> GoToObject [-]
[taskset-1]                 --> CheckStopCondition [-]
[taskset-1]                 --> AdvanceMove [-]
[taskset-1]     [-] navigation [x]
[taskset-1]         --> HasMpcGoal [x]
[taskset-1] 
[taskset-1] [INFO] [1791034483.732792719] [behavior_executor_node]: BT snapshot -- root=FAILURE, lanes: emergency=FAILURE | mission=FAILURE | navigation=FAILURE
[taskset-1] [o] root [x]
[taskset-1]     [-] emergency [x]
[taskset-1]         [o] emergency_condition [x]
[taskset-1]             --> IsBatteryLow [x]
[taskset-1]             --> IsEmergencyStopTriggered [x]
[taskset-1]             --> IsProximityTooClose [x]
[taskset-1]             --> IsSystemOverheated [x]
[taskset-1]         --> Stop [-]
[taskset-1]     [-] mission [x]
[taskset-1]         --> MissionActive [x]
[taskset-1]         [o] mission_selector [-]
[taskset-1]             [-] mission_object_response [-]
[taskset-1]                 --> ObjectSeen [-]
[taskset-1]                 --> HandleObjectAction [-]
[taskset-1]             [-] mission_progress [-]
[taskset-1]                 --> PublishMoveGoal [-]
[taskset-1]                 --> GoToObject [-]
[taskset-1]                 --> CheckStopCondition [-]
[taskset-1]                 --> AdvanceMove [-]
[taskset-1]     [-] navigation [x]
[taskset-1]         --> HasMpcGoal [x]
[taskset-1] 
[taskset-1] [INFO] [1791034483.950793524] [behavior_executor_node]: [IsProximityTooClose] DIAG scan: total=1081 in_window=721 excluded_by_filter=0 min_in_window=1.126 front_min=2.466
[taskset-1] [INFO] [1791034484.734171948] [behavior_executor_node]: BT snapshot -- root=FAILURE, lanes: emergency=FAILURE | mission=FAILURE | navigation=FAILURE
[taskset-1] [o] root [x]
[taskset-1]     [-] emergency [x]
[taskset-1]         [o] emergency_condition [x]
[taskset-1]             --> IsBatteryLow [x]
[taskset-1]             --> IsEmergencyStopTriggered [x]
[taskset-1]             --> IsProximityTooClose [x]
[taskset-1]             --> IsSystemOverheated [x]
[taskset-1]         --> Stop [-]
[taskset-1]     [-] mission [x]
[taskset-1]         --> MissionActive [x]
[taskset-1]         [o] mission_selector [-]
[taskset-1]             [-] mission_object_response [-]
[taskset-1]                 --> ObjectSeen [-]
[taskset-1]                 --> HandleObjectAction [-]
[taskset-1]             [-] mission_progress [-]
[taskset-1]                 --> PublishMoveGoal [-]
[taskset-1]                 --> GoToObject [-]
[taskset-1]                 --> CheckStopCondition [-]
[taskset-1]                 --> AdvanceMove [-]
[taskset-1]     [-] navigation [x]
[taskset-1]         --> HasMpcGoal [x]
[taskset-1] 
[taskset-1] [INFO] [1791034485.833026698] [behavior_executor_node]: BT snapshot -- root=FAILURE, lanes: emergency=FAILURE | mission=FAILURE | navigation=FAILURE
[taskset-1] [o] root [x]
[taskset-1]     [-] emergency [x]
[taskset-1]         [o] emergency_condition [x]
[taskset-1]             --> IsBatteryLow [x]
[taskset-1]             --> IsEmergencyStopTriggered [x]
[taskset-1]             --> IsProximityTooClose [x]
[taskset-1]             --> IsSystemOverheated [x]
[taskset-1]         --> Stop [-]
[taskset-1]     [-] mission [x]
[taskset-1]         --> MissionActive [x]
[taskset-1]         [o] mission_selector [-]
[taskset-1]             [-] mission_object_response [-]
[taskset-1]                 --> ObjectSeen [-]
[taskset-1]                 --> HandleObjectAction [-]
[taskset-1]             [-] mission_progress [-]
[taskset-1]                 --> PublishMoveGoal [-]
[taskset-1]                 --> GoToObject [-]
[taskset-1]                 --> CheckStopCondition [-]
[taskset-1]                 --> AdvanceMove [-]
[taskset-1]     [-] navigation [x]
[taskset-1]         --> HasMpcGoal [x]
[taskset-1] 
[taskset-1] [INFO] [1791034486.037580151] [behavior_executor_node]: [IsProximityTooClose] DIAG scan: total=1081 in_window=721 excluded_by_filter=0 min_in_window=1.520 front_min=1.761
[taskset-1] [INFO] [1791034486.833107044] [behavior_executor_node]: BT snapshot -- root=FAILURE, lanes: emergency=FAILURE | mission=FAILURE | navigation=FAILURE
[taskset-1] [o] root [x]
[taskset-1]     [-] emergency [x]
[taskset-1]         [o] emergency_condition [x]
[taskset-1]             --> IsBatteryLow [x]
[taskset-1]             --> IsEmergencyStopTriggered [x]
[taskset-1]             --> IsProximityTooClose [x]
[taskset-1]             --> IsSystemOverheated [x]
[taskset-1]         --> Stop [-]
[taskset-1]     [-] mission [x]
[taskset-1]         --> MissionActive [x]
[taskset-1]         [o] mission_selector [-]
[taskset-1]             [-] mission_object_response [-]
[taskset-1]                 --> ObjectSeen [-]
[taskset-1]                 --> HandleObjectAction [-]
[taskset-1]             [-] mission_progress [-]
[taskset-1]                 --> PublishMoveGoal [-]
[taskset-1]                 --> GoToObject [-]
[taskset-1]                 --> CheckStopCondition [-]
[taskset-1]                 --> AdvanceMove [-]
[taskset-1]     [-] navigation [x]
[taskset-1]         --> HasMpcGoal [x]
[taskset-1] 
[taskset-1] [INFO] [1791034487.836708499] [behavior_executor_node]: BT snapshot -- root=FAILURE, lanes: emergency=FAILURE | mission=FAILURE | navigation=FAILURE
[taskset-1] [o] root [x]
[taskset-1]     [-] emergency [x]
[taskset-1]         [o] emergency_condition [x]
[taskset-1]             --> IsBatteryLow [x]
[taskset-1]             --> IsEmergencyStopTriggered [x]
[taskset-1]             --> IsProximityTooClose [x]
[taskset-1]             --> IsSystemOverheated [x]
[taskset-1]         --> Stop [-]
[taskset-1]     [-] mission [x]
[taskset-1]         --> MissionActive [x]
[taskset-1]         [o] mission_selector [-]
[taskset-1]             [-] mission_object_response [-]
[taskset-1]                 --> ObjectSeen [-]
[taskset-1]                 --> HandleObjectAction [-]
[taskset-1]             [-] mission_progress [-]
[taskset-1]                 --> PublishMoveGoal [-]
[taskset-1]                 --> GoToObject [-]
[taskset-1]                 --> CheckStopCondition [-]
[taskset-1]                 --> AdvanceMove [-]
[taskset-1]     [-] navigation [x]
[taskset-1]         --> HasMpcGoal [x]
[taskset-1] 
[taskset-1] [INFO] [1791034488.061219653] [behavior_executor_node]: [IsProximityTooClose] DIAG scan: total=1081 in_window=721 excluded_by_filter=0 min_in_window=1.208 front_min=1.995
[taskset-1] [INFO] [1791034488.932903483] [behavior_executor_node]: BT snapshot -- root=FAILURE, lanes: emergency=FAILURE | mission=FAILURE | navigation=FAILURE
[taskset-1] [o] root [x]
[taskset-1]     [-] emergency [x]
[taskset-1]         [o] emergency_condition [x]
[taskset-1]             --> IsBatteryLow [x]
[taskset-1]             --> IsEmergencyStopTriggered [x]
[taskset-1]             --> IsProximityTooClose [x]
[taskset-1]             --> IsSystemOverheated [x]
[taskset-1]         --> Stop [-]
[taskset-1]     [-] mission [x]
[taskset-1]         --> MissionActive [x]
[taskset-1]         [o] mission_selector [-]
[taskset-1]             [-] mission_object_response [-]
[taskset-1]                 --> ObjectSeen [-]
[taskset-1]                 --> HandleObjectAction [-]
[taskset-1]             [-] mission_progress [-]
[taskset-1]                 --> PublishMoveGoal [-]
[taskset-1]                 --> GoToObject [-]
[taskset-1]                 --> CheckStopCondition [-]
[taskset-1]                 --> AdvanceMove [-]
[taskset-1]     [-] navigation [x]
[taskset-1]         --> HasMpcGoal [x]
[taskset-1] 
[taskset-1] [INFO] [1791034489.932874335] [behavior_executor_node]: BT snapshot -- root=FAILURE, lanes: emergency=FAILURE | mission=FAILURE | navigation=FAILURE
[taskset-1] [o] root [x]
[taskset-1]     [-] emergency [x]
[taskset-1]         [o] emergency_condition [x]
[taskset-1]             --> IsBatteryLow [x]
[taskset-1]             --> IsEmergencyStopTriggered [x]
[taskset-1]             --> IsProximityTooClose [x]
[taskset-1]             --> IsSystemOverheated [x]
[taskset-1]         --> Stop [-]
[taskset-1]     [-] mission [x]
[taskset-1]         --> MissionActive [x]
[taskset-1]         [o] mission_selector [-]
[taskset-1]             [-] mission_object_response [-]
[taskset-1]                 --> ObjectSeen [-]
[taskset-1]                 --> HandleObjectAction [-]
[taskset-1]             [-] mission_progress [-]
[taskset-1]                 --> PublishMoveGoal [-]
[taskset-1]                 --> GoToObject [-]
[taskset-1]                 --> CheckStopCondition [-]
[taskset-1]                 --> AdvanceMove [-]
[taskset-1]     [-] navigation [x]
[taskset-1]         --> HasMpcGoal [x]
[taskset-1] 
[taskset-1] [INFO] [1791034490.090128687] [behavior_executor_node]: [IsProximityTooClose] DIAG scan: total=1081 in_window=721 excluded_by_filter=0 min_in_window=1.225 front_min=1.827
[taskset-1] [INFO] [1791034491.033094445] [behavior_executor_node]: BT snapshot -- root=FAILURE, lanes: emergency=FAILURE | mission=FAILURE | navigation=FAILURE
[taskset-1] [o] root [x]
[taskset-1]     [-] emergency [x]
[taskset-1]         [o] emergency_condition [x]
[taskset-1]             --> IsBatteryLow [x]
[taskset-1]             --> IsEmergencyStopTriggered [x]
[taskset-1]             --> IsProximityTooClose [x]
[taskset-1]             --> IsSystemOverheated [x]
[taskset-1]         --> Stop [-]
[taskset-1]     [-] mission [x]
[taskset-1]         --> MissionActive [x]
[taskset-1]         [o] mission_selector [-]
[taskset-1]             [-] mission_object_response [-]
[taskset-1]                 --> ObjectSeen [-]
[taskset-1]                 --> HandleObjectAction [-]
[taskset-1]             [-] mission_progress [-]
[taskset-1]                 --> PublishMoveGoal [-]
[taskset-1]                 --> GoToObject [-]
[taskset-1]                 --> CheckStopCondition [-]
[taskset-1]                 --> AdvanceMove [-]
[taskset-1]     [-] navigation [x]
[taskset-1]         --> HasMpcGoal [x]
[taskset-1] 
[taskset-1] [INFO] [1791034492.160924284] [behavior_executor_node]: BT snapshot -- root=FAILURE, lanes: emergency=FAILURE | mission=FAILURE | navigation=FAILURE
[taskset-1] [o] root [x]
[taskset-1]     [-] emergency [x]
[taskset-1]         [o] emergency_condition [x]
[taskset-1]             --> IsBatteryLow [x]
[taskset-1]             --> IsEmergencyStopTriggered [x]
[taskset-1]             --> IsProximityTooClose [x]
[taskset-1]             --> IsSystemOverheated [x]
[taskset-1]         --> Stop [-]
[taskset-1]     [-] mission [x]
[taskset-1]         --> MissionActive [x]
[taskset-1]         [o] mission_selector [-]
[taskset-1]             [-] mission_object_response [-]
[taskset-1]                 --> ObjectSeen [-]
[taskset-1]                 --> HandleObjectAction [-]
[taskset-1]             [-] mission_progress [-]
[taskset-1]                 --> PublishMoveGoal [-]
[taskset-1]                 --> GoToObject [-]
[taskset-1]                 --> CheckStopCondition [-]
[taskset-1]                 --> AdvanceMove [-]
[taskset-1]     [-] navigation [x]
[taskset-1]         --> HasMpcGoal [x]
[taskset-1] 
[taskset-1] [INFO] [1791034492.162870600] [behavior_executor_node]: [IsProximityTooClose] DIAG scan: total=1081 in_window=721 excluded_by_filter=0 min_in_window=1.250 front_min=1.310
[taskset-1] [INFO] [1791034493.232811023] [behavior_executor_node]: BT snapshot -- root=FAILURE, lanes: emergency=FAILURE | mission=FAILURE | navigation=FAILURE
[taskset-1] [o] root [x]
[taskset-1]     [-] emergency [x]
[taskset-1]         [o] emergency_condition [x]
[taskset-1]             --> IsBatteryLow [x]
[taskset-1]             --> IsEmergencyStopTriggered [x]
[taskset-1]             --> IsProximityTooClose [x]
[taskset-1]             --> IsSystemOverheated [x]
[taskset-1]         --> Stop [-]
[taskset-1]     [-] mission [x]
[taskset-1]         --> MissionActive [x]
[taskset-1]         [o] mission_selector [-]
[taskset-1]             [-] mission_object_response [-]
[taskset-1]                 --> ObjectSeen [-]
[taskset-1]                 --> HandleObjectAction [-]
[taskset-1]             [-] mission_progress [-]
[taskset-1]                 --> PublishMoveGoal [-]
[taskset-1]                 --> GoToObject [-]
[taskset-1]                 --> CheckStopCondition [-]
[taskset-1]                 --> AdvanceMove [-]
[taskset-1]     [-] navigation [x]
[taskset-1]         --> HasMpcGoal [x]
[taskset-1] 
[taskset-1] [INFO] [1791034494.235312434] [behavior_executor_node]: BT snapshot -- root=FAILURE, lanes: emergency=FAILURE | mission=FAILURE | navigation=FAILURE
[taskset-1] [o] root [x]
[taskset-1]     [-] emergency [x]
[taskset-1]         [o] emergency_condition [x]
[taskset-1]             --> IsBatteryLow [x]
[taskset-1]             --> IsEmergencyStopTriggered [x]
[taskset-1]             --> IsProximityTooClose [x]
[taskset-1]             --> IsSystemOverheated [x]
[taskset-1]         --> Stop [-]
[taskset-1]     [-] mission [x]
[taskset-1]         --> MissionActive [x]
[taskset-1]         [o] mission_selector [-]
[taskset-1]             [-] mission_object_response [-]
[taskset-1]                 --> ObjectSeen [-]
[taskset-1]                 --> HandleObjectAction [-]
[taskset-1]             [-] mission_progress [-]
[taskset-1]                 --> PublishMoveGoal [-]
[taskset-1]                 --> GoToObject [-]
[taskset-1]                 --> CheckStopCondition [-]
[taskset-1]                 --> AdvanceMove [-]
[taskset-1]     [-] navigation [x]
[taskset-1]         --> HasMpcGoal [x]
[taskset-1] 
[taskset-1] [INFO] [1791034494.237027008] [behavior_executor_node]: [IsProximityTooClose] DIAG scan: total=1081 in_window=721 excluded_by_filter=0 min_in_window=0.829 front_min=1.894
[taskset-1] [INFO] [1791034495.333244426] [behavior_executor_node]: BT snapshot -- root=FAILURE, lanes: emergency=FAILURE | mission=FAILURE | navigation=FAILURE
[taskset-1] [o] root [x]
[taskset-1]     [-] emergency [x]
[taskset-1]         [o] emergency_condition [x]
[taskset-1]             --> IsBatteryLow [x]
[taskset-1]             --> IsEmergencyStopTriggered [x]
[taskset-1]             --> IsProximityTooClose [x]
[taskset-1]             --> IsSystemOverheated [x]
[taskset-1]         --> Stop [-]
[taskset-1]     [-] mission [x]
[taskset-1]         --> MissionActive [x]
[taskset-1]         [o] mission_selector [-]
[taskset-1]             [-] mission_object_response [-]
[taskset-1]                 --> ObjectSeen [-]
[taskset-1]                 --> HandleObjectAction [-]
[taskset-1]             [-] mission_progress [-]
[taskset-1]                 --> PublishMoveGoal [-]
[taskset-1]                 --> GoToObject [-]
[taskset-1]                 --> CheckStopCondition [-]
[taskset-1]                 --> AdvanceMove [-]
[taskset-1]     [-] navigation [x]
[taskset-1]         --> HasMpcGoal [x]
[taskset-1] 
[taskset-1] [INFO] [1791034496.257182706] [behavior_executor_node]: [IsProximityTooClose] DIAG scan: total=1081 in_window=721 excluded_by_filter=0 min_in_window=0.571 front_min=1.656
[taskset-1] [INFO] [1791034496.432779065] [behavior_executor_node]: BT snapshot -- root=FAILURE, lanes: emergency=FAILURE | mission=FAILURE | navigation=FAILURE
[taskset-1] [o] root [x]
[taskset-1]     [-] emergency [x]
[taskset-1]         [o] emergency_condition [x]
[taskset-1]             --> IsBatteryLow [x]
[taskset-1]             --> IsEmergencyStopTriggered [x]
[taskset-1]             --> IsProximityTooClose [x]
[taskset-1]             --> IsSystemOverheated [x]
[taskset-1]         --> Stop [-]
[taskset-1]     [-] mission [x]
[taskset-1]         --> MissionActive [x]
[taskset-1]         [o] mission_selector [-]
[taskset-1]             [-] mission_object_response [-]
[taskset-1]                 --> ObjectSeen [-]
[taskset-1]                 --> HandleObjectAction [-]
[taskset-1]             [-] mission_progress [-]
[taskset-1]                 --> PublishMoveGoal [-]
[taskset-1]                 --> GoToObject [-]
[taskset-1]                 --> CheckStopCondition [-]
[taskset-1]                 --> AdvanceMove [-]
[taskset-1]     [-] navigation [x]
[taskset-1]         --> HasMpcGoal [x]
[taskset-1] 
[taskset-1] [INFO] [1791034497.554615704] [behavior_executor_node]: BT snapshot -- root=FAILURE, lanes: emergency=FAILURE | mission=FAILURE | navigation=FAILURE
[taskset-1] [o] root [x]
[taskset-1]     [-] emergency [x]
[taskset-1]         [o] emergency_condition [x]
[taskset-1]             --> IsBatteryLow [x]
[taskset-1]             --> IsEmergencyStopTriggered [x]
[taskset-1]             --> IsProximityTooClose [x]
[taskset-1]             --> IsSystemOverheated [x]
[taskset-1]         --> Stop [-]
[taskset-1]     [-] mission [x]
[taskset-1]         --> MissionActive [x]
[taskset-1]         [o] mission_selector [-]
[taskset-1]             [-] mission_object_response [-]
[taskset-1]                 --> ObjectSeen [-]
[taskset-1]                 --> HandleObjectAction [-]
[taskset-1]             [-] mission_progress [-]
[taskset-1]                 --> PublishMoveGoal [-]
[taskset-1]                 --> GoToObject [-]
[taskset-1]                 --> CheckStopCondition [-]
[taskset-1]                 --> AdvanceMove [-]
[taskset-1]     [-] navigation [x]
[taskset-1]         --> HasMpcGoal [x]
[taskset-1] 
[taskset-1] [INFO] [1791034498.265137313] [behavior_executor_node]: [IsProximityTooClose] DIAG scan: total=1081 in_window=721 excluded_by_filter=0 min_in_window=0.640 front_min=1.645
[taskset-1] [INFO] [1791034498.632815901] [behavior_executor_node]: BT snapshot -- root=FAILURE, lanes: emergency=FAILURE | mission=FAILURE | navigation=FAILURE
[taskset-1] [o] root [x]
[taskset-1]     [-] emergency [x]
[taskset-1]         [o] emergency_condition [x]
[taskset-1]             --> IsBatteryLow [x]
[taskset-1]             --> IsEmergencyStopTriggered [x]
[taskset-1]             --> IsProximityTooClose [x]
[taskset-1]             --> IsSystemOverheated [x]
[taskset-1]         --> Stop [-]
[taskset-1]     [-] mission [x]
[taskset-1]         --> MissionActive [x]
[taskset-1]         [o] mission_selector [-]
[taskset-1]             [-] mission_object_response [-]
[taskset-1]                 --> ObjectSeen [-]
[taskset-1]                 --> HandleObjectAction [-]
[taskset-1]             [-] mission_progress [-]
[taskset-1]                 --> PublishMoveGoal [-]
[taskset-1]                 --> GoToObject [-]
[taskset-1]                 --> CheckStopCondition [-]
[taskset-1]                 --> AdvanceMove [-]
[taskset-1]     [-] navigation [x]
[taskset-1]         --> HasMpcGoal [x]
[taskset-1] 
[taskset-1] [INFO] [1791034499.732639472] [behavior_executor_node]: BT snapshot -- root=FAILURE, lanes: emergency=FAILURE | mission=FAILURE | navigation=FAILURE
[taskset-1] [o] root [x]
[taskset-1]     [-] emergency [x]
[taskset-1]         [o] emergency_condition [x]
[taskset-1]             --> IsBatteryLow [x]
[taskset-1]             --> IsEmergencyStopTriggered [x]
[taskset-1]             --> IsProximityTooClose [x]
[taskset-1]             --> IsSystemOverheated [x]
[taskset-1]         --> Stop [-]
[taskset-1]     [-] mission [x]
[taskset-1]         --> MissionActive [x]
[taskset-1]         [o] mission_selector [-]
[taskset-1]             [-] mission_object_response [-]
[taskset-1]                 --> ObjectSeen [-]
[taskset-1]                 --> HandleObjectAction [-]
[taskset-1]             [-] mission_progress [-]
[taskset-1]                 --> PublishMoveGoal [-]
[taskset-1]                 --> GoToObject [-]
[taskset-1]                 --> CheckStopCondition [-]
[taskset-1]                 --> AdvanceMove [-]
[taskset-1]     [-] navigation [x]
[taskset-1]         --> HasMpcGoal [x]
[taskset-1] 
[taskset-1] [INFO] [1791034500.415820816] [behavior_executor_node]: [IsProximityTooClose] DIAG scan: total=1081 in_window=721 excluded_by_filter=0 min_in_window=0.579 front_min=1.509
[taskset-1] [INFO] [1791034500.732801338] [behavior_executor_node]: BT snapshot -- root=FAILURE, lanes: emergency=FAILURE | mission=FAILURE | navigation=FAILURE
[taskset-1] [o] root [x]
[taskset-1]     [-] emergency [x]
[taskset-1]         [o] emergency_condition [x]
[taskset-1]             --> IsBatteryLow [x]
[taskset-1]             --> IsEmergencyStopTriggered [x]
[taskset-1]             --> IsProximityTooClose [x]
[taskset-1]             --> IsSystemOverheated [x]
[taskset-1]         --> Stop [-]
[taskset-1]     [-] mission [x]
[taskset-1]         --> MissionActive [x]
[taskset-1]         [o] mission_selector [-]
[taskset-1]             [-] mission_object_response [-]
[taskset-1]                 --> ObjectSeen [-]
[taskset-1]                 --> HandleObjectAction [-]
[taskset-1]             [-] mission_progress [-]
[taskset-1]                 --> PublishMoveGoal [-]
[taskset-1]                 --> GoToObject [-]
[taskset-1]                 --> CheckStopCondition [-]
[taskset-1]                 --> AdvanceMove [-]
[taskset-1]     [-] navigation [x]
[taskset-1]         --> HasMpcGoal [x]
[taskset-1] 
[taskset-1] [INFO] [1791034501.832573589] [behavior_executor_node]: BT snapshot -- root=FAILURE, lanes: emergency=FAILURE | mission=FAILURE | navigation=FAILURE
[taskset-1] [o] root [x]
[taskset-1]     [-] emergency [x]
[taskset-1]         [o] emergency_condition [x]
[taskset-1]             --> IsBatteryLow [x]
[taskset-1]             --> IsEmergencyStopTriggered [x]
[taskset-1]             --> IsProximityTooClose [x]
[taskset-1]             --> IsSystemOverheated [x]
[taskset-1]         --> Stop [-]
[taskset-1]     [-] mission [x]
[taskset-1]         --> MissionActive [x]
[taskset-1]         [o] mission_selector [-]
[taskset-1]             [-] mission_object_response [-]
[taskset-1]                 --> ObjectSeen [-]
[taskset-1]                 --> HandleObjectAction [-]
[taskset-1]             [-] mission_progress [-]
[taskset-1]                 --> PublishMoveGoal [-]
[taskset-1]                 --> GoToObject [-]
[taskset-1]                 --> CheckStopCondition [-]
[taskset-1]                 --> AdvanceMove [-]
[taskset-1]     [-] navigation [x]
[taskset-1]         --> HasMpcGoal [x]
[taskset-1] 
[taskset-1] [INFO] [1791034502.426321957] [behavior_executor_node]: [IsProximityTooClose] DIAG scan: total=1081 in_window=721 excluded_by_filter=0 min_in_window=0.596 front_min=1.485
[taskset-1] [INFO] [1791034502.832636228] [behavior_executor_node]: BT snapshot -- root=FAILURE, lanes: emergency=FAILURE | mission=FAILURE | navigation=FAILURE
[taskset-1] [o] root [x]
[taskset-1]     [-] emergency [x]
[taskset-1]         [o] emergency_condition [x]
[taskset-1]             --> IsBatteryLow [x]
[taskset-1]             --> IsEmergencyStopTriggered [x]
[taskset-1]             --> IsProximityTooClose [x]
[taskset-1]             --> IsSystemOverheated [x]
[taskset-1]         --> Stop [-]
[taskset-1]     [-] mission [x]
[taskset-1]         --> MissionActive [x]
[taskset-1]         [o] mission_selector [-]
[taskset-1]             [-] mission_object_response [-]
[taskset-1]                 --> ObjectSeen [-]
[taskset-1]                 --> HandleObjectAction [-]
[taskset-1]             [-] mission_progress [-]
[taskset-1]                 --> PublishMoveGoal [-]
[taskset-1]                 --> GoToObject [-]
[taskset-1]                 --> CheckStopCondition [-]
[taskset-1]                 --> AdvanceMove [-]
[taskset-1]     [-] navigation [x]
[taskset-1]         --> HasMpcGoal [x]
[taskset-1] 
[taskset-1] [INFO] [1791034503.932892178] [behavior_executor_node]: BT snapshot -- root=FAILURE, lanes: emergency=FAILURE | mission=FAILURE | navigation=FAILURE
[taskset-1] [o] root [x]
[taskset-1]     [-] emergency [x]
[taskset-1]         [o] emergency_condition [x]
[taskset-1]             --> IsBatteryLow [x]
[taskset-1]             --> IsEmergencyStopTriggered [x]
[taskset-1]             --> IsProximityTooClose [x]
[taskset-1]             --> IsSystemOverheated [x]
[taskset-1]         --> Stop [-]
[taskset-1]     [-] mission [x]
[taskset-1]         --> MissionActive [x]
[taskset-1]         [o] mission_selector [-]
[taskset-1]             [-] mission_object_response [-]
[taskset-1]                 --> ObjectSeen [-]
[taskset-1]                 --> HandleObjectAction [-]
[taskset-1]             [-] mission_progress [-]
[taskset-1]                 --> PublishMoveGoal [-]
[taskset-1]                 --> GoToObject [-]
[taskset-1]                 --> CheckStopCondition [-]
[taskset-1]                 --> AdvanceMove [-]
[taskset-1]     [-] navigation [x]
[taskset-1]         --> HasMpcGoal [x]
[taskset-1] 
[taskset-1] [INFO] [1791034504.428100483] [behavior_executor_node]: [IsProximityTooClose] DIAG scan: total=1081 in_window=721 excluded_by_filter=0 min_in_window=0.718 front_min=1.262
[taskset-1] [INFO] [1791034505.032605171] [behavior_executor_node]: BT snapshot -- root=FAILURE, lanes: emergency=FAILURE | mission=FAILURE | navigation=FAILURE
[taskset-1] [o] root [x]
[taskset-1]     [-] emergency [x]
[taskset-1]         [o] emergency_condition [x]
[taskset-1]             --> IsBatteryLow [x]
[taskset-1]             --> IsEmergencyStopTriggered [x]
[taskset-1]             --> IsProximityTooClose [x]
[taskset-1]             --> IsSystemOverheated [x]
[taskset-1]         --> Stop [-]
[taskset-1]     [-] mission [x]
[taskset-1]         --> MissionActive [x]
[taskset-1]         [o] mission_selector [-]
[taskset-1]             [-] mission_object_response [-]
[taskset-1]                 --> ObjectSeen [-]
[taskset-1]                 --> HandleObjectAction [-]
[taskset-1]             [-] mission_progress [-]
[taskset-1]                 --> PublishMoveGoal [-]
[taskset-1]                 --> GoToObject [-]
[taskset-1]                 --> CheckStopCondition [-]
[taskset-1]                 --> AdvanceMove [-]
[taskset-1]     [-] navigation [x]
[taskset-1]         --> HasMpcGoal [x]
[taskset-1] 
[taskset-1] [INFO] [1791034506.132620594] [behavior_executor_node]: BT snapshot -- root=FAILURE, lanes: emergency=FAILURE | mission=FAILURE | navigation=FAILURE
[taskset-1] [o] root [x]
[taskset-1]     [-] emergency [x]
[taskset-1]         [o] emergency_condition [x]
[taskset-1]             --> IsBatteryLow [x]
[taskset-1]             --> IsEmergencyStopTriggered [x]
[taskset-1]             --> IsProximityTooClose [x]
[taskset-1]             --> IsSystemOverheated [x]
[taskset-1]         --> Stop [-]
[taskset-1]     [-] mission [x]
[taskset-1]         --> MissionActive [x]
[taskset-1]         [o] mission_selector [-]
[taskset-1]             [-] mission_object_response [-]
[taskset-1]                 --> ObjectSeen [-]
[taskset-1]                 --> HandleObjectAction [-]
[taskset-1]             [-] mission_progress [-]
[taskset-1]                 --> PublishMoveGoal [-]
[taskset-1]                 --> GoToObject [-]
[taskset-1]                 --> CheckStopCondition [-]
[taskset-1]                 --> AdvanceMove [-]
[taskset-1]     [-] navigation [x]
[taskset-1]         --> HasMpcGoal [x]
[taskset-1] 
[taskset-1] [INFO] [1791034506.457756689] [behavior_executor_node]: [IsProximityTooClose] DIAG scan: total=1081 in_window=721 excluded_by_filter=0 min_in_window=0.927 front_min=1.137
[taskset-1] [INFO] [1791034507.132625101] [behavior_executor_node]: BT snapshot -- root=FAILURE, lanes: emergency=FAILURE | mission=FAILURE | navigation=FAILURE
[taskset-1] [o] root [x]
[taskset-1]     [-] emergency [x]
[taskset-1]         [o] emergency_condition [x]
[taskset-1]             --> IsBatteryLow [x]
[taskset-1]             --> IsEmergencyStopTriggered [x]
[taskset-1]             --> IsProximityTooClose [x]
[taskset-1]             --> IsSystemOverheated [x]
[taskset-1]         --> Stop [-]
[taskset-1]     [-] mission [x]
[taskset-1]         --> MissionActive [x]
[taskset-1]         [o] mission_selector [-]
[taskset-1]             [-] mission_object_response [-]
[taskset-1]                 --> ObjectSeen [-]
[taskset-1]                 --> HandleObjectAction [-]
[taskset-1]             [-] mission_progress [-]
[taskset-1]                 --> PublishMoveGoal [-]
[taskset-1]                 --> GoToObject [-]
[taskset-1]                 --> CheckStopCondition [-]
[taskset-1]                 --> AdvanceMove [-]
[taskset-1]     [-] navigation [x]
[taskset-1]         --> HasMpcGoal [x]
[taskset-1] 
[taskset-1] [INFO] [1791034508.233319655] [behavior_executor_node]: BT snapshot -- root=FAILURE, lanes: emergency=FAILURE | mission=FAILURE | navigation=FAILURE
[taskset-1] [o] root [x]
[taskset-1]     [-] emergency [x]
[taskset-1]         [o] emergency_condition [x]
[taskset-1]             --> IsBatteryLow [x]
[taskset-1]             --> IsEmergencyStopTriggered [x]
[taskset-1]             --> IsProximityTooClose [x]
[taskset-1]             --> IsSystemOverheated [x]
[taskset-1]         --> Stop [-]
[taskset-1]     [-] mission [x]
[taskset-1]         --> MissionActive [x]
[taskset-1]         [o] mission_selector [-]
[taskset-1]             [-] mission_object_response [-]
[taskset-1]                 --> ObjectSeen [-]
[taskset-1]                 --> HandleObjectAction [-]
[taskset-1]             [-] mission_progress [-]
[taskset-1]                 --> PublishMoveGoal [-]
[taskset-1]                 --> GoToObject [-]
[taskset-1]                 --> CheckStopCondition [-]
[taskset-1]                 --> AdvanceMove [-]
[taskset-1]     [-] navigation [x]
[taskset-1]         --> HasMpcGoal [x]
[taskset-1] 
[taskset-1] [INFO] [1791034508.466053844] [behavior_executor_node]: [IsProximityTooClose] DIAG scan: total=1081 in_window=721 excluded_by_filter=0 min_in_window=0.782 front_min=1.579
[taskset-1] [INFO] [1791034509.332709033] [behavior_executor_node]: BT snapshot -- root=FAILURE, lanes: emergency=FAILURE | mission=FAILURE | navigation=FAILURE
[taskset-1] [o] root [x]
[taskset-1]     [-] emergency [x]
[taskset-1]         [o] emergency_condition [x]
[taskset-1]             --> IsBatteryLow [x]
[taskset-1]             --> IsEmergencyStopTriggered [x]
[taskset-1]             --> IsProximityTooClose [x]
[taskset-1]             --> IsSystemOverheated [x]
[taskset-1]         --> Stop [-]
[taskset-1]     [-] mission [x]
[taskset-1]         --> MissionActive [x]
[taskset-1]         [o] mission_selector [-]
[taskset-1]             [-] mission_object_response [-]
[taskset-1]                 --> ObjectSeen [-]
[taskset-1]                 --> HandleObjectAction [-]
[taskset-1]             [-] mission_progress [-]
[taskset-1]                 --> PublishMoveGoal [-]
[taskset-1]                 --> GoToObject [-]
[taskset-1]                 --> CheckStopCondition [-]
[taskset-1]                 --> AdvanceMove [-]
[taskset-1]     [-] navigation [x]
[taskset-1]         --> HasMpcGoal [x]
[taskset-1] 
[taskset-1] [INFO] [1791034510.432603819] [behavior_executor_node]: BT snapshot -- root=FAILURE, lanes: emergency=FAILURE | mission=FAILURE | navigation=FAILURE
[taskset-1] [o] root [x]
[taskset-1]     [-] emergency [x]
[taskset-1]         [o] emergency_condition [x]
[taskset-1]             --> IsBatteryLow [x]
[taskset-1]             --> IsEmergencyStopTriggered [x]
[taskset-1]             --> IsProximityTooClose [x]
[taskset-1]             --> IsSystemOverheated [x]
[taskset-1]         --> Stop [-]
[taskset-1]     [-] mission [x]
[taskset-1]         --> MissionActive [x]
[taskset-1]         [o] mission_selector [-]
[taskset-1]             [-] mission_object_response [-]
[taskset-1]                 --> ObjectSeen [-]
[taskset-1]                 --> HandleObjectAction [-]
[taskset-1]             [-] mission_progress [-]
[taskset-1]                 --> PublishMoveGoal [-]
[taskset-1]                 --> GoToObject [-]
[taskset-1]                 --> CheckStopCondition [-]
[taskset-1]                 --> AdvanceMove [-]
[taskset-1]     [-] navigation [x]
[taskset-1]         --> HasMpcGoal [x]
[taskset-1] 
[taskset-1] [INFO] [1791034510.530394404] [behavior_executor_node]: [IsProximityTooClose] DIAG scan: total=1081 in_window=721 excluded_by_filter=0 min_in_window=0.859 front_min=1.545
[taskset-1] [INFO] [1791034511.525819556] [behavior_executor_node]: BT snapshot -- root=FAILURE, lanes: emergency=FAILURE | mission=FAILURE | navigation=FAILURE
[taskset-1] [o] root [x]
[taskset-1]     [-] emergency [x]
[taskset-1]         [o] emergency_condition [x]
[taskset-1]             --> IsBatteryLow [x]
[taskset-1]             --> IsEmergencyStopTriggered [x]
[taskset-1]             --> IsProximityTooClose [x]
[taskset-1]             --> IsSystemOverheated [x]
[taskset-1]         --> Stop [-]
[taskset-1]     [-] mission [x]
[taskset-1]         --> MissionActive [x]
[taskset-1]         [o] mission_selector [-]
[taskset-1]             [-] mission_object_response [-]
[taskset-1]                 --> ObjectSeen [-]
[taskset-1]                 --> HandleObjectAction [-]
[taskset-1]             [-] mission_progress [-]
[taskset-1]                 --> PublishMoveGoal [-]
[taskset-1]                 --> GoToObject [-]
[taskset-1]                 --> CheckStopCondition [-]
[taskset-1]                 --> AdvanceMove [-]
[taskset-1]     [-] navigation [x]
[taskset-1]         --> HasMpcGoal [x]
[taskset-1] 
[taskset-1] [INFO] [1791034512.532645263] [behavior_executor_node]: BT snapshot -- root=FAILURE, lanes: emergency=FAILURE | mission=FAILURE | navigation=FAILURE
[taskset-1] [o] root [x]
[taskset-1]     [-] emergency [x]
[taskset-1]         [o] emergency_condition [x]
[taskset-1]             --> IsBatteryLow [x]
[taskset-1]             --> IsEmergencyStopTriggered [x]
[taskset-1]             --> IsProximityTooClose [x]
[taskset-1]             --> IsSystemOverheated [x]
[taskset-1]         --> Stop [-]
[taskset-1]     [-] mission [x]
[taskset-1]         --> MissionActive [x]
[taskset-1]         [o] mission_selector [-]
[taskset-1]             [-] mission_object_response [-]
[taskset-1]                 --> ObjectSeen [-]
[taskset-1]                 --> HandleObjectAction [-]
[taskset-1]             [-] mission_progress [-]
[taskset-1]                 --> PublishMoveGoal [-]
[taskset-1]                 --> GoToObject [-]
[taskset-1]                 --> CheckStopCondition [-]
[taskset-1]                 --> AdvanceMove [-]
[taskset-1]     [-] navigation [x]
[taskset-1]         --> HasMpcGoal [x]
[taskset-1] 
[taskset-1] [INFO] [1791034512.540662850] [behavior_executor_node]: [IsProximityTooClose] DIAG scan: total=1081 in_window=721 excluded_by_filter=0 min_in_window=0.855 front_min=1.273
[taskset-1] [INFO] [1791034513.532661665] [behavior_executor_node]: BT snapshot -- root=FAILURE, lanes: emergency=FAILURE | mission=FAILURE | navigation=FAILURE
[taskset-1] [o] root [x]
[taskset-1]     [-] emergency [x]
[taskset-1]         [o] emergency_condition [x]
[taskset-1]             --> IsBatteryLow [x]
[taskset-1]             --> IsEmergencyStopTriggered [x]
[taskset-1]             --> IsProximityTooClose [x]
[taskset-1]             --> IsSystemOverheated [x]
[taskset-1]         --> Stop [-]
[taskset-1]     [-] mission [x]
[taskset-1]         --> MissionActive [x]
[taskset-1]         [o] mission_selector [-]
[taskset-1]             [-] mission_object_response [-]
[taskset-1]                 --> ObjectSeen [-]
[taskset-1]                 --> HandleObjectAction [-]
[taskset-1]             [-] mission_progress [-]
[taskset-1]                 --> PublishMoveGoal [-]
[taskset-1]                 --> GoToObject [-]
[taskset-1]                 --> CheckStopCondition [-]
[taskset-1]                 --> AdvanceMove [-]
[taskset-1]     [-] navigation [x]
[taskset-1]         --> HasMpcGoal [x]
[taskset-1] 
[taskset-1] [INFO] [1791034514.533032822] [behavior_executor_node]: BT snapshot -- root=FAILURE, lanes: emergency=FAILURE | mission=FAILURE | navigation=FAILURE
[taskset-1] [o] root [x]
[taskset-1]     [-] emergency [x]
[taskset-1]         [o] emergency_condition [x]
[taskset-1]             --> IsBatteryLow [x]
[taskset-1]             --> IsEmergencyStopTriggered [x]
[taskset-1]             --> IsProximityTooClose [x]
[taskset-1]             --> IsSystemOverheated [x]
[taskset-1]         --> Stop [-]
[taskset-1]     [-] mission [x]
[taskset-1]         --> MissionActive [x]
[taskset-1]         [o] mission_selector [-]
[taskset-1]             [-] mission_object_response [-]
[taskset-1]                 --> ObjectSeen [-]
[taskset-1]                 --> HandleObjectAction [-]
[taskset-1]             [-] mission_progress [-]
[taskset-1]                 --> PublishMoveGoal [-]
[taskset-1]                 --> GoToObject [-]
[taskset-1]                 --> CheckStopCondition [-]
[taskset-1]                 --> AdvanceMove [-]
[taskset-1]     [-] navigation [x]
[taskset-1]         --> HasMpcGoal [x]
[taskset-1] 
[taskset-1] [INFO] [1791034514.565277238] [behavior_executor_node]: [IsProximityTooClose] DIAG scan: total=1081 in_window=721 excluded_by_filter=0 min_in_window=0.873 front_min=1.276
[taskset-1] [INFO] [1791034515.632648507] [behavior_executor_node]: BT snapshot -- root=FAILURE, lanes: emergency=FAILURE | mission=FAILURE | navigation=FAILURE
[taskset-1] [o] root [x]
[taskset-1]     [-] emergency [x]
[taskset-1]         [o] emergency_condition [x]
[taskset-1]             --> IsBatteryLow [x]
[taskset-1]             --> IsEmergencyStopTriggered [x]
[taskset-1]             --> IsProximityTooClose [x]
[taskset-1]             --> IsSystemOverheated [x]
[taskset-1]         --> Stop [-]
[taskset-1]     [-] mission [x]
[taskset-1]         --> MissionActive [x]
[taskset-1]         [o] mission_selector [-]
[taskset-1]             [-] mission_object_response [-]
[taskset-1]                 --> ObjectSeen [-]
[taskset-1]                 --> HandleObjectAction [-]
[taskset-1]             [-] mission_progress [-]
[taskset-1]                 --> PublishMoveGoal [-]
[taskset-1]                 --> GoToObject [-]
[taskset-1]                 --> CheckStopCondition [-]
[taskset-1]                 --> AdvanceMove [-]
[taskset-1]     [-] navigation [x]
[taskset-1]         --> HasMpcGoal [x]
[taskset-1] 
[taskset-1] [INFO] [1791034516.565978657] [behavior_executor_node]: [IsProximityTooClose] DIAG scan: total=1081 in_window=721 excluded_by_filter=0 min_in_window=0.889 front_min=1.620
[taskset-1] [INFO] [1791034516.733002900] [behavior_executor_node]: BT snapshot -- root=FAILURE, lanes: emergency=FAILURE | mission=FAILURE | navigation=FAILURE
[taskset-1] [o] root [x]
[taskset-1]     [-] emergency [x]
[taskset-1]         [o] emergency_condition [x]
[taskset-1]             --> IsBatteryLow [x]
[taskset-1]             --> IsEmergencyStopTriggered [x]
[taskset-1]             --> IsProximityTooClose [x]
[taskset-1]             --> IsSystemOverheated [x]
[taskset-1]         --> Stop [-]
[taskset-1]     [-] mission [x]
[taskset-1]         --> MissionActive [x]
[taskset-1]         [o] mission_selector [-]
[taskset-1]             [-] mission_object_response [-]
[taskset-1]                 --> ObjectSeen [-]
[taskset-1]                 --> HandleObjectAction [-]
[taskset-1]             [-] mission_progress [-]
[taskset-1]                 --> PublishMoveGoal [-]
[taskset-1]                 --> GoToObject [-]
[taskset-1]                 --> CheckStopCondition [-]
[taskset-1]                 --> AdvanceMove [-]
[taskset-1]     [-] navigation [x]
[taskset-1]         --> HasMpcGoal [x]
[taskset-1] 
[taskset-1] [INFO] [1791034517.832546052] [behavior_executor_node]: BT snapshot -- root=FAILURE, lanes: emergency=FAILURE | mission=FAILURE | navigation=FAILURE
[taskset-1] [o] root [x]
[taskset-1]     [-] emergency [x]
[taskset-1]         [o] emergency_condition [x]
[taskset-1]             --> IsBatteryLow [x]
[taskset-1]             --> IsEmergencyStopTriggered [x]
[taskset-1]             --> IsProximityTooClose [x]
[taskset-1]             --> IsSystemOverheated [x]
[taskset-1]         --> Stop [-]
[taskset-1]     [-] mission [x]
[taskset-1]         --> MissionActive [x]
[taskset-1]         [o] mission_selector [-]
[taskset-1]             [-] mission_object_response [-]
[taskset-1]                 --> ObjectSeen [-]
[taskset-1]                 --> HandleObjectAction [-]
[taskset-1]             [-] mission_progress [-]
[taskset-1]                 --> PublishMoveGoal [-]
[taskset-1]                 --> GoToObject [-]
[taskset-1]                 --> CheckStopCondition [-]
[taskset-1]                 --> AdvanceMove [-]
[taskset-1]     [-] navigation [x]
[taskset-1]         --> HasMpcGoal [x]
[taskset-1] 
[taskset-1] [INFO] [1791034518.625307899] [behavior_executor_node]: [IsProximityTooClose] DIAG scan: total=1081 in_window=721 excluded_by_filter=0 min_in_window=0.910 front_min=1.936
[taskset-1] [INFO] [1791034518.832574005] [behavior_executor_node]: BT snapshot -- root=FAILURE, lanes: emergency=FAILURE | mission=FAILURE | navigation=FAILURE
[taskset-1] [o] root [x]
[taskset-1]     [-] emergency [x]
[taskset-1]         [o] emergency_condition [x]
[taskset-1]             --> IsBatteryLow [x]
[taskset-1]             --> IsEmergencyStopTriggered [x]
[taskset-1]             --> IsProximityTooClose [x]
[taskset-1]             --> IsSystemOverheated [x]
[taskset-1]         --> Stop [-]
[taskset-1]     [-] mission [x]
[taskset-1]         --> MissionActive [x]
[taskset-1]         [o] mission_selector [-]
[taskset-1]             [-] mission_object_response [-]
[taskset-1]                 --> ObjectSeen [-]
[taskset-1]                 --> HandleObjectAction [-]
[taskset-1]             [-] mission_progress [-]
[taskset-1]                 --> PublishMoveGoal [-]
[taskset-1]                 --> GoToObject [-]
[taskset-1]                 --> CheckStopCondition [-]
[taskset-1]                 --> AdvanceMove [-]
[taskset-1]     [-] navigation [x]
[taskset-1]         --> HasMpcGoal [x]
[taskset-1] 
[taskset-1] [INFO] [1791034519.932561348] [behavior_executor_node]: BT snapshot -- root=FAILURE, lanes: emergency=FAILURE | mission=FAILURE | navigation=FAILURE
[taskset-1] [o] root [x]
[taskset-1]     [-] emergency [x]
[taskset-1]         [o] emergency_condition [x]
[taskset-1]             --> IsBatteryLow [x]
[taskset-1]             --> IsEmergencyStopTriggered [x]
[taskset-1]             --> IsProximityTooClose [x]
[taskset-1]             --> IsSystemOverheated [x]
[taskset-1]         --> Stop [-]
[taskset-1]     [-] mission [x]
[taskset-1]         --> MissionActive [x]
[taskset-1]         [o] mission_selector [-]
[taskset-1]             [-] mission_object_response [-]
[taskset-1]                 --> ObjectSeen [-]
[taskset-1]                 --> HandleObjectAction [-]
[taskset-1]             [-] mission_progress [-]
[taskset-1]                 --> PublishMoveGoal [-]
[taskset-1]                 --> GoToObject [-]
[taskset-1]                 --> CheckStopCondition [-]
[taskset-1]                 --> AdvanceMove [-]
[taskset-1]     [-] navigation [x]
[taskset-1]         --> HasMpcGoal [x]
[taskset-1] 
[taskset-1] [INFO] [1791034520.646029388] [behavior_executor_node]: [IsProximityTooClose] DIAG scan: total=1081 in_window=721 excluded_by_filter=0 min_in_window=0.956 front_min=2.200
[taskset-1] [INFO] [1791034520.933121142] [behavior_executor_node]: BT snapshot -- root=FAILURE, lanes: emergency=FAILURE | mission=FAILURE | navigation=FAILURE
[taskset-1] [o] root [x]
[taskset-1]     [-] emergency [x]
[taskset-1]         [o] emergency_condition [x]
[taskset-1]             --> IsBatteryLow [x]
[taskset-1]             --> IsEmergencyStopTriggered [x]
[taskset-1]             --> IsProximityTooClose [x]
[taskset-1]             --> IsSystemOverheated [x]
[taskset-1]         --> Stop [-]
[taskset-1]     [-] mission [x]
[taskset-1]         --> MissionActive [x]
[taskset-1]         [o] mission_selector [-]
[taskset-1]             [-] mission_object_response [-]
[taskset-1]                 --> ObjectSeen [-]
[taskset-1]                 --> HandleObjectAction [-]
[taskset-1]             [-] mission_progress [-]
[taskset-1]                 --> PublishMoveGoal [-]
[taskset-1]                 --> GoToObject [-]
[taskset-1]                 --> CheckStopCondition [-]
[taskset-1]                 --> AdvanceMove [-]
[taskset-1]     [-] navigation [x]
[taskset-1]         --> HasMpcGoal [x]
[taskset-1] 
[taskset-1] [INFO] [1791034522.026266310] [behavior_executor_node]: BT snapshot -- root=FAILURE, lanes: emergency=FAILURE | mission=FAILURE | navigation=FAILURE
[taskset-1] [o] root [x]
[taskset-1]     [-] emergency [x]
[taskset-1]         [o] emergency_condition [x]
[taskset-1]             --> IsBatteryLow [x]
[taskset-1]             --> IsEmergencyStopTriggered [x]
[taskset-1]             --> IsProximityTooClose [x]
[taskset-1]             --> IsSystemOverheated [x]
[taskset-1]         --> Stop [-]
[taskset-1]     [-] mission [x]
[taskset-1]         --> MissionActive [x]
[taskset-1]         [o] mission_selector [-]
[taskset-1]             [-] mission_object_response [-]
[taskset-1]                 --> ObjectSeen [-]
[taskset-1]                 --> HandleObjectAction [-]
[taskset-1]             [-] mission_progress [-]
[taskset-1]                 --> PublishMoveGoal [-]
[taskset-1]                 --> GoToObject [-]
[taskset-1]                 --> CheckStopCondition [-]
[taskset-1]                 --> AdvanceMove [-]
[taskset-1]     [-] navigation [x]
[taskset-1]         --> HasMpcGoal [x]
[taskset-1] 
[taskset-1] [INFO] [1791034522.725971339] [behavior_executor_node]: [IsProximityTooClose] DIAG scan: total=1081 in_window=721 excluded_by_filter=0 min_in_window=1.001 front_min=1.583
[taskset-1] [INFO] [1791034523.032770362] [behavior_executor_node]: BT snapshot -- root=FAILURE, lanes: emergency=FAILURE | mission=FAILURE | navigation=FAILURE
[taskset-1] [o] root [x]
[taskset-1]     [-] emergency [x]
[taskset-1]         [o] emergency_condition [x]
[taskset-1]             --> IsBatteryLow [x]
[taskset-1]             --> IsEmergencyStopTriggered [x]
[taskset-1]             --> IsProximityTooClose [x]
[taskset-1]             --> IsSystemOverheated [x]
[taskset-1]         --> Stop [-]
[taskset-1]     [-] mission [x]
[taskset-1]         --> MissionActive [x]
[taskset-1]         [o] mission_selector [-]
[taskset-1]             [-] mission_object_response [-]
[taskset-1]                 --> ObjectSeen [-]
[taskset-1]                 --> HandleObjectAction [-]
[taskset-1]             [-] mission_progress [-]
[taskset-1]                 --> PublishMoveGoal [-]
[taskset-1]                 --> GoToObject [-]
[taskset-1]                 --> CheckStopCondition [-]
[taskset-1]                 --> AdvanceMove [-]
[taskset-1]     [-] navigation [x]
[taskset-1]         --> HasMpcGoal [x]
[taskset-1] 
[taskset-1] [INFO] [1791034524.132595105] [behavior_executor_node]: BT snapshot -- root=FAILURE, lanes: emergency=FAILURE | mission=FAILURE | navigation=FAILURE
[taskset-1] [o] root [x]
[taskset-1]     [-] emergency [x]
[taskset-1]         [o] emergency_condition [x]
[taskset-1]             --> IsBatteryLow [x]
[taskset-1]             --> IsEmergencyStopTriggered [x]
[taskset-1]             --> IsProximityTooClose [x]
[taskset-1]             --> IsSystemOverheated [x]
[taskset-1]         --> Stop [-]
[taskset-1]     [-] mission [x]
[taskset-1]         --> MissionActive [x]
[taskset-1]         [o] mission_selector [-]
[taskset-1]             [-] mission_object_response [-]
[taskset-1]                 --> ObjectSeen [-]
[taskset-1]                 --> HandleObjectAction [-]
[taskset-1]             [-] mission_progress [-]
[taskset-1]                 --> PublishMoveGoal [-]
[taskset-1]                 --> GoToObject [-]
[taskset-1]                 --> CheckStopCondition [-]
[taskset-1]                 --> AdvanceMove [-]
[taskset-1]     [-] navigation [x]
[taskset-1]         --> HasMpcGoal [x]
[taskset-1] 
[taskset-1] [INFO] [1791034524.744342188] [behavior_executor_node]: [IsProximityTooClose] DIAG scan: total=1081 in_window=721 excluded_by_filter=0 min_in_window=1.072 front_min=2.005
[taskset-1] [INFO] [1791034525.132629592] [behavior_executor_node]: BT snapshot -- root=FAILURE, lanes: emergency=FAILURE | mission=FAILURE | navigation=FAILURE
[taskset-1] [o] root [x]
[taskset-1]     [-] emergency [x]
[taskset-1]         [o] emergency_condition [x]
[taskset-1]             --> IsBatteryLow [x]
[taskset-1]             --> IsEmergencyStopTriggered [x]
[taskset-1]             --> IsProximityTooClose [x]
[taskset-1]             --> IsSystemOverheated [x]
[taskset-1]         --> Stop [-]
[taskset-1]     [-] mission [x]
[taskset-1]         --> MissionActive [x]
[taskset-1]         [o] mission_selector [-]
[taskset-1]             [-] mission_object_response [-]
[taskset-1]                 --> ObjectSeen [-]
[taskset-1]                 --> HandleObjectAction [-]
[taskset-1]             [-] mission_progress [-]
[taskset-1]                 --> PublishMoveGoal [-]
[taskset-1]                 --> GoToObject [-]
[taskset-1]                 --> CheckStopCondition [-]
[taskset-1]                 --> AdvanceMove [-]
[taskset-1]     [-] navigation [x]
[taskset-1]         --> HasMpcGoal [x]
[taskset-1] 
[taskset-1] [INFO] [1791034526.232630332] [behavior_executor_node]: BT snapshot -- root=FAILURE, lanes: emergency=FAILURE | mission=FAILURE | navigation=FAILURE
[taskset-1] [o] root [x]
[taskset-1]     [-] emergency [x]
[taskset-1]         [o] emergency_condition [x]
[taskset-1]             --> IsBatteryLow [x]
[taskset-1]             --> IsEmergencyStopTriggered [x]
[taskset-1]             --> IsProximityTooClose [x]
[taskset-1]             --> IsSystemOverheated [x]
[taskset-1]         --> Stop [-]
[taskset-1]     [-] mission [x]
[taskset-1]         --> MissionActive [x]
[taskset-1]         [o] mission_selector [-]
[taskset-1]             [-] mission_object_response [-]
[taskset-1]                 --> ObjectSeen [-]
[taskset-1]                 --> HandleObjectAction [-]
[taskset-1]             [-] mission_progress [-]
[taskset-1]                 --> PublishMoveGoal [-]
[taskset-1]                 --> GoToObject [-]
[taskset-1]                 --> CheckStopCondition [-]
[taskset-1]                 --> AdvanceMove [-]
[taskset-1]     [-] navigation [x]
[taskset-1]         --> HasMpcGoal [x]
[taskset-1] 
[taskset-1] [INFO] [1791034526.827323006] [behavior_executor_node]: [IsProximityTooClose] DIAG scan: total=1081 in_window=721 excluded_by_filter=0 min_in_window=1.173 front_min=2.353
[taskset-1] [INFO] [1791034527.232641911] [behavior_executor_node]: BT snapshot -- root=FAILURE, lanes: emergency=FAILURE | mission=FAILURE | navigation=FAILURE
[taskset-1] [o] root [x]
[taskset-1]     [-] emergency [x]
[taskset-1]         [o] emergency_condition [x]
[taskset-1]             --> IsBatteryLow [x]
[taskset-1]             --> IsEmergencyStopTriggered [x]
[taskset-1]             --> IsProximityTooClose [x]
[taskset-1]             --> IsSystemOverheated [x]
[taskset-1]         --> Stop [-]
[taskset-1]     [-] mission [x]
[taskset-1]         --> MissionActive [x]
[taskset-1]         [o] mission_selector [-]
[taskset-1]             [-] mission_object_response [-]
[taskset-1]                 --> ObjectSeen [-]
[taskset-1]                 --> HandleObjectAction [-]
[taskset-1]             [-] mission_progress [-]
[taskset-1]                 --> PublishMoveGoal [-]
[taskset-1]                 --> GoToObject [-]
[taskset-1]                 --> CheckStopCondition [-]
[taskset-1]                 --> AdvanceMove [-]
[taskset-1]     [-] navigation [x]
[taskset-1]         --> HasMpcGoal [x]
[taskset-1] 
[taskset-1] [INFO] [1791034528.232803067] [behavior_executor_node]: BT snapshot -- root=FAILURE, lanes: emergency=FAILURE | mission=FAILURE | navigation=FAILURE
[taskset-1] [o] root [x]
[taskset-1]     [-] emergency [x]
[taskset-1]         [o] emergency_condition [x]
[taskset-1]             --> IsBatteryLow [x]
[taskset-1]             --> IsEmergencyStopTriggered [x]
[taskset-1]             --> IsProximityTooClose [x]
[taskset-1]             --> IsSystemOverheated [x]
[taskset-1]         --> Stop [-]
[taskset-1]     [-] mission [x]
[taskset-1]         --> MissionActive [x]
[taskset-1]         [o] mission_selector [-]
[taskset-1]             [-] mission_object_response [-]
[taskset-1]                 --> ObjectSeen [-]
[taskset-1]                 --> HandleObjectAction [-]
[taskset-1]             [-] mission_progress [-]
[taskset-1]                 --> PublishMoveGoal [-]
[taskset-1]                 --> GoToObject [-]
[taskset-1]                 --> CheckStopCondition [-]
[taskset-1]                 --> AdvanceMove [-]
[taskset-1]     [-] navigation [x]
[taskset-1]         --> HasMpcGoal [x]
[taskset-1] 
[taskset-1] [INFO] [1791034528.828478956] [behavior_executor_node]: [IsProximityTooClose] DIAG scan: total=1081 in_window=721 excluded_by_filter=0 min_in_window=1.635 front_min=1.760
[taskset-1] [INFO] [1791034529.332589958] [behavior_executor_node]: BT snapshot -- root=FAILURE, lanes: emergency=FAILURE | mission=FAILURE | navigation=FAILURE
[taskset-1] [o] root [x]
[taskset-1]     [-] emergency [x]
[taskset-1]         [o] emergency_condition [x]
[taskset-1]             --> IsBatteryLow [x]
[taskset-1]             --> IsEmergencyStopTriggered [x]
[taskset-1]             --> IsProximityTooClose [x]
[taskset-1]             --> IsSystemOverheated [x]
[taskset-1]         --> Stop [-]
[taskset-1]     [-] mission [x]
[taskset-1]         --> MissionActive [x]
[taskset-1]         [o] mission_selector [-]
[taskset-1]             [-] mission_object_response [-]
[taskset-1]                 --> ObjectSeen [-]
[taskset-1]                 --> HandleObjectAction [-]
[taskset-1]             [-] mission_progress [-]
[taskset-1]                 --> PublishMoveGoal [-]
[taskset-1]                 --> GoToObject [-]
[taskset-1]                 --> CheckStopCondition [-]
[taskset-1]                 --> AdvanceMove [-]
[taskset-1]     [-] navigation [x]
[taskset-1]         --> HasMpcGoal [x]
[taskset-1] 
[taskset-1] [INFO] [1791034530.332666054] [behavior_executor_node]: BT snapshot -- root=FAILURE, lanes: emergency=FAILURE | mission=FAILURE | navigation=FAILURE
[taskset-1] [o] root [x]
[taskset-1]     [-] emergency [x]
[taskset-1]         [o] emergency_condition [x]
[taskset-1]             --> IsBatteryLow [x]
[taskset-1]             --> IsEmergencyStopTriggered [x]
[taskset-1]             --> IsProximityTooClose [x]
[taskset-1]             --> IsSystemOverheated [x]
[taskset-1]         --> Stop [-]
[taskset-1]     [-] mission [x]
[taskset-1]         --> MissionActive [x]
[taskset-1]         [o] mission_selector [-]
[taskset-1]             [-] mission_object_response [-]
[taskset-1]                 --> ObjectSeen [-]
[taskset-1]                 --> HandleObjectAction [-]
[taskset-1]             [-] mission_progress [-]
[taskset-1]                 --> PublishMoveGoal [-]
[taskset-1]                 --> GoToObject [-]
[taskset-1]                 --> CheckStopCondition [-]
[taskset-1]                 --> AdvanceMove [-]
[taskset-1]     [-] navigation [x]
[taskset-1]         --> HasMpcGoal [x]
[taskset-1] 
[taskset-1] [INFO] [1791034530.855410364] [behavior_executor_node]: [IsProximityTooClose] DIAG scan: total=1081 in_window=721 excluded_by_filter=0 min_in_window=1.227 front_min=1.988
[taskset-1] [INFO] [1791034531.432918073] [behavior_executor_node]: BT snapshot -- root=FAILURE, lanes: emergency=FAILURE | mission=FAILURE | navigation=FAILURE
[taskset-1] [o] root [x]
[taskset-1]     [-] emergency [x]
[taskset-1]         [o] emergency_condition [x]
[taskset-1]             --> IsBatteryLow [x]
[taskset-1]             --> IsEmergencyStopTriggered [x]
[taskset-1]             --> IsProximityTooClose [x]
[taskset-1]             --> IsSystemOverheated [x]
[taskset-1]         --> Stop [-]
[taskset-1]     [-] mission [x]
[taskset-1]         --> MissionActive [x]
[taskset-1]         [o] mission_selector [-]
[taskset-1]             [-] mission_object_response [-]
[taskset-1]                 --> ObjectSeen [-]
[taskset-1]                 --> HandleObjectAction [-]
[taskset-1]             [-] mission_progress [-]
[taskset-1]                 --> PublishMoveGoal [-]
[taskset-1]                 --> GoToObject [-]
[taskset-1]                 --> CheckStopCondition [-]
[taskset-1]                 --> AdvanceMove [-]
[taskset-1]     [-] navigation [x]
[taskset-1]         --> HasMpcGoal [x]
[taskset-1] 
[taskset-1] [INFO] [1791034532.531937533] [behavior_executor_node]: BT snapshot -- root=FAILURE, lanes: emergency=FAILURE | mission=FAILURE | navigation=FAILURE
[taskset-1] [o] root [x]
[taskset-1]     [-] emergency [x]
[taskset-1]         [o] emergency_condition [x]
[taskset-1]             --> IsBatteryLow [x]
[taskset-1]             --> IsEmergencyStopTriggered [x]
[taskset-1]             --> IsProximityTooClose [x]
[taskset-1]             --> IsSystemOverheated [x]
[taskset-1]         --> Stop [-]
[taskset-1]     [-] mission [x]
[taskset-1]         --> MissionActive [x]
[taskset-1]         [o] mission_selector [-]
[taskset-1]             [-] mission_object_response [-]
[taskset-1]                 --> ObjectSeen [-]
[taskset-1]                 --> HandleObjectAction [-]
[taskset-1]             [-] mission_progress [-]
[taskset-1]                 --> PublishMoveGoal [-]
[taskset-1]                 --> GoToObject [-]
[taskset-1]                 --> CheckStopCondition [-]
[taskset-1]                 --> AdvanceMove [-]
[taskset-1]     [-] navigation [x]
[taskset-1]         --> HasMpcGoal [x]
[taskset-1] 
[taskset-1] [INFO] [1791034532.927090758] [behavior_executor_node]: [IsProximityTooClose] DIAG scan: total=1081 in_window=721 excluded_by_filter=0 min_in_window=1.242 front_min=1.921
[taskset-1] [INFO] [1791034533.532795787] [behavior_executor_node]: BT snapshot -- root=FAILURE, lanes: emergency=FAILURE | mission=FAILURE | navigation=FAILURE
[taskset-1] [o] root [x]
[taskset-1]     [-] emergency [x]
[taskset-1]         [o] emergency_condition [x]
[taskset-1]             --> IsBatteryLow [x]
[taskset-1]             --> IsEmergencyStopTriggered [x]
[taskset-1]             --> IsProximityTooClose [x]
[taskset-1]             --> IsSystemOverheated [x]
[taskset-1]         --> Stop [-]
[taskset-1]     [-] mission [x]
[taskset-1]         --> MissionActive [x]
[taskset-1]         [o] mission_selector [-]
[taskset-1]             [-] mission_object_response [-]
[taskset-1]                 --> ObjectSeen [-]
[taskset-1]                 --> HandleObjectAction [-]
[taskset-1]             [-] mission_progress [-]
[taskset-1]                 --> PublishMoveGoal [-]
[taskset-1]                 --> GoToObject [-]
[taskset-1]                 --> CheckStopCondition [-]
[taskset-1]                 --> AdvanceMove [-]
[taskset-1]     [-] navigation [x]
[taskset-1]         --> HasMpcGoal [x]
[taskset-1] 
[taskset-1] [INFO] [1791034534.532938227] [behavior_executor_node]: BT snapshot -- root=FAILURE, lanes: emergency=FAILURE | mission=FAILURE | navigation=FAILURE
[taskset-1] [o] root [x]
[taskset-1]     [-] emergency [x]
[taskset-1]         [o] emergency_condition [x]
[taskset-1]             --> IsBatteryLow [x]
[taskset-1]             --> IsEmergencyStopTriggered [x]
[taskset-1]             --> IsProximityTooClose [x]
[taskset-1]             --> IsSystemOverheated [x]
[taskset-1]         --> Stop [-]
[taskset-1]     [-] mission [x]
[taskset-1]         --> MissionActive [x]
[taskset-1]         [o] mission_selector [-]
[taskset-1]             [-] mission_object_response [-]
[taskset-1]                 --> ObjectSeen [-]
[taskset-1]                 --> HandleObjectAction [-]
[taskset-1]             [-] mission_progress [-]
[taskset-1]                 --> PublishMoveGoal [-]
[taskset-1]                 --> GoToObject [-]
[taskset-1]                 --> CheckStopCondition [-]
[taskset-1]                 --> AdvanceMove [-]
[taskset-1]     [-] navigation [x]
[taskset-1]         --> HasMpcGoal [x]
[taskset-1] 
[taskset-1] [INFO] [1791034534.933684194] [behavior_executor_node]: [IsProximityTooClose] DIAG scan: total=1081 in_window=721 excluded_by_filter=0 min_in_window=1.151 front_min=1.863
[taskset-1] [INFO] [1791034535.632725041] [behavior_executor_node]: BT snapshot -- root=FAILURE, lanes: emergency=FAILURE | mission=FAILURE | navigation=FAILURE
[taskset-1] [o] root [x]
[taskset-1]     [-] emergency [x]
[taskset-1]         [o] emergency_condition [x]
[taskset-1]             --> IsBatteryLow [x]
[taskset-1]             --> IsEmergencyStopTriggered [x]
[taskset-1]             --> IsProximityTooClose [x]
[taskset-1]             --> IsSystemOverheated [x]
[taskset-1]         --> Stop [-]
[taskset-1]     [-] mission [x]
[taskset-1]         --> MissionActive [x]
[taskset-1]         [o] mission_selector [-]
[taskset-1]             [-] mission_object_response [-]
[taskset-1]                 --> ObjectSeen [-]
[taskset-1]                 --> HandleObjectAction [-]
[taskset-1]             [-] mission_progress [-]
[taskset-1]                 --> PublishMoveGoal [-]
[taskset-1]                 --> GoToObject [-]
[taskset-1]                 --> CheckStopCondition [-]
[taskset-1]                 --> AdvanceMove [-]
[taskset-1]     [-] navigation [x]
[taskset-1]         --> HasMpcGoal [x]
[taskset-1] 
[taskset-1] [INFO] [1791034536.732763486] [behavior_executor_node]: BT snapshot -- root=FAILURE, lanes: emergency=FAILURE | mission=FAILURE | navigation=FAILURE
[taskset-1] [o] root [x]
[taskset-1]     [-] emergency [x]
[taskset-1]         [o] emergency_condition [x]
[taskset-1]             --> IsBatteryLow [x]
[taskset-1]             --> IsEmergencyStopTriggered [x]
[taskset-1]             --> IsProximityTooClose [x]
[taskset-1]             --> IsSystemOverheated [x]
[taskset-1]         --> Stop [-]
[taskset-1]     [-] mission [x]
[taskset-1]         --> MissionActive [x]
[taskset-1]         [o] mission_selector [-]
[taskset-1]             [-] mission_object_response [-]
[taskset-1]                 --> ObjectSeen [-]
[taskset-1]                 --> HandleObjectAction [-]
[taskset-1]             [-] mission_progress [-]
[taskset-1]                 --> PublishMoveGoal [-]
[taskset-1]                 --> GoToObject [-]
[taskset-1]                 --> CheckStopCondition [-]
[taskset-1]                 --> AdvanceMove [-]
[taskset-1]     [-] navigation [x]
[taskset-1]         --> HasMpcGoal [x]
[taskset-1] 
[taskset-1] [INFO] [1791034536.946877587] [behavior_executor_node]: [IsProximityTooClose] DIAG scan: total=1081 in_window=721 excluded_by_filter=0 min_in_window=0.828 front_min=1.900
[taskset-1] [INFO] [1791034537.833024545] [behavior_executor_node]: BT snapshot -- root=FAILURE, lanes: emergency=FAILURE | mission=FAILURE | navigation=FAILURE
[taskset-1] [o] root [x]
[taskset-1]     [-] emergency [x]
[taskset-1]         [o] emergency_condition [x]
[taskset-1]             --> IsBatteryLow [x]
[taskset-1]             --> IsEmergencyStopTriggered [x]
[taskset-1]             --> IsProximityTooClose [x]
[taskset-1]             --> IsSystemOverheated [x]
[taskset-1]         --> Stop [-]
[taskset-1]     [-] mission [x]
[taskset-1]         --> MissionActive [x]
[taskset-1]         [o] mission_selector [-]
[taskset-1]             [-] mission_object_response [-]
[taskset-1]                 --> ObjectSeen [-]
[taskset-1]                 --> HandleObjectAction [-]
[taskset-1]             [-] mission_progress [-]
[taskset-1]                 --> PublishMoveGoal [-]
[taskset-1]                 --> GoToObject [-]
[taskset-1]                 --> CheckStopCondition [-]
[taskset-1]                 --> AdvanceMove [-]
[taskset-1]     [-] navigation [x]
[taskset-1]         --> HasMpcGoal [x]
[taskset-1] 
[taskset-1] [INFO] [1791034538.932539696] [behavior_executor_node]: BT snapshot -- root=FAILURE, lanes: emergency=FAILURE | mission=FAILURE | navigation=FAILURE
[taskset-1] [o] root [x]
[taskset-1]     [-] emergency [x]
[taskset-1]         [o] emergency_condition [x]
[taskset-1]             --> IsBatteryLow [x]
[taskset-1]             --> IsEmergencyStopTriggered [x]
[taskset-1]             --> IsProximityTooClose [x]
[taskset-1]             --> IsSystemOverheated [x]
[taskset-1]         --> Stop [-]
[taskset-1]     [-] mission [x]
[taskset-1]         --> MissionActive [x]
[taskset-1]         [o] mission_selector [-]
[taskset-1]             [-] mission_object_response [-]
[taskset-1]                 --> ObjectSeen [-]
[taskset-1]                 --> HandleObjectAction [-]
[taskset-1]             [-] mission_progress [-]
[taskset-1]                 --> PublishMoveGoal [-]
[taskset-1]                 --> GoToObject [-]
[taskset-1]                 --> CheckStopCondition [-]
[taskset-1]                 --> AdvanceMove [-]
[taskset-1]     [-] navigation [x]
[taskset-1]         --> HasMpcGoal [x]
[taskset-1] 
[taskset-1] [INFO] [1791034539.031421580] [behavior_executor_node]: [IsProximityTooClose] DIAG scan: total=1081 in_window=721 excluded_by_filter=0 min_in_window=0.631 front_min=1.653
[taskset-1] [INFO] [1791034539.932706704] [behavior_executor_node]: BT snapshot -- root=FAILURE, lanes: emergency=FAILURE | mission=FAILURE | navigation=FAILURE
[taskset-1] [o] root [x]
[taskset-1]     [-] emergency [x]
[taskset-1]         [o] emergency_condition [x]
[taskset-1]             --> IsBatteryLow [x]
[taskset-1]             --> IsEmergencyStopTriggered [x]
[taskset-1]             --> IsProximityTooClose [x]
[taskset-1]             --> IsSystemOverheated [x]
[taskset-1]         --> Stop [-]
[taskset-1]     [-] mission [x]
[taskset-1]         --> MissionActive [x]
[taskset-1]         [o] mission_selector [-]
[taskset-1]             [-] mission_object_response [-]
[taskset-1]                 --> ObjectSeen [-]
[taskset-1]                 --> HandleObjectAction [-]
[taskset-1]             [-] mission_progress [-]
[taskset-1]                 --> PublishMoveGoal [-]
[taskset-1]                 --> GoToObject [-]
[taskset-1]                 --> CheckStopCondition [-]
[taskset-1]                 --> AdvanceMove [-]
[taskset-1]     [-] navigation [x]
[taskset-1]         --> HasMpcGoal [x]
[taskset-1] 
[taskset-1] [INFO] [1791034541.031065040] [behavior_executor_node]: BT snapshot -- root=FAILURE, lanes: emergency=FAILURE | mission=FAILURE | navigation=FAILURE
[taskset-1] [o] root [x]
[taskset-1]     [-] emergency [x]
[taskset-1]         [o] emergency_condition [x]
[taskset-1]             --> IsBatteryLow [x]
[taskset-1]             --> IsEmergencyStopTriggered [x]
[taskset-1]             --> IsProximityTooClose [x]
[taskset-1]             --> IsSystemOverheated [x]
[taskset-1]         --> Stop [-]
[taskset-1]     [-] mission [x]
[taskset-1]         --> MissionActive [x]
[taskset-1]         [o] mission_selector [-]
[taskset-1]             [-] mission_object_response [-]
[taskset-1]                 --> ObjectSeen [-]
[taskset-1]                 --> HandleObjectAction [-]
[taskset-1]             [-] mission_progress [-]
[taskset-1]                 --> PublishMoveGoal [-]
[taskset-1]                 --> GoToObject [-]
[taskset-1]                 --> CheckStopCondition [-]
[taskset-1]                 --> AdvanceMove [-]
[taskset-1]     [-] navigation [x]
[taskset-1]         --> HasMpcGoal [x]
[taskset-1] 
[taskset-1] [INFO] [1791034541.032490594] [behavior_executor_node]: [IsProximityTooClose] DIAG scan: total=1081 in_window=721 excluded_by_filter=0 min_in_window=0.635 front_min=1.644
[taskset-1] [INFO] [1791034542.032621608] [behavior_executor_node]: BT snapshot -- root=FAILURE, lanes: emergency=FAILURE | mission=FAILURE | navigation=FAILURE
[taskset-1] [o] root [x]
[taskset-1]     [-] emergency [x]
[taskset-1]         [o] emergency_condition [x]
[taskset-1]             --> IsBatteryLow [x]
[taskset-1]             --> IsEmergencyStopTriggered [x]
[taskset-1]             --> IsProximityTooClose [x]
[taskset-1]             --> IsSystemOverheated [x]
[taskset-1]         --> Stop [-]
[taskset-1]     [-] mission [x]
[taskset-1]         --> MissionActive [x]
[taskset-1]         [o] mission_selector [-]
[taskset-1]             [-] mission_object_response [-]
[taskset-1]                 --> ObjectSeen [-]
[taskset-1]                 --> HandleObjectAction [-]
[taskset-1]             [-] mission_progress [-]
[taskset-1]                 --> PublishMoveGoal [-]
[taskset-1]                 --> GoToObject [-]
[taskset-1]                 --> CheckStopCondition [-]
[taskset-1]                 --> AdvanceMove [-]
[taskset-1]     [-] navigation [x]
[taskset-1]         --> HasMpcGoal [x]
[taskset-1] 
[taskset-1] [INFO] [1791034543.032778607] [behavior_executor_node]: BT snapshot -- root=FAILURE, lanes: emergency=FAILURE | mission=FAILURE | navigation=FAILURE
[taskset-1] [o] root [x]
[taskset-1]     [-] emergency [x]
[taskset-1]         [o] emergency_condition [x]
[taskset-1]             --> IsBatteryLow [x]
[taskset-1]             --> IsEmergencyStopTriggered [x]
[taskset-1]             --> IsProximityTooClose [x]
[taskset-1]             --> IsSystemOverheated [x]
[taskset-1]         --> Stop [-]
[taskset-1]     [-] mission [x]
[taskset-1]         --> MissionActive [x]
[taskset-1]         [o] mission_selector [-]
[taskset-1]             [-] mission_object_response [-]
[taskset-1]                 --> ObjectSeen [-]
[taskset-1]                 --> HandleObjectAction [-]
[taskset-1]             [-] mission_progress [-]
[taskset-1]                 --> PublishMoveGoal [-]
[taskset-1]                 --> GoToObject [-]
[taskset-1]                 --> CheckStopCondition [-]
[taskset-1]                 --> AdvanceMove [-]
[taskset-1]     [-] navigation [x]
[taskset-1]         --> HasMpcGoal [x]
[taskset-1] 
[taskset-1] [INFO] [1791034543.126589777] [behavior_executor_node]: [IsProximityTooClose] DIAG scan: total=1081 in_window=721 excluded_by_filter=0 min_in_window=0.590 front_min=1.513
[taskset-1] [INFO] [1791034544.033398030] [behavior_executor_node]: BT snapshot -- root=FAILURE, lanes: emergency=FAILURE | mission=FAILURE | navigation=FAILURE
[taskset-1] [o] root [x]
[taskset-1]     [-] emergency [x]
[taskset-1]         [o] emergency_condition [x]
[taskset-1]             --> IsBatteryLow [x]
[taskset-1]             --> IsEmergencyStopTriggered [x]
[taskset-1]             --> IsProximityTooClose [x]
[taskset-1]             --> IsSystemOverheated [x]
[taskset-1]         --> Stop [-]
[taskset-1]     [-] mission [x]
[taskset-1]         --> MissionActive [x]
[taskset-1]         [o] mission_selector [-]
[taskset-1]             [-] mission_object_response [-]
[taskset-1]                 --> ObjectSeen [-]
[taskset-1]                 --> HandleObjectAction [-]
[taskset-1]             [-] mission_progress [-]
[taskset-1]                 --> PublishMoveGoal [-]
[taskset-1]                 --> GoToObject [-]
[taskset-1]                 --> CheckStopCondition [-]
[taskset-1]                 --> AdvanceMove [-]
[taskset-1]     [-] navigation [x]
[taskset-1]         --> HasMpcGoal [x]
[taskset-1] 
[taskset-1] [INFO] [1791034545.132658602] [behavior_executor_node]: BT snapshot -- root=FAILURE, lanes: emergency=FAILURE | mission=FAILURE | navigation=FAILURE
[taskset-1] [o] root [x]
[taskset-1]     [-] emergency [x]
[taskset-1]         [o] emergency_condition [x]
[taskset-1]             --> IsBatteryLow [x]
[taskset-1]             --> IsEmergencyStopTriggered [x]
[taskset-1]             --> IsProximityTooClose [x]
[taskset-1]             --> IsSystemOverheated [x]
[taskset-1]         --> Stop [-]
[taskset-1]     [-] mission [x]
[taskset-1]         --> MissionActive [x]
[taskset-1]         [o] mission_selector [-]
[taskset-1]             [-] mission_object_response [-]
[taskset-1]                 --> ObjectSeen [-]
[taskset-1]                 --> HandleObjectAction [-]
[taskset-1]             [-] mission_progress [-]
[taskset-1]                 --> PublishMoveGoal [-]
[taskset-1]                 --> GoToObject [-]
[taskset-1]                 --> CheckStopCondition [-]
[taskset-1]                 --> AdvanceMove [-]
[taskset-1]     [-] navigation [x]
[taskset-1]         --> HasMpcGoal [x]
[taskset-1] 
[taskset-1] [INFO] [1791034545.143229867] [behavior_executor_node]: [IsProximityTooClose] DIAG scan: total=1081 in_window=721 excluded_by_filter=0 min_in_window=0.604 front_min=1.470
[taskset-1] [INFO] [1791034546.232573601] [behavior_executor_node]: BT snapshot -- root=FAILURE, lanes: emergency=FAILURE | mission=FAILURE | navigation=FAILURE
[taskset-1] [o] root [x]
[taskset-1]     [-] emergency [x]
[taskset-1]         [o] emergency_condition [x]
[taskset-1]             --> IsBatteryLow [x]
[taskset-1]             --> IsEmergencyStopTriggered [x]
[taskset-1]             --> IsProximityTooClose [x]
[taskset-1]             --> IsSystemOverheated [x]
[taskset-1]         --> Stop [-]
[taskset-1]     [-] mission [x]
[taskset-1]         --> MissionActive [x]
[taskset-1]         [o] mission_selector [-]
[taskset-1]             [-] mission_object_response [-]
[taskset-1]                 --> ObjectSeen [-]
[taskset-1]                 --> HandleObjectAction [-]
[taskset-1]             [-] mission_progress [-]
[taskset-1]                 --> PublishMoveGoal [-]
[taskset-1]                 --> GoToObject [-]
[taskset-1]                 --> CheckStopCondition [-]
[taskset-1]                 --> AdvanceMove [-]
[taskset-1]     [-] navigation [x]
[taskset-1]         --> HasMpcGoal [x]
[taskset-1] 
[taskset-1] [INFO] [1791034547.172879007] [behavior_executor_node]: [IsProximityTooClose] DIAG scan: total=1081 in_window=721 excluded_by_filter=0 min_in_window=0.827 front_min=1.203
[taskset-1] [INFO] [1791034547.332762334] [behavior_executor_node]: BT snapshot -- root=FAILURE, lanes: emergency=FAILURE | mission=FAILURE | navigation=FAILURE
[taskset-1] [o] root [x]
[taskset-1]     [-] emergency [x]
[taskset-1]         [o] emergency_condition [x]
[taskset-1]             --> IsBatteryLow [x]
[taskset-1]             --> IsEmergencyStopTriggered [x]
[taskset-1]             --> IsProximityTooClose [x]
[taskset-1]             --> IsSystemOverheated [x]
[taskset-1]         --> Stop [-]
[taskset-1]     [-] mission [x]
[taskset-1]         --> MissionActive [x]
[taskset-1]         [o] mission_selector [-]
[taskset-1]             [-] mission_object_response [-]
[taskset-1]                 --> ObjectSeen [-]
[taskset-1]                 --> HandleObjectAction [-]
[taskset-1]             [-] mission_progress [-]
[taskset-1]                 --> PublishMoveGoal [-]
[taskset-1]                 --> GoToObject [-]
[taskset-1]                 --> CheckStopCondition [-]
[taskset-1]                 --> AdvanceMove [-]
[taskset-1]     [-] navigation [x]
[taskset-1]         --> HasMpcGoal [x]
[taskset-1] 
[taskset-1] [INFO] [1791034548.432525404] [behavior_executor_node]: BT snapshot -- root=FAILURE, lanes: emergency=FAILURE | mission=FAILURE | navigation=FAILURE
[taskset-1] [o] root [x]
[taskset-1]     [-] emergency [x]
[taskset-1]         [o] emergency_condition [x]
[taskset-1]             --> IsBatteryLow [x]
[taskset-1]             --> IsEmergencyStopTriggered [x]
[taskset-1]             --> IsProximityTooClose [x]
[taskset-1]             --> IsSystemOverheated [x]
[taskset-1]         --> Stop [-]
[taskset-1]     [-] mission [x]
[taskset-1]         --> MissionActive [x]
[taskset-1]         [o] mission_selector [-]
[taskset-1]             [-] mission_object_response [-]
[taskset-1]                 --> ObjectSeen [-]
[taskset-1]                 --> HandleObjectAction [-]
[taskset-1]             [-] mission_progress [-]
[taskset-1]                 --> PublishMoveGoal [-]
[taskset-1]                 --> GoToObject [-]
[taskset-1]                 --> CheckStopCondition [-]
[taskset-1]                 --> AdvanceMove [-]
[taskset-1]     [-] navigation [x]
[taskset-1]         --> HasMpcGoal [x]
[taskset-1] 
[taskset-1] [INFO] [1791034549.199823790] [behavior_executor_node]: [IsProximityTooClose] DIAG scan: total=1081 in_window=721 excluded_by_filter=0 min_in_window=0.861 front_min=1.056
[taskset-1] [INFO] [1791034549.433066636] [behavior_executor_node]: BT snapshot -- root=FAILURE, lanes: emergency=FAILURE | mission=FAILURE | navigation=FAILURE
[taskset-1] [o] root [x]
[taskset-1]     [-] emergency [x]
[taskset-1]         [o] emergency_condition [x]
[taskset-1]             --> IsBatteryLow [x]
[taskset-1]             --> IsEmergencyStopTriggered [x]
[taskset-1]             --> IsProximityTooClose [x]
[taskset-1]             --> IsSystemOverheated [x]
[taskset-1]         --> Stop [-]
[taskset-1]     [-] mission [x]
[taskset-1]         --> MissionActive [x]
[taskset-1]         [o] mission_selector [-]
[taskset-1]             [-] mission_object_response [-]
[taskset-1]                 --> ObjectSeen [-]
[taskset-1]                 --> HandleObjectAction [-]
[taskset-1]             [-] mission_progress [-]
[taskset-1]                 --> PublishMoveGoal [-]
[taskset-1]                 --> GoToObject [-]
[taskset-1]                 --> CheckStopCondition [-]
[taskset-1]                 --> AdvanceMove [-]
[taskset-1]     [-] navigation [x]
[taskset-1]         --> HasMpcGoal [x]
[taskset-1] 
[taskset-1] [INFO] [1791034550.433122646] [behavior_executor_node]: BT snapshot -- root=FAILURE, lanes: emergency=FAILURE | mission=FAILURE | navigation=FAILURE
[taskset-1] [o] root [x]
[taskset-1]     [-] emergency [x]
[taskset-1]         [o] emergency_condition [x]
[taskset-1]             --> IsBatteryLow [x]
[taskset-1]             --> IsEmergencyStopTriggered [x]
[taskset-1]             --> IsProximityTooClose [x]
[taskset-1]             --> IsSystemOverheated [x]
[taskset-1]         --> Stop [-]
[taskset-1]     [-] mission [x]
[taskset-1]         --> MissionActive [x]
[taskset-1]         [o] mission_selector [-]
[taskset-1]             [-] mission_object_response [-]
[taskset-1]                 --> ObjectSeen [-]
[taskset-1]                 --> HandleObjectAction [-]
[taskset-1]             [-] mission_progress [-]
[taskset-1]                 --> PublishMoveGoal [-]
[taskset-1]                 --> GoToObject [-]
[taskset-1]                 --> CheckStopCondition [-]
[taskset-1]                 --> AdvanceMove [-]
[taskset-1]     [-] navigation [x]
[taskset-1]         --> HasMpcGoal [x]
[taskset-1] 
[taskset-1] [INFO] [1791034551.203489094] [behavior_executor_node]: [IsProximityTooClose] DIAG scan: total=1081 in_window=721 excluded_by_filter=0 min_in_window=0.769 front_min=1.558
[taskset-1] [INFO] [1791034551.532613334] [behavior_executor_node]: BT snapshot -- root=FAILURE, lanes: emergency=FAILURE | mission=FAILURE | navigation=FAILURE
[taskset-1] [o] root [x]
[taskset-1]     [-] emergency [x]
[taskset-1]         [o] emergency_condition [x]
[taskset-1]             --> IsBatteryLow [x]
[taskset-1]             --> IsEmergencyStopTriggered [x]
[taskset-1]             --> IsProximityTooClose [x]
[taskset-1]             --> IsSystemOverheated [x]
[taskset-1]         --> Stop [-]
[taskset-1]     [-] mission [x]
[taskset-1]         --> MissionActive [x]
[taskset-1]         [o] mission_selector [-]
[taskset-1]             [-] mission_object_response [-]
[taskset-1]                 --> ObjectSeen [-]
[taskset-1]                 --> HandleObjectAction [-]
[taskset-1]             [-] mission_progress [-]
[taskset-1]                 --> PublishMoveGoal [-]
[taskset-1]                 --> GoToObject [-]
[taskset-1]                 --> CheckStopCondition [-]
[taskset-1]                 --> AdvanceMove [-]
[taskset-1]     [-] navigation [x]
[taskset-1]         --> HasMpcGoal [x]
[taskset-1] 
[taskset-1] [INFO] [1791034552.532589072] [behavior_executor_node]: BT snapshot -- root=FAILURE, lanes: emergency=FAILURE | mission=FAILURE | navigation=FAILURE
[taskset-1] [o] root [x]
[taskset-1]     [-] emergency [x]
[taskset-1]         [o] emergency_condition [x]
[taskset-1]             --> IsBatteryLow [x]
[taskset-1]             --> IsEmergencyStopTriggered [x]
[taskset-1]             --> IsProximityTooClose [x]
[taskset-1]             --> IsSystemOverheated [x]
[taskset-1]         --> Stop [-]
[taskset-1]     [-] mission [x]
[taskset-1]         --> MissionActive [x]
[taskset-1]         [o] mission_selector [-]
[taskset-1]             [-] mission_object_response [-]
[taskset-1]                 --> ObjectSeen [-]
[taskset-1]                 --> HandleObjectAction [-]
[taskset-1]             [-] mission_progress [-]
[taskset-1]                 --> PublishMoveGoal [-]
[taskset-1]                 --> GoToObject [-]
[taskset-1]                 --> CheckStopCondition [-]
[taskset-1]                 --> AdvanceMove [-]
[taskset-1]     [-] navigation [x]
[taskset-1]         --> HasMpcGoal [x]
[taskset-1] 
[taskset-1] [INFO] [1791034553.228764831] [behavior_executor_node]: [IsProximityTooClose] DIAG scan: total=1081 in_window=721 excluded_by_filter=0 min_in_window=0.855 front_min=1.467
[taskset-1] [INFO] [1791034553.632763019] [behavior_executor_node]: BT snapshot -- root=FAILURE, lanes: emergency=FAILURE | mission=FAILURE | navigation=FAILURE
[taskset-1] [o] root [x]
[taskset-1]     [-] emergency [x]
[taskset-1]         [o] emergency_condition [x]
[taskset-1]             --> IsBatteryLow [x]
[taskset-1]             --> IsEmergencyStopTriggered [x]
[taskset-1]             --> IsProximityTooClose [x]
[taskset-1]             --> IsSystemOverheated [x]
[taskset-1]         --> Stop [-]
[taskset-1]     [-] mission [x]
[taskset-1]         --> MissionActive [x]
[taskset-1]         [o] mission_selector [-]
[taskset-1]             [-] mission_object_response [-]
[taskset-1]                 --> ObjectSeen [-]
[taskset-1]                 --> HandleObjectAction [-]
[taskset-1]             [-] mission_progress [-]
[taskset-1]                 --> PublishMoveGoal [-]
[taskset-1]                 --> GoToObject [-]
[taskset-1]                 --> CheckStopCondition [-]
[taskset-1]                 --> AdvanceMove [-]
[taskset-1]     [-] navigation [x]
[taskset-1]         --> HasMpcGoal [x]
[taskset-1] 
[taskset-1] [INFO] [1791034554.632929968] [behavior_executor_node]: BT snapshot -- root=FAILURE, lanes: emergency=FAILURE | mission=FAILURE | navigation=FAILURE
[taskset-1] [o] root [x]
[taskset-1]     [-] emergency [x]
[taskset-1]         [o] emergency_condition [x]
[taskset-1]             --> IsBatteryLow [x]
[taskset-1]             --> IsEmergencyStopTriggered [x]
[taskset-1]             --> IsProximityTooClose [x]
[taskset-1]             --> IsSystemOverheated [x]
[taskset-1]         --> Stop [-]
[taskset-1]     [-] mission [x]
[taskset-1]         --> MissionActive [x]
[taskset-1]         [o] mission_selector [-]
[taskset-1]             [-] mission_object_response [-]
[taskset-1]                 --> ObjectSeen [-]
[taskset-1]                 --> HandleObjectAction [-]
[taskset-1]             [-] mission_progress [-]
[taskset-1]                 --> PublishMoveGoal [-]
[taskset-1]                 --> GoToObject [-]
[taskset-1]                 --> CheckStopCondition [-]
[taskset-1]                 --> AdvanceMove [-]
[taskset-1]     [-] navigation [x]
[taskset-1]         --> HasMpcGoal [x]
[taskset-1] 
[taskset-1] [INFO] [1791034555.262746389] [behavior_executor_node]: [IsProximityTooClose] DIAG scan: total=1081 in_window=721 excluded_by_filter=0 min_in_window=0.860 front_min=1.271
[taskset-1] [INFO] [1791034555.732534824] [behavior_executor_node]: BT snapshot -- root=FAILURE, lanes: emergency=FAILURE | mission=FAILURE | navigation=FAILURE
[taskset-1] [o] root [x]
[taskset-1]     [-] emergency [x]
[taskset-1]         [o] emergency_condition [x]
[taskset-1]             --> IsBatteryLow [x]
[taskset-1]             --> IsEmergencyStopTriggered [x]
[taskset-1]             --> IsProximityTooClose [x]
[taskset-1]             --> IsSystemOverheated [x]
[taskset-1]         --> Stop [-]
[taskset-1]     [-] mission [x]
[taskset-1]         --> MissionActive [x]
[taskset-1]         [o] mission_selector [-]
[taskset-1]             [-] mission_object_response [-]
[taskset-1]                 --> ObjectSeen [-]
[taskset-1]                 --> HandleObjectAction [-]
[taskset-1]             [-] mission_progress [-]
[taskset-1]                 --> PublishMoveGoal [-]
[taskset-1]                 --> GoToObject [-]
[taskset-1]                 --> CheckStopCondition [-]
[taskset-1]                 --> AdvanceMove [-]
[taskset-1]     [-] navigation [x]
[taskset-1]         --> HasMpcGoal [x]
[taskset-1] 
[taskset-1] [INFO] [1791034556.732626881] [behavior_executor_node]: BT snapshot -- root=FAILURE, lanes: emergency=FAILURE | mission=FAILURE | navigation=FAILURE
[taskset-1] [o] root [x]
[taskset-1]     [-] emergency [x]
[taskset-1]         [o] emergency_condition [x]
[taskset-1]             --> IsBatteryLow [x]
[taskset-1]             --> IsEmergencyStopTriggered [x]
[taskset-1]             --> IsProximityTooClose [x]
[taskset-1]             --> IsSystemOverheated [x]
[taskset-1]         --> Stop [-]
[taskset-1]     [-] mission [x]
[taskset-1]         --> MissionActive [x]
[taskset-1]         [o] mission_selector [-]
[taskset-1]             [-] mission_object_response [-]
[taskset-1]                 --> ObjectSeen [-]
[taskset-1]                 --> HandleObjectAction [-]
[taskset-1]             [-] mission_progress [-]
[taskset-1]                 --> PublishMoveGoal [-]
[taskset-1]                 --> GoToObject [-]
[taskset-1]                 --> CheckStopCondition [-]
[taskset-1]                 --> AdvanceMove [-]
[taskset-1]     [-] navigation [x]
[taskset-1]         --> HasMpcGoal [x]
[taskset-1] 
[taskset-1] [INFO] [1791034557.324107690] [behavior_executor_node]: [IsProximityTooClose] DIAG scan: total=1081 in_window=721 excluded_by_filter=0 min_in_window=0.864 front_min=1.291
[taskset-1] [INFO] [1791034557.733092100] [behavior_executor_node]: BT snapshot -- root=FAILURE, lanes: emergency=FAILURE | mission=FAILURE | navigation=FAILURE
[taskset-1] [o] root [x]
[taskset-1]     [-] emergency [x]
[taskset-1]         [o] emergency_condition [x]
[taskset-1]             --> IsBatteryLow [x]
[taskset-1]             --> IsEmergencyStopTriggered [x]
[taskset-1]             --> IsProximityTooClose [x]
[taskset-1]             --> IsSystemOverheated [x]
[taskset-1]         --> Stop [-]
[taskset-1]     [-] mission [x]
[taskset-1]         --> MissionActive [x]
[taskset-1]         [o] mission_selector [-]
[taskset-1]             [-] mission_object_response [-]
[taskset-1]                 --> ObjectSeen [-]
[taskset-1]                 --> HandleObjectAction [-]
[taskset-1]             [-] mission_progress [-]
[taskset-1]                 --> PublishMoveGoal [-]
[taskset-1]                 --> GoToObject [-]
[taskset-1]                 --> CheckStopCondition [-]
[taskset-1]                 --> AdvanceMove [-]
[taskset-1]     [-] navigation [x]
[taskset-1]         --> HasMpcGoal [x]
[taskset-1] 
[taskset-1] [INFO] [1791034558.733446242] [behavior_executor_node]: BT snapshot -- root=FAILURE, lanes: emergency=FAILURE | mission=FAILURE | navigation=FAILURE
[taskset-1] [o] root [x]
[taskset-1]     [-] emergency [x]
[taskset-1]         [o] emergency_condition [x]
[taskset-1]             --> IsBatteryLow [x]
[taskset-1]             --> IsEmergencyStopTriggered [x]
[taskset-1]             --> IsProximityTooClose [x]
[taskset-1]             --> IsSystemOverheated [x]
[taskset-1]         --> Stop [-]
[taskset-1]     [-] mission [x]
[taskset-1]         --> MissionActive [x]
[taskset-1]         [o] mission_selector [-]
[taskset-1]             [-] mission_object_response [-]
[taskset-1]                 --> ObjectSeen [-]
[taskset-1]                 --> HandleObjectAction [-]
[taskset-1]             [-] mission_progress [-]
[taskset-1]                 --> PublishMoveGoal [-]
[taskset-1]                 --> GoToObject [-]
[taskset-1]                 --> CheckStopCondition [-]
[taskset-1]                 --> AdvanceMove [-]
[taskset-1]     [-] navigation [x]
[taskset-1]         --> HasMpcGoal [x]
[taskset-1] 
[taskset-1] [INFO] [1791034559.338257911] [behavior_executor_node]: [IsProximityTooClose] DIAG scan: total=1081 in_window=721 excluded_by_filter=0 min_in_window=0.886 front_min=1.524
[taskset-1] [INFO] [1791034559.832553950] [behavior_executor_node]: BT snapshot -- root=FAILURE, lanes: emergency=FAILURE | mission=FAILURE | navigation=FAILURE
[taskset-1] [o] root [x]
[taskset-1]     [-] emergency [x]
[taskset-1]         [o] emergency_condition [x]
[taskset-1]             --> IsBatteryLow [x]
[taskset-1]             --> IsEmergencyStopTriggered [x]
[taskset-1]             --> IsProximityTooClose [x]
[taskset-1]             --> IsSystemOverheated [x]
[taskset-1]         --> Stop [-]
[taskset-1]     [-] mission [x]
[taskset-1]         --> MissionActive [x]
[taskset-1]         [o] mission_selector [-]
[taskset-1]             [-] mission_object_response [-]
[taskset-1]                 --> ObjectSeen [-]
[taskset-1]                 --> HandleObjectAction [-]
[taskset-1]             [-] mission_progress [-]
[taskset-1]                 --> PublishMoveGoal [-]
[taskset-1]                 --> GoToObject [-]
[taskset-1]                 --> CheckStopCondition [-]
[taskset-1]                 --> AdvanceMove [-]
[taskset-1]     [-] navigation [x]
[taskset-1]         --> HasMpcGoal [x]
[taskset-1] 
[taskset-1] [INFO] [1791034560.832601271] [behavior_executor_node]: BT snapshot -- root=FAILURE, lanes: emergency=FAILURE | mission=FAILURE | navigation=FAILURE
[taskset-1] [o] root [x]
[taskset-1]     [-] emergency [x]
[taskset-1]         [o] emergency_condition [x]
[taskset-1]             --> IsBatteryLow [x]
[taskset-1]             --> IsEmergencyStopTriggered [x]
[taskset-1]             --> IsProximityTooClose [x]
[taskset-1]             --> IsSystemOverheated [x]
[taskset-1]         --> Stop [-]
[taskset-1]     [-] mission [x]
[taskset-1]         --> MissionActive [x]
[taskset-1]         [o] mission_selector [-]
[taskset-1]             [-] mission_object_response [-]
[taskset-1]                 --> ObjectSeen [-]
[taskset-1]                 --> HandleObjectAction [-]
[taskset-1]             [-] mission_progress [-]
[taskset-1]                 --> PublishMoveGoal [-]
[taskset-1]                 --> GoToObject [-]
[taskset-1]                 --> CheckStopCondition [-]
[taskset-1]                 --> AdvanceMove [-]
[taskset-1]     [-] navigation [x]
[taskset-1]         --> HasMpcGoal [x]
[taskset-1] 
[taskset-1] [INFO] [1791034561.339390546] [behavior_executor_node]: [IsProximityTooClose] DIAG scan: total=1081 in_window=721 excluded_by_filter=0 min_in_window=0.924 front_min=1.834
[taskset-1] [INFO] [1791034561.932599987] [behavior_executor_node]: BT snapshot -- root=FAILURE, lanes: emergency=FAILURE | mission=FAILURE | navigation=FAILURE
[taskset-1] [o] root [x]
[taskset-1]     [-] emergency [x]
[taskset-1]         [o] emergency_condition [x]
[taskset-1]             --> IsBatteryLow [x]
[taskset-1]             --> IsEmergencyStopTriggered [x]
[taskset-1]             --> IsProximityTooClose [x]
[taskset-1]             --> IsSystemOverheated [x]
[taskset-1]         --> Stop [-]
[taskset-1]     [-] mission [x]
[taskset-1]         --> MissionActive [x]
[taskset-1]         [o] mission_selector [-]
[taskset-1]             [-] mission_object_response [-]
[taskset-1]                 --> ObjectSeen [-]
[taskset-1]                 --> HandleObjectAction [-]
[taskset-1]             [-] mission_progress [-]
[taskset-1]                 --> PublishMoveGoal [-]
[taskset-1]                 --> GoToObject [-]
[taskset-1]                 --> CheckStopCondition [-]
[taskset-1]                 --> AdvanceMove [-]
[taskset-1]     [-] navigation [x]
[taskset-1]         --> HasMpcGoal [x]
[taskset-1] 
[taskset-1] [INFO] [1791034563.033608109] [behavior_executor_node]: BT snapshot -- root=FAILURE, lanes: emergency=FAILURE | mission=FAILURE | navigation=FAILURE
[taskset-1] [o] root [x]
[taskset-1]     [-] emergency [x]
[taskset-1]         [o] emergency_condition [x]
[taskset-1]             --> IsBatteryLow [x]
[taskset-1]             --> IsEmergencyStopTriggered [x]
[taskset-1]             --> IsProximityTooClose [x]
[taskset-1]             --> IsSystemOverheated [x]
[taskset-1]         --> Stop [-]
[taskset-1]     [-] mission [x]
[taskset-1]         --> MissionActive [x]
[taskset-1]         [o] mission_selector [-]
[taskset-1]             [-] mission_object_response [-]
[taskset-1]                 --> ObjectSeen [-]
[taskset-1]                 --> HandleObjectAction [-]
[taskset-1]             [-] mission_progress [-]
[taskset-1]                 --> PublishMoveGoal [-]
[taskset-1]                 --> GoToObject [-]
[taskset-1]                 --> CheckStopCondition [-]
[taskset-1]                 --> AdvanceMove [-]
[taskset-1]     [-] navigation [x]
[taskset-1]         --> HasMpcGoal [x]
[taskset-1] 
[taskset-1] [INFO] [1791034563.367459724] [behavior_executor_node]: [IsProximityTooClose] DIAG scan: total=1081 in_window=721 excluded_by_filter=0 min_in_window=0.980 front_min=2.105
[taskset-1] [INFO] [1791034564.132558538] [behavior_executor_node]: BT snapshot -- root=FAILURE, lanes: emergency=FAILURE | mission=FAILURE | navigation=FAILURE
[taskset-1] [o] root [x]
[taskset-1]     [-] emergency [x]
[taskset-1]         [o] emergency_condition [x]
[taskset-1]             --> IsBatteryLow [x]
[taskset-1]             --> IsEmergencyStopTriggered [x]
[taskset-1]             --> IsProximityTooClose [x]
[taskset-1]             --> IsSystemOverheated [x]
[taskset-1]         --> Stop [-]
[taskset-1]     [-] mission [x]
[taskset-1]         --> MissionActive [x]
[taskset-1]         [o] mission_selector [-]
[taskset-1]             [-] mission_object_response [-]
[taskset-1]                 --> ObjectSeen [-]
[taskset-1]                 --> HandleObjectAction [-]
[taskset-1]             [-] mission_progress [-]
[taskset-1]                 --> PublishMoveGoal [-]
[taskset-1]                 --> GoToObject [-]
[taskset-1]                 --> CheckStopCondition [-]
[taskset-1]                 --> AdvanceMove [-]
[taskset-1]     [-] navigation [x]
[taskset-1]         --> HasMpcGoal [x]
[taskset-1] 
[taskset-1] [INFO] [1791034565.224142785] [behavior_executor_node]: BT snapshot -- root=FAILURE, lanes: emergency=FAILURE | mission=FAILURE | navigation=FAILURE
[taskset-1] [o] root [x]
[taskset-1]     [-] emergency [x]
[taskset-1]         [o] emergency_condition [x]
[taskset-1]             --> IsBatteryLow [x]
[taskset-1]             --> IsEmergencyStopTriggered [x]
[taskset-1]             --> IsProximityTooClose [x]
[taskset-1]             --> IsSystemOverheated [x]
[taskset-1]         --> Stop [-]
[taskset-1]     [-] mission [x]
[taskset-1]         --> MissionActive [x]
[taskset-1]         [o] mission_selector [-]
[taskset-1]             [-] mission_object_response [-]
[taskset-1]                 --> ObjectSeen [-]
[taskset-1]                 --> HandleObjectAction [-]
[taskset-1]             [-] mission_progress [-]
[taskset-1]                 --> PublishMoveGoal [-]
[taskset-1]                 --> GoToObject [-]
[taskset-1]                 --> CheckStopCondition [-]
[taskset-1]                 --> AdvanceMove [-]
[taskset-1]     [-] navigation [x]
[taskset-1]         --> HasMpcGoal [x]
[taskset-1] 
[taskset-1] [INFO] [1791034565.388207410] [behavior_executor_node]: [IsProximityTooClose] DIAG scan: total=1081 in_window=721 excluded_by_filter=0 min_in_window=0.978 front_min=2.838
[taskset-1] [INFO] [1791034566.232597263] [behavior_executor_node]: BT snapshot -- root=FAILURE, lanes: emergency=FAILURE | mission=FAILURE | navigation=FAILURE
[taskset-1] [o] root [x]
[taskset-1]     [-] emergency [x]
[taskset-1]         [o] emergency_condition [x]
[taskset-1]             --> IsBatteryLow [x]
[taskset-1]             --> IsEmergencyStopTriggered [x]
[taskset-1]             --> IsProximityTooClose [x]
[taskset-1]             --> IsSystemOverheated [x]
[taskset-1]         --> Stop [-]
[taskset-1]     [-] mission [x]
[taskset-1]         --> MissionActive [x]
[taskset-1]         [o] mission_selector [-]
[taskset-1]             [-] mission_object_response [-]
[taskset-1]                 --> ObjectSeen [-]
[taskset-1]                 --> HandleObjectAction [-]
[taskset-1]             [-] mission_progress [-]
[taskset-1]                 --> PublishMoveGoal [-]
[taskset-1]                 --> GoToObject [-]
[taskset-1]                 --> CheckStopCondition [-]
[taskset-1]                 --> AdvanceMove [-]
[taskset-1]     [-] navigation [x]
[taskset-1]         --> HasMpcGoal [x]
[taskset-1] 
[taskset-1] [INFO] [1791034567.232603702] [behavior_executor_node]: BT snapshot -- root=FAILURE, lanes: emergency=FAILURE | mission=FAILURE | navigation=FAILURE
[taskset-1] [o] root [x]
[taskset-1]     [-] emergency [x]
[taskset-1]         [o] emergency_condition [x]
[taskset-1]             --> IsBatteryLow [x]
[taskset-1]             --> IsEmergencyStopTriggered [x]
[taskset-1]             --> IsProximityTooClose [x]
[taskset-1]             --> IsSystemOverheated [x]
[taskset-1]         --> Stop [-]
[taskset-1]     [-] mission [x]
[taskset-1]         --> MissionActive [x]
[taskset-1]         [o] mission_selector [-]
[taskset-1]             [-] mission_object_response [-]
[taskset-1]                 --> ObjectSeen [-]
[taskset-1]                 --> HandleObjectAction [-]
[taskset-1]             [-] mission_progress [-]
[taskset-1]                 --> PublishMoveGoal [-]
[taskset-1]                 --> GoToObject [-]
[taskset-1]                 --> CheckStopCondition [-]
[taskset-1]                 --> AdvanceMove [-]
[taskset-1]     [-] navigation [x]
[taskset-1]         --> HasMpcGoal [x]
[taskset-1] 
[taskset-1] [INFO] [1791034567.388409075] [behavior_executor_node]: [IsProximityTooClose] DIAG scan: total=1081 in_window=721 excluded_by_filter=0 min_in_window=1.076 front_min=1.930
[taskset-1] [INFO] [1791034568.333188659] [behavior_executor_node]: BT snapshot -- root=FAILURE, lanes: emergency=FAILURE | mission=FAILURE | navigation=FAILURE
[taskset-1] [o] root [x]
[taskset-1]     [-] emergency [x]
[taskset-1]         [o] emergency_condition [x]
[taskset-1]             --> IsBatteryLow [x]
[taskset-1]             --> IsEmergencyStopTriggered [x]
[taskset-1]             --> IsProximityTooClose [x]
[taskset-1]             --> IsSystemOverheated [x]
[taskset-1]         --> Stop [-]
[taskset-1]     [-] mission [x]
[taskset-1]         --> MissionActive [x]
[taskset-1]         [o] mission_selector [-]
[taskset-1]             [-] mission_object_response [-]
[taskset-1]                 --> ObjectSeen [-]
[taskset-1]                 --> HandleObjectAction [-]
[taskset-1]             [-] mission_progress [-]
[taskset-1]                 --> PublishMoveGoal [-]
[taskset-1]                 --> GoToObject [-]
[taskset-1]                 --> CheckStopCondition [-]
[taskset-1]                 --> AdvanceMove [-]
[taskset-1]     [-] navigation [x]
[taskset-1]         --> HasMpcGoal [x]
[taskset-1] 
[taskset-1] [INFO] [1791034569.333095985] [behavior_executor_node]: BT snapshot -- root=FAILURE, lanes: emergency=FAILURE | mission=FAILURE | navigation=FAILURE
[taskset-1] [o] root [x]
[taskset-1]     [-] emergency [x]
[taskset-1]         [o] emergency_condition [x]
[taskset-1]             --> IsBatteryLow [x]
[taskset-1]             --> IsEmergencyStopTriggered [x]
[taskset-1]             --> IsProximityTooClose [x]
[taskset-1]             --> IsSystemOverheated [x]
[taskset-1]         --> Stop [-]
[taskset-1]     [-] mission [x]
[taskset-1]         --> MissionActive [x]
[taskset-1]         [o] mission_selector [-]
[taskset-1]             [-] mission_object_response [-]
[taskset-1]                 --> ObjectSeen [-]
[taskset-1]                 --> HandleObjectAction [-]
[taskset-1]             [-] mission_progress [-]
[taskset-1]                 --> PublishMoveGoal [-]
[taskset-1]                 --> GoToObject [-]
[taskset-1]                 --> CheckStopCondition [-]
[taskset-1]                 --> AdvanceMove [-]
[taskset-1]     [-] navigation [x]
[taskset-1]         --> HasMpcGoal [x]
[taskset-1] 
[taskset-1] [INFO] [1791034569.418312905] [behavior_executor_node]: [IsProximityTooClose] DIAG scan: total=1081 in_window=721 excluded_by_filter=0 min_in_window=1.298 front_min=2.280
[taskset-1] [INFO] [1791034570.432581284] [behavior_executor_node]: BT snapshot -- root=FAILURE, lanes: emergency=FAILURE | mission=FAILURE | navigation=FAILURE
[taskset-1] [o] root [x]
[taskset-1]     [-] emergency [x]
[taskset-1]         [o] emergency_condition [x]
[taskset-1]             --> IsBatteryLow [x]
[taskset-1]             --> IsEmergencyStopTriggered [x]
[taskset-1]             --> IsProximityTooClose [x]
[taskset-1]             --> IsSystemOverheated [x]
[taskset-1]         --> Stop [-]
[taskset-1]     [-] mission [x]
[taskset-1]         --> MissionActive [x]
[taskset-1]         [o] mission_selector [-]
[taskset-1]             [-] mission_object_response [-]
[taskset-1]                 --> ObjectSeen [-]
[taskset-1]                 --> HandleObjectAction [-]
[taskset-1]             [-] mission_progress [-]
[taskset-1]                 --> PublishMoveGoal [-]
[taskset-1]                 --> GoToObject [-]
[taskset-1]                 --> CheckStopCondition [-]
[taskset-1]                 --> AdvanceMove [-]
[taskset-1]     [-] navigation [x]
[taskset-1]         --> HasMpcGoal [x]
[taskset-1] 
[taskset-1] [INFO] [1791034571.432736423] [behavior_executor_node]: BT snapshot -- root=FAILURE, lanes: emergency=FAILURE | mission=FAILURE | navigation=FAILURE
[taskset-1] [o] root [x]
[taskset-1]     [-] emergency [x]
[taskset-1]         [o] emergency_condition [x]
[taskset-1]             --> IsBatteryLow [x]
[taskset-1]             --> IsEmergencyStopTriggered [x]
[taskset-1]             --> IsProximityTooClose [x]
[taskset-1]             --> IsSystemOverheated [x]
[taskset-1]         --> Stop [-]
[taskset-1]     [-] mission [x]
[taskset-1]         --> MissionActive [x]
[taskset-1]         [o] mission_selector [-]
[taskset-1]             [-] mission_object_response [-]
[taskset-1]                 --> ObjectSeen [-]
[taskset-1]                 --> HandleObjectAction [-]
[taskset-1]             [-] mission_progress [-]
[taskset-1]                 --> PublishMoveGoal [-]
[taskset-1]                 --> GoToObject [-]
[taskset-1]                 --> CheckStopCondition [-]
[taskset-1]                 --> AdvanceMove [-]
[taskset-1]     [-] navigation [x]
[taskset-1]         --> HasMpcGoal [x]
[taskset-1] 
[taskset-1] [INFO] [1791034571.448427693] [behavior_executor_node]: [IsProximityTooClose] DIAG scan: total=1081 in_window=721 excluded_by_filter=0 min_in_window=1.604 front_min=1.752
[taskset-1] [INFO] [1791034572.532576656] [behavior_executor_node]: BT snapshot -- root=FAILURE, lanes: emergency=FAILURE | mission=FAILURE | navigation=FAILURE
[taskset-1] [o] root [x]
[taskset-1]     [-] emergency [x]
[taskset-1]         [o] emergency_condition [x]
[taskset-1]             --> IsBatteryLow [x]
[taskset-1]             --> IsEmergencyStopTriggered [x]
[taskset-1]             --> IsProximityTooClose [x]
[taskset-1]             --> IsSystemOverheated [x]
[taskset-1]         --> Stop [-]
[taskset-1]     [-] mission [x]
[taskset-1]         --> MissionActive [x]
[taskset-1]         [o] mission_selector [-]
[taskset-1]             [-] mission_object_response [-]
[taskset-1]                 --> ObjectSeen [-]
[taskset-1]                 --> HandleObjectAction [-]
[taskset-1]             [-] mission_progress [-]
[taskset-1]                 --> PublishMoveGoal [-]
[taskset-1]                 --> GoToObject [-]
[taskset-1]                 --> CheckStopCondition [-]
[taskset-1]                 --> AdvanceMove [-]
[taskset-1]     [-] navigation [x]
[taskset-1]         --> HasMpcGoal [x]
[taskset-1] 
[taskset-1] [INFO] [1791034573.634348242] [behavior_executor_node]: BT snapshot -- root=FAILURE, lanes: emergency=FAILURE | mission=FAILURE | navigation=FAILURE
[taskset-1] [o] root [x]
[taskset-1]     [-] emergency [x]
[taskset-1]         [o] emergency_condition [x]
[taskset-1]             --> IsBatteryLow [x]
[taskset-1]             --> IsEmergencyStopTriggered [x]
[taskset-1]             --> IsProximityTooClose [x]
[taskset-1]             --> IsSystemOverheated [x]
[taskset-1]         --> Stop [-]
[taskset-1]     [-] mission [x]
[taskset-1]         --> MissionActive [x]
[taskset-1]         [o] mission_selector [-]
[taskset-1]             [-] mission_object_response [-]
[taskset-1]                 --> ObjectSeen [-]
[taskset-1]                 --> HandleObjectAction [-]
[taskset-1]             [-] mission_progress [-]
[taskset-1]                 --> PublishMoveGoal [-]
[taskset-1]                 --> GoToObject [-]
[taskset-1]                 --> CheckStopCondition [-]
[taskset-1]                 --> AdvanceMove [-]
[taskset-1]     [-] navigation [x]
[taskset-1]         --> HasMpcGoal [x]
[taskset-1] 
[taskset-1] [INFO] [1791034573.635798332] [behavior_executor_node]: [IsProximityTooClose] DIAG scan: total=1081 in_window=721 excluded_by_filter=0 min_in_window=1.159 front_min=1.969
[taskset-1] [INFO] [1791034574.732652259] [behavior_executor_node]: BT snapshot -- root=FAILURE, lanes: emergency=FAILURE | mission=FAILURE | navigation=FAILURE
[taskset-1] [o] root [x]
[taskset-1]     [-] emergency [x]
[taskset-1]         [o] emergency_condition [x]
[taskset-1]             --> IsBatteryLow [x]
[taskset-1]             --> IsEmergencyStopTriggered [x]
[taskset-1]             --> IsProximityTooClose [x]
[taskset-1]             --> IsSystemOverheated [x]
[taskset-1]         --> Stop [-]
[taskset-1]     [-] mission [x]
[taskset-1]         --> MissionActive [x]
[taskset-1]         [o] mission_selector [-]
[taskset-1]             [-] mission_object_response [-]
[taskset-1]                 --> ObjectSeen [-]
[taskset-1]                 --> HandleObjectAction [-]
[taskset-1]             [-] mission_progress [-]
[taskset-1]                 --> PublishMoveGoal [-]
[taskset-1]                 --> GoToObject [-]
[taskset-1]                 --> CheckStopCondition [-]
[taskset-1]                 --> AdvanceMove [-]
[taskset-1]     [-] navigation [x]
[taskset-1]         --> HasMpcGoal [x]
[taskset-1] 
[taskset-1] [INFO] [1791034575.647750467] [behavior_executor_node]: [IsProximityTooClose] DIAG scan: total=1081 in_window=721 excluded_by_filter=0 min_in_window=1.286 front_min=1.777
[taskset-1] [INFO] [1791034575.732672494] [behavior_executor_node]: BT snapshot -- root=FAILURE, lanes: emergency=FAILURE | mission=FAILURE | navigation=FAILURE
[taskset-1] [o] root [x]
[taskset-1]     [-] emergency [x]
[taskset-1]         [o] emergency_condition [x]
[taskset-1]             --> IsBatteryLow [x]
[taskset-1]             --> IsEmergencyStopTriggered [x]
[taskset-1]             --> IsProximityTooClose [x]
[taskset-1]             --> IsSystemOverheated [x]
[taskset-1]         --> Stop [-]
[taskset-1]     [-] mission [x]
[taskset-1]         --> MissionActive [x]
[taskset-1]         [o] mission_selector [-]
[taskset-1]             [-] mission_object_response [-]
[taskset-1]                 --> ObjectSeen [-]
[taskset-1]                 --> HandleObjectAction [-]
[taskset-1]             [-] mission_progress [-]
[taskset-1]                 --> PublishMoveGoal [-]
[taskset-1]                 --> GoToObject [-]
[taskset-1]                 --> CheckStopCondition [-]
[taskset-1]                 --> AdvanceMove [-]
[taskset-1]     [-] navigation [x]
[taskset-1]         --> HasMpcGoal [x]
[taskset-1] 
[taskset-1] [INFO] [1791034576.832647626] [behavior_executor_node]: BT snapshot -- root=FAILURE, lanes: emergency=FAILURE | mission=FAILURE | navigation=FAILURE
[taskset-1] [o] root [x]
[taskset-1]     [-] emergency [x]
[taskset-1]         [o] emergency_condition [x]
[taskset-1]             --> IsBatteryLow [x]
[taskset-1]             --> IsEmergencyStopTriggered [x]
[taskset-1]             --> IsProximityTooClose [x]
[taskset-1]             --> IsSystemOverheated [x]
[taskset-1]         --> Stop [-]
[taskset-1]     [-] mission [x]
[taskset-1]         --> MissionActive [x]
[taskset-1]         [o] mission_selector [-]
[taskset-1]             [-] mission_object_response [-]
[taskset-1]                 --> ObjectSeen [-]
[taskset-1]                 --> HandleObjectAction [-]
[taskset-1]             [-] mission_progress [-]
[taskset-1]                 --> PublishMoveGoal [-]
[taskset-1]                 --> GoToObject [-]
[taskset-1]                 --> CheckStopCondition [-]
[taskset-1]                 --> AdvanceMove [-]
[taskset-1]     [-] navigation [x]
[taskset-1]         --> HasMpcGoal [x]
[taskset-1] 
[taskset-1] [INFO] [1791034577.657263035] [behavior_executor_node]: [IsProximityTooClose] DIAG scan: total=1081 in_window=721 excluded_by_filter=0 min_in_window=1.090 front_min=1.866
[taskset-1] [INFO] [1791034577.832942164] [behavior_executor_node]: BT snapshot -- root=FAILURE, lanes: emergency=FAILURE | mission=FAILURE | navigation=FAILURE
[taskset-1] [o] root [x]
[taskset-1]     [-] emergency [x]
[taskset-1]         [o] emergency_condition [x]
[taskset-1]             --> IsBatteryLow [x]
[taskset-1]             --> IsEmergencyStopTriggered [x]
[taskset-1]             --> IsProximityTooClose [x]
[taskset-1]             --> IsSystemOverheated [x]
[taskset-1]         --> Stop [-]
[taskset-1]     [-] mission [x]
[taskset-1]         --> MissionActive [x]
[taskset-1]         [o] mission_selector [-]
[taskset-1]             [-] mission_object_response [-]
[taskset-1]                 --> ObjectSeen [-]
[taskset-1]                 --> HandleObjectAction [-]
[taskset-1]             [-] mission_progress [-]
[taskset-1]                 --> PublishMoveGoal [-]
[taskset-1]                 --> GoToObject [-]
[taskset-1]                 --> CheckStopCondition [-]
[taskset-1]                 --> AdvanceMove [-]
[taskset-1]     [-] navigation [x]
[taskset-1]         --> HasMpcGoal [x]
[taskset-1] 
[taskset-1] [INFO] [1791034578.932655913] [behavior_executor_node]: BT snapshot -- root=FAILURE, lanes: emergency=FAILURE | mission=FAILURE | navigation=FAILURE
[taskset-1] [o] root [x]
[taskset-1]     [-] emergency [x]
[taskset-1]         [o] emergency_condition [x]
[taskset-1]             --> IsBatteryLow [x]
[taskset-1]             --> IsEmergencyStopTriggered [x]
[taskset-1]             --> IsProximityTooClose [x]
[taskset-1]             --> IsSystemOverheated [x]
[taskset-1]         --> Stop [-]
[taskset-1]     [-] mission [x]
[taskset-1]         --> MissionActive [x]
[taskset-1]         [o] mission_selector [-]
[taskset-1]             [-] mission_object_response [-]
[taskset-1]                 --> ObjectSeen [-]
[taskset-1]                 --> HandleObjectAction [-]
[taskset-1]             [-] mission_progress [-]
[taskset-1]                 --> PublishMoveGoal [-]
[taskset-1]                 --> GoToObject [-]
[taskset-1]                 --> CheckStopCondition [-]
[taskset-1]                 --> AdvanceMove [-]
[taskset-1]     [-] navigation [x]
[taskset-1]         --> HasMpcGoal [x]
[taskset-1] 
[taskset-1] [INFO] [1791034579.667169104] [behavior_executor_node]: [IsProximityTooClose] DIAG scan: total=1081 in_window=721 excluded_by_filter=0 min_in_window=0.837 front_min=1.819
[taskset-1] [INFO] [1791034579.932804221] [behavior_executor_node]: BT snapshot -- root=FAILURE, lanes: emergency=FAILURE | mission=FAILURE | navigation=FAILURE
[taskset-1] [o] root [x]
[taskset-1]     [-] emergency [x]
[taskset-1]         [o] emergency_condition [x]
[taskset-1]             --> IsBatteryLow [x]
[taskset-1]             --> IsEmergencyStopTriggered [x]
[taskset-1]             --> IsProximityTooClose [x]
[taskset-1]             --> IsSystemOverheated [x]
[taskset-1]         --> Stop [-]
[taskset-1]     [-] mission [x]
[taskset-1]         --> MissionActive [x]
[taskset-1]         [o] mission_selector [-]
[taskset-1]             [-] mission_object_response [-]
[taskset-1]                 --> ObjectSeen [-]
[taskset-1]                 --> HandleObjectAction [-]
[taskset-1]             [-] mission_progress [-]
[taskset-1]                 --> PublishMoveGoal [-]
[taskset-1]                 --> GoToObject [-]
[taskset-1]                 --> CheckStopCondition [-]
[taskset-1]                 --> AdvanceMove [-]
[taskset-1]     [-] navigation [x]
[taskset-1]         --> HasMpcGoal [x]
[taskset-1] 
[taskset-1] [INFO] [1791034581.035678470] [behavior_executor_node]: BT snapshot -- root=FAILURE, lanes: emergency=FAILURE | mission=FAILURE | navigation=FAILURE
[taskset-1] [o] root [x]
[taskset-1]     [-] emergency [x]
[taskset-1]         [o] emergency_condition [x]
[taskset-1]             --> IsBatteryLow [x]
[taskset-1]             --> IsEmergencyStopTriggered [x]
[taskset-1]             --> IsProximityTooClose [x]
[taskset-1]             --> IsSystemOverheated [x]
[taskset-1]         --> Stop [-]
[taskset-1]     [-] mission [x]
[taskset-1]         --> MissionActive [x]
[taskset-1]         [o] mission_selector [-]
[taskset-1]             [-] mission_object_response [-]
[taskset-1]                 --> ObjectSeen [-]
[taskset-1]                 --> HandleObjectAction [-]
[taskset-1]             [-] mission_progress [-]
[taskset-1]                 --> PublishMoveGoal [-]
[taskset-1]                 --> GoToObject [-]
[taskset-1]                 --> CheckStopCondition [-]
[taskset-1]                 --> AdvanceMove [-]
[taskset-1]     [-] navigation [x]
[taskset-1]         --> HasMpcGoal [x]
[taskset-1] 
[taskset-1] [INFO] [1791034581.672923344] [behavior_executor_node]: [IsProximityTooClose] DIAG scan: total=1081 in_window=721 excluded_by_filter=0 min_in_window=0.624 front_min=1.650
[taskset-1] [INFO] [1791034582.132633871] [behavior_executor_node]: BT snapshot -- root=FAILURE, lanes: emergency=FAILURE | mission=FAILURE | navigation=FAILURE
[taskset-1] [o] root [x]
[taskset-1]     [-] emergency [x]
[taskset-1]         [o] emergency_condition [x]
[taskset-1]             --> IsBatteryLow [x]
[taskset-1]             --> IsEmergencyStopTriggered [x]
[taskset-1]             --> IsProximityTooClose [x]
[taskset-1]             --> IsSystemOverheated [x]
[taskset-1]         --> Stop [-]
[taskset-1]     [-] mission [x]
[taskset-1]         --> MissionActive [x]
[taskset-1]         [o] mission_selector [-]
[taskset-1]             [-] mission_object_response [-]
[taskset-1]                 --> ObjectSeen [-]
[taskset-1]                 --> HandleObjectAction [-]
[taskset-1]             [-] mission_progress [-]
[taskset-1]                 --> PublishMoveGoal [-]
[taskset-1]                 --> GoToObject [-]
[taskset-1]                 --> CheckStopCondition [-]
[taskset-1]                 --> AdvanceMove [-]
[taskset-1]     [-] navigation [x]
[taskset-1]         --> HasMpcGoal [x]
[taskset-1] 
[taskset-1] [INFO] [1791034583.232575805] [behavior_executor_node]: BT snapshot -- root=FAILURE, lanes: emergency=FAILURE | mission=FAILURE | navigation=FAILURE
[taskset-1] [o] root [x]
[taskset-1]     [-] emergency [x]
[taskset-1]         [o] emergency_condition [x]
[taskset-1]             --> IsBatteryLow [x]
[taskset-1]             --> IsEmergencyStopTriggered [x]
[taskset-1]             --> IsProximityTooClose [x]
[taskset-1]             --> IsSystemOverheated [x]
[taskset-1]         --> Stop [-]
[taskset-1]     [-] mission [x]
[taskset-1]         --> MissionActive [x]
[taskset-1]         [o] mission_selector [-]
[taskset-1]             [-] mission_object_response [-]
[taskset-1]                 --> ObjectSeen [-]
[taskset-1]                 --> HandleObjectAction [-]
[taskset-1]             [-] mission_progress [-]
[taskset-1]                 --> PublishMoveGoal [-]
[taskset-1]                 --> GoToObject [-]
[taskset-1]                 --> CheckStopCondition [-]
[taskset-1]                 --> AdvanceMove [-]
[taskset-1]     [-] navigation [x]
[taskset-1]         --> HasMpcGoal [x]
[taskset-1] 
[taskset-1] [INFO] [1791034583.681768447] [behavior_executor_node]: [IsProximityTooClose] DIAG scan: total=1081 in_window=721 excluded_by_filter=0 min_in_window=0.549 front_min=1.644
[taskset-1] [INFO] [1791034584.233673117] [behavior_executor_node]: BT snapshot -- root=FAILURE, lanes: emergency=FAILURE | mission=FAILURE | navigation=FAILURE
[taskset-1] [o] root [x]
[taskset-1]     [-] emergency [x]
[taskset-1]         [o] emergency_condition [x]
[taskset-1]             --> IsBatteryLow [x]
[taskset-1]             --> IsEmergencyStopTriggered [x]
[taskset-1]             --> IsProximityTooClose [x]
[taskset-1]             --> IsSystemOverheated [x]
[taskset-1]         --> Stop [-]
[taskset-1]     [-] mission [x]
[taskset-1]         --> MissionActive [x]
[taskset-1]         [o] mission_selector [-]
[taskset-1]             [-] mission_object_response [-]
[taskset-1]                 --> ObjectSeen [-]
[taskset-1]                 --> HandleObjectAction [-]
[taskset-1]             [-] mission_progress [-]
[taskset-1]                 --> PublishMoveGoal [-]
[taskset-1]                 --> GoToObject [-]
[taskset-1]                 --> CheckStopCondition [-]
[taskset-1]                 --> AdvanceMove [-]
[taskset-1]     [-] navigation [x]
[taskset-1]         --> HasMpcGoal [x]
[taskset-1] 
[taskset-1] [INFO] [1791034585.332675702] [behavior_executor_node]: BT snapshot -- root=FAILURE, lanes: emergency=FAILURE | mission=FAILURE | navigation=FAILURE
[taskset-1] [o] root [x]
[taskset-1]     [-] emergency [x]
[taskset-1]         [o] emergency_condition [x]
[taskset-1]             --> IsBatteryLow [x]
[taskset-1]             --> IsEmergencyStopTriggered [x]
[taskset-1]             --> IsProximityTooClose [x]
[taskset-1]             --> IsSystemOverheated [x]
[taskset-1]         --> Stop [-]
[taskset-1]     [-] mission [x]
[taskset-1]         --> MissionActive [x]
[taskset-1]         [o] mission_selector [-]
[taskset-1]             [-] mission_object_response [-]
[taskset-1]                 --> ObjectSeen [-]
[taskset-1]                 --> HandleObjectAction [-]
[taskset-1]             [-] mission_progress [-]
[taskset-1]                 --> PublishMoveGoal [-]
[taskset-1]                 --> GoToObject [-]
[taskset-1]                 --> CheckStopCondition [-]
[taskset-1]                 --> AdvanceMove [-]
[taskset-1]     [-] navigation [x]
[taskset-1]         --> HasMpcGoal [x]
[taskset-1] 
[taskset-1] [INFO] [1791034585.684650972] [behavior_executor_node]: [IsProximityTooClose] DIAG scan: total=1081 in_window=721 excluded_by_filter=0 min_in_window=0.594 front_min=1.512
[taskset-1] [INFO] [1791034586.332674331] [behavior_executor_node]: BT snapshot -- root=FAILURE, lanes: emergency=FAILURE | mission=FAILURE | navigation=FAILURE
[taskset-1] [o] root [x]
[taskset-1]     [-] emergency [x]
[taskset-1]         [o] emergency_condition [x]
[taskset-1]             --> IsBatteryLow [x]
[taskset-1]             --> IsEmergencyStopTriggered [x]
[taskset-1]             --> IsProximityTooClose [x]
[taskset-1]             --> IsSystemOverheated [x]
[taskset-1]         --> Stop [-]
[taskset-1]     [-] mission [x]
[taskset-1]         --> MissionActive [x]
[taskset-1]         [o] mission_selector [-]
[taskset-1]             [-] mission_object_response [-]
[taskset-1]                 --> ObjectSeen [-]
[taskset-1]                 --> HandleObjectAction [-]
[taskset-1]             [-] mission_progress [-]
[taskset-1]                 --> PublishMoveGoal [-]
[taskset-1]                 --> GoToObject [-]
[taskset-1]                 --> CheckStopCondition [-]
[taskset-1]                 --> AdvanceMove [-]
[taskset-1]     [-] navigation [x]
[taskset-1]         --> HasMpcGoal [x]
[taskset-1] 
[taskset-1] [INFO] [1791034587.332697047] [behavior_executor_node]: BT snapshot -- root=FAILURE, lanes: emergency=FAILURE | mission=FAILURE | navigation=FAILURE
[taskset-1] [o] root [x]
[taskset-1]     [-] emergency [x]
[taskset-1]         [o] emergency_condition [x]
[taskset-1]             --> IsBatteryLow [x]
[taskset-1]             --> IsEmergencyStopTriggered [x]
[taskset-1]             --> IsProximityTooClose [x]
[taskset-1]             --> IsSystemOverheated [x]
[taskset-1]         --> Stop [-]
[taskset-1]     [-] mission [x]
[taskset-1]         --> MissionActive [x]
[taskset-1]         [o] mission_selector [-]
[taskset-1]             [-] mission_object_response [-]
[taskset-1]                 --> ObjectSeen [-]
[taskset-1]                 --> HandleObjectAction [-]
[taskset-1]             [-] mission_progress [-]
[taskset-1]                 --> PublishMoveGoal [-]
[taskset-1]                 --> GoToObject [-]
[taskset-1]                 --> CheckStopCondition [-]
[taskset-1]                 --> AdvanceMove [-]
[taskset-1]     [-] navigation [x]
[taskset-1]         --> HasMpcGoal [x]
[taskset-1] 
[taskset-1] [INFO] [1791034587.686040865] [behavior_executor_node]: [IsProximityTooClose] DIAG scan: total=1081 in_window=721 excluded_by_filter=0 min_in_window=0.602 front_min=1.466
[taskset-1] [INFO] [1791034588.332726192] [behavior_executor_node]: BT snapshot -- root=FAILURE, lanes: emergency=FAILURE | mission=FAILURE | navigation=FAILURE
[taskset-1] [o] root [x]
[taskset-1]     [-] emergency [x]
[taskset-1]         [o] emergency_condition [x]
[taskset-1]             --> IsBatteryLow [x]
[taskset-1]             --> IsEmergencyStopTriggered [x]
[taskset-1]             --> IsProximityTooClose [x]
[taskset-1]             --> IsSystemOverheated [x]
[taskset-1]         --> Stop [-]
[taskset-1]     [-] mission [x]
[taskset-1]         --> MissionActive [x]
[taskset-1]         [o] mission_selector [-]
[taskset-1]             [-] mission_object_response [-]
[taskset-1]                 --> ObjectSeen [-]
[taskset-1]                 --> HandleObjectAction [-]
[taskset-1]             [-] mission_progress [-]
[taskset-1]                 --> PublishMoveGoal [-]
[taskset-1]                 --> GoToObject [-]
[taskset-1]                 --> CheckStopCondition [-]
[taskset-1]                 --> AdvanceMove [-]
[taskset-1]     [-] navigation [x]
[taskset-1]         --> HasMpcGoal [x]
[taskset-1] 
[taskset-1] [INFO] [1791034589.529019746] [behavior_executor_node]: BT snapshot -- root=FAILURE, lanes: emergency=FAILURE | mission=FAILURE | navigation=FAILURE
[taskset-1] [o] root [x]
[taskset-1]     [-] emergency [x]
[taskset-1]         [o] emergency_condition [x]
[taskset-1]             --> IsBatteryLow [x]
[taskset-1]             --> IsEmergencyStopTriggered [x]
[taskset-1]             --> IsProximityTooClose [x]
[taskset-1]             --> IsSystemOverheated [x]
[taskset-1]         --> Stop [-]
[taskset-1]     [-] mission [x]
[taskset-1]         --> MissionActive [x]
[taskset-1]         [o] mission_selector [-]
[taskset-1]             [-] mission_object_response [-]
[taskset-1]                 --> ObjectSeen [-]
[taskset-1]                 --> HandleObjectAction [-]
[taskset-1]             [-] mission_progress [-]
[taskset-1]                 --> PublishMoveGoal [-]
[taskset-1]                 --> GoToObject [-]
[taskset-1]                 --> CheckStopCondition [-]
[taskset-1]                 --> AdvanceMove [-]
[taskset-1]     [-] navigation [x]
[taskset-1]         --> HasMpcGoal [x]
[taskset-1] 
[taskset-1] [INFO] [1791034589.696637285] [behavior_executor_node]: [IsProximityTooClose] DIAG scan: total=1081 in_window=721 excluded_by_filter=0 min_in_window=0.853 front_min=1.192
[taskset-1] [INFO] [1791034590.532788583] [behavior_executor_node]: BT snapshot -- root=FAILURE, lanes: emergency=FAILURE | mission=FAILURE | navigation=FAILURE
[taskset-1] [o] root [x]
[taskset-1]     [-] emergency [x]
[taskset-1]         [o] emergency_condition [x]
[taskset-1]             --> IsBatteryLow [x]
[taskset-1]             --> IsEmergencyStopTriggered [x]
[taskset-1]             --> IsProximityTooClose [x]
[taskset-1]             --> IsSystemOverheated [x]
[taskset-1]         --> Stop [-]
[taskset-1]     [-] mission [x]
[taskset-1]         --> MissionActive [x]
[taskset-1]         [o] mission_selector [-]
[taskset-1]             [-] mission_object_response [-]
[taskset-1]                 --> ObjectSeen [-]
[taskset-1]                 --> HandleObjectAction [-]
[taskset-1]             [-] mission_progress [-]
[taskset-1]                 --> PublishMoveGoal [-]
[taskset-1]                 --> GoToObject [-]
[taskset-1]                 --> CheckStopCondition [-]
[taskset-1]                 --> AdvanceMove [-]
[taskset-1]     [-] navigation [x]
[taskset-1]         --> HasMpcGoal [x]
[taskset-1] 
[taskset-1] [INFO] [1791034591.632537402] [behavior_executor_node]: BT snapshot -- root=FAILURE, lanes: emergency=FAILURE | mission=FAILURE | navigation=FAILURE
[taskset-1] [o] root [x]
[taskset-1]     [-] emergency [x]
[taskset-1]         [o] emergency_condition [x]
[taskset-1]             --> IsBatteryLow [x]
[taskset-1]             --> IsEmergencyStopTriggered [x]
[taskset-1]             --> IsProximityTooClose [x]
[taskset-1]             --> IsSystemOverheated [x]
[taskset-1]         --> Stop [-]
[taskset-1]     [-] mission [x]
[taskset-1]         --> MissionActive [x]
[taskset-1]         [o] mission_selector [-]
[taskset-1]             [-] mission_object_response [-]
[taskset-1]                 --> ObjectSeen [-]
[taskset-1]                 --> HandleObjectAction [-]
[taskset-1]             [-] mission_progress [-]
[taskset-1]                 --> PublishMoveGoal [-]
[taskset-1]                 --> GoToObject [-]
[taskset-1]                 --> CheckStopCondition [-]
[taskset-1]                 --> AdvanceMove [-]
[taskset-1]     [-] navigation [x]
[taskset-1]         --> HasMpcGoal [x]
[taskset-1] 
[taskset-1] [INFO] [1791034591.726255490] [behavior_executor_node]: [IsProximityTooClose] DIAG scan: total=1081 in_window=721 excluded_by_filter=0 min_in_window=0.894 front_min=1.071
[taskset-1] [INFO] [1791034592.632579339] [behavior_executor_node]: BT snapshot -- root=FAILURE, lanes: emergency=FAILURE | mission=FAILURE | navigation=FAILURE
[taskset-1] [o] root [x]
[taskset-1]     [-] emergency [x]
[taskset-1]         [o] emergency_condition [x]
[taskset-1]             --> IsBatteryLow [x]
[taskset-1]             --> IsEmergencyStopTriggered [x]
[taskset-1]             --> IsProximityTooClose [x]
[taskset-1]             --> IsSystemOverheated [x]
[taskset-1]         --> Stop [-]
[taskset-1]     [-] mission [x]
[taskset-1]         --> MissionActive [x]
[taskset-1]         [o] mission_selector [-]
[taskset-1]             [-] mission_object_response [-]
[taskset-1]                 --> ObjectSeen [-]
[taskset-1]                 --> HandleObjectAction [-]
[taskset-1]             [-] mission_progress [-]
[taskset-1]                 --> PublishMoveGoal [-]
[taskset-1]                 --> GoToObject [-]
[taskset-1]                 --> CheckStopCondition [-]
[taskset-1]                 --> AdvanceMove [-]
[taskset-1]     [-] navigation [x]
[taskset-1]         --> HasMpcGoal [x]
[taskset-1] 
[taskset-1] [INFO] [1791034593.632903469] [behavior_executor_node]: BT snapshot -- root=FAILURE, lanes: emergency=FAILURE | mission=FAILURE | navigation=FAILURE
[taskset-1] [o] root [x]
[taskset-1]     [-] emergency [x]
[taskset-1]         [o] emergency_condition [x]
[taskset-1]             --> IsBatteryLow [x]
[taskset-1]             --> IsEmergencyStopTriggered [x]
[taskset-1]             --> IsProximityTooClose [x]
[taskset-1]             --> IsSystemOverheated [x]
[taskset-1]         --> Stop [-]
[taskset-1]     [-] mission [x]
[taskset-1]         --> MissionActive [x]
[taskset-1]         [o] mission_selector [-]
[taskset-1]             [-] mission_object_response [-]
[taskset-1]                 --> ObjectSeen [-]
[taskset-1]                 --> HandleObjectAction [-]
[taskset-1]             [-] mission_progress [-]
[taskset-1]                 --> PublishMoveGoal [-]
[taskset-1]                 --> GoToObject [-]
[taskset-1]                 --> CheckStopCondition [-]
[taskset-1]                 --> AdvanceMove [-]
[taskset-1]     [-] navigation [x]
[taskset-1]         --> HasMpcGoal [x]
[taskset-1] 
[taskset-1] [INFO] [1791034593.742796111] [behavior_executor_node]: [IsProximityTooClose] DIAG scan: total=1081 in_window=721 excluded_by_filter=0 min_in_window=0.763 front_min=1.580
[taskset-1] [INFO] [1791034594.720475287] [behavior_executor_node]: BT snapshot -- root=FAILURE, lanes: emergency=FAILURE | mission=FAILURE | navigation=FAILURE
[taskset-1] [o] root [x]
[taskset-1]     [-] emergency [x]
[taskset-1]         [o] emergency_condition [x]
[taskset-1]             --> IsBatteryLow [x]
[taskset-1]             --> IsEmergencyStopTriggered [x]
[taskset-1]             --> IsProximityTooClose [x]
[taskset-1]             --> IsSystemOverheated [x]
[taskset-1]         --> Stop [-]
[taskset-1]     [-] mission [x]
[taskset-1]         --> MissionActive [x]
[taskset-1]         [o] mission_selector [-]
[taskset-1]             [-] mission_object_response [-]
[taskset-1]                 --> ObjectSeen [-]
[taskset-1]                 --> HandleObjectAction [-]
[taskset-1]             [-] mission_progress [-]
[taskset-1]                 --> PublishMoveGoal [-]
[taskset-1]                 --> GoToObject [-]
[taskset-1]                 --> CheckStopCondition [-]
[taskset-1]                 --> AdvanceMove [-]
[taskset-1]     [-] navigation [x]
[taskset-1]         --> HasMpcGoal [x]
[taskset-1] 
[taskset-1] [INFO] [1791034595.732518034] [behavior_executor_node]: BT snapshot -- root=FAILURE, lanes: emergency=FAILURE | mission=FAILURE | navigation=FAILURE
[taskset-1] [o] root [x]
[taskset-1]     [-] emergency [x]
[taskset-1]         [o] emergency_condition [x]
[taskset-1]             --> IsBatteryLow [x]
[taskset-1]             --> IsEmergencyStopTriggered [x]
[taskset-1]             --> IsProximityTooClose [x]
[taskset-1]             --> IsSystemOverheated [x]
[taskset-1]         --> Stop [-]
[taskset-1]     [-] mission [x]
[taskset-1]         --> MissionActive [x]
[taskset-1]         [o] mission_selector [-]
[taskset-1]             [-] mission_object_response [-]
[taskset-1]                 --> ObjectSeen [-]
[taskset-1]                 --> HandleObjectAction [-]
[taskset-1]             [-] mission_progress [-]
[taskset-1]                 --> PublishMoveGoal [-]
[taskset-1]                 --> GoToObject [-]
[taskset-1]                 --> CheckStopCondition [-]
[taskset-1]                 --> AdvanceMove [-]
[taskset-1]     [-] navigation [x]
[taskset-1]         --> HasMpcGoal [x]
[taskset-1] 
[taskset-1] [INFO] [1791034595.743108083] [behavior_executor_node]: [IsProximityTooClose] DIAG scan: total=1081 in_window=721 excluded_by_filter=0 min_in_window=0.877 front_min=1.458
[taskset-1] [INFO] [1791034596.732603893] [behavior_executor_node]: BT snapshot -- root=FAILURE, lanes: emergency=FAILURE | mission=FAILURE | navigation=FAILURE
[taskset-1] [o] root [x]
[taskset-1]     [-] emergency [x]
[taskset-1]         [o] emergency_condition [x]
[taskset-1]             --> IsBatteryLow [x]
[taskset-1]             --> IsEmergencyStopTriggered [x]
[taskset-1]             --> IsProximityTooClose [x]
[taskset-1]             --> IsSystemOverheated [x]
[taskset-1]         --> Stop [-]
[taskset-1]     [-] mission [x]
[taskset-1]         --> MissionActive [x]
[taskset-1]         [o] mission_selector [-]
[taskset-1]             [-] mission_object_response [-]
[taskset-1]                 --> ObjectSeen [-]
[taskset-1]                 --> HandleObjectAction [-]
[taskset-1]             [-] mission_progress [-]
[taskset-1]                 --> PublishMoveGoal [-]
[taskset-1]                 --> GoToObject [-]
[taskset-1]                 --> CheckStopCondition [-]
[taskset-1]                 --> AdvanceMove [-]
[taskset-1]     [-] navigation [x]
[taskset-1]         --> HasMpcGoal [x]
[taskset-1] 
[taskset-1] [INFO] [1791034597.733422353] [behavior_executor_node]: BT snapshot -- root=FAILURE, lanes: emergency=FAILURE | mission=FAILURE | navigation=FAILURE
[taskset-1] [o] root [x]
[taskset-1]     [-] emergency [x]
[taskset-1]         [o] emergency_condition [x]
[taskset-1]             --> IsBatteryLow [x]
[taskset-1]             --> IsEmergencyStopTriggered [x]
[taskset-1]             --> IsProximityTooClose [x]
[taskset-1]             --> IsSystemOverheated [x]
[taskset-1]         --> Stop [-]
[taskset-1]     [-] mission [x]
[taskset-1]         --> MissionActive [x]
[taskset-1]         [o] mission_selector [-]
[taskset-1]             [-] mission_object_response [-]
[taskset-1]                 --> ObjectSeen [-]
[taskset-1]                 --> HandleObjectAction [-]
[taskset-1]             [-] mission_progress [-]
[taskset-1]                 --> PublishMoveGoal [-]
[taskset-1]                 --> GoToObject [-]
[taskset-1]                 --> CheckStopCondition [-]
[taskset-1]                 --> AdvanceMove [-]
[taskset-1]     [-] navigation [x]
[taskset-1]         --> HasMpcGoal [x]
[taskset-1] 
[taskset-1] [INFO] [1791034597.755123482] [behavior_executor_node]: [IsProximityTooClose] DIAG scan: total=1081 in_window=721 excluded_by_filter=0 min_in_window=0.860 front_min=1.271
[taskset-1] [INFO] [1791034598.832617071] [behavior_executor_node]: BT snapshot -- root=FAILURE, lanes: emergency=FAILURE | mission=FAILURE | navigation=FAILURE
[taskset-1] [o] root [x]
[taskset-1]     [-] emergency [x]
[taskset-1]         [o] emergency_condition [x]
[taskset-1]             --> IsBatteryLow [x]
[taskset-1]             --> IsEmergencyStopTriggered [x]
[taskset-1]             --> IsProximityTooClose [x]
[taskset-1]             --> IsSystemOverheated [x]
[taskset-1]         --> Stop [-]
[taskset-1]     [-] mission [x]
[taskset-1]         --> MissionActive [x]
[taskset-1]         [o] mission_selector [-]
[taskset-1]             [-] mission_object_response [-]
[taskset-1]                 --> ObjectSeen [-]
[taskset-1]                 --> HandleObjectAction [-]
[taskset-1]             [-] mission_progress [-]
[taskset-1]                 --> PublishMoveGoal [-]
[taskset-1]                 --> GoToObject [-]
[taskset-1]                 --> CheckStopCondition [-]
[taskset-1]                 --> AdvanceMove [-]
[taskset-1]     [-] navigation [x]
[taskset-1]         --> HasMpcGoal [x]
[taskset-1] 
[taskset-1] [INFO] [1791034599.826628913] [behavior_executor_node]: [IsProximityTooClose] DIAG scan: total=1081 in_window=721 excluded_by_filter=0 min_in_window=0.864 front_min=1.291
[taskset-1] [INFO] [1791034599.932587915] [behavior_executor_node]: BT snapshot -- root=FAILURE, lanes: emergency=FAILURE | mission=FAILURE | navigation=FAILURE
[taskset-1] [o] root [x]
[taskset-1]     [-] emergency [x]
[taskset-1]         [o] emergency_condition [x]
[taskset-1]             --> IsBatteryLow [x]
[taskset-1]             --> IsEmergencyStopTriggered [x]
[taskset-1]             --> IsProximityTooClose [x]
[taskset-1]             --> IsSystemOverheated [x]
[taskset-1]         --> Stop [-]
[taskset-1]     [-] mission [x]
[taskset-1]         --> MissionActive [x]
[taskset-1]         [o] mission_selector [-]
[taskset-1]             [-] mission_object_response [-]
[taskset-1]                 --> ObjectSeen [-]
[taskset-1]                 --> HandleObjectAction [-]
[taskset-1]             [-] mission_progress [-]
[taskset-1]                 --> PublishMoveGoal [-]
[taskset-1]                 --> GoToObject [-]
[taskset-1]                 --> CheckStopCondition [-]
[taskset-1]                 --> AdvanceMove [-]
[taskset-1]     [-] navigation [x]
[taskset-1]         --> HasMpcGoal [x]
[taskset-1] 
[taskset-1] [INFO] [1791034600.932649345] [behavior_executor_node]: BT snapshot -- root=FAILURE, lanes: emergency=FAILURE | mission=FAILURE | navigation=FAILURE
[taskset-1] [o] root [x]
[taskset-1]     [-] emergency [x]
[taskset-1]         [o] emergency_condition [x]
[taskset-1]             --> IsBatteryLow [x]
[taskset-1]             --> IsEmergencyStopTriggered [x]
[taskset-1]             --> IsProximityTooClose [x]
[taskset-1]             --> IsSystemOverheated [x]
[taskset-1]         --> Stop [-]
[taskset-1]     [-] mission [x]
[taskset-1]         --> MissionActive [x]
[taskset-1]         [o] mission_selector [-]
[taskset-1]             [-] mission_object_response [-]
[taskset-1]                 --> ObjectSeen [-]
[taskset-1]                 --> HandleObjectAction [-]
[taskset-1]             [-] mission_progress [-]
[taskset-1]                 --> PublishMoveGoal [-]
[taskset-1]                 --> GoToObject [-]
[taskset-1]                 --> CheckStopCondition [-]
[taskset-1]                 --> AdvanceMove [-]
[taskset-1]     [-] navigation [x]
[taskset-1]         --> HasMpcGoal [x]
[taskset-1] 
[WARNING] [launch]: user interrupted with ctrl-c (SIGINT)
[INFO] [twist_to_ackermann_node-2]: sending signal 'SIGINT' to process[twist_to_ackermann_node-2]
[INFO] [taskset-1]: sending signal 'SIGINT' to process[taskset-1]
[taskset-1] Traceback (most recent call last):
[taskset-1]   File "/home/andre/dev_ws/f1tenth_more/install/f1tenth_behavior/lib/f1tenth_behavior/behavior_executor_node", line 33, in <module>
[taskset-1]     sys.exit(load_entry_point('f1tenth-behavior', 'console_scripts', 'behavior_executor_node')())
[taskset-1]              ^^^^^^^^^^^^^^^^^^^^^^^^^^^^^^^^^^^^^^^^^^^^^^^^^^^^^^^^^^^^^^^^^^^^^^^^^^^^^^^^^^^
[taskset-1]   File "/home/andre/dev_ws/f1tenth_more/build/f1tenth_behavior/f1tenth_behavior/behavior_executor_node.py", line 765, in main
[taskset-1]     tree.shutdown()
[taskset-1]   File "/opt/ros/jazzy/lib/python3.12/site-packages/py_trees_ros/trees.py", line 596, in shutdown
[taskset-1]     self.node.destroy_node()
[taskset-1]   File "/opt/ros/jazzy/lib/python3.12/site-packages/rclpy/node.py", line 1956, in destroy_node
[taskset-1]     self.destroy_publisher(self._publishers[0])
[taskset-1]   File "/opt/ros/jazzy/lib/python3.12/site-packages/rclpy/node.py", line 1836, in destroy_publisher
[taskset-1]     publisher.destroy()
[taskset-1]   File "/opt/ros/jazzy/lib/python3.12/site-packages/rclpy/publisher.py", line 105, in destroy
[taskset-1]     self.__publisher.destroy_when_not_in_use()
[taskset-1] KeyboardInterrupt
[twist_to_ackermann_node-2] Traceback (most recent call last):
[twist_to_ackermann_node-2]   File "/home/andre/dev_ws/f1tenth_more/install/f1tenth_behavior/lib/f1tenth_behavior/twist_to_ackermann_node", line 33, in <module>
[twist_to_ackermann_node-2]     sys.exit(load_entry_point('f1tenth-behavior', 'console_scripts', 'twist_to_ackermann_node')())
[twist_to_ackermann_node-2]              ^^^^^^^^^^^^^^^^^^^^^^^^^^^^^^^^^^^^^^^^^^^^^^^^^^^^^^^^^^^^^^^^^^^^^^^^^^^^^^^^^^^^
[twist_to_ackermann_node-2]   File "/home/andre/dev_ws/f1tenth_more/build/f1tenth_behavior/f1tenth_behavior/twist_to_ackermann_node.py", line 62, in main
[twist_to_ackermann_node-2]     node.destroy_node()
[twist_to_ackermann_node-2]   File "/opt/ros/jazzy/lib/python3.12/site-packages/rclpy/node.py", line 1958, in destroy_node
[twist_to_ackermann_node-2]     self.destroy_subscription(self._subscriptions[0])
[twist_to_ackermann_node-2]   File "/opt/ros/jazzy/lib/python3.12/site-packages/rclpy/node.py", line 1854, in destroy_subscription
[twist_to_ackermann_node-2]     subscription.destroy()
[twist_to_ackermann_node-2]   File "/opt/ros/jazzy/lib/python3.12/site-packages/rclpy/subscription.py", line 101, in destroy
[twist_to_ackermann_node-2]     self.handle.destroy_when_not_in_use()
[twist_to_ackermann_node-2] KeyboardInterrupt
[ERROR] [twist_to_ackermann_node-2]: process has died [pid 425564, exit code -2, cmd '/home/andre/dev_ws/f1tenth_more/install/f1tenth_behavior/lib/f1tenth_behavior/twist_to_ackermann_node --ros-args -r __node:=twist_to_ackermann_node --params-file /home/andre/dev_ws/f1tenth_more/install/f1tenth_behavior/share/f1tenth_behavior/config/twist_to_ackermann.yaml'].
[ERROR] [taskset-1]: process has died [pid 425561, exit code -2, cmd 'taskset -c 4 /home/andre/dev_ws/f1tenth_more/install/f1tenth_behavior/lib/f1tenth_behavior/behavior_executor_node --ros-args -r __node:=behavior_executor_node --params-file /tmp/launch_params_gksl3hoq'].
